{ "type": "FeatureCollection", "features": [
{"type":"Feature","geometry":{"type":"MultiPolygon","coordinates":[[[[-90.085566015296,29.969237806809],[-90.08542798346,29.969162665316],[-90.085375174285,29.969130901645],[-90.085375125936,29.969130872323],[-90.085375097249,29.969130854803],[-90.085322366168,29.969099136906],[-90.084929819395,29.968855130523],[-90.084809915372,29.968767333509],[-90.084684253362,29.968907023708],[-90.084530106575,29.968803801864],[-90.084468433167,29.968760415905],[-90.084406760026,29.968717029039],[-90.084286101611,29.968631590867],[-90.083746321029,29.968263128805],[-90.083270988181,29.967934590319],[-90.083131208392,29.9678435219],[-90.083012542413,29.967766612076],[-90.082156305437,29.967185382563],[-90.082125530987,29.967164051903],[-90.08202723079,29.967096203752],[-90.081989843787,29.967073173567],[-90.081256359568,29.966573185753],[-90.081152921415,29.966499429031],[-90.081014187469,29.966404840352],[-90.080959270519,29.966368030207],[-90.080683495818,29.966183382428],[-90.080619170312,29.96614031222],[-90.080381560521,29.965981218219],[-90.080275728467,29.965909236886],[-90.080239237597,29.96588441742],[-90.080058215384,29.965761321631],[-90.079492685374,29.965382281481],[-90.079397744895,29.965318648766],[-90.07939771704,29.965318629493],[-90.079302804347,29.965255014924],[-90.079240860568,29.965212650655],[-90.078990444397,29.965041385408],[-90.078628540913,29.964787496352],[-90.078529522336,29.964716903112],[-90.078489260193,29.964690794073],[-90.078411220687,29.964638647347],[-90.078088591148,29.964425553765],[-90.077641482411,29.964125994128],[-90.076871440507,29.963609777679],[-90.076767960683,29.963538190439],[-90.07621741249,29.963163436195],[-90.076002093871,29.963013695482],[-90.075897546717,29.962941620031],[-90.075857816331,29.962915031601],[-90.075808405274,29.962880678129],[-90.075691918269,29.962799688087],[-90.075642886429,29.962765598126],[-90.07547400871,29.962652064519],[-90.075305131383,29.962538529989],[-90.075218127827,29.962482807668],[-90.075115757636,29.962417243783],[-90.075011296409,29.962347654073],[-90.074959014644,29.962312824553],[-90.07488888268,29.96226610327],[-90.074767976267,29.962185557292],[-90.074437567734,29.96196241874],[-90.07440534167,29.961940939637],[-90.074126128063,29.961754840042],[-90.074001804434,29.961668728273],[-90.074467736245,29.961147227741],[-90.074627696675,29.960969397099],[-90.075360761045,29.960146598123],[-90.075730613966,29.95972976415],[-90.075951412452,29.959481414247],[-90.075952032462,29.959480716349],[-90.076040170477,29.959384755045],[-90.076729412053,29.958606578969],[-90.076793511527,29.958534207213],[-90.076874888709,29.958444289563],[-90.076103009519,29.957924566824],[-90.075331872876,29.957405335468],[-90.07455676725,29.956883421517],[-90.074497296314,29.95684337658],[-90.074409566416,29.956783961071],[-90.074035823042,29.956530838616],[-90.073561990109,29.956209926279],[-90.073290272435,29.956025898354],[-90.072822017191,29.955708758385],[-90.072696397268,29.955623677545],[-90.071791228894,29.955010611034],[-90.070883144081,29.954395555855],[-90.069980257999,29.95378400784],[-90.069090782396,29.953181529625],[-90.068366149333,29.952690696691],[-90.068216361754,29.952589236418],[-90.067778582124,29.952292699217],[-90.06774811179,29.952272005826],[-90.067306045704,29.95197178241],[-90.067191054069,29.951893687078],[-90.066655348841,29.951529864421],[-90.06610506352,29.951156134456],[-90.065972490368,29.951066095365],[-90.06524256053,29.950570348846],[-90.064234046877,29.949885382622],[-90.06412661184,29.949812413381],[-90.064060250649,29.949772165495],[-90.063995555331,29.949732926813],[-90.063331172769,29.949329974361],[-90.062508739973,29.943844421019],[-90.058416009402,29.943265672823],[-90.058376729216,29.943260117779],[-90.058320663579,29.942848949671],[-90.058276465072,29.942524810911],[-90.058208039089,29.942022999283],[-90.058192054211,29.941919238447],[-90.058184659672,29.941871239436],[-90.057893393418,29.939980497367],[-90.057889683977,29.939722880682],[-90.057875983866,29.938771537572],[-90.057922492206,29.938428949293],[-90.057948765719,29.938235422829],[-90.057948829786,29.938234947897],[-90.057948834288,29.938234911861],[-90.057950867595,29.938219938275],[-90.058021488318,29.937699740577],[-90.05802653078,29.937386446277],[-90.058023948109,29.937263492355],[-90.05800160958,29.936353261812],[-90.057987782282,29.935789813231],[-90.058097150683,29.934898637056],[-90.058122546933,29.934691700948],[-90.058128848181,29.93464086903],[-90.058152242091,29.93445215859],[-90.058224055743,29.934062156857],[-90.058393863111,29.933139957963],[-90.058717048165,29.932053148669],[-90.05874500167,29.931959143425],[-90.058745012435,29.931959107449],[-90.058804102464,29.931760397732],[-90.059344112282,29.930484528719],[-90.059629617851,29.929715381555],[-90.059950788554,29.92921472955],[-90.060609347052,29.928187669986],[-90.061519731184,29.926914771052],[-90.062222920835,29.926101750866],[-90.062300408096,29.926012460509],[-90.062382643444,29.925917698716],[-90.062914495138,29.925330795071],[-90.063447387449,29.92474269479],[-90.064253649743,29.924008997039],[-90.064346381937,29.923924926661],[-90.065746613764,29.922774835361],[-90.066156195949,29.922470862421],[-90.067183792548,29.921709149691],[-90.067878357595,29.921268804444],[-90.069128383739,29.92047628574],[-90.070888254253,29.919487175695],[-90.071651050203,29.919139663807],[-90.072379247821,29.918807907948],[-90.072421551811,29.918790104639],[-90.072445558838,29.9187800016],[-90.07328921922,29.918424949424],[-90.073901544354,29.918167186917],[-90.074150681217,29.918074598708],[-90.074210026742,29.918052543343],[-90.074699534221,29.917870623136],[-90.074753402878,29.91785060284],[-90.075399249555,29.917610575572],[-90.075462138022,29.917587671943],[-90.077210472813,29.917012981172],[-90.079021254073,29.916417731675],[-90.079232420553,29.916348313642],[-90.079888294665,29.916118353047],[-90.080806793517,29.915795991036],[-90.08364637821,29.914895764476],[-90.083666050065,29.914889527537],[-90.084965081043,29.914477672636],[-90.085420156159,29.914333388018],[-90.087049187183,29.913819991721],[-90.089605340926,29.913014356404],[-90.089786753723,29.912957177572],[-90.091996916052,29.912345381826],[-90.093613381159,29.91189789874],[-90.096718508419,29.911038246563],[-90.098100238671,29.910661931252],[-90.098140056065,29.910651086933],[-90.099327642898,29.910327632254],[-90.099744777131,29.910214017188],[-90.100392816513,29.909984172798],[-90.100398519689,29.909982150338],[-90.100530161288,29.909935459597],[-90.102107949196,29.909364814036],[-90.102159061043,29.909346327585],[-90.102263093333,29.909322576678],[-90.104255873195,29.908867607106],[-90.104440378767,29.908825649667],[-90.105803226412,29.908663327663],[-90.10716607092,29.908501297258],[-90.10720861285,29.908501095639],[-90.10970293168,29.908486371273],[-90.113157002288,29.908494674686],[-90.113235855276,29.908494500333],[-90.113397919726,29.908505347152],[-90.116378440443,29.908708412004],[-90.116520266894,29.908718072605],[-90.116550844431,29.908722803546],[-90.118401164551,29.909009042873],[-90.119276205108,29.909144272321],[-90.119407663486,29.909167665231],[-90.121205093261,29.909487501761],[-90.121241523889,29.9094939843],[-90.121612109603,29.909559923516],[-90.121733551395,29.909584440784],[-90.122119574247,29.909662370494],[-90.122127877121,29.909664046619],[-90.120616711639,29.915293849411],[-90.120549403584,29.915513244475],[-90.120543563827,29.915533916549],[-90.116433523475,29.915647659248],[-90.116198792286,29.916448727206],[-90.115937650757,29.917492725963],[-90.11591426087,29.917582295644],[-90.115689087831,29.918444577027],[-90.115296332994,29.919897607345],[-90.115133209102,29.920480197586],[-90.115030678893,29.920875165593],[-90.114754718416,29.921938212234],[-90.114485613472,29.92294547383],[-90.114265597144,29.923772795423],[-90.114090436831,29.924433959502],[-90.113909153508,29.925118223191],[-90.113729009813,29.925798178126],[-90.113522240518,29.92655986409],[-90.113516854201,29.926580311774],[-90.113378697657,29.927104754238],[-90.113024242086,29.928450242743],[-90.11299964014,29.928543627874],[-90.112975915813,29.928630805712],[-90.112735239329,29.929515170089],[-90.112485826397,29.930460676125],[-90.112227585048,29.931425864953],[-90.111977668764,29.932359920479],[-90.111973641913,29.932375118148],[-90.111723963721,29.933317331504],[-90.111472064342,29.934267909887],[-90.111217131163,29.935213681494],[-90.110964824423,29.936154447751],[-90.11071182401,29.937103068199],[-90.110510907687,29.937856388062],[-90.110266290832,29.93877042639],[-90.110023220863,29.939683145908],[-90.109779288606,29.940591579574],[-90.109588930806,29.941308745397],[-90.109545572797,29.941472091806],[-90.109596988177,29.941502391212],[-90.110491277634,29.942029407798],[-90.1113580427,29.942540192183],[-90.11140762313,29.942569409381],[-90.111935135539,29.942839483327],[-90.112052337862,29.942898637721],[-90.112053480392,29.942899320468],[-90.112326401745,29.943062401059],[-90.112422755103,29.943133874825],[-90.112515294774,29.943210221916],[-90.112603774542,29.943291239196],[-90.112687958991,29.943376711107],[-90.112767624134,29.943466410236],[-90.112941656192,29.943764658463],[-90.112942550866,29.943766721905],[-90.113118302119,29.944171852608],[-90.113217177216,29.944479111323],[-90.113126247039,29.944507442403],[-90.113084240763,29.944520529267],[-90.113045659,29.94453390519],[-90.11300471642,29.944551407294],[-90.112965231735,29.944571988308],[-90.112927436066,29.944595527762],[-90.11291716084,29.944602677288],[-90.112896195417,29.944619660085],[-90.112877882324,29.944639474095],[-90.112862600182,29.944661709663],[-90.112850664949,29.944685907072],[-90.112847783814,29.944693204557],[-90.112830460019,29.944737087859],[-90.112810255068,29.944788268642],[-90.112291269448,29.946127044908],[-90.112235411835,29.946272241252],[-90.112221449399,29.946310355257],[-90.112180857256,29.94642116237],[-90.112003907372,29.946878727581],[-90.111972454099,29.946953573749],[-90.111678553541,29.947719098214],[-90.111449175299,29.948316553899],[-90.110311939629,29.951266693302],[-90.110277048784,29.951352220164],[-90.110240745981,29.951434861233],[-90.110235590732,29.951446598219],[-90.11021507105,29.951493309677],[-90.110440076872,29.951586486967],[-90.1108450993,29.951755078032],[-90.110846043702,29.951755460276],[-90.111866472412,29.952168258505],[-90.111925066639,29.952191961621],[-90.111989921572,29.952219558197],[-90.11221276612,29.952316713378],[-90.112434242466,29.952416948351],[-90.112654308048,29.952520243855],[-90.112704609775,29.95254438044],[-90.112756299803,29.952571821067],[-90.113117438459,29.952763534321],[-90.113148503788,29.952789200114],[-90.113176067673,29.952818594329],[-90.113199686024,29.952851243389],[-90.113201474104,29.952854132802],[-90.113205799404,29.952861454697],[-90.113207467341,29.952864417796],[-90.113209728115,29.952868566291],[-90.113223438589,29.95289808252],[-90.11323350401,29.95292903203],[-90.113239778592,29.952960966565],[-90.113240351728,29.95296553184],[-90.113240714567,29.952968816532],[-90.113241035922,29.952972105415],[-90.113241120132,29.952973020159],[-90.113242179674,29.952998030343],[-90.113240878501,29.95302302912],[-90.113243604645,29.953082990823],[-90.113253117989,29.95314225577],[-90.113269295612,29.953200058212],[-90.113291928487,29.953255651293],[-90.113320724178,29.953308316707],[-90.113346479702,29.953347447904],[-90.113376178252,29.953383677639],[-90.113408779555,29.953420425259],[-90.113412624425,29.953424412613],[-90.113844005891,29.953695535487],[-90.113882030851,29.953719434279],[-90.113846683283,29.95376427562],[-90.113691706188,29.953960878318],[-90.113608333673,29.954042283706],[-90.113672713272,29.954184102995],[-90.11374478989,29.954330083279],[-90.113744940578,29.954330387922],[-90.114071941012,29.954928099579],[-90.114189362132,29.955151146447],[-90.114131982877,29.955220492941],[-90.114065775673,29.955300293793],[-90.113847011231,29.955563976154],[-90.113628246859,29.955827657098],[-90.113798837791,29.95595650595],[-90.114164718442,29.95628209428],[-90.114908124984,29.956888623289],[-90.11520503245,29.95712962865],[-90.115717680546,29.957545751343],[-90.116451517916,29.958134485587],[-90.116477378154,29.958151666738],[-90.116590791216,29.958247530132],[-90.117075747375,29.958640750809],[-90.117260835963,29.958789206305],[-90.117336622343,29.958849992149],[-90.117336702199,29.95885005695],[-90.116584311922,29.959556198778],[-90.115836918931,29.960257636055],[-90.115422161609,29.960646400512],[-90.115059749338,29.960986096507],[-90.114903439606,29.961132607523],[-90.114328167752,29.961671811337],[-90.113571282624,29.962381229067],[-90.112822701814,29.963082848472],[-90.112068111445,29.963786893509],[-90.111326093364,29.964502396584],[-90.111028578976,29.96477151939],[-90.110559755167,29.965195599274],[-90.110559670341,29.965195676101],[-90.110122857962,29.965596760012],[-90.10996470714,29.965741974209],[-90.109780025295,29.965917507089],[-90.108970655926,29.966686767417],[-90.108824741731,29.966825449438],[-90.108579623443,29.967058415886],[-90.108385186664,29.967239116817],[-90.10793669046,29.967655925189],[-90.107864671929,29.967722854494],[-90.107716726902,29.967860345112],[-90.107669231468,29.967904484334],[-90.107616665513,29.967855783572],[-90.106750624315,29.967053416254],[-90.106143644026,29.966478624998],[-90.106090623497,29.966428416157],[-90.10607167037,29.966447621109],[-90.106016617519,29.966503404633],[-90.105698833365,29.966825405968],[-90.105504899564,29.967029000617],[-90.104561891753,29.968078799424],[-90.104475196736,29.968174665929],[-90.104417326186,29.968238658871],[-90.104127308172,29.96857269338],[-90.104063871471,29.968645757608],[-90.104036422495,29.968673453879],[-90.103980385011,29.968729996825],[-90.10376381247,29.968968846494],[-90.103616568597,29.969138709162],[-90.103333233712,29.969453035831],[-90.103189451989,29.969619659793],[-90.102609548762,29.970262226544],[-90.102538475276,29.970344339939],[-90.1020196417,29.970924226513],[-90.101917158034,29.971038769336],[-90.10187011147,29.971091885217],[-90.101848815106,29.97111592855],[-90.101837770031,29.971128398731],[-90.100907540498,29.970503385629],[-90.100906758447,29.970502858581],[-90.099972130043,29.969872312151],[-90.099972082732,29.969872280204],[-90.099155565336,29.969312898433],[-90.099114430362,29.969359181245],[-90.09910838794,29.969365980439],[-90.099072195153,29.969406701205],[-90.098354591553,29.970208769413],[-90.097630279176,29.971025145796],[-90.097556978966,29.971108962529],[-90.097221741461,29.971484716493],[-90.096955793329,29.971778028661],[-90.096932312935,29.971803924728],[-90.09686875255,29.971875185123],[-90.096794065351,29.971958920819],[-90.097626448852,29.972510921379],[-90.097544034142,29.972603206416],[-90.097476814669,29.972678476489],[-90.096999723329,29.973213109315],[-90.096790200195,29.97344172018],[-90.096715614609,29.973528785973],[-90.096187740611,29.974118052743],[-90.096143639036,29.974167636638],[-90.096085219355,29.97423331794],[-90.095384249918,29.975021412798],[-90.095291181455,29.975112832912],[-90.094721932398,29.97575779316],[-90.093174719609,29.974547418802],[-90.091798115309,29.97303539625],[-90.091607161505,29.972832370723],[-90.091354948418,29.972674289661],[-90.090409091896,29.972081439062],[-90.089457785727,29.971532431378],[-90.088767027059,29.971133780625],[-90.087886561265,29.970550995965],[-90.087678963237,29.970431319837],[-90.087486426266,29.970322789415],[-90.087342955505,29.970241916175],[-90.087034703124,29.970065157783],[-90.086996286412,29.970048403173],[-90.086871911512,29.969980870233],[-90.086136239287,29.969563477484],[-90.086136144754,29.969563423437],[-90.086136021118,29.969563352745],[-90.085566015296,29.969237806809]]]]},"properties":{":id":"row-vx6p.88nn.gns3",":version":"rv-idam-fsxq_vhtv",":created_at":"2026-01-29T03:48:31.362Z",":updated_at":"2026-01-29T03:48:31.362Z","objectid":"404","districtid":"B","name":"Council District B","repname":"Lesli Harris","authority":"28968 M.C.S. (as amended)","lastupdate":"2026-01-12T00:00:00.000Z","shape_starea":"307878983.27614826","shape_stlength":"78927.355448310976"}},
{"type":"Feature","geometry":{"type":"MultiPolygon","coordinates":[[[[-90.073908817521,29.973033718278],[-90.073044081031,29.972433032938],[-90.072174090318,29.971833503874],[-90.071301673415,29.971232290017],[-90.071301507093,29.971232174726],[-90.070435008136,29.970631053257],[-90.070370584507,29.970702261253],[-90.070329026311,29.970748196202],[-90.070004465649,29.971114399182],[-90.070004399417,29.971114473346],[-90.069968069305,29.971155464562],[-90.069663214792,29.971493996053],[-90.069413843807,29.971777415742],[-90.069343984803,29.971855547829],[-90.068948535546,29.972297830545],[-90.068344502081,29.972975762657],[-90.068233787805,29.973102966079],[-90.06814900189,29.973195616202],[-90.068101433992,29.973250074759],[-90.067689646033,29.973706326216],[-90.06751313638,29.973898766155],[-90.0674382357,29.973994077672],[-90.066920916126,29.97457961486],[-90.066857504138,29.974651388445],[-90.066788924166,29.974729010884],[-90.066911293911,29.974948861805],[-90.066973272725,29.975060213676],[-90.066864787779,29.975066906371],[-90.066810330136,29.975070266454],[-90.066723664069,29.975075613516],[-90.065690073451,29.975137760975],[-90.06560817628,29.975143917426],[-90.065525383907,29.975150141938],[-90.065408693833,29.975156891673],[-90.064897723799,29.975186468168],[-90.064828561977,29.975192340139],[-90.064442516987,29.975216099664],[-90.063671153752,29.97526304752],[-90.063517791135,29.97527179649],[-90.063278600852,29.975285440747],[-90.063211000486,29.975289296784],[-90.063133160262,29.975293737015],[-90.062192231163,29.975347407846],[-90.062114396017,29.975352330291],[-90.062026290047,29.975359297855],[-90.061694024959,29.975379117255],[-90.061066635707,29.975416536656],[-90.060977239326,29.975422943511],[-90.059848615826,29.975497454132],[-90.059768406153,29.975503118869],[-90.058789958915,29.975559120844],[-90.058716502659,29.975559852133],[-90.058415413562,29.975579737803],[-90.05754195332,29.975633914412],[-90.057382495033,29.975643873855],[-90.057303336339,29.974629259934],[-90.057224066382,29.973613260837],[-90.05704766574,29.973625992121],[-90.056934888395,29.973634131874],[-90.0559371792,29.973693491257],[-90.054803899166,29.973761635561],[-90.053672260934,29.97383034805],[-90.053561734966,29.973837120107],[-90.052742159564,29.973887329946],[-90.05266108544,29.973892024671],[-90.052597281371,29.973895720002],[-90.052597239899,29.973895722414],[-90.052421848334,29.973905879813],[-90.052337466132,29.973910766894],[-90.052131955849,29.973923990582],[-90.051978350497,29.973933874068],[-90.051822426881,29.973942794612],[-90.051768473297,29.973945881812],[-90.051502487558,29.973961098764],[-90.051416303242,29.973967090052],[-90.050733129601,29.974008964807],[-90.050614861144,29.974016213689],[-90.050282791122,29.974036318213],[-90.049862643933,29.974061956356],[-90.04924342782,29.974096324358],[-90.049156765805,29.974101651798],[-90.049037328649,29.974111116369],[-90.048995156201,29.974114145974],[-90.048813398349,29.974115269966],[-90.048704331914,29.974083071437],[-90.048586305709,29.974048226495],[-90.048276873146,29.973975152188],[-90.047743974036,29.973855737381],[-90.047649037263,29.973827311089],[-90.046704319185,29.97361399764],[-90.045895078808,29.97343228224],[-90.045886973946,29.973430453518],[-90.045857703626,29.97342382556],[-90.044512440773,29.97311910173],[-90.044497497965,29.973115714537],[-90.044462806493,29.973107841307],[-90.044817399347,29.972000435271],[-90.043790814505,29.971767394578],[-90.043745452428,29.971757096919],[-90.043630180968,29.971731469052],[-90.043542193335,29.971715862563],[-90.042999295096,29.971660077474],[-90.042897415748,29.971642528944],[-90.042767828553,29.97161698294],[-90.042603700702,29.971581353999],[-90.041240564672,29.971270388617],[-90.040373299633,29.971073715028],[-90.040268817345,29.971051201906],[-90.039288754508,29.970830145089],[-90.038482736044,29.97064955039],[-90.038398654274,29.970628483451],[-90.038301318081,29.970604102015],[-90.038191622178,29.970580002971],[-90.037687049513,29.970469149944],[-90.037599028553,29.970447329149],[-90.037725350028,29.970032554152],[-90.037893300417,29.969481089755],[-90.037919458625,29.969407082999],[-90.038199448782,29.968439190945],[-90.038227002345,29.968363901262],[-90.038517269596,29.967394759841],[-90.038535670039,29.967324001261],[-90.038234767395,29.967256448027],[-90.037791823822,29.967154782728],[-90.037791735946,29.967154763031],[-90.037791619252,29.967154736538],[-90.036977388782,29.966970168274],[-90.036102456807,29.966770449133],[-90.036006155305,29.966747645888],[-90.035131417401,29.966553779443],[-90.034244382311,29.966350250771],[-90.034172836417,29.966328813958],[-90.033374399174,29.966155884464],[-90.033280589626,29.966134209988],[-90.032293984398,29.965910666529],[-90.032352587161,29.965714460465],[-90.032527787897,29.965129994626],[-90.032556407936,29.96503539724],[-90.031973995678,29.964903665202],[-90.031566539075,29.964811503509],[-90.031403149007,29.964774546833],[-90.02752560138,29.963897417119],[-90.027530103091,29.963883915751],[-90.027544873277,29.963839618367],[-90.028771602807,29.960160417246],[-90.025608600646,29.952790415052],[-90.023619600473,29.952001414071],[-90.018213598082,29.949047415232],[-90.014018372494,29.946902390752],[-90.012068981084,29.945879700773],[-90.011973615144,29.945824396238],[-90.003158635419,29.940711852155],[-90.001885592463,29.939973415939],[-90.001245911508,29.939574899317],[-89.998617590207,29.93793741283],[-89.994430574708,29.935340899235],[-89.990931096147,29.933298130441],[-89.990911502286,29.933286693147],[-89.989473080382,29.932464878708],[-89.989328171461,29.932382409916],[-89.98813158713,29.931701411924],[-89.986577905141,29.930926204284],[-89.985516216104,29.930407276894],[-89.98440929287,29.929910932678],[-89.983921380811,29.92969214854],[-89.983164553817,29.929352776932],[-89.981857036808,29.928811453245],[-89.980557142906,29.928273266007],[-89.979186313078,29.927742358247],[-89.977622813047,29.927136806543],[-89.976123317294,29.926592202273],[-89.967960653012,29.923627185991],[-89.967524325948,29.923468674503],[-89.966415978654,29.923355826458],[-89.965767028247,29.923289748048],[-89.962917283689,29.922999537802],[-89.961207282658,29.92283770479],[-89.958962305048,29.922625207515],[-89.954976435547,29.922512131474],[-89.950960961002,29.922565155915],[-89.947186294038,29.922977453451],[-89.94358206156,29.922915631186],[-89.94052763153,29.922597839831],[-89.936709953133,29.922176713259],[-89.933084456871,29.921686150497],[-89.929952859064,29.921034223986],[-89.92707713025,29.92037773834],[-89.926915954326,29.92034094033],[-89.925940780991,29.919932728914],[-89.924116466689,29.919169033497],[-89.921756933095,29.917790316552],[-89.920572920988,29.91678975509],[-89.919070245417,29.91551985929],[-89.916391482629,29.91269960476],[-89.913910037125,29.909669950288],[-89.912115337375,29.906603665761],[-89.911966874742,29.906350004651],[-89.910262306078,29.903328669798],[-89.90841948104,29.899798280334],[-89.907058595718,29.896597046422],[-89.906775745968,29.895931666525],[-89.906250553676,29.894499621773],[-89.906118755306,29.894140239016],[-89.905327476713,29.891982562078],[-89.903788318701,29.887609505176],[-89.903241706114,29.885108185874],[-89.903227278373,29.884802015114],[-89.903157926939,29.88333023351],[-89.903130043077,29.882738476247],[-89.903213698422,29.880286304073],[-89.903439287144,29.878089440593],[-89.903909905853,29.875726061759],[-89.904567933273,29.87382996066],[-89.904850082383,29.873269292753],[-89.905316652609,29.872342138697],[-89.905458807694,29.872059644557],[-89.906296703798,29.871101208632],[-89.906368388377,29.871019210521],[-89.906791906313,29.870534757694],[-89.908225999643,29.869430778661],[-89.90984868812,29.868235530754],[-89.91046242692,29.867927454605],[-89.91203188492,29.867139617889],[-89.914266889793,29.866160848112],[-89.915977786186,29.86568945218],[-89.916265396482,29.865610205112],[-89.935308243339,29.892772007627],[-89.959040107855,29.902340055989],[-89.97294948107,29.904169399462],[-89.976945611767,29.902413948639],[-89.978058904253,29.902402871691],[-89.97819883681,29.902401478954],[-89.979156906681,29.902391937471],[-89.983255615572,29.903934179151],[-89.986112703839,29.905009125875],[-89.987615208136,29.905574392127],[-89.987705610912,29.90476621246],[-89.988289708179,29.899544194917],[-89.989434632765,29.889306589341],[-89.993965238702,29.892285398403],[-90.001798052946,29.897434573108],[-90.002039558989,29.89759331981],[-90.002051941723,29.897365389351],[-90.002334793288,29.892158614331],[-90.008645241645,29.895742164092],[-90.00858211806,29.897268649217],[-90.00920382382,29.89785781997],[-90.01262273955,29.901097639879],[-90.01428050688,29.902668459472],[-90.01429179915,29.902679158542],[-90.016986374631,29.90523225533],[-90.030569878155,29.918099714935],[-90.030579737394,29.918109052477],[-90.032449173935,29.919879571579],[-90.037053421984,29.924239812863],[-90.03830743207,29.925427270642],[-90.039622662723,29.926672656914],[-90.039625343431,29.926675195164],[-90.042171037743,29.929085575195],[-90.042171077672,29.929085612547],[-90.043944268449,29.93076445287],[-90.04512848426,29.931885612549],[-90.053431022943,29.939679580718],[-90.053820200712,29.940044876863],[-90.058542696932,29.94447726949],[-90.058534410475,29.944416498869],[-90.058526570076,29.944359000365],[-90.058485138076,29.944055156394],[-90.05837717524,29.943263390954],[-90.058376729216,29.943260117779],[-90.058416009402,29.943265672823],[-90.062508739973,29.943844421019],[-90.063331172769,29.949329974361],[-90.063995555331,29.949732926813],[-90.064060250649,29.949772165495],[-90.06412661184,29.949812413381],[-90.064234046877,29.949885382622],[-90.06524256053,29.950570348846],[-90.065972490368,29.951066095365],[-90.06610506352,29.951156134456],[-90.066655348841,29.951529864421],[-90.067191054069,29.951893687078],[-90.067306045704,29.95197178241],[-90.06774811179,29.952272005826],[-90.067778582124,29.952292699217],[-90.068216361754,29.952589236418],[-90.068366149333,29.952690696691],[-90.069090782396,29.953181529625],[-90.069980257999,29.95378400784],[-90.070883144081,29.954395555855],[-90.071791228894,29.955010611034],[-90.072696397268,29.955623677545],[-90.072822017191,29.955708758385],[-90.073290272435,29.956025898354],[-90.073561990109,29.956209926279],[-90.074035823042,29.956530838616],[-90.074409566416,29.956783961071],[-90.074497296314,29.95684337658],[-90.07455676725,29.956883421517],[-90.075331872876,29.957405335468],[-90.076103009519,29.957924566824],[-90.076874888709,29.958444289563],[-90.076793511527,29.958534207213],[-90.076729412053,29.958606578969],[-90.076040170477,29.959384755045],[-90.075952032462,29.959480716349],[-90.075951412452,29.959481414247],[-90.075730613966,29.95972976415],[-90.075360761045,29.960146598123],[-90.074627696675,29.960969397099],[-90.074467736245,29.961147227741],[-90.074001804434,29.961668728273],[-90.074126128063,29.961754840042],[-90.07440534167,29.961940939637],[-90.074437567734,29.96196241874],[-90.074767976267,29.962185557292],[-90.07488888268,29.96226610327],[-90.074959014644,29.962312824553],[-90.075011296409,29.962347654073],[-90.075115757636,29.962417243783],[-90.075218127827,29.962482807668],[-90.075305131383,29.962538529989],[-90.07547400871,29.962652064519],[-90.075642886429,29.962765598126],[-90.075691918269,29.962799688087],[-90.075808405274,29.962880678129],[-90.075857816331,29.962915031601],[-90.075897546717,29.962941620031],[-90.076002093871,29.963013695482],[-90.07621741249,29.963163436195],[-90.076767960683,29.963538190439],[-90.076871440507,29.963609777679],[-90.077641482411,29.964125994128],[-90.078088591148,29.964425553765],[-90.078411220687,29.964638647347],[-90.078489260193,29.964690794073],[-90.078529522336,29.964716903112],[-90.078628540913,29.964787496352],[-90.078990444397,29.965041385408],[-90.079240860568,29.965212650655],[-90.079302804347,29.965255014924],[-90.07939771704,29.965318629493],[-90.079397744895,29.965318648766],[-90.079492685374,29.965382281481],[-90.080058215384,29.965761321631],[-90.080239237597,29.96588441742],[-90.080275728467,29.965909236886],[-90.080381560521,29.965981218219],[-90.080619170312,29.96614031222],[-90.080683495818,29.966183382428],[-90.080959270519,29.966368030207],[-90.081014187469,29.966404840352],[-90.081152921415,29.966499429031],[-90.081256359568,29.966573185753],[-90.081989843787,29.967073173567],[-90.08202723079,29.967096203752],[-90.082125530987,29.967164051903],[-90.082156305437,29.967185382563],[-90.083012542413,29.967766612076],[-90.083131208392,29.9678435219],[-90.083270988181,29.967934590319],[-90.083746321029,29.968263128805],[-90.084286101611,29.968631590867],[-90.084406760026,29.968717029039],[-90.084468433167,29.968760415905],[-90.084530106575,29.968803801864],[-90.084684253362,29.968907023708],[-90.084809915372,29.968767333509],[-90.084929819395,29.968855130523],[-90.085322366168,29.969099136906],[-90.085375097249,29.969130854803],[-90.085375125936,29.969130872323],[-90.085375174285,29.969130901645],[-90.08542798346,29.969162665316],[-90.085566015296,29.969237806809],[-90.086136021118,29.969563352745],[-90.086136144754,29.969563423437],[-90.086136239287,29.969563477484],[-90.086871911512,29.969980870233],[-90.086996286412,29.970048403173],[-90.087034703124,29.970065157783],[-90.086598409502,29.970555023017],[-90.086557259741,29.970601654518],[-90.08646529045,29.970705875091],[-90.0861438811,29.97106615633],[-90.085845523125,29.971401248766],[-90.085810632711,29.971439829151],[-90.0856477655,29.971619922787],[-90.085449051088,29.971845268542],[-90.085368842587,29.971932311651],[-90.085122744122,29.972210534434],[-90.085015483065,29.972331796333],[-90.084966741715,29.972386899383],[-90.084809661589,29.972562644086],[-90.084576270384,29.972823448972],[-90.084397586902,29.973018454581],[-90.084181880446,29.973258347887],[-90.083831714424,29.973656434474],[-90.08302311193,29.974559846561],[-90.082664830247,29.974313630349],[-90.082482177755,29.974185897997],[-90.082295606441,29.974055424083],[-90.082189459623,29.973983538978],[-90.082082479701,29.97391108918],[-90.080931696686,29.973116918516],[-90.080854260496,29.973063478132],[-90.080370212233,29.973619134237],[-90.080163150372,29.973856824327],[-90.080104060119,29.973924655632],[-90.079903779946,29.974154559802],[-90.079497394944,29.974621050925],[-90.078795883223,29.975426304045],[-90.078511166882,29.975753121038],[-90.078291555085,29.976005205474],[-90.078264818712,29.976035893977],[-90.078185921194,29.975981819305],[-90.076845334543,29.975062987451],[-90.076844591817,29.975062475067],[-90.075653364049,29.974241050581],[-90.074774063235,29.973632995364],[-90.073910037936,29.973034563665],[-90.073908817521,29.973033718278]]]]},"properties":{":id":"row-xq6g-wdhk.r5jn",":version":"rv-6vr9-irue_wapy",":created_at":"2026-01-29T03:48:31.362Z",":updated_at":"2026-01-29T03:48:31.362Z","objectid":"403","districtid":"C","name":"Council District C","repname":"Freddie King III","authority":"28968 M.C.S. (as amended)","lastupdate":"2026-01-12T00:00:00.000Z","shape_starea":"676963839.80676532","shape_stlength":"172808.15639612867"}},
{"type":"Feature","geometry":{"type":"MultiPolygon","coordinates":[[[[-90.040410754214,30.034171226185],[-90.03993629973,30.03388622686],[-90.039168959056,30.033331824532],[-90.039048603435,30.033204091742],[-90.038893091294,30.033021211638],[-90.038632382586,30.032631082791],[-90.038500020952,30.032389201623],[-90.038456877224,30.032310361898],[-90.038217269981,30.031891314208],[-90.038041476721,30.031735880255],[-90.037868389358,30.031489004596],[-90.037810826808,30.031432566593],[-90.037790740522,30.031429675858],[-90.037748331468,30.03142356825],[-90.037748041133,30.031423636673],[-90.037643057593,30.031448521801],[-90.037613330704,30.031455568966],[-90.036278329351,30.031802568599],[-90.036124331574,30.031827567964],[-90.035996330719,30.031834567838],[-90.035996119679,30.031834526864],[-90.035820330401,30.031800568578],[-90.035674331647,30.031770568255],[-90.035264515132,30.031688212084],[-90.035253506344,30.031685999508],[-90.035227304232,30.031680735829],[-90.035207273894,30.031674901151],[-90.035171496824,30.031664478018],[-90.035171110536,30.031664365795],[-90.035080363896,30.031637932947],[-90.034906740104,30.031587358713],[-90.034877672348,30.031578891699],[-90.034600427049,30.031500155463],[-90.03453040375,30.031480270119],[-90.034482945021,30.031468201277],[-90.034426320946,30.031480677209],[-90.034357606041,30.031302431486],[-90.034193223614,30.031343301001],[-90.033766567394,30.031445870799],[-90.033723151956,30.031454451874],[-90.033685485945,30.031456922166],[-90.033677884274,30.031457420897],[-90.033662816538,30.03145667397],[-90.033655270743,30.031456299948],[-90.033648961226,30.031455986878],[-90.033647341507,30.031455766206],[-90.033602958504,30.03144972349],[-90.033193702836,30.031369752562],[-90.033167237299,30.031366338958],[-90.033154302974,30.031364671269],[-90.033146268437,30.031364023466],[-90.033091731669,30.031359623413],[-90.033079363043,30.031358626223],[-90.033063254917,30.031358246999],[-90.033027233167,30.031357397816],[-90.032964773183,30.031359292904],[-90.032907649094,30.031363989575],[-90.032857908369,30.031372347391],[-90.032799864227,30.031384450269],[-90.032646389016,30.031420087019],[-90.031702886283,30.031656256264],[-90.031608973364,30.031679975666],[-90.031607473252,30.031680354193],[-90.029339751358,30.032282415069],[-90.029244890088,30.032307599502],[-90.029122350751,30.03233898403],[-90.02849149523,30.032502432518],[-90.028371550566,30.032528436972],[-90.028301832469,30.032540716464],[-90.028220881418,30.032551593468],[-90.027787332798,30.032591278375],[-90.027670086451,30.032604499952],[-90.027633662138,30.032609490919],[-90.02759723479,30.032614481671],[-90.027524819253,30.032625680127],[-90.027452892475,30.032637396778],[-90.027417957387,30.032643087968],[-90.027392941732,30.032648896527],[-90.027310606227,30.032668012868],[-90.026970345807,30.03276694702],[-90.026810574349,30.032811930109],[-90.026453604591,30.032912432147],[-90.026327705163,30.032952645479],[-90.026203315648,30.032997311202],[-90.026080593449,30.033046372795],[-90.025973604391,30.033093432366],[-90.025646493651,30.033251879772],[-90.025348637828,30.033388054997],[-90.025007949198,30.032456129763],[-90.024988101656,30.032406448483],[-90.024747145586,30.031741143384],[-90.024733561549,30.031717739103],[-90.024706579014,30.031671251115],[-90.024705478866,30.031669356294],[-90.02455903238,30.031273232979],[-90.024495570009,30.031101571773],[-90.024134242333,30.030098036718],[-90.0240971371,30.030001043357],[-90.024097124975,30.030001011733],[-90.024094736112,30.029994766256],[-90.023997981029,30.029731945977],[-90.023947043214,30.029593581897],[-90.023932034016,30.029552810943],[-90.023896221375,30.029451449233],[-90.02387897723,30.029398555615],[-90.023674699251,30.028826635478],[-90.023655440073,30.02877401218],[-90.023299039266,30.027800192796],[-90.022924124241,30.026770117612],[-90.022903310572,30.026712932487],[-90.022856981459,30.026590340294],[-90.02074760214,30.027226432385],[-90.02073894388,30.027229007533],[-90.01942960197,30.027618432055],[-90.01883560221,30.02775143162],[-90.018370602265,30.027839431909],[-90.018204940813,30.027847854448],[-90.018039093566,30.027850911628],[-90.017873234248,30.027848600248],[-90.017707536598,30.02784092273],[-90.017542174182,30.027827887114],[-90.017377320219,30.027809507057],[-90.017241717824,30.027790284482],[-90.017106684348,30.027767404859],[-90.017090601573,30.027764431818],[-90.01653860238,30.027625432766],[-90.015942601782,30.027424431727],[-90.015588939288,30.027281813522],[-90.015513601325,30.027251432295],[-90.015507920182,30.027248468467],[-90.014925532035,30.02694471131],[-90.014872434416,30.026917017247],[-90.014725600731,30.026840432432],[-90.014662692022,30.026794846553],[-90.014562904128,30.026735741969],[-90.014465980045,30.02667204976],[-90.014422235756,30.026641083037],[-90.014326613611,30.026568082697],[-90.014234822456,30.026490320055],[-90.014180662947,30.02644041774],[-90.014173367612,30.026433467852],[-90.014092021567,30.026352015167],[-90.014014400052,30.026267005643],[-90.014007865666,30.026259503165],[-90.013977008201,30.026223152944],[-90.013915324068,30.02614603627],[-90.013857859062,30.02606803785],[-90.013837508854,30.026038758915],[-90.013784717162,30.025958269622],[-90.013735231719,30.025875706434],[-90.013686147356,30.025793288243],[-90.013642099791,30.025708071784],[-90.01360324794,30.025620364506],[-90.013573179746,30.025540136358],[-90.013547665275,30.025458345992],[-90.013526785085,30.025375251649],[-90.013518313565,30.025334257201],[-90.013512451717,30.025291310328],[-90.013506904151,30.025233849863],[-90.013503860779,30.025172931831],[-90.013503453827,30.025130363646],[-90.013503758286,30.025110021575],[-90.013505030058,30.025075352855],[-90.013506601045,30.025049265322],[-90.013513610357,30.024978188014],[-90.013517020236,30.024953293001],[-90.013521524965,30.024924727591],[-90.013521548644,30.024924573653],[-90.013522909464,30.024916716269],[-90.013536886526,30.024848199885],[-90.013557933077,30.024768906055],[-90.013583870935,30.02469107485],[-90.013593437865,30.024665840794],[-90.013641998969,30.024537620706],[-90.013681601488,30.024263430403],[-90.013715705988,30.024126362603],[-90.013839600439,30.02362843086],[-90.013976600571,30.023247430418],[-90.013979720681,30.023236671888],[-90.013982803484,30.023225905065],[-90.013991184545,30.023195842882],[-90.013993950126,30.023185633085],[-90.013994525574,30.023183505215],[-90.014005715347,30.023140691185],[-90.014008412868,30.023129969253],[-90.014037678907,30.023000740972],[-90.014061576478,30.022868103044],[-90.014079441409,30.02273451877],[-90.014091237025,30.022600262384],[-90.01409693911,30.022465609496],[-90.014097285574,30.022443657271],[-90.01409693409,30.02235050699],[-90.014093658524,30.022257413655],[-90.01409351288,30.022254633348],[-90.014092959014,30.022244139491],[-90.014091098287,30.022213247634],[-90.014090352123,30.022202169822],[-90.014089566679,30.022191095312],[-90.013906069635,30.020544061057],[-90.013090599786,30.01175842759],[-90.013028600185,30.01118742785],[-90.013032665029,30.010875476212],[-90.013033862309,30.010783639981],[-90.013209526209,30.010764977616],[-90.014377722137,30.010640865714],[-90.015302418618,30.01054261604],[-90.015313601449,30.010541427884],[-90.016812408246,30.010389408215],[-90.017600305748,30.010309487243],[-90.017620600975,30.01030742812],[-90.018281600795,30.010249427357],[-90.018751600824,30.010169427416],[-90.019302201161,30.010102225323],[-90.019472601723,30.010081427061],[-90.019736601776,30.010042428205],[-90.020713601563,30.009846428155],[-90.020795462973,30.009829796955],[-90.020908736149,30.009806784529],[-90.021156602826,30.00975642811],[-90.022729601878,30.009376428008],[-90.023912935004,30.009087609905],[-90.024200639371,30.00901738719],[-90.026998604077,30.008334427448],[-90.026975054319,30.008260688614],[-90.026137603211,30.005638427267],[-90.025980804332,30.004933296947],[-90.025968603148,30.004878426111],[-90.025951227355,30.004802296152],[-90.025871603316,30.004453426737],[-90.019991601382,29.986777422669],[-90.021502601261,29.982356421476],[-90.021829601436,29.981005421223],[-90.021899555888,29.980715882008],[-90.021952601055,29.980239421057],[-90.021999601652,29.979842420497],[-90.024621601885,29.971941418956],[-90.025569691064,29.969053228083],[-90.025581846543,29.969016195937],[-90.025582140045,29.969015302132],[-90.025592866704,29.968982624288],[-90.026259601698,29.966951418468],[-90.026632601706,29.966548417958],[-90.027502215698,29.96396684369],[-90.027519953267,29.963914185821],[-90.02752560138,29.963897417119],[-90.031403149007,29.964774546833],[-90.031566539075,29.964811503509],[-90.031973995678,29.964903665202],[-90.032556407936,29.96503539724],[-90.032527787897,29.965129994626],[-90.032352587161,29.965714460465],[-90.032293984398,29.965910666529],[-90.033280589626,29.966134209988],[-90.033374399174,29.966155884464],[-90.034172836417,29.966328813958],[-90.034244382311,29.966350250771],[-90.035131417401,29.966553779443],[-90.036006155305,29.966747645888],[-90.036102456807,29.966770449133],[-90.036977388782,29.966970168274],[-90.037791619252,29.967154736538],[-90.037791735946,29.967154763031],[-90.037791823822,29.967154782728],[-90.038234767395,29.967256448027],[-90.038535670039,29.967324001261],[-90.038517269596,29.967394759841],[-90.038227002345,29.968363901262],[-90.038199448782,29.968439190945],[-90.037919458625,29.969407082999],[-90.037893300417,29.969481089755],[-90.037725350028,29.970032554152],[-90.037599028553,29.970447329149],[-90.037687049513,29.970469149944],[-90.038191622178,29.970580002971],[-90.038301318081,29.970604102015],[-90.038398654274,29.970628483451],[-90.038482736044,29.97064955039],[-90.039288754508,29.970830145089],[-90.040268817345,29.971051201906],[-90.040373299633,29.971073715028],[-90.041240564672,29.971270388617],[-90.042603700702,29.971581353999],[-90.042767828553,29.97161698294],[-90.042897415748,29.971642528944],[-90.042999295096,29.971660077474],[-90.043542193335,29.971715862563],[-90.043630180968,29.971731469052],[-90.043745452428,29.971757096919],[-90.043790814505,29.971767394578],[-90.044817399347,29.972000435271],[-90.044462806493,29.973107841307],[-90.044497497965,29.973115714537],[-90.044512440773,29.97311910173],[-90.045857703626,29.97342382556],[-90.045886973946,29.973430453518],[-90.045895078808,29.97343228224],[-90.046704319185,29.97361399764],[-90.047649037263,29.973827311089],[-90.047743974036,29.973855737381],[-90.048276873146,29.973975152188],[-90.048586305709,29.974048226495],[-90.048704331914,29.974083071437],[-90.048813398349,29.974115269966],[-90.048995156201,29.974114145974],[-90.049037328649,29.974111116369],[-90.049156765805,29.974101651798],[-90.04924342782,29.974096324358],[-90.049862643933,29.974061956356],[-90.050282791122,29.974036318213],[-90.050614861144,29.974016213689],[-90.050733129601,29.974008964807],[-90.051416303242,29.973967090052],[-90.051502487558,29.973961098764],[-90.051768473297,29.973945881812],[-90.051822426881,29.973942794612],[-90.051978350497,29.973933874068],[-90.052131955849,29.973923990582],[-90.052337466132,29.973910766894],[-90.052421848334,29.973905879813],[-90.052597239899,29.973895722414],[-90.052597281371,29.973895720002],[-90.05266108544,29.973892024671],[-90.052742159564,29.973887329946],[-90.053561734966,29.973837120107],[-90.053672260934,29.97383034805],[-90.054803899166,29.973761635561],[-90.0559371792,29.973693491257],[-90.056934888395,29.973634131874],[-90.05704766574,29.973625992121],[-90.057224066382,29.973613260837],[-90.057303336339,29.974629259934],[-90.057382495033,29.975643873855],[-90.05754195332,29.975633914412],[-90.058415413562,29.975579737803],[-90.058716502659,29.975559852133],[-90.058789958915,29.975559120844],[-90.059768406153,29.975503118869],[-90.059848615826,29.975497454132],[-90.060977239326,29.975422943511],[-90.061066635707,29.975416536656],[-90.061694024959,29.975379117255],[-90.062026290047,29.975359297855],[-90.062114396017,29.975352330291],[-90.062192231163,29.975347407846],[-90.063133160262,29.975293737015],[-90.063211000486,29.975289296784],[-90.063278600852,29.975285440747],[-90.063517791135,29.97527179649],[-90.063671153752,29.97526304752],[-90.064442516987,29.975216099664],[-90.064828561977,29.975192340139],[-90.064897723799,29.975186468168],[-90.065408693833,29.975156891673],[-90.065525383907,29.975150141938],[-90.06560817628,29.975143917426],[-90.065690073451,29.975137760975],[-90.066723664069,29.975075613516],[-90.066810330136,29.975070266454],[-90.066864787779,29.975066906371],[-90.066973272725,29.975060213676],[-90.066911293911,29.974948861805],[-90.066788924166,29.974729010884],[-90.066857504138,29.974651388445],[-90.066920916126,29.97457961486],[-90.0674382357,29.973994077672],[-90.06751313638,29.973898766155],[-90.067689646033,29.973706326216],[-90.068101433992,29.973250074759],[-90.06814900189,29.973195616202],[-90.068233787805,29.973102966079],[-90.068344502081,29.972975762657],[-90.068948535546,29.972297830545],[-90.069343984803,29.971855547829],[-90.069413843807,29.971777415742],[-90.069663214792,29.971493996053],[-90.069968069305,29.971155464562],[-90.070004399417,29.971114473346],[-90.070004465649,29.971114399182],[-90.070329026311,29.970748196202],[-90.070370584507,29.970702261253],[-90.070435008136,29.970631053257],[-90.071301507093,29.971232174726],[-90.071301673415,29.971232290017],[-90.072174090318,29.971833503874],[-90.073044081031,29.972433032938],[-90.073908817521,29.973033718278],[-90.073910037936,29.973034563665],[-90.074774063235,29.973632995364],[-90.075653364049,29.974241050581],[-90.076844591817,29.975062475067],[-90.076845334543,29.975062987451],[-90.078185921194,29.975981819305],[-90.078264818712,29.976035893977],[-90.078340246645,29.976088175525],[-90.079498212212,29.976890794118],[-90.079498266717,29.976890832477],[-90.080471286607,29.977560439143],[-90.080471557782,29.977560625819],[-90.081447146574,29.978237302168],[-90.082424227069,29.978914997616],[-90.083355166218,29.979552982585],[-90.083783532133,29.979846542992],[-90.083699790895,29.979842771451],[-90.083475344498,29.979832662946],[-90.083288615216,29.979825746921],[-90.08319052496,29.979821294762],[-90.08200367577,29.979783264538],[-90.081514608204,29.9797673667],[-90.080969787898,29.979747968336],[-90.07974299178,29.979707421039],[-90.078330112452,29.97966094137],[-90.078240331695,29.979656835437],[-90.078155273977,29.979652945027],[-90.077803603471,29.979643514464],[-90.077701527808,29.979640776839],[-90.077644634086,29.979638593749],[-90.077579744404,29.979964684466],[-90.077536757448,29.980232261169],[-90.077536718928,29.98023251072],[-90.077444518932,29.980798778826],[-90.077444411121,29.980799265138],[-90.077318953822,29.981363332943],[-90.077318004936,29.981367661735],[-90.077209429791,29.981862997639],[-90.077208987729,29.981865014416],[-90.076959677986,29.98297981633],[-90.076958972665,29.982982990779],[-90.076828240841,29.983571668262],[-90.076708444896,29.984111097421],[-90.076459959297,29.985228114606],[-90.076325127335,29.985834183054],[-90.076325096589,29.985834312647],[-90.076193827523,29.986369142264],[-90.075963605279,29.986759870433],[-90.075340779052,29.987816901013],[-90.075266085329,29.987916703353],[-90.075187273121,29.988013286453],[-90.075104481015,29.988106480479],[-90.075017854595,29.988196121556],[-90.074927546188,29.988282052056],[-90.074826902411,29.988370256665],[-90.074763415603,29.988422163378],[-90.074698615723,29.988472421284],[-90.074879639996,29.988507225811],[-90.074901163345,29.988511116121],[-90.075095144945,29.988543835427],[-90.075289771807,29.988572467559],[-90.075484957823,29.98859699985],[-90.07568061664,29.988617421445],[-90.077093191216,29.988691680397],[-90.077093603387,29.988691702459],[-90.078543752381,29.988762614429],[-90.079995203469,29.988833574017],[-90.0807784879,29.988871861513],[-90.08239420109,29.988950824133],[-90.083281860494,29.988994196405],[-90.084127398336,29.989035505566],[-90.085970896879,29.989125550094],[-90.086070619318,29.989130420526],[-90.086947088157,29.989179511153],[-90.086947289626,29.989179551956],[-90.087331619773,29.989256421116],[-90.087322392326,29.989295174553],[-90.087296619383,29.989403420884],[-90.087307618937,29.989634421634],[-90.087108619644,29.990406420497],[-90.087100619233,29.990608420878],[-90.0870226187,29.990802420593],[-90.086745619054,29.991342421856],[-90.08653861949,29.991754421632],[-90.086457619973,29.99245142181],[-90.086347618655,29.992562421362],[-90.08630461879,29.992810421706],[-90.086206408366,29.992986054431],[-90.086205367274,29.992987915608],[-90.086167619219,29.993055421427],[-90.086144770763,29.99313286272],[-90.086036619335,29.993499422015],[-90.086062618964,29.993723421982],[-90.085984618982,29.994105421599],[-90.085941618589,29.994457421934],[-90.085872619527,29.99480942297],[-90.085716618988,29.995274422744],[-90.085465618925,29.995865421987],[-90.085102619288,29.996345423095],[-90.085011619342,29.996463422514],[-90.084964618823,29.996524422624],[-90.084955619257,29.996689422959],[-90.085007618549,29.996899422701],[-90.085206618849,29.997401422597],[-90.085310619779,29.997932422964],[-90.085388619224,29.999146423087],[-90.085292619346,29.999243423896],[-90.085299428779,29.999335602489],[-90.085303106315,29.999385396673],[-90.085307631131,29.999446659728],[-90.08531861874,29.999595423742],[-90.085119619365,29.999760423453],[-90.084877619245,29.999842424138],[-90.084713618979,29.999992423755],[-90.084506619189,30.000127422892],[-90.084151619181,30.000127422673],[-90.083892618765,30.000127423279],[-90.083658618622,30.000314423152],[-90.083399618771,30.000426422718],[-90.083200618877,30.000546423272],[-90.083081060803,30.000633332825],[-90.082966619023,30.000823423807],[-90.083113618775,30.001288423408],[-90.083208618223,30.001700423422],[-90.083364618273,30.001954423627],[-90.083632618789,30.002269424161],[-90.083943619661,30.002478424332],[-90.084403619335,30.002725423189],[-90.084778619206,30.003149423969],[-90.085068619404,30.003564424635],[-90.08542261919,30.003924423926],[-90.085483619941,30.004179423634],[-90.085450619988,30.004402423933],[-90.085223619562,30.004913424159],[-90.085171619392,30.005332424715],[-90.085050619459,30.005646424837],[-90.084869620089,30.006028424432],[-90.084817619333,30.006261424078],[-90.085310619259,30.00640342545],[-90.085317392125,30.006616752649],[-90.085318619729,30.00665542528],[-90.085320008138,30.006695064082],[-90.08532762013,30.006912424128],[-90.08517161916,30.007062424231],[-90.085275619417,30.007414425158],[-90.085292619312,30.007564425168],[-90.085258619493,30.008021424572],[-90.085266619236,30.009054426448],[-90.085223619549,30.00945942468],[-90.085102619179,30.009983425281],[-90.085033620154,30.010305425593],[-90.085137620231,30.010522425509],[-90.085128619989,30.010844426002],[-90.085106006686,30.010961159167],[-90.085091620193,30.011035425255],[-90.085074949705,30.011120631549],[-90.085046620168,30.011265425317],[-90.085137619956,30.011541426193],[-90.084854619773,30.012249425535],[-90.084644620219,30.012537426198],[-90.084523619714,30.012859425395],[-90.084566619564,30.013248426326],[-90.084514619864,30.014289426681],[-90.084410619732,30.01514342786],[-90.084488619271,30.015787426185],[-90.084294619256,30.016550426575],[-90.084220619636,30.017023427047],[-90.084203619294,30.017577426535],[-90.084177619392,30.018401427663],[-90.08408261984,30.019000428337],[-90.083987619402,30.019232427411],[-90.083580620245,30.020019426888],[-90.083399619703,30.020363427194],[-90.083298619608,30.020465427651],[-90.083163249584,30.020688474397],[-90.083105620245,30.020783428048],[-90.083606619499,30.020760428154],[-90.083651077893,30.020757976592],[-90.084041361326,30.020736455943],[-90.084549620153,30.020708428318],[-90.084604182169,30.0207013175],[-90.085301620117,30.020610427264],[-90.08539896591,30.020586547059],[-90.085941620622,30.020453428462],[-90.086002128608,30.020435516267],[-90.086218620366,30.020371428],[-90.086667620566,30.020198428279],[-90.087381186773,30.01986842961],[-90.088319620855,30.019434427392],[-90.088436987904,30.019383111939],[-90.08922762067,30.019037427721],[-90.089858206101,30.018842867479],[-90.089953621426,30.018813427749],[-90.090027779589,30.018793113704],[-90.090256621156,30.018730427453],[-90.090904621605,30.018581427023],[-90.091127354458,30.018544701626],[-90.091350842638,30.018512894195],[-90.091574977567,30.018486020183],[-90.091830621159,30.018461426659],[-90.091998569139,30.018442945619],[-90.092166977233,30.018429278622],[-90.09233570748,30.018420436864],[-90.092504621655,30.018416427587],[-90.092799034139,30.018417288651],[-90.093093355675,30.01842465654],[-90.093387442472,30.018438527654],[-90.093681150856,30.018458895216],[-90.09379362215,30.018468426777],[-90.094865622195,30.018573426631],[-90.09588562274,30.018656427411],[-90.095994656221,30.018667142683],[-90.096631204846,30.0187296983],[-90.096638623105,30.018730427614],[-90.097303623001,30.018775426552],[-90.098348605764,30.018845859137],[-90.098694623459,30.018865427014],[-90.09883562424,30.018876426298],[-90.099087130611,30.018898449724],[-90.099804773785,30.018961287227],[-90.099805896429,30.018961385215],[-90.100922619611,30.019061679721],[-90.101060422214,30.019074055016],[-90.102034792771,30.019161555759],[-90.102545624702,30.019207426816],[-90.103040342773,30.019250598289],[-90.10404562278,30.019338318891],[-90.104115624807,30.019344427283],[-90.104535724127,30.019381946039],[-90.105052465336,30.019428094284],[-90.105634746049,30.019480093688],[-90.106060907938,30.019518148614],[-90.106283044877,30.019537984446],[-90.106478297322,30.019555507773],[-90.107065019094,30.019608163663],[-90.107065162929,30.019608176795],[-90.107662363981,30.019660989915],[-90.108213285639,30.019709749108],[-90.10859046916,30.019743129543],[-90.108590714613,30.019743151714],[-90.110562882186,30.019920250268],[-90.110709627502,30.019933426588],[-90.110802416418,30.01994138576],[-90.111756383133,30.020023212679],[-90.112143627491,30.020056427214],[-90.113175570642,30.02014870634],[-90.113183627909,30.020149426914],[-90.113512755316,30.020171539366],[-90.113570627526,30.020175427179],[-90.113579218199,30.02017594253],[-90.113671045018,30.020179199105],[-90.113762925584,30.020178343635],[-90.113854675848,30.020173377834],[-90.113946112025,30.02016431165],[-90.114155627129,30.020055426407],[-90.114147589427,30.020179974999],[-90.11406014615,30.021534944331],[-90.114055698464,30.021603855722],[-90.113591415118,30.02879745761],[-90.113578583674,30.028996252622],[-90.113228369529,30.028974565122],[-90.113064179686,30.028936518525],[-90.113016412201,30.028914968537],[-90.11296536797,30.028875565817],[-90.112861368543,30.028839566223],[-90.112659375232,30.02876986466],[-90.112622745482,30.028731822474],[-90.1126018631,30.028693903731],[-90.112596178064,30.028670700191],[-90.1125912098,30.028645170982],[-90.112587562365,30.028619504419],[-90.112588699029,30.028602195079],[-90.112591368751,30.028561566074],[-90.112615869085,30.028455565551],[-90.113185274175,30.027205342683],[-90.113139374511,30.027092481586],[-90.113107696751,30.026981367207],[-90.113094727659,30.026928013692],[-90.113056473608,30.026844580616],[-90.113032988959,30.026837338409],[-90.11299136995,30.026833564769],[-90.112834481228,30.02686249734],[-90.112417515963,30.026939394638],[-90.112362368697,30.026949564759],[-90.111172444056,30.027181770508],[-90.111151928867,30.027186700916],[-90.110130567021,30.027443711783],[-90.109944365892,30.027490568155],[-90.108733366384,30.027835566613],[-90.108532366372,30.027889566138],[-90.108432365272,30.027905566905],[-90.108345367224,30.027913565055],[-90.107452366617,30.027811565139],[-90.106557556648,30.0277070243],[-90.106151364068,30.027659565961],[-90.105507364284,30.02758556464],[-90.105340391775,30.027569215785],[-90.105027363756,30.027538566682],[-90.104134363952,30.027496565093],[-90.103693363996,30.027495566638],[-90.103539364441,30.027507565196],[-90.103148052781,30.027662706321],[-90.102726971379,30.027951140192],[-90.102605488863,30.028034354026],[-90.10191345705,30.028476674171],[-90.101723476287,30.02855371767],[-90.101625363344,30.028569566736],[-90.101415361309,30.028577565509],[-90.101195362473,30.02856556476],[-90.100712201109,30.028448155158],[-90.100623362266,30.028426565369],[-90.100433363007,30.028389566026],[-90.100113361693,30.028353566383],[-90.099934362451,30.028355565625],[-90.099684359733,30.028388566311],[-90.099171913348,30.028531070992],[-90.098598360678,30.028690566154],[-90.098306361214,30.028746566652],[-90.098202360977,30.028751567385],[-90.098073360499,30.028743565441],[-90.097892540837,30.028717855876],[-90.097793332261,30.028676984934],[-90.097639354374,30.02855920568],[-90.09757790412,30.028502832401],[-90.097533329707,30.028447394143],[-90.09751431425,30.028406786625],[-90.097489803334,30.028350306068],[-90.097413361495,30.028061566267],[-90.097141248121,30.02810651092],[-90.097116184893,30.028110651455],[-90.096892282833,30.028147634104],[-90.096856625167,30.028153521854],[-90.096858184014,30.028201731092],[-90.096871635911,30.028557418782],[-90.096872359606,30.028576566173],[-90.096817861146,30.028684697453],[-90.09667010654,30.028887680751],[-90.096551260935,30.028967028667],[-90.096411595581,30.029040060431],[-90.09618336029,30.029089564586],[-90.095624360081,30.029140566605],[-90.095602323837,30.029140222381],[-90.094539359032,30.029123567798],[-90.09434185349,30.029128557358],[-90.094064358222,30.029135567411],[-90.093894359449,30.029152567566],[-90.093682359751,30.029204566081],[-90.0933544364,30.029449035936],[-90.093261966882,30.029508163409],[-90.092901413706,30.029738704073],[-90.092427824296,30.029987700795],[-90.09209936042,30.030077566667],[-90.091683355927,30.030161567709],[-90.091506358322,30.030160567133],[-90.091034358437,30.030088567208],[-90.090333926848,30.029885340428],[-90.090005327557,30.029736086487],[-90.089795631546,30.029543271486],[-90.089735532643,30.02948800973],[-90.089412294052,30.029018116694],[-90.089397338218,30.028998611115],[-90.089083940403,30.028599851566],[-90.08854729471,30.028063751242],[-90.088380120225,30.027905860031],[-90.088238356319,30.027832566079],[-90.088034707231,30.027757217167],[-90.087838356239,30.02768456672],[-90.087120354947,30.027520565217],[-90.086767354076,30.027482567087],[-90.086002196112,30.027464443426],[-90.085611743416,30.027455192156],[-90.085585354227,30.027454565825],[-90.084481354019,30.027454568766],[-90.084044353169,30.027435565858],[-90.083782353845,30.027401567228],[-90.083702354839,30.027384568248],[-90.083563187254,30.027344429637],[-90.083391082659,30.027268803523],[-90.083142319284,30.027136382705],[-90.082969079141,30.02698559231],[-90.082957530614,30.026972382617],[-90.082870226461,30.026862463724],[-90.082833217537,30.026779635189],[-90.082829744448,30.026763743937],[-90.082810352461,30.026630565726],[-90.082811344823,30.026614512898],[-90.082821774088,30.026445565286],[-90.082823211958,30.026422260304],[-90.082825047103,30.02638663116],[-90.082813882388,30.02635267937],[-90.082808232406,30.026335499731],[-90.082768692403,30.026291234978],[-90.082746756749,30.026280035949],[-90.082674768099,30.026258915213],[-90.082546224129,30.026234211256],[-90.082517165383,30.026228627495],[-90.082445992777,30.026249918566],[-90.082356777276,30.026277234717],[-90.082328099015,30.026289186363],[-90.082289776518,30.026318113753],[-90.08227916934,30.026337072296],[-90.082264052567,30.026366401426],[-90.082257153978,30.026398334729],[-90.082251152895,30.026442785066],[-90.082249503513,30.026464495783],[-90.082251693919,30.026495270431],[-90.082257139948,30.026571736323],[-90.08227804606,30.02686522682],[-90.082276351919,30.026896452777],[-90.082274794424,30.026917368504],[-90.082265530941,30.027041767525],[-90.082263509205,30.027057464909],[-90.082260409866,30.027077318625],[-90.082245262619,30.027174333526],[-90.082239716543,30.027193172424],[-90.08220132474,30.027288344301],[-90.082152883786,30.027356651087],[-90.08203947438,30.027487099522],[-90.081915155599,30.027566029634],[-90.081685232483,30.027688446871],[-90.081417015482,30.027816862143],[-90.081258853408,30.027900643158],[-90.081214484394,30.02793897878],[-90.081101466999,30.02802780458],[-90.081017935574,30.028110443667],[-90.080880626192,30.028246681705],[-90.080631667864,30.028527217345],[-90.080611276608,30.028550195918],[-90.080458401614,30.028719625027],[-90.080341385646,30.028849307831],[-90.080069121565,30.029161547327],[-90.079934475663,30.029396139619],[-90.07987063393,30.029493799704],[-90.079841301066,30.029538672863],[-90.079801422331,30.029608355806],[-90.079655578966,30.029863096081],[-90.079637727053,30.029894277288],[-90.079426633202,30.030253258814],[-90.079196890354,30.030607497187],[-90.078957885955,30.030960542725],[-90.078719722246,30.031287167153],[-90.07849009684,30.031526146322],[-90.078414490887,30.031591359135],[-90.078148089909,30.031749200827],[-90.078012033094,30.031812665942],[-90.077799634342,30.031915989363],[-90.077638614289,30.0319717647],[-90.077563613633,30.031997745188],[-90.077210351218,30.032061566801],[-90.077144346522,30.032065148812],[-90.076952351186,30.032075567514],[-90.076693350459,30.03205756814],[-90.076209351422,30.032030567385],[-90.075915349406,30.031989567718],[-90.075637350894,30.031937568146],[-90.075193350362,30.031859567887],[-90.075060349435,30.0318205664],[-90.074913183914,30.031774984032],[-90.074768604274,30.031701812882],[-90.074671525671,30.031634884156],[-90.074603017447,30.031544632089],[-90.074565550169,30.031467800144],[-90.074531078421,30.031388108876],[-90.074523208282,30.031370960989],[-90.074509474134,30.031341035758],[-90.074502044919,30.031324851096],[-90.074478764801,30.031289878865],[-90.074466104715,30.031278760625],[-90.074422570628,30.031270363483],[-90.074387349534,30.031263566949],[-90.074326147476,30.031265210316],[-90.074269921256,30.031266719775],[-90.074263533923,30.03126689155],[-90.074238349825,30.031267567356],[-90.074172037785,30.031306840259],[-90.07414109085,30.031325167895],[-90.074125275078,30.031338724948],[-90.074107486677,30.031353972777],[-90.074078169516,30.031428789418],[-90.074076231314,30.031444649924],[-90.074069759819,30.031497622128],[-90.074067497986,30.031513258485],[-90.074051970882,30.031594918659],[-90.074048233603,30.031611363696],[-90.074015210791,30.031702337024],[-90.073930162155,30.031838930352],[-90.07380316074,30.031972261531],[-90.073698534916,30.032067012331],[-90.073463490181,30.032259551564],[-90.073189248523,30.032437755346],[-90.073070349884,30.032484852865],[-90.072988349612,30.032500567875],[-90.072706350618,30.032495569772],[-90.071814350128,30.032458568265],[-90.071684129958,30.032458129983],[-90.071517349526,30.03245756865],[-90.071190347823,30.032464565041],[-90.070847348919,30.032504567514],[-90.070582348952,30.032549568096],[-90.070470467274,30.032580728676],[-90.070126347582,30.032676567535],[-90.069941551979,30.032764103411],[-90.06957100197,30.032974351008],[-90.069442381077,30.033032326484],[-90.069348347197,30.033056567695],[-90.069232348213,30.033082569521],[-90.068934348654,30.033136568232],[-90.067865345576,30.033343566547],[-90.067617345825,30.033361567045],[-90.067496346637,30.033360568227],[-90.067375346341,30.033343567571],[-90.06724434699,30.033303567908],[-90.066683345562,30.033106568229],[-90.066470765064,30.033048967369],[-90.066063346178,30.032938568488],[-90.065956346606,30.032922567513],[-90.065793346001,30.032884568027],[-90.065714345874,30.032864568583],[-90.065637522307,30.032848236014],[-90.065620204851,30.032887073234],[-90.065638739586,30.032913728062],[-90.065651460708,30.03293228277],[-90.065644570089,30.032966490776],[-90.065632301476,30.03298270826],[-90.065605488359,30.033007327077],[-90.065569882406,30.033052172793],[-90.065537756078,30.033113164596],[-90.065498546791,30.033200003698],[-90.065445850182,30.033326798366],[-90.065438824593,30.033343395603],[-90.065393500454,30.033450450391],[-90.065253092544,30.033668823566],[-90.065047818242,30.033866146642],[-90.064914680811,30.033994125212],[-90.064826343755,30.034017568363],[-90.064767342976,30.034015568986],[-90.064707233276,30.033995516488],[-90.064687545196,30.033967751492],[-90.064683330886,30.033952297359],[-90.064706344943,30.033903568275],[-90.064740840694,30.033871727485],[-90.064850344242,30.033787568757],[-90.064927345972,30.033676568043],[-90.064950202139,30.033593793264],[-90.064947574889,30.033535740081],[-90.064922758348,30.03346542032],[-90.064878229643,30.033415040079],[-90.064701631533,30.033327746458],[-90.064620345499,30.033287568015],[-90.06444034609,30.033248569385],[-90.064168345431,30.033223568885],[-90.064043344795,30.033230567908],[-90.063870344814,30.033262569239],[-90.063760023756,30.03329544267],[-90.063664836608,30.033335619224],[-90.063560724102,30.033385614984],[-90.063537446292,30.033408850162],[-90.063510483704,30.033445885169],[-90.063505344759,30.033505569626],[-90.063544127639,30.033698476918],[-90.063538637099,30.033807986481],[-90.063537300411,30.033834451054],[-90.063532933921,30.033918229487],[-90.063539344535,30.033987569841],[-90.063546462706,30.034009312605],[-90.063592530607,30.034150008204],[-90.063596837963,30.034169134407],[-90.063593988347,30.034185524534],[-90.0635897222,30.034210047236],[-90.063586747947,30.034227170599],[-90.063567339755,30.034253175809],[-90.06355135519,30.034267701659],[-90.063513922631,30.034281539873],[-90.063443820117,30.034250433876],[-90.063411052442,30.03418743892],[-90.063411358385,30.034142172246],[-90.063412212156,30.034119671945],[-90.063412023008,30.034088929818],[-90.063411538116,30.034062778733],[-90.063415088694,30.033937318974],[-90.063412536641,30.033915434557],[-90.063408245694,30.033878651349],[-90.063405216218,30.033852658939],[-90.063398096311,30.033824275049],[-90.063392248644,30.033800961252],[-90.063379502497,30.033749301073],[-90.063347015236,30.03356801627],[-90.063342324179,30.033541654253],[-90.063332514722,30.033528242953],[-90.063313434061,30.03350215083],[-90.063299269325,30.033492357752],[-90.063262342271,30.03347156739],[-90.063184346436,30.033453569291],[-90.063089344092,30.033443568476],[-90.062858343451,30.033432567839],[-90.062533343364,30.033428569431],[-90.062120343405,30.033457569386],[-90.062006999462,30.033458204746],[-90.061904840331,30.033458776574],[-90.061904016823,30.033458781295],[-90.061763344441,30.033459568477],[-90.061506344733,30.0334745689],[-90.061179343496,30.033505568406],[-90.061007344248,30.033542568714],[-90.060825751563,30.033607980535],[-90.060736164079,30.03366198691],[-90.060736088518,30.033662059219],[-90.060691181743,30.03370490277],[-90.060669344177,30.03384756802],[-90.060671108401,30.033864253474],[-90.060690818007,30.034050606726],[-90.060693271472,30.034090800887],[-90.060702342795,30.034256570102],[-90.060725305358,30.034343798296],[-90.060738454452,30.034362742875],[-90.060750752841,30.034378133581],[-90.060759960655,30.034396649356],[-90.060756638481,30.034419550826],[-90.060746337674,30.034454479078],[-90.060689343823,30.034476568494],[-90.060688665397,30.03447650509],[-90.060630942441,30.034471141101],[-90.060583150343,30.034426432654],[-90.060590673355,30.03441090069],[-90.060600524318,30.034390568707],[-90.060609446932,30.034371243786],[-90.060614669953,30.034355151742],[-90.060620312773,30.034322510807],[-90.060584984181,30.034092785754],[-90.060575002649,30.034058859683],[-90.06056726892,30.034032575515],[-90.060551807294,30.033982070631],[-90.06054890976,30.033965701578],[-90.060540229218,30.033900835688],[-90.060530778619,30.033818003885],[-90.060534265075,30.033741627762],[-90.060529343985,30.033705567165],[-90.06051337177,30.033678330944],[-90.060498245903,30.033656431412],[-90.060443345992,30.033618568808],[-90.060276343477,30.03358156941],[-90.060117341453,30.03357056882],[-90.060116906725,30.0335705882],[-90.059795343139,30.033584568575],[-90.059371342773,30.033651568696],[-90.059205344919,30.033707568423],[-90.05910034579,30.03378040349],[-90.059015517413,30.033852266266],[-90.058962778931,30.033934710411],[-90.05895215184,30.034006402562],[-90.058957341866,30.034094568761],[-90.05897935677,30.034136653805],[-90.058991343872,30.034159568918],[-90.059035571676,30.034204404853],[-90.059064341478,30.034233566073],[-90.059133477109,30.034295683275],[-90.059186869669,30.034343651186],[-90.05919695126,30.034362907328],[-90.059208696177,30.034399445303],[-90.059204480301,30.034417669923],[-90.059188816146,30.034452686789],[-90.059164418413,30.034469090274],[-90.059136372047,30.034483516138],[-90.05907234254,30.034496567932],[-90.059071519354,30.034496562607],[-90.058915342277,30.034495569105],[-90.058827968191,30.034466635676],[-90.058766342786,30.034427418102],[-90.058669019247,30.034262986948],[-90.058650068442,30.03423096691],[-90.05860705232,30.034156665218],[-90.058598412703,30.034141740919],[-90.05837463685,30.033810247911],[-90.058328269901,30.033741685],[-90.058231431438,30.033664219452],[-90.05812839143,30.033588290609],[-90.05806558077,30.033542490335],[-90.057999340768,30.03351356881],[-90.057923341414,30.033496567581],[-90.057922797419,30.0334966218],[-90.057863341827,30.03350256809],[-90.057778036458,30.033528437734],[-90.057733970072,30.033547317338],[-90.057563269654,30.033620450545],[-90.057173861268,30.033825223408],[-90.05698310889,30.033925531162],[-90.056856613501,30.033985100232],[-90.056695341347,30.034029569876],[-90.056523338897,30.034056568516],[-90.056522599866,30.034056546919],[-90.05634934076,30.034051569288],[-90.056348517258,30.034051573094],[-90.056324092266,30.034051693522],[-90.056323268966,30.03405169733],[-90.055331341741,30.034056568933],[-90.055015349894,30.034081159525],[-90.054939116599,30.034087092292],[-90.05456034003,30.034116567651],[-90.054306548096,30.03414277462],[-90.053853338813,30.034189570256],[-90.052823339273,30.034372569753],[-90.052360561885,30.034471897137],[-90.05225766152,30.034493982178],[-90.052208339332,30.03450456912],[-90.051701609554,30.034655789929],[-90.05132033747,30.034769568537],[-90.051075338221,30.03483357021],[-90.050464335695,30.034906568204],[-90.049811159367,30.034944226585],[-90.049111337293,30.034984569306],[-90.048594337039,30.035047568348],[-90.048306581276,30.03510856482],[-90.048127456663,30.035146533421],[-90.047792336708,30.035217569211],[-90.047249337949,30.035352568008],[-90.046485337458,30.035513570532],[-90.046060335866,30.035548569585],[-90.045287336752,30.035558569448],[-90.045286871264,30.03555855768],[-90.04469730047,30.03554363151],[-90.044696477269,30.035543610959],[-90.044418335544,30.035536568233],[-90.043654335392,30.035494568575],[-90.043410335192,30.03544956968],[-90.042776335246,30.035245569155],[-90.042265067749,30.035085305652],[-90.041462811452,30.034724666529],[-90.040410754214,30.034171226185]]]]},"properties":{":id":"row-2cvw~mbxf-fyeg",":version":"rv-29ci-rzy2.y9p5",":created_at":"2026-01-29T03:48:31.362Z",":updated_at":"2026-01-29T03:48:31.362Z","objectid":"402","districtid":"D","name":"Council District D","repname":"Eugene J. Green","authority":"28968 M.C.S. (as amended)","lastupdate":"2026-01-12T00:00:00.000Z","shape_starea":"469385644.54376847","shape_stlength":"126295.5094682075"}},
{"type":"Feature","geometry":{"type":"MultiPolygon","coordinates":[[[[-89.742413194593,30.173869606723],[-89.74234919318,30.173837608435],[-89.742245194444,30.173777607046],[-89.742174194987,30.173735608079],[-89.742109196708,30.173670608836],[-89.742042195363,30.173582608309],[-89.741955195462,30.17350560803],[-89.741929194117,30.173464609346],[-89.741904193778,30.173415607193],[-89.741807175568,30.173241889309],[-89.741759194321,30.173199608397],[-89.741691193908,30.173176608239],[-89.741638600109,30.173167780328],[-89.741619692822,30.173164606417],[-89.741604009207,30.173155814262],[-89.741568812638,30.173136082819],[-89.741553691975,30.17312760598],[-89.74154313764,30.173114431567],[-89.741471193612,30.173024608081],[-89.741381193931,30.172916606899],[-89.741350194041,30.172830607864],[-89.741326193989,30.17274960846],[-89.741323927488,30.172728684678],[-89.741309194281,30.172592608097],[-89.741309736789,30.17257336382],[-89.741311194595,30.172521607997],[-89.741330534321,30.172500327819],[-89.74145587496,30.172362408102],[-89.741307452113,30.172115449924],[-89.741261193903,30.172172607695],[-89.74115488787,30.172290908176],[-89.741113931989,30.172336485785],[-89.741096318404,30.172349563019],[-89.741027693443,30.172342607354],[-89.74101664769,30.17230231494],[-89.741010713643,30.172280672787],[-89.741010604949,30.172258580543],[-89.741010505186,30.17223794357],[-89.741010391296,30.172214415811],[-89.741010540776,30.172198838842],[-89.741010895701,30.172177496497],[-89.74101119317,30.172159607097],[-89.74102194687,30.172087268259],[-89.741034195427,30.172025607232],[-89.741036195411,30.171943608207],[-89.741062193125,30.171864607396],[-89.741060824319,30.171845084664],[-89.741058194311,30.171807606895],[-89.741037194043,30.171725607],[-89.741004193974,30.171671609108],[-89.740960193571,30.171612607237],[-89.740932193549,30.171555608365],[-89.740886192762,30.171497607158],[-89.74078219378,30.171423607475],[-89.740739193264,30.171374607863],[-89.740711193333,30.171335608415],[-89.740611193734,30.171243606024],[-89.740518192335,30.171121608699],[-89.740492116164,30.171009943555],[-89.740500737195,30.170929235191],[-89.740499407857,30.170913608852],[-89.740493193978,30.170840608545],[-89.740470193379,30.170783608523],[-89.740458193341,30.170733607468],[-89.740420192186,30.170686608874],[-89.740377194239,30.170652607847],[-89.740341193807,30.170591608342],[-89.740307193686,30.170527607732],[-89.740308484699,30.170509295433],[-89.740307634391,30.17044893525],[-89.740274195003,30.170411607631],[-89.740232193183,30.170352606931],[-89.740141193117,30.170295607432],[-89.740103194306,30.170268607427],[-89.740042191979,30.170237607088],[-89.73999019315,30.17019760647],[-89.739957193806,30.17012260802],[-89.739934193222,30.170013607217],[-89.739869194013,30.169872607482],[-89.739841192759,30.169799606618],[-89.739765190833,30.169741607825],[-89.739753194514,30.169691606735],[-89.73973134679,30.169650775853],[-89.739722693375,30.169634606207],[-89.739706930317,30.169620964413],[-89.739637194515,30.169560607896],[-89.739585192518,30.169495606493],[-89.739528192301,30.169429607989],[-89.73948219276,30.169389607505],[-89.739464194288,30.16931460718],[-89.739428193665,30.169232606058],[-89.739352191593,30.169176606543],[-89.739229192078,30.16906260735],[-89.739148192818,30.169006608551],[-89.739102191685,30.168961605997],[-89.739068190059,30.168896607094],[-89.739064261339,30.168876089073],[-89.739050193019,30.168802606672],[-89.739021193551,30.168720607171],[-89.738961192631,30.168646607256],[-89.738900191715,30.168594606975],[-89.738873194579,30.168549607599],[-89.738869617649,30.168528981888],[-89.738860192287,30.168474607039],[-89.738859667194,30.168453578757],[-89.738858851957,30.168385899125],[-89.738863980094,30.168368476792],[-89.73890268058,30.168329298155],[-89.73865056954,30.168127131629],[-89.738468800759,30.167981371796],[-89.738195322143,30.168147976899],[-89.73815300772,30.168173754116],[-89.738075608057,30.16815026027],[-89.738046962259,30.168141564476],[-89.738006192132,30.168099607646],[-89.738012630374,30.168077617985],[-89.738018949729,30.16805603186],[-89.738032315811,30.168003453831],[-89.738017978983,30.167970422116],[-89.738009692147,30.167956607259],[-89.737992845863,30.167950465749],[-89.737919191655,30.167923605894],[-89.737834191816,30.167893606872],[-89.737739193261,30.167830607945],[-89.737676190728,30.167782608674],[-89.737672537571,30.1677802286],[-89.737595555056,30.167730076782],[-89.737575764734,30.167714495925],[-89.737528192377,30.167673607663],[-89.737435191939,30.167642606743],[-89.737370192806,30.167649605436],[-89.737334192534,30.167690607287],[-89.737297617641,30.167713247158],[-89.737281691359,30.167723106094],[-89.737263040474,30.167721434162],[-89.737209192526,30.167716608562],[-89.737138192091,30.16765260677],[-89.737121853858,30.16763537592],[-89.737083191877,30.167594606263],[-89.736983192496,30.167499607388],[-89.73688919164,30.167429607727],[-89.736789190615,30.167381607484],[-89.736699190921,30.167331606231],[-89.736647190665,30.167296607893],[-89.736585191841,30.167237606699],[-89.736546191217,30.167196606264],[-89.73651619094,30.167155606742],[-89.736493193436,30.16710960773],[-89.736491972544,30.167088550409],[-89.736489363571,30.167043536434],[-89.736488460896,30.167027959376],[-89.736489190008,30.166985606636],[-89.736508908539,30.166944393591],[-89.73651850575,30.166924339525],[-89.736588191091,30.166922606539],[-89.736635192486,30.16693060919],[-89.736693920508,30.166932499483],[-89.736730191174,30.16692260728],[-89.736777190966,30.166896606523],[-89.736784779186,30.166847781363],[-89.736588669005,30.166734305552],[-89.736536821517,30.166704302127],[-89.736411192916,30.166631606823],[-89.736283190562,30.166482608897],[-89.736213192312,30.166354607396],[-89.736179191529,30.166222606487],[-89.736179209737,30.166201471239],[-89.736179305253,30.166092220668],[-89.736186792412,30.166066591439],[-89.736205191743,30.166003606937],[-89.73626519123,30.16587860708],[-89.73632519211,30.16575060659],[-89.736381257612,30.165690439268],[-89.736412103495,30.16568315736],[-89.736446442967,30.165676162392],[-89.736433875575,30.16559837983],[-89.736377191125,30.165576607344],[-89.736335192765,30.165550606188],[-89.736301281991,30.165543251946],[-89.736282669953,30.165541192261],[-89.736243892394,30.165550870936],[-89.736217190806,30.165558522263],[-89.736184794294,30.165514689416],[-89.736170439624,30.165492224287],[-89.736146487857,30.165452475182],[-89.736135191495,30.165433606338],[-89.736134933,30.165417498338],[-89.736134585927,30.165396091494],[-89.736134191618,30.165371606544],[-89.736142190794,30.165311607749],[-89.73618556707,30.165253381911],[-89.736197690901,30.165237106383],[-89.736211310572,30.165221687083],[-89.736258192544,30.165168606622],[-89.736295192089,30.165143605509],[-89.736340191024,30.165142606801],[-89.736401189804,30.165160607079],[-89.736574191831,30.165220606235],[-89.736673191217,30.16525160635],[-89.736759192297,30.165268607325],[-89.736852191468,30.165283607724],[-89.736945190875,30.165311606528],[-89.73703119269,30.165315606048],[-89.737151190722,30.165313606766],[-89.737215190206,30.165293606602],[-89.73733619168,30.165276605279],[-89.737401192864,30.165250604995],[-89.737473190942,30.165217606596],[-89.737524192285,30.165175605282],[-89.737603191846,30.165128606981],[-89.737691191919,30.165034604145],[-89.73773919051,30.164966606435],[-89.737759192406,30.164863607477],[-89.737790192792,30.164532604766],[-89.737829190921,30.164356607202],[-89.737900628191,30.164359404033],[-89.737314631741,30.163835824765],[-89.737293191396,30.163951606214],[-89.73724119251,30.163971606292],[-89.737190190885,30.163978608334],[-89.737170850597,30.163953477103],[-89.737158428497,30.163937335737],[-89.737113319675,30.16389736677],[-89.737045191768,30.163893606194],[-89.7369731928,30.16390260764],[-89.736882190175,30.163899606689],[-89.736811190163,30.163872606863],[-89.736760190711,30.163841606863],[-89.736713493156,30.163803076503],[-89.736679380927,30.163790713416],[-89.736581190732,30.163812606126],[-89.736528192043,30.163809606821],[-89.736473192576,30.163786607097],[-89.736472159199,30.163731406991],[-89.736503192302,30.163694606514],[-89.736485190455,30.163651604867],[-89.73643736736,30.163613806838],[-89.736392190817,30.163609606671],[-89.736346857947,30.16362493953],[-89.73629419061,30.163492606015],[-89.736224191907,30.163447606863],[-89.736116191452,30.163376605905],[-89.736001190698,30.16335260585],[-89.735907191734,30.163288606996],[-89.735830190921,30.16323760674],[-89.735700191123,30.163213605984],[-89.735532192411,30.163197606562],[-89.735394189636,30.163186606973],[-89.735286190782,30.163129605434],[-89.735200191479,30.163045605929],[-89.735129190044,30.162947606771],[-89.735033190709,30.162817605918],[-89.734878189119,30.162701606699],[-89.734716188205,30.162638606148],[-89.734553190057,30.162523607652],[-89.734419191674,30.16236760605],[-89.734234188979,30.162271606514],[-89.734078189013,30.162162605526],[-89.733886189144,30.16208760578],[-89.733746189616,30.162010606431],[-89.733630188807,30.161940606324],[-89.733539188576,30.161829605391],[-89.73353870665,30.161808483761],[-89.733536532008,30.161713449026],[-89.733548189855,30.161571605585],[-89.73360818983,30.161259606397],[-89.733607599204,30.161239954984],[-89.733604189578,30.161126607057],[-89.733579191487,30.161041606199],[-89.733470189021,30.160977604783],[-89.733393189634,30.160952605314],[-89.733361189534,30.160880605406],[-89.733363796877,30.160864568235],[-89.73337418984,30.160800605318],[-89.733433191367,30.160733605367],[-89.733429415863,30.160714307787],[-89.733424190493,30.160687605186],[-89.733362189526,30.160649605095],[-89.733305031045,30.160622458173],[-89.733318189484,30.160570606118],[-89.73333040253,30.160483509655],[-89.733275191144,30.160406604011],[-89.733170190393,30.160176605513],[-89.733090189507,30.160046605771],[-89.732955188758,30.159850605428],[-89.732930188807,30.15975860469],[-89.732889189889,30.159673606048],[-89.732819189657,30.15958860543],[-89.732793189974,30.159496605196],[-89.732652189028,30.159367605156],[-89.732617814342,30.159264607041],[-89.732659189247,30.159201604942],[-89.732766189693,30.159186604114],[-89.732888189092,30.159216605456],[-89.732964187726,30.159171605229],[-89.732967189604,30.159077606713],[-89.733009190029,30.15895260636],[-89.733018190448,30.158848605513],[-89.733039188786,30.158788605828],[-89.733047708413,30.158706842748],[-89.733036189894,30.158664604764],[-89.732989190211,30.158625604867],[-89.732926189839,30.158622605356],[-89.732830164054,30.158674500857],[-89.732762188617,30.15868460534],[-89.732625189619,30.158668604928],[-89.732601058789,30.158659231953],[-89.732504187913,30.158621604848],[-89.732355188172,30.158584604367],[-89.732251189726,30.158542605805],[-89.732187190196,30.158503605638],[-89.732152188976,30.158474605212],[-89.732151597262,30.158453491202],[-89.732150531495,30.158415294136],[-89.732195187656,30.158374605373],[-89.732262188743,30.158333605188],[-89.732312190011,30.158297605167],[-89.732345188347,30.158252604651],[-89.732353742945,30.158166759348],[-89.732335188403,30.158089605421],[-89.73228818827,30.158050604201],[-89.732238461162,30.158012542603],[-89.732207189114,30.157988605588],[-89.732109190048,30.157965605056],[-89.732069189527,30.157941605305],[-89.732005189343,30.157898606483],[-89.73195819004,30.157864604438],[-89.731950004891,30.157840377509],[-89.731933189576,30.157790605635],[-89.731933478477,30.157769469052],[-89.731934190307,30.157717603037],[-89.731937345431,30.157344531231],[-89.732008557396,30.15701596816],[-89.732000139186,30.156514563309],[-89.732042538311,30.155927837977],[-89.731804343446,30.155366350427],[-89.731563385979,30.154976703859],[-89.731210078842,30.154399493667],[-89.731349738055,30.153914210438],[-89.731748669905,30.153704212217],[-89.732083528944,30.153378851385],[-89.732387042418,30.152952848543],[-89.732786428564,30.152714207964],[-89.733251723478,30.152476365012],[-89.733519972805,30.152193161788],[-89.733740166344,30.151823436646],[-89.73384455476,30.151480951934],[-89.734219483833,30.150712060414],[-89.734257728155,30.150383097036],[-89.73417947975,30.150124334421],[-89.734355293411,30.149438965338],[-89.734492631125,30.149096879788],[-89.73471097489,30.14884171385],[-89.734945336305,30.148615388463],[-89.735032549444,30.148315663394],[-89.73502181832,30.147957459222],[-89.735287751385,30.147817453668],[-89.735734933154,30.147679643848],[-89.736461537073,30.147588185292],[-89.737303478158,30.147498119752],[-89.738376786288,30.147367879487],[-89.739119862563,30.147276606489],[-89.739866144301,30.146984846189],[-89.740198893364,30.14678834653],[-89.740814497752,30.146423387171],[-89.741179052118,30.146298882943],[-89.741674047412,30.146261891114],[-89.7423985753,30.146299282042],[-89.742878008272,30.146204806252],[-89.743376203395,30.1459673257],[-89.743890416058,30.145758681338],[-89.74407668899,30.145445821799],[-89.74406295466,30.145273781103],[-89.744365478217,30.144905030822],[-89.744597979745,30.144793249549],[-89.744816060971,30.144552386838],[-89.745050388113,30.144326043285],[-89.745349936586,30.144143453857],[-89.745534147219,30.143959473641],[-89.745717215478,30.143847094865],[-89.746032096526,30.143736303115],[-89.746216305145,30.143552321931],[-89.746448802248,30.143440537375],[-89.746845606291,30.143359375604],[-89.74721036998,30.143220534455],[-89.747558656241,30.143081495163],[-89.748023187983,30.142886561041],[-89.748504422346,30.142677502295],[-89.748837822492,30.142438020134],[-89.749039867482,30.142168311944],[-89.749356788427,30.14192863062],[-89.749689957324,30.141703465579],[-89.749908246144,30.141448274109],[-89.750094265449,30.141149726876],[-89.75033039381,30.140808811463],[-89.750597197626,30.140611493943],[-89.750997172234,30.14032983601],[-89.751117282614,30.140030495341],[-89.751286591505,30.139746068776],[-89.751651563202,30.139592895056],[-89.752219927348,30.139084087011],[-89.752555352256,30.138715712511],[-89.75279078542,30.138417753996],[-89.752828054655,30.138146064337],[-89.753146771411,30.137791811105],[-89.753577635294,30.137639422994],[-89.753860218127,30.137485256771],[-89.754193815091,30.137231439747],[-89.754657625776,30.137079442802],[-89.754661484692,30.136835998349],[-89.754877481283,30.136724001307],[-89.755243796824,30.136484896508],[-89.755790205732,30.136319561288],[-89.755711231912,30.136103771356],[-89.755797464279,30.135861313523],[-89.755868582978,30.135532736372],[-89.75612047301,30.135234968865],[-89.756486100921,30.13503882118],[-89.756476427713,30.13460901661],[-89.756498344123,30.134265527588],[-89.756815221976,30.134025827792],[-89.75739547095,30.13380359817],[-89.75753089618,30.133576050188],[-89.757368412742,30.133430877637],[-89.757437031053,30.133259822717],[-89.757606537772,30.132961066578],[-89.757924314868,30.132664083189],[-89.758109161519,30.132437124353],[-89.758213897751,30.132065978784],[-89.758285684126,30.131694440295],[-89.758342354424,30.131236782517],[-89.758348695058,30.130835815231],[-89.758371283518,30.130449364976],[-89.758430443325,30.12983418351],[-89.758521418521,30.129290997955],[-89.758594787648,30.128819216455],[-89.758673588619,30.128003748262],[-89.758765692933,30.127388961011],[-89.75875963274,30.126730032222],[-89.758735061589,30.12619978781],[-89.758710716869,30.125655223979],[-89.758733981895,30.125225812562],[-89.758757926057,30.124753440212],[-89.758829026049,30.124424860752],[-89.758947960948,30.124197114113],[-89.759284217055,30.12377144048],[-89.759818148333,30.123348126154],[-89.760365381956,30.123125490567],[-89.760583150495,30.122898921008],[-89.760705244869,30.122470688346],[-89.760658765121,30.122283935273],[-89.760466968654,30.121909248942],[-89.760406504005,30.121564775534],[-89.76021403038,30.12123304953],[-89.76064775089,30.12089447436],[-89.760602854721,30.120607478374],[-89.760410383101,30.120275752606],[-89.760383543419,30.119888711475],[-89.760635832588,30.119562293937],[-89.760774169034,30.119148577576],[-89.760745067461,30.118904739211],[-89.761328158525,30.118496328089],[-89.761462875027,30.118311736355],[-89.761183070322,30.118294075942],[-89.760654146145,30.118402349594],[-89.760261296453,30.118240108703],[-89.760167211759,30.117938202524],[-89.760286137067,30.117710454589],[-89.760307584351,30.117395604179],[-89.760410487603,30.117139017915],[-89.760812374794,30.116728446558],[-89.760948899426,30.116429292997],[-89.761402684146,30.115861785329],[-89.761390731797,30.115575183307],[-89.761001056535,30.11521245987],[-89.760811305717,30.11470889091],[-89.760738215951,30.114120775853],[-89.76064752513,30.113604064627],[-89.760489140368,30.113201131147],[-89.760284733629,30.112582801579],[-89.759943810708,30.112263626323],[-89.760151190985,30.111650211832],[-89.759846153291,30.111145264794],[-89.759619855424,30.110870425093],[-89.759495778861,30.110381960837],[-89.759136357222,30.110191469353],[-89.75896128679,30.109802656264],[-89.759132784815,30.109375014291],[-89.758858663827,30.108999340787],[-89.759308353887,30.108689606593],[-89.759299123582,30.108231159694],[-89.759044192503,30.107683838908],[-89.758597502519,30.106761828325],[-89.758407781158,30.10625825513],[-89.758190780418,30.105396279557],[-89.758168481708,30.104722830872],[-89.758423683684,30.104210251781],[-89.758902897721,30.104115716069],[-89.759812593974,30.103883090166],[-89.760358138004,30.10376069589],[-89.761088466906,30.10341133528],[-89.761468629547,30.103329932381],[-89.76129175436,30.103055684497],[-89.761082392824,30.102752402764],[-89.761039084339,30.102365164694],[-89.761327204725,30.101852972059],[-89.761642161609,30.101727821664],[-89.762120232646,30.10170487664],[-89.762434509461,30.101622685433],[-89.762471287257,30.101379631785],[-89.762178223064,30.101161292783],[-89.76210197217,30.100773661518],[-89.762158834196,30.100301679149],[-89.762376322769,30.100089425976],[-89.762364369509,30.099802823384],[-89.76258343715,30.099490327479],[-89.762784680603,30.099263558041],[-89.763190399557,30.098430494266],[-89.763332343301,30.098133788585],[-89.76351141697,30.097658487829],[-89.763896818945,30.097155803843],[-89.764175059369,30.096920399989],[-89.764281278377,30.096712786832],[-89.76442697472,30.096177408022],[-89.764570320801,30.095791198667],[-89.764642697906,30.095553342631],[-89.764477256785,30.095163456943],[-89.763997863728,30.095098068872],[-89.763344104668,30.095209640048],[-89.76290325392,30.094876149937],[-89.76256956682,30.094275379196],[-89.762477927901,30.093558133653],[-89.762450674517,30.093110212916],[-89.762250466994,30.092749750201],[-89.761811512799,30.092296919775],[-89.761267755871,30.091962196434],[-89.760795914194,30.091419450977],[-89.760594774247,30.091118652928],[-89.760324077444,30.090876704479],[-89.759952342755,30.090514189274],[-89.759715485943,30.090302482598],[-89.759199927377,30.090356003813],[-89.758888328515,30.090531319336],[-89.7583050948,30.090524348962],[-89.757926764894,30.090579505678],[-89.757139100568,30.090480566408],[-89.756728350622,30.090415972798],[-89.755632863453,30.090253661434],[-89.754947653432,30.090185775459],[-89.754227663858,30.090147309008],[-89.753435276125,30.090346688613],[-89.753157028684,30.090582070245],[-89.752671985934,30.090874650173],[-89.752358953851,30.09113945153],[-89.751911528541,30.091223601712],[-89.751260623613,30.091156108524],[-89.750713116397,30.091060014145],[-89.750473434278,30.091027295356],[-89.750129406117,30.091082841636],[-89.749749647093,30.091227477009],[-89.749168308288,30.09110112985],[-89.748829972331,30.090798664904],[-89.74832009936,30.090494134641],[-89.747808330565,30.090308938739],[-89.746885822594,30.090059116385],[-89.746368831889,30.090202089686],[-89.745952861883,30.090465637256],[-89.745946683066,30.090853480059],[-89.745974336947,30.091271569475],[-89.745727525433,30.091686352865],[-89.745379214136,30.092010393347],[-89.74498898175,30.092811363303],[-89.744882726503,30.093018961051],[-89.744840332042,30.093525726267],[-89.744829867904,30.094182075269],[-89.744785094386,30.094838009699],[-89.744672176997,30.095463283637],[-89.744559258004,30.096088556525],[-89.744479220396,30.096803745819],[-89.74446637468,30.097609264716],[-89.744453052996,30.098444616426],[-89.744480702706,30.098862706285],[-89.744266273594,30.099397236342],[-89.743983695908,30.09990110333],[-89.743702543592,30.100315468448],[-89.743142137486,30.101024861105],[-89.742726113572,30.10128839709],[-89.742035594987,30.101548618079],[-89.741241184959,30.101867259959],[-89.740652639862,30.102188385339],[-89.740372421276,30.102543075454],[-89.740393853804,30.103349006815],[-89.740488681696,30.103857428648],[-89.740685971183,30.104396928398],[-89.74095331883,30.104847754347],[-89.741284527168,30.105597749398],[-89.741383175625,30.105867498547],[-89.741308351511,30.106254511198],[-89.740891347344,30.106577709004],[-89.740135500148,30.106628252826],[-89.738931669671,30.106792732119],[-89.738280670811,30.106725174995],[-89.737016336137,30.106381628985],[-89.735342167044,30.105913743609],[-89.734450984925,30.10584325481],[-89.734061089433,30.106614356476],[-89.733772212409,30.107506042846],[-89.733306970202,30.108693984108],[-89.732913699676,30.109673920231],[-89.732415080058,30.110801773211],[-89.732160970908,30.111664037441],[-89.731805829792,30.112405715516],[-89.731550751848,30.113327646208],[-89.73140005612,30.114161326735],[-89.731222240044,30.114547081556],[-89.730635027729,30.114778659898],[-89.729567866441,30.114974555496],[-89.728668919014,30.11538136972],[-89.728000562676,30.116387781012],[-89.7281649348,30.1168373779],[-89.728568565789,30.117349568159],[-89.729081398671,30.117475170208],[-89.729903565576,30.117574694016],[-89.730794369462,30.117675047419],[-89.73116945834,30.117828806061],[-89.731402480665,30.11827923396],[-89.7311812227,30.119231413855],[-89.730866124782,30.119615499117],[-89.730449990741,30.119878996319],[-89.729723071953,30.120258069101],[-89.729274055661,30.120431643407],[-89.728896291558,30.120337029256],[-89.72865112491,30.120214685801],[-89.728531040882,30.119998378595],[-89.728314098589,30.119828634361],[-89.728055398267,30.119694189405],[-89.72772767854,30.119582774434],[-89.727481745639,30.1195081632],[-89.726813352395,30.119237428735],[-89.726580955403,30.119174916513],[-89.726059713683,30.119144688844],[-89.725908716627,30.119142847401],[-89.72530299303,30.119242881888],[-89.724917480281,30.119309793012],[-89.724654545993,30.119437878713],[-89.72419499871,30.119838089335],[-89.72398388611,30.120157780184],[-89.723690216263,30.120488399277],[-89.723297945311,30.1209729792],[-89.723074836528,30.121185098902],[-89.722785984419,30.121217377736],[-89.72233298362,30.121211841634],[-89.721904734365,30.121373708231],[-89.72150258613,30.121619444515],[-89.721292426755,30.121879464278],[-89.721081881,30.12216334956],[-89.720763058332,30.122350423298],[-89.720503975194,30.122239831024],[-89.720285882187,30.12214167473],[-89.720027187912,30.122007213915],[-89.719164294052,30.121877290465],[-89.718711290454,30.121871741917],[-89.718108059923,30.121816607097],[-89.717531509936,30.121809540414],[-89.717215779643,30.121805669489],[-89.716941038161,30.121814236217],[-89.71616784859,30.122079277776],[-89.715878991664,30.122111540588],[-89.715210419645,30.121852680794],[-89.714473213394,30.121592974764],[-89.713981356883,30.12144370242],[-89.713750126999,30.121309566567],[-89.713493578404,30.12104382455],[-89.713112708168,30.120824296618],[-89.712617556848,30.120877888382],[-89.712189293227,30.121039724479],[-89.71169394586,30.121105246125],[-89.71149904455,30.12126995077],[-89.711110792573,30.121503890909],[-89.710532300906,30.121616128565],[-89.71005320497,30.121526677166],[-89.709697266985,30.121462613573],[-89.709553574162,30.121854728566],[-89.709548321649,30.122176932738],[-89.709527590929,30.122606369684],[-89.709169703582,30.122661639584],[-89.708675903322,30.122631681493],[-89.708135275082,30.12294728648],[-89.707596784935,30.123131619955],[-89.706974173951,30.123422335751],[-89.706409198778,30.12354665905],[-89.705886965414,30.123576019052],[-89.705378263921,30.123617480929],[-89.704992915949,30.123672400382],[-89.704539903967,30.123666803121],[-89.704046295518,30.123624894355],[-89.703605645471,30.123702998716],[-89.703301880383,30.123806664778],[-89.702983995695,30.123934028942],[-89.702733186853,30.124157708008],[-89.702497081147,30.124321889758],[-89.702066831889,30.124603027617],[-89.701722269849,30.124682313836],[-89.701338087686,30.124665621874],[-89.701175310609,30.124544247216],[-89.700557757975,30.124524662986],[-89.700471087961,30.124786179114],[-89.7004505132,30.125203680912],[-89.700270486901,30.125296937321],[-89.699985332388,30.125102429711],[-89.699684691064,30.125015152903],[-89.699204218235,30.125009197025],[-89.698722375394,30.125086773406],[-89.698430370071,30.125309934374],[-89.698137775512,30.125568894486],[-89.697804583275,30.125791543123],[-89.697447070183,30.125822913634],[-89.697172119885,30.125843373355],[-89.697086420033,30.126045219695],[-89.696906779965,30.126114604834],[-89.696426891369,30.126072838173],[-89.696123503061,30.126152622048],[-89.695873850134,30.126304687158],[-89.695693620127,30.126409871482],[-89.695156659414,30.126498686762],[-89.694935245016,30.126603357325],[-89.694342583906,30.126739220688],[-89.693932119086,30.126650564276],[-89.69339731559,30.126608104472],[-89.692888004,30.126685317898],[-89.692623239891,30.126920740765],[-89.692372203646,30.127156334184],[-89.691804829007,30.127423795087],[-89.691571254687,30.127432821817],[-89.691060560111,30.127593562937],[-89.690755981871,30.127744935],[-89.690393735284,30.128062689851],[-89.690034242626,30.128213374911],[-89.689715343306,30.128400373344],[-89.689478614203,30.128600332429],[-89.689282282645,30.128848538006],[-89.68920792832,30.129193751393],[-89.689287343723,30.129373780624],[-89.689642508888,30.129485633328],[-89.689930017576,30.129536961897],[-89.690299896585,30.129589316755],[-89.690502870268,30.129770884385],[-89.690703679955,30.130083720515],[-89.690920580482,30.130253526134],[-89.690972936469,30.130409345593],[-89.690859171968,30.130646646387],[-89.690839146103,30.131028345604],[-89.691039172083,30.131388915057],[-89.691297065839,30.131571165566],[-89.691814035028,30.131864066278],[-89.69206878499,30.132237251254],[-89.692784812398,30.132950382107],[-89.693274335832,30.133242935296],[-89.693686769384,30.134047770746],[-89.693692639786,30.134525279826],[-89.693778527563,30.135147014236],[-89.693745175831,30.135504676213],[-89.693779291682,30.13593479262],[-89.69387009234,30.13625819056],[-89.693892639418,30.136556868291],[-89.693903619473,30.136724106576],[-89.693171047598,30.137013391289],[-89.692387879977,30.137039452932],[-89.691644327074,30.137161489897],[-89.690872722319,30.137318981109],[-89.690252926845,30.137430615348],[-89.689617629236,30.13764947771],[-89.689458527793,30.138136865354],[-89.690210702024,30.13832528117],[-89.690771844838,30.138439697417],[-89.6910960432,30.138766005291],[-89.691378463779,30.139127599882],[-89.691630672336,30.139655919266],[-89.691719896739,30.140074786491],[-89.691733586365,30.140910468037],[-89.691601163906,30.141445933728],[-89.691291232516,30.141919509043],[-89.690958757493,30.142094405859],[-89.690203207188,30.142108862272],[-89.689807199403,30.141972631463],[-89.689235263027,30.141679038539],[-89.689003625411,30.141568727233],[-89.68852405884,30.141503065362],[-89.687904826194,30.141578888823],[-89.687709451099,30.141767424188],[-89.687553095741,30.142087740878],[-89.687133301127,30.142559935061],[-89.686868086827,30.14281921219],[-89.686709753746,30.143258862257],[-89.686774064336,30.143522255476],[-89.686726675472,30.144727186833],[-89.686925726593,30.145147428755],[-89.686955870268,30.145816214366],[-89.687176468628,30.146594800296],[-89.687389454265,30.147003279558],[-89.687629706831,30.147424034334],[-89.68787212947,30.147713520483],[-89.688252849555,30.147945053459],[-89.688660639028,30.14820079425],[-89.689124732786,30.14837368521],[-89.689507428439,30.148485879477],[-89.68983539644,30.148585455573],[-89.690108441621,30.148684346314],[-89.690408358467,30.148819378485],[-89.69072240195,30.148930713658],[-89.691131972769,30.149079046705],[-89.691417964485,30.149225838798],[-89.691731615705,30.149361038769],[-89.691881084468,30.149458387032],[-89.691986803502,30.149710356285],[-89.692009151491,30.150020966639],[-89.692089178424,30.150165192966],[-89.692294950548,30.150179690063],[-89.692680212682,30.150136741993],[-89.693202392688,30.150119366846],[-89.693628257701,30.150112728227],[-89.693927987161,30.15025968544],[-89.694392100873,30.150432557805],[-89.694678886775,30.150531609735],[-89.69517026907,30.150716753053],[-89.695292083372,30.150825689448],[-89.695578675237,30.15093667268],[-89.696289960255,30.151112608543],[-89.696865305578,30.151203301652],[-89.697755297901,30.151369510806],[-89.698056800975,30.151409058679],[-89.698759062989,30.151298408456],[-89.699488982509,30.151176161554],[-89.700053730584,30.151075735989],[-89.700700083933,30.151024062219],[-89.701496504891,30.15103392193],[-89.701866860848,30.15106237757],[-89.702333727507,30.151068153839],[-89.702641095195,30.150749687407],[-89.702644417356,30.15054681945],[-89.702721476806,30.150034531769],[-89.702616707382,30.149722904052],[-89.702569599376,30.149244887439],[-89.702608006006,30.148576955073],[-89.702794324968,30.148101826343],[-89.703103440462,30.147675958585],[-89.703356456342,30.14732101125],[-89.703726543198,30.14652588457],[-89.703784981574,30.146311761127],[-89.70385968849,30.145942673209],[-89.704070529857,30.145646883464],[-89.704249222871,30.145637155078],[-89.704439109961,30.145782732211],[-89.704600364319,30.145999569177],[-89.70480222658,30.146252715697],[-89.705004284998,30.146493928432],[-89.705206539699,30.146723207737],[-89.705436451329,30.146940891633],[-89.705706972088,30.147194884246],[-89.705813698878,30.147387175209],[-89.705892573519,30.147602994536],[-89.705932400616,30.14768703672],[-89.705616004564,30.147718938605],[-89.705435941186,30.147812201648],[-89.705213904861,30.147952690658],[-89.705086034402,30.148213699762],[-89.705026426922,30.148499424105],[-89.704897188028,30.148843966664],[-89.70485072513,30.149165660334],[-89.70477621463,30.149522815299],[-89.704676388414,30.149748363475],[-89.704426689396,30.149900444086],[-89.704188962547,30.150160096023],[-89.704102865507,30.15038581235],[-89.704207249802,30.150721306279],[-89.704313390807,30.150949397963],[-89.704335973749,30.151248073063],[-89.704289898363,30.151545899832],[-89.70420399557,30.151759683945],[-89.704146335894,30.151926072489],[-89.704126942615,30.15227197232],[-89.704095379577,30.152522234857],[-89.704119523206,30.152725442129],[-89.704293738673,30.152990182816],[-89.704508566046,30.153291232895],[-89.704820686507,30.153521869369],[-89.705161833621,30.153657376671],[-89.705541835303,30.153936592344],[-89.705828057442,30.15407142065],[-89.706280622844,30.15411281309],[-89.706557013829,30.15400880087],[-89.706777697225,30.153951844437],[-89.707094112697,30.153919940508],[-89.707490581526,30.154032252701],[-89.70770931623,30.154094629032],[-89.708135392055,30.154076009409],[-89.708368832624,30.154078886651],[-89.708588541561,30.154081594267],[-89.708879829761,30.153906146031],[-89.708950630065,30.15377572431],[-89.708956275515,30.153429655582],[-89.708881672549,30.152951303226],[-89.70889968691,30.152688937283],[-89.708823916671,30.152282185209],[-89.708829951851,30.151912248942],[-89.708696141141,30.151695755629],[-89.708519384899,30.151586154757],[-89.708302991118,30.151380578945],[-89.708291596807,30.151237208037],[-89.708157788174,30.151020714149],[-89.708146588873,30.150865409936],[-89.708041607838,30.150565719877],[-89.707961751249,30.150409569949],[-89.707801261444,30.150145003267],[-89.708012684349,30.149813406026],[-89.708179601153,30.1496841695],[-89.708349829032,30.149352064799],[-89.708406894807,30.149221474001],[-89.708510217935,30.148781120824],[-89.708624544173,30.148508005758],[-89.708765164373,30.148306829775],[-89.708880269057,30.147985980611],[-89.709184685808,30.147846500367],[-89.709284889138,30.147597082286],[-89.709578103189,30.147302297779],[-89.709731089306,30.147184823417],[-89.709709463927,30.146826482708],[-89.709827287595,30.146338564205],[-89.710037917769,30.14605469736],[-89.710236565531,30.145663260901],[-89.71053015981,30.145344606685],[-89.710797069334,30.144977880811],[-89.711076735039,30.144670990532],[-89.711342085805,30.144399731506],[-89.711443057686,30.144102577525],[-89.711544806318,30.143757690409],[-89.711702836235,30.143329943875],[-89.711721425399,30.143031776264],[-89.711823754897,30.142651088061],[-89.711883727761,30.142341493874],[-89.711905229609,30.141864324248],[-89.712046028093,30.141651210138],[-89.712256641813,30.141367340365],[-89.712343489558,30.141093883309],[-89.712379689888,30.140557215924],[-89.712467701933,30.140212157983],[-89.71250060057,30.139878359121],[-89.712590359469,30.13942589963],[-89.712623062223,30.139104033991],[-89.712601040804,30.138769559661],[-89.712758669902,30.138365678257],[-89.712901985788,30.137997428357],[-89.713112589357,30.137713556135],[-89.713445787236,30.137490870372],[-89.713819007113,30.137340289349],[-89.714052796669,30.137319290069],[-89.7141724823,30.137559477273],[-89.714099954147,30.137797303693],[-89.713890517524,30.138009575804],[-89.713653232908,30.138245377901],[-89.713291409225,30.138539328384],[-89.713244784124,30.138872958802],[-89.713350545968,30.139124911444],[-89.71355358129,30.139306444126],[-89.713688160994,30.139475199753],[-89.714138529078,30.139647834291],[-89.714522188242,30.139700288839],[-89.714891536112,30.13978837525],[-89.715108693938,30.139946206564],[-89.715120096768,30.140089577377],[-89.714921866172,30.140457154271],[-89.714862485488,30.140730950178],[-89.714629463945,30.140704217794],[-89.714316196926,30.140545204556],[-89.714097292803,30.140494772322],[-89.713808575844,30.140515098048],[-89.713533783672,30.140523657658],[-89.713379453268,30.140724670485],[-89.713321233946,30.140926864234],[-89.713607235143,30.141073609136],[-89.71364337832,30.141384385207],[-89.713789751457,30.141672643188],[-89.714283065442,30.141738381772],[-89.714543550223,30.141765452843],[-89.715189447833,30.141737574402],[-89.715698237587,30.14169607498],[-89.715889102984,30.141781968281],[-89.716007054187,30.142129554144],[-89.716045337026,30.142309061633],[-89.716167746452,30.142382178114],[-89.716480634715,30.142565053524],[-89.716669564997,30.142770280398],[-89.717481587907,30.142660877218],[-89.717713259599,30.142771138463],[-89.717737235039,30.142986277826],[-89.71796774735,30.143168140101],[-89.718406924102,30.143185456307],[-89.718470350933,30.143508500456],[-89.718436697038,30.143890034705],[-89.718581926724,30.144249888862],[-89.718799872998,30.144359980695],[-89.719335362652,30.144366537524],[-89.719598369593,30.144238463223],[-89.719646134945,30.143833229239],[-89.719875879323,30.144062822288],[-89.719941051509,30.144278464256],[-89.720058438809,30.144661848015],[-89.720288379357,30.144879506114],[-89.720557965058,30.145193135792],[-89.720854049099,30.145566768067],[-89.721162319342,30.146036035628],[-89.721454350804,30.146660269192],[-89.721750249651,30.14704583266],[-89.722101459547,30.147408200041],[-89.722397748013,30.147769894484],[-89.722748383992,30.148168060902],[-89.723179865394,30.148662699732],[-89.723613087237,30.149049935734],[-89.723924853925,30.149304393807],[-89.724412428292,30.149728098402],[-89.724607556725,30.149551442261],[-89.724934215095,30.149734464907],[-89.725508807803,30.149872766993],[-89.725809354153,30.149971917791],[-89.725916893247,30.15011645931],[-89.726310285606,30.150419649347],[-89.726594986364,30.150649899683],[-89.726743143202,30.150830742265],[-89.727069616189,30.151025692871],[-89.726956300182,30.151239157246],[-89.726732553765,30.151487082878],[-89.726549615177,30.151759376589],[-89.726252586547,30.152292867685],[-89.726079717719,30.152792064039],[-89.725815155325,30.153015619062],[-89.725592172785,30.153215808581],[-89.725394725506,30.15353566724],[-89.72522628302,30.153760393275],[-89.72493637315,30.153852342941],[-89.724698691564,30.154112031664],[-89.724778576356,30.15426817115],[-89.72453915793,30.15463525977],[-89.724147720862,30.155060171827],[-89.723935569041,30.15543952777],[-89.72352818546,30.155900604865],[-89.722785184661,30.155795605197],[-89.72228851732,30.155680441482],[-89.721116183794,30.155408604955],[-89.720644516864,30.154995715228],[-89.720466182995,30.154839604106],[-89.719866183888,30.154445605165],[-89.7192221832,30.154304604735],[-89.718453181946,30.154610604304],[-89.71708518157,30.154521603797],[-89.716639660062,30.15457143601],[-89.716030180632,30.154639605394],[-89.715939181935,30.154628604243],[-89.715206180942,30.155022605442],[-89.71482318065,30.155025605072],[-89.714707180076,30.155214605372],[-89.714291180961,30.155304605764],[-89.713992180248,30.155580605323],[-89.713808181494,30.155452605734],[-89.713324179107,30.155383604569],[-89.713192178459,30.155630606362],[-89.713075177817,30.155515604706],[-89.712892179726,30.155733605199],[-89.712260179724,30.155868604871],[-89.71200917898,30.155797605768],[-89.711759179219,30.155900605957],[-89.711293178604,30.155947605941],[-89.710844177875,30.156254606064],[-89.710278178415,30.156388606548],[-89.709846177243,30.156680606278],[-89.709413179027,30.156640606684],[-89.709263177041,30.156786604528],[-89.708930177714,30.156875606661],[-89.708316178229,30.157327606643],[-89.708139678911,30.157463039042],[-89.707508176452,30.157947607795],[-89.706870498588,30.157989799199],[-89.706843176802,30.157991605862],[-89.706643176243,30.158106605728],[-89.706360177075,30.158179605388],[-89.706011177079,30.158237605811],[-89.705895176619,30.158410605653],[-89.705679176508,30.158555605157],[-89.704715176252,30.158988607401],[-89.703550175765,30.159351606766],[-89.70303517402,30.159625606426],[-89.702586174994,30.15968360749],[-89.702520174563,30.159842606441],[-89.702304175313,30.159958608226],[-89.702022174699,30.160232606027],[-89.701639173792,30.160247606939],[-89.701306173646,30.160435606443],[-89.700941174628,30.160695606022],[-89.700442172747,30.160768606508],[-89.70019317264,30.160998606571],[-89.699943173895,30.16099960601],[-89.699562173068,30.16137460703],[-89.69898017389,30.161505606774],[-89.698366171823,30.162240606967],[-89.696787172888,30.163050608019],[-89.696489171526,30.163382607614],[-89.695990171812,30.163483607609],[-89.695326171739,30.164089606932],[-89.694827171138,30.164321606825],[-89.69419617191,30.164840607342],[-89.693698170076,30.165216607486],[-89.693250171432,30.165433608002],[-89.69308317139,30.165534608306],[-89.692985171413,30.165837606981],[-89.692486169549,30.166097607917],[-89.692220170201,30.166328608619],[-89.691856375298,30.166558845182],[-89.691850540744,30.16661370504],[-89.691840970365,30.166725567463],[-89.691839170761,30.166746608659],[-89.691482790738,30.167016488631],[-89.691324168853,30.167136608283],[-89.691258239221,30.167338391834],[-89.691253674044,30.168009733551],[-89.691243207031,30.168970580604],[-89.691114168152,30.169124608833],[-89.690815168432,30.169154609469],[-89.690753989188,30.169212443696],[-89.690632168476,30.169327608538],[-89.690488231437,30.169605821478],[-89.690616913817,30.169845170183],[-89.690623387283,30.169962522025],[-89.690647705566,30.17041986372],[-89.690653167903,30.170522608447],[-89.69077216988,30.171430609789],[-89.690773169577,30.171689608937],[-89.690900897977,30.171800050579],[-89.690477915377,30.172348692868],[-89.690364707954,30.172492515739],[-89.690344169755,30.172518609614],[-89.688718168196,30.173506609644],[-89.687978904395,30.17347293499],[-89.687789158777,30.173463730363],[-89.686893168074,30.173351609611],[-89.6857201679,30.172979610589],[-89.685616179379,30.172939006501],[-89.684524165703,30.172512607583],[-89.682771166007,30.171595609586],[-89.682652312829,30.171426026001],[-89.682361165193,30.171010609208],[-89.682181165722,30.171039609794],[-89.681995164159,30.171070609146],[-89.681851165345,30.171067609584],[-89.681751164547,30.171053608569],[-89.681644164338,30.171001610809],[-89.681569164591,30.170892609876],[-89.681411163666,30.170803609381],[-89.681309164135,30.17072961069],[-89.681202164659,30.170683608744],[-89.681114165418,30.170647608768],[-89.681032164663,30.170648611341],[-89.68095816414,30.170673609924],[-89.680905164622,30.170693609551],[-89.680849163925,30.170710609629],[-89.680799702182,30.170703705874],[-89.680780606815,30.170696989395],[-89.680737922858,30.170648404134],[-89.680735193651,30.170631852776],[-89.680731779466,30.170611148013],[-89.680728040882,30.170588460406],[-89.680717770053,30.17057146711],[-89.680691164976,30.170545609511],[-89.680131162769,30.170281610558],[-89.679655163577,30.170049610097],[-89.679619164243,30.170012609241],[-89.679590163293,30.169977608742],[-89.679536162714,30.169934608753],[-89.67942316304,30.169900609031],[-89.679278164845,30.169862610041],[-89.678894163493,30.169725610199],[-89.678201162824,30.16947160994],[-89.677681162997,30.169245609141],[-89.677534164032,30.169175608632],[-89.677491163041,30.169128608113],[-89.677404162986,30.169067610001],[-89.677245164768,30.168969608431],[-89.677028163302,30.168854608953],[-89.676886163098,30.168816609574],[-89.676755161985,30.16879860923],[-89.676711163388,30.168810608362],[-89.67666359504,30.168809552458],[-89.676639661181,30.168805287349],[-89.67661366869,30.168780466906],[-89.676590696842,30.168757014271],[-89.676545162866,30.168693608759],[-89.676448161648,30.168619608634],[-89.676323298752,30.168565847997],[-89.676092888655,30.168466644393],[-89.675512162631,30.168216607679],[-89.675459162292,30.168178608705],[-89.675379162414,30.168125608829],[-89.675188161086,30.16803660907],[-89.674925160207,30.167959609892],[-89.674749160441,30.167896609067],[-89.674447659994,30.167765107998],[-89.674433547591,30.167751912891],[-89.674386161408,30.167707608108],[-89.674351161586,30.167670609183],[-89.67393016062,30.167486609047],[-89.673744161522,30.167378608295],[-89.673621160375,30.167300610238],[-89.673484160385,30.167227608353],[-89.673341160498,30.167142609704],[-89.673279161354,30.167070608398],[-89.673117161034,30.166989609818],[-89.672423161311,30.166723608881],[-89.672023158518,30.166616607416],[-89.671708161631,30.166486608796],[-89.671411161304,30.166340607854],[-89.671320159756,30.166247608844],[-89.671282159857,30.166207608279],[-89.671113159435,30.16612360842],[-89.670868161584,30.166064609187],[-89.6708390481,30.166032620518],[-89.670827658826,30.16602010826],[-89.670821787562,30.166004845854],[-89.67080515914,30.165961608646],[-89.670767868976,30.16592701237],[-89.67073033891,30.16590366658],[-89.670673503019,30.165892961354],[-89.670642369386,30.165887633537],[-89.670605528167,30.165846487179],[-89.670607990751,30.165829216952],[-89.670629226499,30.165791056599],[-89.67063865826,30.165774109737],[-89.670644967837,30.165756476702],[-89.670656506055,30.165716597207],[-89.670640685134,30.165687804021],[-89.670627277722,30.165670428373],[-89.670589159722,30.16563660745],[-89.67047416067,30.165601608648],[-89.670400158368,30.165551610838],[-89.670336156464,30.165509611292],[-89.67025515948,30.165445608233],[-89.669868160058,30.165433609109],[-89.669708158987,30.165403607785],[-89.66949315919,30.165351608579],[-89.668764158529,30.165018609075],[-89.668070158883,30.16452160956],[-89.667821157331,30.164285609243],[-89.667619158541,30.164161607568],[-89.66751315736,30.164107608688],[-89.667383157414,30.164091609005],[-89.667248156692,30.164086609283],[-89.667152157051,30.164031608485],[-89.66707915791,30.16395960876],[-89.666697157083,30.163517608622],[-89.666532157833,30.163362608385],[-89.666484156129,30.163338609425],[-89.666427851258,30.163340759447],[-89.666383573023,30.163345210813],[-89.666364213849,30.163343031645],[-89.666301157746,30.163301608588],[-89.666265156576,30.163245607201],[-89.666263626288,30.163224574685],[-89.666261156027,30.163190608609],[-89.666227157802,30.163127607785],[-89.666163158382,30.163076608106],[-89.666096157491,30.163024606837],[-89.66602115701,30.16297660856],[-89.665935158067,30.162927606994],[-89.665834157736,30.162909606825],[-89.665725156736,30.162842607779],[-89.665605157285,30.162790608128],[-89.665448157709,30.162720608144],[-89.664886156722,30.162170607761],[-89.664759156758,30.162036609199],[-89.664680157172,30.161981606057],[-89.664605294522,30.161974160682],[-89.66458465548,30.161972108668],[-89.664562878719,30.161975062169],[-89.66448515622,30.161985608196],[-89.66439315756,30.161957607607],[-89.664344156564,30.161901607969],[-89.664340212371,30.161881097159],[-89.664334157405,30.161849608287],[-89.664306156013,30.161785608168],[-89.66418015524,30.161685607222],[-89.663973154642,30.161579608299],[-89.663134562808,30.161156997385],[-89.663117198314,30.161146367465],[-89.663108520463,30.161132435257],[-89.66308266997,30.161090931525],[-89.663083969491,30.161072819291],[-89.663089155473,30.161000608506],[-89.663101907804,30.160924468758],[-89.663072156415,30.160849607652],[-89.662996700985,30.160781318699],[-89.662982653413,30.160768608726],[-89.662968144504,30.16075641528],[-89.662898154457,30.160697607718],[-89.662772156093,30.160649608432],[-89.662484137059,30.160155129142],[-89.662482063529,30.160086462391],[-89.662461999631,30.160053940525],[-89.662453156335,30.160039607351],[-89.662435272411,30.160031909278],[-89.662381156471,30.16000860799],[-89.662321156004,30.15997760824],[-89.66224715396,30.159894607317],[-89.662182154994,30.159787606464],[-89.662154155895,30.159745608718],[-89.662123299025,30.159724052013],[-89.662103463527,30.159716969803],[-89.662070155904,30.159709607712],[-89.662013154705,30.159711607254],[-89.661944981776,30.159701358884],[-89.661907907454,30.159662574414],[-89.661903778973,30.15963438768],[-89.661902046112,30.159613427496],[-89.661900654684,30.159596608383],[-89.661950868364,30.159546263889],[-89.661963619858,30.159530760845],[-89.66193962818,30.159489531229],[-89.661763528549,30.159479868085],[-89.661720248063,30.159477540197],[-89.661655155133,30.159423607494],[-89.661634154457,30.159381606308],[-89.661594973242,30.1593570649],[-89.661572213856,30.159345361221],[-89.661501402274,30.159310607883],[-89.661499503799,30.159293328426],[-89.661497201477,30.159272393574],[-89.661494976506,30.159252171453],[-89.661493154106,30.159235608583],[-89.661463155397,30.159190607905],[-89.661391316413,30.159164797149],[-89.661397067356,30.159136046268],[-89.661409154248,30.159075607943],[-89.661422500862,30.159023060259],[-89.66138030054,30.158966875164],[-89.661353787919,30.158939838982],[-89.661347945474,30.158920426354],[-89.661347041736,30.158902335819],[-89.661346154805,30.158884607357],[-89.661380251806,30.158860463543],[-89.661404027138,30.158843631601],[-89.661416153594,30.158760607118],[-89.661414263226,30.158739625916],[-89.661405155438,30.158638607747],[-89.66135115587,30.158534607698],[-89.661280155888,30.158407606148],[-89.661221770652,30.158335279316],[-89.661205953856,30.158322174108],[-89.661182174759,30.158314138502],[-89.661145930908,30.158299456858],[-89.66113744264,30.158269069336],[-89.66113049678,30.158201929501],[-89.66109115488,30.158143106203],[-89.661072826182,30.15813305936],[-89.661008156037,30.158097607633],[-89.660935153745,30.15802960743],[-89.660911155488,30.157940607645],[-89.660877154754,30.157879606417],[-89.660808155509,30.157825609104],[-89.66076315572,30.157814607538],[-89.660698155379,30.157807608138],[-89.660506153838,30.157689606392],[-89.66043715515,30.157590607159],[-89.660404152676,30.157529607553],[-89.6603781532,30.157418607381],[-89.660377498863,30.157397497517],[-89.66037548614,30.15733264259],[-89.66044215457,30.15713960733],[-89.660470357917,30.157003002652],[-89.660386154262,30.156365607035],[-89.657145561109,30.156385342994],[-89.657102152331,30.156385607615],[-89.657076252488,30.156364147027],[-89.656583152535,30.155955606619],[-89.65643415377,30.155912607508],[-89.656334152801,30.155898607],[-89.656105151626,30.155873607306],[-89.656057151781,30.155848607233],[-89.655995151219,30.155803606106],[-89.655908151651,30.155742606893],[-89.655710153124,30.155674606933],[-89.655660909545,30.155652575529],[-89.655641052216,30.155638040476],[-89.655612151151,30.15561160613],[-89.655586438746,30.155565325184],[-89.655574002443,30.155548714622],[-89.655539151139,30.155521606313],[-89.655498152687,30.155504606941],[-89.65545315254,30.155501606344],[-89.655402151691,30.155502606627],[-89.655341152535,30.155495606726],[-89.655208744679,30.155459939627],[-89.655185665566,30.155451596961],[-89.655128151532,30.155418607279],[-89.655037150681,30.155267606848],[-89.654986511138,30.155232819623],[-89.654965859343,30.155227616186],[-89.654905151386,30.155215607778],[-89.654766151929,30.155200606778],[-89.654695150961,30.155201606663],[-89.654633151141,30.155202607415],[-89.654564150719,30.155212606164],[-89.654501151415,30.155229606969],[-89.654457151518,30.155237608155],[-89.654377151244,30.155217608174],[-89.654336151153,30.155195608198],[-89.654249152156,30.155126606818],[-89.654117150559,30.155053606358],[-89.654028150517,30.155019606917],[-89.653906150348,30.154991605698],[-89.653783151654,30.154982607259],[-89.653621151285,30.154982607857],[-89.653490153185,30.15497760685],[-89.653436150796,30.154947606022],[-89.653390150233,30.154872605895],[-89.653354266488,30.154847980429],[-89.65333915168,30.154837607705],[-89.653318900455,30.154836665018],[-89.653253149872,30.154833605887],[-89.653050150997,30.154843608804],[-89.652879150729,30.154865605813],[-89.652731148999,30.154895607283],[-89.65258315035,30.154944606292],[-89.652508150205,30.154922606339],[-89.652459149797,30.154874606835],[-89.652380148942,30.15472360682],[-89.652305149003,30.154609606232],[-89.652238149577,30.15457660697],[-89.652106150435,30.154540606294],[-89.651959150074,30.154463606865],[-89.65185715001,30.154443607095],[-89.651764149734,30.154391606921],[-89.651635150358,30.154325606624],[-89.651489150591,30.154240606572],[-89.651369177596,30.154205298878],[-89.651178150983,30.154109606407],[-89.651076149582,30.154070607456],[-89.65082014878,30.153994606928],[-89.650728148717,30.153988605845],[-89.650652149376,30.15398960646],[-89.650584149422,30.15400160718],[-89.650524150502,30.154008606977],[-89.650458150947,30.154017607159],[-89.650411640434,30.153999718473],[-89.650396364571,30.153989685496],[-89.650378149881,30.153959604088],[-89.650361562815,30.153898409021],[-89.650080247307,30.153966126549],[-89.650075586246,30.153983901518],[-89.650059150484,30.154046605949],[-89.650020496862,30.154077869411],[-89.649999148977,30.154128605983],[-89.650027147247,30.154182107117],[-89.650044948719,30.154189952993],[-89.65010315006,30.154215606848],[-89.65025814862,30.154351606953],[-89.650300664917,30.15440955929],[-89.650291241859,30.154443977666],[-89.650275662839,30.154456849423],[-89.65022614922,30.154481607436],[-89.650088824911,30.154487008138],[-89.650068485173,30.154487808706],[-89.650051551707,30.154494816705],[-89.649977147739,30.154525607539],[-89.649911149076,30.154544606145],[-89.649845149062,30.154543606455],[-89.649773148845,30.154529606455],[-89.64970114933,30.154506606554],[-89.649637149914,30.154460606906],[-89.64958886422,30.154378111973],[-89.649570909487,30.154375149722],[-89.649479149589,30.154372606465],[-89.649377148147,30.154359607173],[-89.649272148372,30.154332606373],[-89.649137148196,30.154264606955],[-89.649055149079,30.154237607442],[-89.648785150024,30.154199608686],[-89.648718147253,30.15418860591],[-89.648581145217,30.154181105378],[-89.64856818716,30.154168286826],[-89.648535148898,30.154135606797],[-89.648478148115,30.154104605679],[-89.648347149189,30.154100605561],[-89.64820114819,30.154115606967],[-89.648010148133,30.154133606927],[-89.647788147238,30.154124607566],[-89.647659147994,30.15413960836],[-89.647507145061,30.154177607035],[-89.647426148801,30.154213606648],[-89.647376149115,30.154221607078],[-89.647320147962,30.154234606825],[-89.647264147783,30.154257607007],[-89.647199148023,30.154297607587],[-89.647116149012,30.154362606453],[-89.647055147551,30.154417607198],[-89.647014147467,30.154452607636],[-89.646666147877,30.154600607155],[-89.646504149516,30.154655606763],[-89.646302147671,30.154703606356],[-89.646086146705,30.154709606783],[-89.645895148089,30.154727608116],[-89.645788148396,30.154749606652],[-89.64545614814,30.154823606468],[-89.645329146775,30.154845606774],[-89.64492914717,30.154830607367],[-89.644740146497,30.154819607556],[-89.644300145673,30.154780605904],[-89.643837145214,30.154780607088],[-89.643750146912,30.154782607688],[-89.643696145668,30.154766607348],[-89.643588145595,30.154718606264],[-89.643512306496,30.154695086474],[-89.643494643886,30.154689608018],[-89.643475352348,30.15469091997],[-89.643421145686,30.154694606436],[-89.643372336803,30.154723005026],[-89.643356350584,30.154736507886],[-89.643327455568,30.154765707488],[-89.643313086223,30.154782914971],[-89.643281145713,30.154822606624],[-89.643208145865,30.154855606765],[-89.643060146558,30.154864607767],[-89.642703144737,30.154793606624],[-89.642600144583,30.154761607077],[-89.642456144329,30.154706605807],[-89.642418144699,30.154641607295],[-89.642378145708,30.154612605171],[-89.642321145658,30.154601606686],[-89.642279580264,30.154564823268],[-89.64226464574,30.1545516079],[-89.642249293079,30.154539103498],[-89.642207034522,30.154507505345],[-89.642185116827,30.15450101873],[-89.642104144179,30.154500606153],[-89.641939146445,30.154512607109],[-89.641877144587,30.154528606912],[-89.641815145598,30.154522607312],[-89.641727144511,30.154497607799],[-89.641597144875,30.154482606438],[-89.641537144875,30.15448660764],[-89.641470145595,30.15449260762],[-89.641418143052,30.154509608138],[-89.641342145483,30.154515607163],[-89.641291145699,30.154514606131],[-89.641220144931,30.154493607441],[-89.641151143196,30.15446360756],[-89.641049145448,30.154448607754],[-89.640976145029,30.154449606089],[-89.640769144285,30.15447460806],[-89.640708144529,30.15450260735],[-89.64066114439,30.154543607231],[-89.640585145942,30.154551607131],[-89.640537144334,30.15455060734],[-89.640438144946,30.154532608637],[-89.640314142944,30.154502606653],[-89.640215145143,30.154491606535],[-89.640108144298,30.154481607101],[-89.63999714443,30.154447607049],[-89.639753143751,30.154367607582],[-89.639606143004,30.154341605902],[-89.639521143634,30.154325608149],[-89.639171143159,30.154165607224],[-89.639011145003,30.154104606986],[-89.638885143695,30.154050605367],[-89.638834143797,30.154029607921],[-89.638775144094,30.154025606978],[-89.63869614265,30.154027606869],[-89.638636143521,30.154014607743],[-89.638541145601,30.15398560749],[-89.638484144396,30.15398660787],[-89.638397142875,30.154000607551],[-89.638307142646,30.154002607499],[-89.638219145133,30.153974607294],[-89.638022142413,30.153962608945],[-89.637796141729,30.153947608272],[-89.637676143141,30.153915607303],[-89.637619142579,30.153870606612],[-89.637514142798,30.153804606926],[-89.637457141326,30.153781607337],[-89.637313143644,30.153772608343],[-89.637199143398,30.153742605865],[-89.637131141869,30.153717607799],[-89.637076142882,30.153678607196],[-89.636961142136,30.153562607036],[-89.636895142181,30.153504607027],[-89.636838141947,30.153469606453],[-89.636741141919,30.153446606154],[-89.636647143078,30.153433606146],[-89.636542140245,30.153406606723],[-89.636447141261,30.153363606746],[-89.636326143368,30.153282607005],[-89.636267141339,30.153205609095],[-89.636207141824,30.153154607087],[-89.636152143624,30.153124606161],[-89.636059141043,30.153108607677],[-89.635889141652,30.153049607643],[-89.635438141582,30.152953606953],[-89.635238141161,30.152912607406],[-89.63511714188,30.152866607257],[-89.634912641948,30.152896109207],[-89.634892488494,30.152892077154],[-89.63482513987,30.152878605305],[-89.634699615663,30.152864040022],[-89.634678639849,30.152861606355],[-89.63465741048,30.152864241637],[-89.634606141486,30.152870607638],[-89.634569469219,30.152881566683],[-89.634550391402,30.152890924278],[-89.634524141817,30.152906608101],[-89.634483971752,30.152923774369],[-89.634465643743,30.152931607926],[-89.634445257243,30.152931205318],[-89.634399084302,30.15292967842],[-89.634356761517,30.152874585283],[-89.634366900354,30.152834923513],[-89.634379373771,30.152820776468],[-89.634440140808,30.152773607066],[-89.634464851792,30.152748189853],[-89.634477410552,30.152730795948],[-89.634490141637,30.152692605686],[-89.634503300631,30.152650498896],[-89.634513805809,30.152634706022],[-89.634540142281,30.152604606423],[-89.634605142064,30.152564606563],[-89.634699142533,30.152515606936],[-89.634798140301,30.152432607558],[-89.634877141582,30.152395606624],[-89.634892217797,30.152374816403],[-89.634908140459,30.152352856108],[-89.634908504841,30.152322599624],[-89.634909141998,30.152269606594],[-89.63489314246,30.15222960701],[-89.634830142141,30.152117606672],[-89.634788141893,30.152080606836],[-89.634730140963,30.152039607989],[-89.634695980523,30.152022737162],[-89.634675966443,30.152014997789],[-89.634645141386,30.152004607392],[-89.63460893021,30.1519724118],[-89.63458614227,30.151927606081],[-89.634572342081,30.151877434033],[-89.634565686801,30.151854950192],[-89.634547141876,30.151795606231],[-89.634526486939,30.151748819441],[-89.634522782104,30.151725356847],[-89.634522754287,30.151708433135],[-89.634522719214,30.151687055759],[-89.634352142405,30.151463606302],[-89.634212142045,30.151493606167],[-89.634108142023,30.1514956069],[-89.634036141673,30.1514846063],[-89.633942141333,30.151479606093],[-89.633879141727,30.151485606057],[-89.63383652784,30.151505469018],[-89.633820141515,30.151513106455],[-89.633808132742,30.151526008941],[-89.63378256156,30.151553480161],[-89.633750566693,30.151587850947],[-89.633733613686,30.151595358218],[-89.633700785305,30.151600463971],[-89.633674413746,30.15158371229],[-89.633654126689,30.151569099682],[-89.633637699338,30.151557984368],[-89.633603140572,30.151534606404],[-89.633552140035,30.151513607042],[-89.633460140073,30.151493606409],[-89.633384139726,30.151486607573],[-89.63330214045,30.151487607398],[-89.633239139661,30.151495607311],[-89.633176939193,30.151422927168],[-89.63315517365,30.151419949607],[-89.633116140842,30.151414606714],[-89.633058141052,30.151404607176],[-89.633000141394,30.151405606899],[-89.632906140739,30.151419607194],[-89.632862140593,30.151410606538],[-89.632806140082,30.151385607505],[-89.632609140909,30.151258606531],[-89.632464138982,30.151110606965],[-89.632368142437,30.151064607337],[-89.632315139818,30.151047606487],[-89.632262141061,30.151044606678],[-89.632199140832,30.151047605863],[-89.632130640977,30.15103610606],[-89.632114029194,30.151024729272],[-89.63207968938,30.151001203243],[-89.632059628608,30.150990459378],[-89.632004140768,30.150974607311],[-89.631942140948,30.150967607018],[-89.631897139768,30.150948606021],[-89.631730138694,30.150862607136],[-89.631463139227,30.150803605297],[-89.631409140297,30.150788606801],[-89.631347140192,30.150784606188],[-89.631257139115,30.15078760643],[-89.631196140506,30.150773604649],[-89.631147138395,30.150741605508],[-89.631103142042,30.150701606886],[-89.631075725402,30.150663373074],[-89.631065139376,30.150648607401],[-89.631049481183,30.150639212258],[-89.630980137519,30.1505976059],[-89.630866139837,30.150562607508],[-89.630686139008,30.150534606023],[-89.630608138877,30.150534606481],[-89.630458139613,30.150512606984],[-89.630201139493,30.150480605925],[-89.630125138363,30.150479605999],[-89.630057139328,30.150474607137],[-89.630013139597,30.150459606296],[-89.629906140619,30.150418607438],[-89.629820139684,30.150365606429],[-89.629749138372,30.150310606713],[-89.629616138968,30.150229606085],[-89.629503138576,30.150149606504],[-89.629423139141,30.150122606058],[-89.629319139996,30.150096605367],[-89.629269139054,30.150097607555],[-89.629221139141,30.150103606962],[-89.62910503397,30.150095861804],[-89.629086823579,30.150071162024],[-89.629073139435,30.150052606398],[-89.629058839692,30.150043076155],[-89.629001139625,30.150004605662],[-89.628898139137,30.14996860633],[-89.628866175988,30.149968967171],[-89.628831890084,30.149969355881],[-89.628812778411,30.149975474113],[-89.628756137982,30.14999360598],[-89.628669137804,30.150000605773],[-89.628612139193,30.150002607043],[-89.628532137278,30.150001606913],[-89.628426137902,30.149985607231],[-89.628298137671,30.149961606978],[-89.627943137833,30.149904606082],[-89.627832137282,30.14982360675],[-89.627795138234,30.149776607589],[-89.627786138362,30.149736605581],[-89.627787762114,30.149721082721],[-89.627795137067,30.14965060733],[-89.627826137997,30.149535607886],[-89.627884138424,30.149424606229],[-89.627900139412,30.149358605698],[-89.627908139021,30.149240606347],[-89.627931136239,30.149178606565],[-89.6279961382,30.149068606766],[-89.628123137882,30.148883606683],[-89.62829913786,30.148597606285],[-89.631024806812,30.143715040299],[-89.63167852205,30.14328003035],[-89.632332236076,30.14284501454],[-89.633803625689,30.142331853123],[-89.634828371984,30.142078988806],[-89.635611035244,30.142059508271],[-89.637968082278,30.141469010801],[-89.639711472603,30.140959279726],[-89.640704696609,30.140558149786],[-89.64094826668,30.140236080304],[-89.641566543878,30.137878950551],[-89.64204061154,30.136751683154],[-89.642118502282,30.136566467473],[-89.642457513281,30.136263378422],[-89.643825541822,30.135040276833],[-89.644207611823,30.134572160751],[-89.645620826775,30.133466854766],[-89.645865364176,30.133085661774],[-89.646452442258,30.132561035613],[-89.647416556555,30.131863850264],[-89.648040418721,30.131112915797],[-89.648145631828,30.130986272943],[-89.648170870698,30.130989979964],[-89.648586675041,30.131051035685],[-89.649100220345,30.130850655926],[-89.649479253524,30.130559864362],[-89.64955774138,30.130406918735],[-89.650112287322,30.129326289459],[-89.650222785961,30.128825123114],[-89.650022268675,30.128615619272],[-89.649994261116,30.12826050071],[-89.650130465023,30.128037237399],[-89.650763781152,30.12699910161],[-89.651064453391,30.126251752733],[-89.651083275465,30.126204969855],[-89.65115891162,30.126097848835],[-89.65174527556,30.125267389697],[-89.652268265067,30.124505412824],[-89.652306381078,30.124281977909],[-89.652343749556,30.1240629256],[-89.653064213234,30.123119389741],[-89.653282711589,30.122833234479],[-89.653840673087,30.122012573228],[-89.654292140951,30.121456618631],[-89.654644095381,30.120751581274],[-89.655093563075,30.120313855008],[-89.655854992904,30.11952533593],[-89.656956899354,30.118711580568],[-89.657473350068,30.118333825086],[-89.657631957613,30.118146634567],[-89.657820300329,30.117924349128],[-89.658229138193,30.11781161952],[-89.658640245002,30.117698263631],[-89.659156393168,30.117304721035],[-89.659708111622,30.116884051948],[-89.660152678717,30.116746886448],[-89.66090450885,30.116514915681],[-89.662246310492,30.115585907669],[-89.663032726117,30.115329806205],[-89.663446646607,30.114980290165],[-89.663790589378,30.114748141184],[-89.664577486537,30.114462472738],[-89.665264367525,30.114057280968],[-89.665301558917,30.114000001693],[-89.66535942931,30.11391087674],[-89.665780558999,30.113262276408],[-89.665892649317,30.113089639779],[-89.666157856386,30.112924867682],[-89.66654552102,30.112684011124],[-89.66659326413,30.112603929957],[-89.666702069871,30.112421421856],[-89.666860394786,30.112155851362],[-89.667345256603,30.111889587091],[-89.667649736778,30.11172237996],[-89.668044910029,30.111489248786],[-89.668336586378,30.111317171972],[-89.669092905785,30.110824147075],[-89.669776782032,30.110596274892],[-89.669981158734,30.110561441902],[-89.670709877047,30.110437239345],[-89.670902301648,30.11040444222],[-89.671618009213,30.110294305327],[-89.672091983738,30.110418535356],[-89.672248484145,30.11040452392],[-89.672670906799,30.110366705615],[-89.672907667009,30.110438650166],[-89.673076891289,30.110490071806],[-89.673518352178,30.110525197335],[-89.67365058387,30.110555713612],[-89.674060323267,30.110650275717],[-89.674418610502,30.110399900089],[-89.67449454118,30.110346838393],[-89.674645153615,30.110402968021],[-89.674777692654,30.110452362133],[-89.675378394939,30.110135303637],[-89.675618900348,30.110110496647],[-89.675874426505,30.109934018627],[-89.675877614222,30.109870228385],[-89.675899640925,30.109429461026],[-89.675903675388,30.109348697655],[-89.675985736882,30.109430342614],[-89.676301237951,30.109744235524],[-89.676319327408,30.109762232768],[-89.676698249029,30.109692673238],[-89.677535239281,30.109410953795],[-89.677785494649,30.108847383419],[-89.677817918001,30.108774367876],[-89.677898800997,30.108762259711],[-89.67817279441,30.108721244035],[-89.678381187361,30.10845779186],[-89.678255381364,30.107929661766],[-89.67825404557,30.107924053724],[-89.678274400754,30.107911363981],[-89.67904428407,30.107431399215],[-89.678984109814,30.107148638126],[-89.678949660048,30.106986760651],[-89.679184867744,30.106825447709],[-89.679499963319,30.106609343068],[-89.67967386211,30.106375019724],[-89.679691703432,30.106107328315],[-89.679764419621,30.105016240737],[-89.679741868934,30.104721123796],[-89.679615932475,30.104594299282],[-89.679731411584,30.104387007555],[-89.679678718673,30.103704460724],[-89.679747807711,30.103399174156],[-89.679789046196,30.102843050121],[-89.679938140337,30.102538767288],[-89.679993302968,30.102108062259],[-89.680055779937,30.101898517301],[-89.680162782622,30.101539628222],[-89.680149105287,30.101311753123],[-89.680125167366,30.100912935293],[-89.680386957659,30.100568318762],[-89.680430323251,30.100524830391],[-89.68064736035,30.100307180797],[-89.680666360761,30.100126509713],[-89.680664585879,30.100109151833],[-89.680625051142,30.099722426089],[-89.68086129671,30.09898783782],[-89.680863835109,30.098834792696],[-89.680991647134,30.098726817689],[-89.681058614834,30.098670242823],[-89.681193311842,30.098268366958],[-89.681213686735,30.097642618631],[-89.681225923012,30.097266817596],[-89.68132954094,30.096808888676],[-89.681512465032,30.096393698835],[-89.68169954029,30.095728073595],[-89.681690460955,30.095310477754],[-89.681538991234,30.094793684914],[-89.681690143925,30.094364181092],[-89.681568369653,30.093986920178],[-89.681689826916,30.093417883389],[-89.681840283793,30.093030120213],[-89.68200310833,30.092875383836],[-89.682230508374,30.092659276172],[-89.682362193516,30.092438269639],[-89.682409892476,30.092209758772],[-89.682414741064,30.092186530738],[-89.682449109483,30.092021877096],[-89.682441472726,30.091900041193],[-89.682423794888,30.091617993894],[-89.682479468549,30.091492844162],[-89.68259001677,30.091244341818],[-89.682609239602,30.091049756761],[-89.682604792362,30.091026591782],[-89.682579779569,30.090896311421],[-89.682650320178,30.090794551115],[-89.682694541909,30.09073075768],[-89.682667458456,30.09054703308],[-89.68262260855,30.090242791857],[-89.682727136517,30.089729207652],[-89.68284881143,30.089146255804],[-89.682904413952,30.088687722824],[-89.683125309527,30.087911188355],[-89.683099991009,30.087507304957],[-89.682996525539,30.086991115123],[-89.683178045431,30.086659401628],[-89.683119576806,30.086324685131],[-89.683122799418,30.086130096226],[-89.683128793542,30.085768154951],[-89.683097271785,30.08568776154],[-89.682975259165,30.085376581696],[-89.682986320055,30.084708747942],[-89.683054693283,30.084445199589],[-89.68310660663,30.0842092758],[-89.68308060009,30.083847132296],[-89.68313412492,30.083513816387],[-89.683216882921,30.083347860353],[-89.683237950223,30.08304196864],[-89.683451916506,30.08268283216],[-89.68344121645,30.082362627361],[-89.683430977203,30.0820145956],[-89.683723781747,30.081726024616],[-89.683872369835,30.081449563803],[-89.683822748724,30.081301775033],[-89.683811371816,30.081267889318],[-89.683791597708,30.081255054478],[-89.683352265236,30.080969902997],[-89.683260427061,30.080718263271],[-89.683352710753,30.080509726463],[-89.683376789159,30.080455314749],[-89.683346225081,30.080418788705],[-89.683235572835,30.08028655246],[-89.683160191182,30.080007287065],[-89.683214865633,30.07960440483],[-89.683298311428,30.079396706526],[-89.683109562539,30.079199518996],[-89.683067329048,30.078851087119],[-89.683231914289,30.07857482818],[-89.683187377753,30.078365527777],[-89.683390868435,30.077672269847],[-89.683497274822,30.077517601847],[-89.683571215299,30.077410123256],[-89.683562846175,30.077254545722],[-89.683534508893,30.076727774298],[-89.683605178697,30.076325092017],[-89.68377467681,30.076078710527],[-89.683946201374,30.075829383067],[-89.683965867325,30.07580079613],[-89.68399902716,30.075783829473],[-89.684232832129,30.075664199151],[-89.684282217106,30.07563893189],[-89.684788858672,30.075379698157],[-89.684995160913,30.075178586796],[-89.685175356981,30.075002921306],[-89.685211685732,30.07496750495],[-89.685472512336,30.074820453968],[-89.685675640397,30.074820780467],[-89.685726122013,30.074820861455],[-89.685828047265,30.074765292479],[-89.686000600689,30.074671218144],[-89.686165888093,30.074642291778],[-89.686594329383,30.074567311603],[-89.686850740072,30.074542685638],[-89.687253071511,30.074291185789],[-89.687287254086,30.074269817089],[-89.687383941357,30.074244583871],[-89.687592576533,30.074190134812],[-89.687904652032,30.073926395212],[-89.687933334218,30.073902153552],[-89.687993204225,30.073889066156],[-89.688174205172,30.073849498385],[-89.68846306909,30.073797440256],[-89.688593339773,30.073659905501],[-89.68896333186,30.073539279486],[-89.689316639732,30.073460191136],[-89.689669028929,30.073436755674],[-89.689943496861,30.0732871041],[-89.69042982384,30.072903519228],[-89.691346908147,30.072594880816],[-89.691380087568,30.072585204583],[-89.691941763647,30.072421384782],[-89.691996232541,30.072407493822],[-89.693034344722,30.072142755691],[-89.69369272384,30.071997875996],[-89.694400004786,30.071797933685],[-89.69555975903,30.071325294108],[-89.695912207615,30.071243438372],[-89.69701817965,30.071176424565],[-89.697419461442,30.071097911575],[-89.698336050947,30.070817052343],[-89.698762417736,30.070495333195],[-89.698789656919,30.070474779697],[-89.698825523599,30.070472319422],[-89.698998514909,30.070460453679],[-89.699347474227,30.070606943554],[-89.69985213502,30.070550611325],[-89.699908488565,30.07054432132],[-89.700473097263,30.07058384598],[-89.70076363047,30.070704601956],[-89.700944605213,30.07077982122],[-89.701534875925,30.07088454712],[-89.701865168943,30.070724546013],[-89.702067087623,30.070626731929],[-89.702560924726,30.0707580916],[-89.703282810019,30.070641780424],[-89.703325182421,30.070648099816],[-89.70409680444,30.070763179167],[-89.705574383135,30.070419627113],[-89.706102945104,30.070384408322],[-89.706616870739,30.070265510724],[-89.70712920794,30.070244005496],[-89.70759718765,30.069999290606],[-89.707804135827,30.069986858901],[-89.707981551449,30.069976200946],[-89.708315204057,30.070119478981],[-89.708525430237,30.070142424936],[-89.709177642416,30.070213610503],[-89.710173268651,30.069989307926],[-89.71068628226,30.069926048473],[-89.711167982698,30.06982065252],[-89.711898387896,30.069523957748],[-89.712198760039,30.069401943421],[-89.712350689986,30.069381209035],[-89.712759983766,30.069325351199],[-89.713162377643,30.069177223621],[-89.713579406849,30.069112772439],[-89.714128928488,30.068771626934],[-89.714159530123,30.068754720579],[-89.714332181176,30.06865933749],[-89.714597108249,30.068512974505],[-89.714568013636,30.068354212043],[-89.71453832102,30.068192182459],[-89.714638621295,30.068115095493],[-89.714716535922,30.068055212485],[-89.714782518453,30.068089092335],[-89.714938674267,30.068169269085],[-89.715051223309,30.068262779393],[-89.715159681558,30.06835289282],[-89.715386335477,30.068188684285],[-89.71540636981,30.068149142108],[-89.715411255481,30.068139498511],[-89.715474693275,30.068014291487],[-89.715533531639,30.067898163938],[-89.715543520287,30.067878450833],[-89.715611428722,30.067848268217],[-89.715642011232,30.067834675961],[-89.715663348853,30.067825194785],[-89.715741520734,30.067790450986],[-89.715809401456,30.067760173062],[-89.715986542756,30.067681160252],[-89.716102901513,30.067691803465],[-89.716162272588,30.067697233912],[-89.716182626818,30.067712238334],[-89.716431041617,30.067895358082],[-89.716799174428,30.067885959837],[-89.716980867066,30.067776411787],[-89.717025376325,30.067749575634],[-89.717099389508,30.067756624315],[-89.717360841298,30.067781522853],[-89.717696979084,30.067771729438],[-89.717721953578,30.067749437241],[-89.717989191557,30.067510907679],[-89.718103942342,30.067479194232],[-89.718108435169,30.067477952879],[-89.718278471422,30.067430958913],[-89.718396911953,30.067348526291],[-89.71844634172,30.067314123402],[-89.718553556158,30.067239506267],[-89.718742163595,30.067250458993],[-89.718766839367,30.067251891904],[-89.718857254153,30.067257144923],[-89.719302433505,30.067429590882],[-89.719849445304,30.067241468798],[-89.721026599628,30.06667140624],[-89.721621592084,30.066483862351],[-89.721880898855,30.066278293552],[-89.722110237151,30.065947113294],[-89.722109435406,30.065930294631],[-89.722086342749,30.06544584479],[-89.722059036167,30.065383955861],[-89.721993744273,30.065235969205],[-89.722150088229,30.065176448417],[-89.72222772041,30.065146892997],[-89.722347894834,30.065101139945],[-89.72242650911,30.064851864179],[-89.722465934786,30.064726850022],[-89.722733174782,30.064709007897],[-89.722818286308,30.064703325873],[-89.722943580512,30.064610993255],[-89.723032521039,30.064545450546],[-89.72304318582,30.064542261491],[-89.723366401488,30.064445621641],[-89.723476254447,30.064243007693],[-89.723531298704,30.064141482735],[-89.723853301244,30.06395465995],[-89.723858202538,30.063951816482],[-89.724048093887,30.063841643338],[-89.724094260985,30.063731876928],[-89.724120911749,30.06366851019],[-89.724164553502,30.063564745423],[-89.724254977579,30.063609899455],[-89.724307388751,30.06363607143],[-89.724400439884,30.063818114929],[-89.724575715096,30.063862004374],[-89.724785673109,30.063739324851],[-89.724801248273,30.063734460575],[-89.725171584095,30.063618792148],[-89.725303311922,30.063645390811],[-89.725538352413,30.063692848702],[-89.72575152989,30.063476574526],[-89.72586364353,30.063362832228],[-89.726070314208,30.063365354087],[-89.726096500729,30.0633656736],[-89.726215539711,30.063367125979],[-89.726633659663,30.063233065744],[-89.72658801068,30.063049276164],[-89.726543520951,30.062870150008],[-89.726544026031,30.062838820339],[-89.726547782685,30.06260579764],[-89.72670756754,30.062658556681],[-89.726722830435,30.062663595958],[-89.7269251263,30.062720452424],[-89.726951734416,30.062717000052],[-89.7269765167,30.062711572123],[-89.727170696262,30.062669057661],[-89.727397318476,30.062504828491],[-89.727545085311,30.062270056299],[-89.727538692627,30.0622127028],[-89.727517128531,30.062019225446],[-89.727326982187,30.06190557912],[-89.727313005713,30.0617801643],[-89.727673901006,30.061784563943],[-89.727776860785,30.061785818936],[-89.728065665981,30.061733675418],[-89.728290271139,30.061694663673],[-89.728369047879,30.061436014754],[-89.728408507787,30.061306453805],[-89.72883355747,30.060741074323],[-89.728774729033,30.060420286621],[-89.729075338433,30.060461385101],[-89.729109951184,30.060466117501],[-89.729154740832,30.060398243743],[-89.729273928787,30.060217627199],[-89.729394569167,30.06016108903],[-89.729583060764,30.060072751641],[-89.729514527472,30.059906059815],[-89.729508521601,30.059891450561],[-89.729548122803,30.059788488276],[-89.729579084655,30.059707989717],[-89.729593522954,30.059670449722],[-89.72959242865,30.059667047628],[-89.729527886724,30.059466386084],[-89.729510840384,30.059413379069],[-89.729579743045,30.059108064859],[-89.729625662269,30.059011829053],[-89.729632524435,30.058997448633],[-89.729688199755,30.058987844521],[-89.729934306979,30.058945388878],[-89.730222210945,30.058948893142],[-89.730434392234,30.058687069169],[-89.730536177643,30.058326491214],[-89.730635723107,30.058105045195],[-89.730618252757,30.058057233532],[-89.730543784633,30.057853436372],[-89.730320981176,30.057781143826],[-89.730482267464,30.057699611736],[-89.730542805184,30.057678529409],[-89.730868368835,30.05756514866],[-89.730875079434,30.057147748016],[-89.730844399077,30.057078223679],[-89.730839007066,30.05706600398],[-89.730782468125,30.056937879168],[-89.730249525128,30.056920446947],[-89.730374227179,30.056459767647],[-89.730300745605,30.0560553053],[-89.730361318531,30.05601631108],[-89.730640200338,30.055836778596],[-89.730643332334,30.055641992543],[-89.730726658012,30.055434264226],[-89.730713145154,30.055422175745],[-89.730647806616,30.055363725309],[-89.730440781297,30.055305541104],[-89.730516297687,30.055228915526],[-89.730766028568,30.054975514691],[-89.730747611782,30.05484435098],[-89.730722967479,30.054668835497],[-89.730917578577,30.054504210848],[-89.730980303422,30.054507151977],[-89.731173566785,30.054516213791],[-89.731184966155,30.054349737059],[-89.731185546167,30.054341268485],[-89.73119416883,30.054215336484],[-89.731170379611,30.054103770243],[-89.731134667708,30.053936291867],[-89.73123756187,30.05350614468],[-89.731171014405,30.053027409135],[-89.731165867015,30.05299037766],[-89.731024385839,30.052835580409],[-89.730968163626,30.05284465338],[-89.730783812193,30.05287440145],[-89.73060922369,30.052788780446],[-89.730693007121,30.052609201338],[-89.730715798685,30.052557957633],[-89.730791641253,30.052387434382],[-89.730723140434,30.052281102023],[-89.730619961813,30.052120940749],[-89.730624436031,30.051842671591],[-89.730826765794,30.051880442967],[-89.730863666409,30.051887331196],[-89.731040936168,30.051805990285],[-89.731034978669,30.051759226322],[-89.730998322054,30.051471487449],[-89.730648932456,30.05131415935],[-89.730571649374,30.051146226258],[-89.730735608855,30.050897731116],[-89.73059480165,30.050701192542],[-89.730630142514,30.050658369677],[-89.730970026473,30.050246527176],[-89.73100961532,30.049773861664],[-89.730980452382,30.049730205377],[-89.730869034841,30.049563410884],[-89.730699149638,30.049185607821],[-89.730833356989,30.048797591345],[-89.73075920813,30.048434870251],[-89.730337716594,30.047843150382],[-89.730082255163,30.047758659727],[-89.730180002994,30.047648522055],[-89.730021418317,30.047563094001],[-89.730168035774,30.047397885982],[-89.730125203523,30.047077295471],[-89.729792494185,30.046878417952],[-89.729700120331,30.046654635335],[-89.729721932534,30.046293080973],[-89.729567378533,30.045957214437],[-89.729347305056,30.045696710335],[-89.729336151248,30.045683508141],[-89.729127873932,30.045436966258],[-89.729073981605,30.044810084698],[-89.728237813843,30.044090174615],[-89.728289377248,30.043868144987],[-89.727880525735,30.043431763721],[-89.72741443701,30.042577198473],[-89.726927430853,30.042028529643],[-89.726580768741,30.041704230281],[-89.726312496492,30.041478299688],[-89.725835521121,30.040953442832],[-89.725464876913,30.040479908737],[-89.725038266077,30.040154629869],[-89.724835315413,30.039845996747],[-89.724762094067,30.039427616649],[-89.724300811137,30.039268905758],[-89.724037491798,30.038736875541],[-89.7237879224,30.038344173154],[-89.723457500373,30.038006148156],[-89.723083598999,30.037389265949],[-89.722832686085,30.037080044929],[-89.722532002809,30.036881539812],[-89.722156313723,30.036375963525],[-89.721859908961,30.035913103472],[-89.721646833601,30.035242523132],[-89.721477908528,30.034809054813],[-89.721021379669,30.034358148957],[-89.720788947023,30.033896069433],[-89.72038129775,30.033390097104],[-89.720230623065,30.03281768816],[-89.71998243233,30.032341499413],[-89.720008764729,30.032129298369],[-89.720037606258,30.031896858848],[-89.72008182621,30.031695436839],[-89.720089403693,30.031660920145],[-89.720047173205,30.031608867955],[-89.719963960544,30.031506304609],[-89.719771178679,30.031559606949],[-89.719621239828,30.031651709383],[-89.71959348534,30.031668758334],[-89.719275483801,30.031553532107],[-89.718659755974,30.031058917998],[-89.718506164275,30.03066738321],[-89.718141775497,30.030454171711],[-89.717694733296,30.030406938614],[-89.717397464955,30.029999722508],[-89.717404681107,30.029554493345],[-89.717345231069,30.029275441341],[-89.717273400955,30.028773580225],[-89.717005411201,30.028533714005],[-89.716527075332,30.028444344386],[-89.716175303628,30.028440024739],[-89.71588952288,30.028311270344],[-89.715891093005,30.028308632487],[-89.716070372081,30.028007336405],[-89.716017653681,30.027607433698],[-89.716013409549,30.027575235191],[-89.716113634623,30.027312058157],[-89.716175362487,30.027256361343],[-89.716357087903,30.027092389837],[-89.716270797043,30.027043973641],[-89.716230301093,30.027021251858],[-89.715958254923,30.027031827154],[-89.715897232717,30.026850167638],[-89.715961563103,30.026795747067],[-89.716059381512,30.026712997433],[-89.716081349307,30.026300975453],[-89.716082367203,30.026281878064],[-89.716152062783,30.026222919188],[-89.716487740141,30.025938952775],[-89.716617116577,30.025795438261],[-89.716748306588,30.025649912151],[-89.716880162594,30.025588703352],[-89.717215600515,30.025432989284],[-89.717491022398,30.025213710372],[-89.717684677283,30.025132402561],[-89.717941875369,30.025024415886],[-89.717989254885,30.025017037493],[-89.718438888764,30.024947016915],[-89.718769745672,30.024821628906],[-89.719114710845,30.024690896513],[-89.719450083057,30.024423397698],[-89.719570016867,30.024327738195],[-89.719681758326,30.02423861251],[-89.719863271009,30.024168392211],[-89.720100171214,30.024076744078],[-89.720159456767,30.024061126971],[-89.720453502915,30.023983661676],[-89.721779605521,30.023299725661],[-89.722001743745,30.023185155948],[-89.722022518946,30.023174440512],[-89.72205370638,30.023164527467],[-89.722548248014,30.023007339016],[-89.723142753388,30.022833700503],[-89.72359691551,30.022751684564],[-89.723864493316,30.022703361871],[-89.724071318794,30.022618675445],[-89.724396143449,30.022485671109],[-89.72452452085,30.022433104569],[-89.724591271729,30.022440044749],[-89.725131194269,30.022496181242],[-89.725276507238,30.022544182893],[-89.725306169574,30.02255398181],[-89.725358495818,30.022537556474],[-89.7257475196,30.022415438999],[-89.725799214729,30.022397503586],[-89.72629701172,30.022224787897],[-89.726431659303,30.022178070399],[-89.726793522571,30.022200439045],[-89.727520904536,30.022066114584],[-89.728177111251,30.022032366816],[-89.729134861668,30.022141451492],[-89.730000486387,30.022012833177],[-89.730454080231,30.021983564905],[-89.730544769902,30.021977712469],[-89.730736303499,30.021993575918],[-89.731568772279,30.022062520533],[-89.731726586875,30.022075589419],[-89.731818139426,30.022063651037],[-89.732800282928,30.021935566296],[-89.733534198723,30.022041898784],[-89.733995639801,30.0221866661],[-89.73408902924,30.022277513941],[-89.73435779882,30.022538968329],[-89.734376281732,30.02262939453],[-89.734431940516,30.022901688033],[-89.734891600252,30.023157760157],[-89.735154490329,30.023717597226],[-89.735324794012,30.024067568001],[-89.735723179804,30.02415589926],[-89.736196609428,30.024551291581],[-89.736650710293,30.025155194519],[-89.73706041319,30.025535898024],[-89.737518311544,30.025903267282],[-89.737753523906,30.026160439625],[-89.738374165097,30.026386783591],[-89.738979090424,30.026561104222],[-89.739553150697,30.026665467134],[-89.73971126576,30.026778709466],[-89.739673059604,30.027167899452],[-89.739987290625,30.027519604511],[-89.740414118238,30.027830923064],[-89.741526279569,30.028289688531],[-89.742561185811,30.028703219929],[-89.743305363374,30.029048736351],[-89.744283709607,30.029651565966],[-89.744318953081,30.029673281586],[-89.744713599665,30.029998112717],[-89.744821857352,30.030131484546],[-89.745095947381,30.030469158149],[-89.745341010264,30.03077106681],[-89.745529231667,30.031052804742],[-89.745669046312,30.031262085436],[-89.746015954706,30.031572421481],[-89.745994870387,30.031892238595],[-89.746246285008,30.032173591163],[-89.746634690968,30.032278839129],[-89.746676250238,30.032290100054],[-89.746799750756,30.032783945405],[-89.74687172759,30.033071757679],[-89.746912392702,30.033531478657],[-89.747351715034,30.034065584028],[-89.74787144028,30.034572820513],[-89.748484679555,30.035234258363],[-89.74898931303,30.035685646148],[-89.749609197321,30.03592967473],[-89.750015237724,30.036546865384],[-89.750036201801,30.036604215152],[-89.750168520315,30.036966190069],[-89.750163217531,30.037300113404],[-89.750701832649,30.037626658031],[-89.750875529475,30.037767905462],[-89.750951952,30.037991481414],[-89.751207369495,30.038022381824],[-89.751544067901,30.037970762091],[-89.751893007521,30.038155863438],[-89.752577321507,30.038372819744],[-89.753182565958,30.038533159613],[-89.753673666872,30.038831288324],[-89.754360634798,30.038881273663],[-89.754599623353,30.038939803849],[-89.754707377606,30.039205502689],[-89.75481689368,30.03935989256],[-89.75503945449,30.039446055753],[-89.755401970802,30.039784384632],[-89.755752242777,30.039885994032],[-89.756199567828,30.039919184281],[-89.756483893368,30.040145245501],[-89.757059372166,30.040166050948],[-89.757234619155,30.0402098971],[-89.757442948415,30.040184557682],[-89.75761797771,30.040242316958],[-89.757793092683,30.040327076831],[-89.757843178494,30.040161513808],[-89.75882784621,30.040604687411],[-89.759302104551,30.040958259172],[-89.760208803651,30.041275245803],[-89.760492483603,30.041543038271],[-89.760726653465,30.041907653588],[-89.761504770556,30.042264842563],[-89.761692946438,30.042503661751],[-89.761801380268,30.042727612905],[-89.762006646532,30.042897055284],[-89.762445652553,30.043458933005],[-89.762762863852,30.043629711998],[-89.763208454908,30.04377418484],[-89.763411314479,30.044096670303],[-89.763966441277,30.044395524622],[-89.764649948591,30.044668071536],[-89.764822578585,30.044878868412],[-89.764869026116,30.04497683334],[-89.765331929903,30.045038010198],[-89.765776433787,30.045252042336],[-89.76596965607,30.045170844681],[-89.766195519397,30.045048288966],[-89.766642211852,30.045123183815],[-89.76688056771,30.045223430747],[-89.767376114848,30.045243240003],[-89.767824557121,30.045206820868],[-89.769927421045,30.044730825105],[-89.770492017282,30.044647252024],[-89.772364360204,30.044370082106],[-89.772796586397,30.044347371873],[-89.773241541944,30.044533552509],[-89.773652987,30.044816746439],[-89.774256346027,30.045102210158],[-89.774606873456,30.045189855697],[-89.774926068939,30.045235381657],[-89.775244179213,30.045350473241],[-89.77551583317,30.04536760292],[-89.775948498724,30.045317055104],[-89.776268130689,30.045334750563],[-89.776952111697,30.045579408085],[-89.777271963891,30.045583187501],[-89.777591162659,30.045628707009],[-89.778052774846,30.04577331847],[-89.778324212385,30.045804355975],[-89.778660923006,30.045752668041],[-89.779139615709,30.04582789703],[-89.779999309991,30.046088526433],[-89.780284142635,30.046286709675],[-89.780749227769,30.046208696691],[-89.781037528821,30.046184262618],[-89.783164546718,30.046209315008],[-89.783866489691,30.046328903839],[-89.784219410496,30.046263475182],[-89.784746302448,30.046325336378],[-89.785128611997,30.046427243435],[-89.785463593882,30.046486844616],[-89.786200334568,30.046425921162],[-89.786456218612,30.046428926788],[-89.78746354025,30.046454670181],[-89.787814515482,30.046514453084],[-89.787957371008,30.046585710438],[-89.78810195095,30.046545658282],[-89.78842288401,30.046479843085],[-89.789347657314,30.04667159535],[-89.789601169727,30.046827643375],[-89.789935723775,30.046915060461],[-89.790271141949,30.046946821247],[-89.790559657098,30.046908454434],[-89.79099253616,30.046843944433],[-89.791521588411,30.046766641683],[-89.792209489339,30.046760776678],[-89.79240226384,30.046707369344],[-89.792834495596,30.046684593363],[-89.793333494269,30.046481688964],[-89.793573599494,30.046470580091],[-89.794083648126,30.046587870544],[-89.794675591315,30.046580871169],[-89.795267319744,30.046587782791],[-89.795700197198,30.046523257349],[-89.796035828613,30.046541091537],[-89.796593641502,30.046672846079],[-89.797537641851,30.046656025033],[-89.798066685993,30.046578696847],[-89.798436230717,30.046471675678],[-89.798964847908,30.046422170363],[-89.799620975347,30.046401980357],[-89.801174188064,30.046294816652],[-89.801910278537,30.046275543708],[-89.802261048084,30.046349202666],[-89.802982427629,30.046246259318],[-89.803364754513,30.046348112551],[-89.803797198901,30.04631138872],[-89.80408677425,30.046203422857],[-89.804454178213,30.046235519773],[-89.804838429827,30.046212148351],[-89.805237606499,30.046258527962],[-89.8056994749,30.046389129716],[-89.806018901384,30.046420666636],[-89.80637159465,30.046369091593],[-89.806677585374,30.046233479849],[-89.807078041321,30.046196374466],[-89.807926502865,30.046150539557],[-89.808438903707,30.046114724791],[-89.808855141615,30.046091712885],[-89.809610836538,30.045836053663],[-89.810060330048,30.045729924796],[-89.810508333963,30.045721189468],[-89.811309875725,30.045605211365],[-89.812398431993,30.045548206713],[-89.813195725731,30.0457104884],[-89.813835217799,30.045731782311],[-89.814410738745,30.045752335358],[-89.814747856374,30.045672729575],[-89.815242565463,30.045748011713],[-89.815866912556,30.045713460169],[-89.816507675282,30.045651258771],[-89.817021766785,30.045504103737],[-89.817970614946,30.045167127032],[-89.818823502804,30.044829037623],[-89.819501523404,30.044419357497],[-89.820018983606,30.044049572911],[-89.820101692155,30.043869614259],[-89.820378205536,30.043566640434],[-89.820467231708,30.043413040034],[-89.820706707737,30.042999858951],[-89.821698306126,30.040896018773],[-89.821765648672,30.040674136909],[-89.822350632965,30.040068547477],[-89.822702238099,30.040086497196],[-89.822927177951,30.040019498106],[-89.823090675084,30.039784800428],[-89.823096155255,30.039423049738],[-89.823919313389,30.038931511816],[-89.824404743386,30.038561342181],[-89.825556129954,30.037516918416],[-89.825734349878,30.03736588198],[-89.826007885023,30.037257685763],[-89.82634748669,30.03701108524],[-89.826688137819,30.036694916057],[-89.826913275356,30.036613996365],[-89.826914536795,30.036530513978],[-89.826868035477,30.036432570847],[-89.827014688512,30.036253339313],[-89.827334510631,30.036256997138],[-89.827883459656,30.035915375227],[-89.828624088216,30.035589856779],[-89.829815395113,30.035074657003],[-89.830088290163,30.035008193489],[-89.830523820248,30.034762678188],[-89.831444311376,30.034174791316],[-89.831783889083,30.033928177531],[-89.831978503108,30.03374948828],[-89.832159009225,30.033445394468],[-89.832484478753,30.033073374614],[-89.832857914065,30.03270189769],[-89.833181285238,30.032469010932],[-89.833408501169,30.032248945213],[-89.833602480316,30.032111994054],[-89.833827809338,30.032017148709],[-89.83433041864,30.031563643445],[-89.835108407943,30.030876699598],[-89.835577561802,30.030520221228],[-89.836046290142,30.030191569517],[-89.836384382633,30.030042337419],[-89.836658929449,30.029864549959],[-89.836917483782,30.029686582134],[-89.837095881492,30.029521617251],[-89.837130993914,30.029313276635],[-89.837342412766,30.02907910681],[-89.837891914039,30.028695702545],[-89.838571834585,30.028146783414],[-89.838977417397,30.027761740027],[-89.839841131061,30.026686093518],[-89.840068529723,30.026452102354],[-89.840294257338,30.026329416734],[-89.840518320067,30.026318040957],[-89.840976646731,30.025613522286],[-89.841774074936,30.024690187864],[-89.841728395909,30.024536595357],[-89.841746050486,30.024425467987],[-89.841890577889,30.024385356662],[-89.842701480984,30.023629162255],[-89.843445143617,30.022956631922],[-89.843674130422,30.022749546568],[-89.843741826512,30.022499826111],[-89.843728331745,30.022332680458],[-89.843682445154,30.022193001682],[-89.844026937208,30.021612428897],[-89.84423707884,30.021461728908],[-89.844271342362,30.021309041292],[-89.844567032474,30.020783579046],[-89.844966750748,30.019716567197],[-89.845145116292,30.019551591313],[-89.84540238626,30.019457087428],[-89.846134938212,30.018588656554],[-89.846417943663,30.017840391849],[-89.846484386796,30.017674149998],[-89.846694514367,30.01752344773],[-89.846873288756,30.01733064255],[-89.847705057942,30.01624066787],[-89.848551345656,30.015248264903],[-89.848762293578,30.015041903849],[-89.848908876584,30.014862649271],[-89.848912190528,30.014640031583],[-89.849058772904,30.014460774893],[-89.849301484641,30.014268687213],[-89.849465916713,30.013964389433],[-89.849630137929,30.01367400522],[-89.849921433689,30.013440715445],[-89.850117423055,30.013164604703],[-89.850347038653,30.012777543042],[-89.8505764488,30.012404395873],[-89.851031539174,30.011908545564],[-89.851272175084,30.01185558892],[-89.851498683868,30.011677231868],[-89.851503025693,30.011385045755],[-89.851617829676,30.01119151434],[-89.851909319225,30.010944306063],[-89.852027016239,30.010555982277],[-89.852142644885,30.010306796648],[-89.852402156271,30.010059226813],[-89.853459065271,30.008874336901],[-89.853702167797,30.008654415033],[-89.853944032841,30.008517974162],[-89.854104313615,30.008491941764],[-89.854484280492,30.00874669873],[-89.854883330252,30.008792928331],[-89.85528279201,30.008811329742],[-89.855781265689,30.008622100486],[-89.856471786592,30.008421109445],[-89.856891972759,30.008119670334],[-89.857195712403,30.007878681768],[-89.857393530994,30.007721731573],[-89.857587221547,30.007598660139],[-89.857830932514,30.007336987346],[-89.85804411068,30.006977560479],[-89.858370422985,30.00653590478],[-89.858598964737,30.006218397773],[-89.858764177275,30.005858433302],[-89.858930418166,30.00542889954],[-89.85904869737,30.004998829167],[-89.859020014725,30.004775852822],[-89.85883188378,30.004523256623],[-89.858738434725,30.004355218522],[-89.858613635037,30.00414508157],[-89.858584337388,30.003963845087],[-89.858428386089,30.003697694332],[-89.858285005613,30.003386979785],[-89.858273467808,30.003361975734],[-89.858270578502,30.003322673348],[-89.858260157061,30.003180918099],[-89.858344820312,30.002861798364],[-89.858527246633,30.002418532773],[-89.858691631061,30.002114220101],[-89.85903411746,30.001658830292],[-89.859327822806,30.001258555594],[-89.859751257433,30.000734488578],[-89.860172222392,30.000377383008],[-89.860463659118,30.000130156439],[-89.860721479788,29.999993881616],[-89.861542481377,29.999613414817],[-89.861894495547,29.999477931891],[-89.862360458105,29.999298589389],[-89.863149419477,29.99906081576],[-89.863951373625,29.998731701502],[-89.864062883554,29.998684326164],[-89.864171843171,29.998638034781],[-89.864237673766,29.998610068214],[-89.864285897977,29.998589579546],[-89.864369718638,29.998553969772],[-89.864484594301,29.998505164481],[-89.864759003173,29.998327319317],[-89.864991013721,29.998105384631],[-89.865135466341,29.997733131263],[-89.865235678475,29.997442013751],[-89.865178089249,29.997009975394],[-89.865039345473,29.996660528079],[-89.864756944507,29.996295561661],[-89.86424138707,29.995738632173],[-89.864213243396,29.99571912272],[-89.863753007008,29.995433059956],[-89.863255415688,29.995123773903],[-89.86246823947,29.99469770525],[-89.862413375874,29.994668008485],[-89.861732804273,29.99429963478],[-89.860591170369,29.99366064672],[-89.859958168362,29.993222166502],[-89.859595670361,29.992870208133],[-89.859568282311,29.992830327474],[-89.859345268916,29.992505588869],[-89.859175202229,29.992114035368],[-89.859095155806,29.991562970963],[-89.859088140542,29.991514672049],[-89.859123277636,29.991377371603],[-89.859201460112,29.991071872378],[-89.859240839584,29.990917994715],[-89.859411294552,29.990590385176],[-89.859471193183,29.990475261209],[-89.859975117532,29.989910346516],[-89.860106979716,29.989795136292],[-89.860222529524,29.989694178246],[-89.861060198426,29.988962281632],[-89.861641046238,29.988452049859],[-89.861703250783,29.988413171119],[-89.862272511076,29.988057379517],[-89.86275326925,29.987871337874],[-89.86293502106,29.987801003939],[-89.863076398446,29.987746293993],[-89.863653237011,29.987655323565],[-89.864169556241,29.987597427006],[-89.864804448729,29.987640341841],[-89.864915654481,29.987665206811],[-89.865185893435,29.987725631981],[-89.865393990391,29.987772160914],[-89.865933536838,29.988042581074],[-89.866042584855,29.988119559883],[-89.866362558363,29.988345428274],[-89.866801374146,29.988817632928],[-89.867114705412,29.989252519881],[-89.867377840114,29.989839920687],[-89.867656345475,29.990469244244],[-89.867728189552,29.990660357012],[-89.867871736365,29.991042198907],[-89.868026466656,29.991391819708],[-89.868101432877,29.991529890604],[-89.868167466963,29.99165150981],[-89.86818214778,29.991678547398],[-89.868353342016,29.991993847653],[-89.868698251134,29.992456911572],[-89.868960460023,29.992672348322],[-89.869093157082,29.992781373604],[-89.869221685465,29.992837157917],[-89.869369667853,29.992901384994],[-89.869553838188,29.992981320905],[-89.86964628501,29.993005911047],[-89.869936031015,29.993082983697],[-89.870122469947,29.993063450181],[-89.870416374105,29.993032658242],[-89.870914743437,29.992843372154],[-89.871478472913,29.992557396939],[-89.871710851336,29.9924167762],[-89.871930108006,29.99228409264],[-89.872319434782,29.991898766131],[-89.872562164326,29.991556579872],[-89.872579388742,29.99153229594],[-89.872591599785,29.991515083943],[-89.872711201757,29.991346474957],[-89.873041065899,29.990654335846],[-89.873306788,29.989975398848],[-89.873473956778,29.989476278615],[-89.873540299415,29.989364363992],[-89.873637866208,29.989199775552],[-89.874013021635,29.988689044762],[-89.874255246551,29.988444042053],[-89.874313871525,29.988384744208],[-89.874434903447,29.988262324287],[-89.874954307571,29.987725358095],[-89.875423725166,29.987326992608],[-89.875852154564,29.987167481342],[-89.876048902307,29.98709422791],[-89.877994863513,29.986409159209],[-89.878573507065,29.986192899685],[-89.879215470872,29.986019087609],[-89.87983942088,29.985984230727],[-89.880478137609,29.986033030855],[-89.880970374166,29.986261118412],[-89.881444604087,29.986628166182],[-89.881695881516,29.986937088903],[-89.881915515537,29.987309570769],[-89.881976696145,29.987413327338],[-89.882288673087,29.987945575023],[-89.882506167602,29.988379368326],[-89.882741064255,29.98871594064],[-89.882927403032,29.989093724321],[-89.883178084375,29.989444386744],[-89.883539238466,29.989893676046],[-89.883995892848,29.990371849024],[-89.884437173679,29.990808100039],[-89.88462453623,29.991116315859],[-89.884700412419,29.991395469573],[-89.884680995833,29.991631826103],[-89.884383782301,29.992282605283],[-89.884219291135,29.992600863349],[-89.884070580424,29.992933208624],[-89.884018381298,29.993224868653],[-89.883981157494,29.993586274239],[-89.88405703476,29.993865429112],[-89.884306923526,29.994271742323],[-89.88450966734,29.994621874045],[-89.88461671125,29.994957035394],[-89.884660824808,29.995221923238],[-89.884589206519,29.995749944149],[-89.884568573185,29.996069779535],[-89.884675414487,29.996418857287],[-89.884927331753,29.996686032532],[-89.885212229666,29.996883990307],[-89.885381649811,29.99692903147],[-89.885594454442,29.996985605652],[-89.885992459956,29.99710131057],[-89.886471202794,29.997162234183],[-89.886885600751,29.997250286933],[-89.887283407111,29.997379899918],[-89.887729173297,29.997510040304],[-89.88814175752,29.997723308997],[-89.888426263642,29.99794908763],[-89.888617797579,29.998242524629],[-89.88864304417,29.998330521959],[-89.888766246068,29.998759944876],[-89.888902657971,29.999276331523],[-89.888963575331,29.999485739262],[-89.889118189955,29.999849248718],[-89.889273812176,30.000143191236],[-89.889330148711,30.000190964693],[-89.88958969483,30.00041105882],[-89.889939159536,30.000567965601],[-89.890415503736,30.000795842066],[-89.892098106991,30.001635313581],[-89.892432071152,30.001834425862],[-89.892621212897,30.001947192444],[-89.893143643574,30.002192211214],[-89.89355774083,30.002416663203],[-89.894146002296,30.002645750754],[-89.894271340423,30.002685238668],[-89.894512070446,30.002761080135],[-89.894990843375,30.00282197656],[-89.89530075684,30.002798416901],[-89.895310960971,30.002797641316],[-89.895600111245,30.00270338764],[-89.895711088219,30.002615925],[-89.895797528864,30.002547799875],[-89.895826520194,30.002524951454],[-89.89626455156,30.002084426053],[-89.896534661697,30.001792810835],[-89.896621851827,30.001698678364],[-89.896922030984,30.001533472688],[-89.896944169744,30.001521288702],[-89.897002031148,30.001495234463],[-89.897185557607,30.001412595036],[-89.897538444047,30.001332949429],[-89.897858356983,30.001322522091],[-89.898242010097,30.001326704941],[-89.898641251583,30.001358888761],[-89.898943778872,30.001445680436],[-89.899297341084,30.001598162402],[-89.89934101765,30.001616998665],[-89.899818188095,30.001789187149],[-89.899913192816,30.001820433028],[-89.900518359999,30.002019464697],[-89.901155791879,30.00216556113],[-89.901777839833,30.002269737824],[-89.902319358133,30.002414783621],[-89.902924625586,30.002574437002],[-89.903577649854,30.002748521459],[-89.903941375326,30.00283718762],[-89.904055630645,30.002865039561],[-89.904199226788,30.002879114313],[-89.904534609443,30.002911987179],[-89.904872659577,30.002948397956],[-89.904965631433,30.002958410968],[-89.905172819311,30.002923181728],[-89.905350288052,30.002893005239],[-89.905467658655,30.002868814588],[-89.905735144364,30.002813683588],[-89.906056456287,30.002705839553],[-89.906635728628,30.002447716276],[-89.907247365613,30.00216210978],[-89.908052422439,30.001767266886],[-89.908481977763,30.001581487089],[-89.90933942373,30.001210641533],[-89.909853744813,30.001021381179],[-89.910126493297,30.000954750595],[-89.910543309891,30.000875759626],[-89.910975118567,30.000866511506],[-89.911253128157,30.000845343116],[-89.911455279025,30.000829950121],[-89.911792564109,30.000722265769],[-89.912050513425,30.000571976674],[-89.912260902188,30.000393340457],[-89.912455107497,30.000228446197],[-89.912570375801,29.999993119332],[-89.912800119258,29.999578121948],[-89.912846789358,29.99945733801],[-89.912966113909,29.99914852044],[-89.913279939241,29.998442194067],[-89.913460133524,29.998137988095],[-89.913576386376,29.997833090338],[-89.913675464922,29.997611505715],[-89.913775138184,29.997348177407],[-89.913793285814,29.997278207111],[-89.913944296156,29.996695954654],[-89.914129039937,29.996071731681],[-89.914228907438,29.995794488122],[-89.914376332221,29.995545590184],[-89.914587103238,29.995339124854],[-89.914796091356,29.995257883202],[-89.915132759291,29.995191928367],[-89.91537292415,29.995166683405],[-89.915646246248,29.99505830033],[-89.915872404199,29.994893746066],[-89.916114348543,29.994743273945],[-89.91637405592,29.994467752189],[-89.916648955043,29.994248057076],[-89.916858927013,29.994097242146],[-89.917163817838,29.994017025008],[-89.917419964012,29.993991950034],[-89.917723472708,29.994009128654],[-89.91802638935,29.994068051286],[-89.918344894056,29.994154971897],[-89.918711945552,29.994200663428],[-89.918804293975,29.994198446607],[-89.919228988984,29.994188250828],[-89.919663403938,29.994144507286],[-89.920366102858,29.994006820757],[-89.920701111196,29.993913596304],[-89.92091392306,29.993809376316],[-89.921150347294,29.993608591074],[-89.921364803544,29.993388205213],[-89.921591062888,29.9931195341],[-89.921783273067,29.992898908978],[-89.922008573527,29.992698002044],[-89.922311716327,29.992497928466],[-89.922580406057,29.992374940916],[-89.922969918404,29.992359751006],[-89.923335408674,29.992470168314],[-89.923667398054,29.992589909614],[-89.924011469869,29.99264200409],[-89.924212333877,29.992595744218],[-89.924448029511,29.992472941938],[-89.924684343065,29.992252244176],[-89.924854165197,29.992041055831],[-89.925101699138,29.991840380859],[-89.92541609299,29.991630737496],[-89.925741472446,29.991430895694],[-89.926033896182,29.991201652255],[-89.926225136864,29.991048784469],[-89.926406350701,29.990818352236],[-89.926520698749,29.990596888035],[-89.926680078177,29.990337175493],[-89.926839729773,29.990058102689],[-89.926965334068,29.989827076355],[-89.927146542963,29.989596643227],[-89.927372231298,29.989366684777],[-89.927732872229,29.989031667038],[-89.927984326137,29.988814890103],[-89.928313259775,29.98862476092],[-89.928730432311,29.988487211028],[-89.929072373562,29.988426311612],[-89.929473080965,29.988404766678],[-89.929829123281,29.988395654342],[-89.930140501274,29.988398974093],[-89.930496544519,29.988389859962],[-89.930941372401,29.988394600006],[-89.931223818364,29.988345971185],[-89.931536286445,29.98827184402],[-89.931849476688,29.988146084465],[-89.932103540112,29.988006786284],[-89.932327040106,29.987931708362],[-89.932550719815,29.987843722801],[-89.932937865198,29.987731659506],[-89.933176009941,29.987669646013],[-89.933443628422,29.987620853851],[-89.933712513612,29.987481711105],[-89.933907442255,29.98732886973],[-89.934132569717,29.987137622448],[-89.934371075363,29.9870497923],[-89.934623501693,29.987026655694],[-89.935115699925,29.986825334246],[-89.935383857044,29.986737818131],[-89.935608617613,29.986572381921],[-89.935789437908,29.986367753039],[-89.936032098775,29.985983047056],[-89.936243476098,29.985714195013],[-89.936528263445,29.985497756621],[-89.936811605054,29.985384579542],[-89.937138886778,29.985310594599],[-89.937659278255,29.985212838988],[-89.938239519824,29.985076984665],[-89.938657024756,29.984913589779],[-89.939045411853,29.984711153748],[-89.939331364948,29.984446400706],[-89.939530785834,29.984214976921],[-89.939604650599,29.983955422439],[-89.93965346296,29.983646114048],[-89.939598666239,29.98332279938],[-89.939528677408,29.983025142143],[-89.939356889701,29.982584403886],[-89.939272979651,29.982222053147],[-89.93918816824,29.981924238666],[-89.939177311676,29.981640116844],[-89.939210030969,29.981421004227],[-89.939256495262,29.981279492426],[-89.939348882108,29.981035192504],[-89.939574344609,29.980818121191],[-89.939798001975,29.980730123223],[-89.940034504154,29.980784266564],[-89.940315665443,29.980825969274],[-89.9407888491,29.9809213418],[-89.941113770105,29.981015145296],[-89.94143959243,29.981044411638],[-89.941750767625,29.981060609262],[-89.942076050026,29.981128595838],[-89.942226732971,29.98114478503],[-89.942342566871,29.981157231281],[-89.942771813054,29.981213404587],[-89.943156223029,29.981294920568],[-89.943629411614,29.981390283755],[-89.943924864024,29.981470859941],[-89.944412163626,29.981618006113],[-89.944929117529,29.981765463278],[-89.945254223789,29.981846348201],[-89.945335420437,29.981868072438],[-89.945438175488,29.98189556342],[-89.945505376366,29.981913542677],[-89.945506276716,29.981913623451],[-89.945831205743,29.981942798173],[-89.946083255453,29.981945454983],[-89.946396229853,29.981832567821],[-89.946784231399,29.981655926245],[-89.947216354994,29.981505564779],[-89.947634009411,29.981329231238],[-89.94797699032,29.981190838804],[-89.948453408595,29.981053847811],[-89.948854799532,29.98098061738],[-89.949122391588,29.980931793286],[-89.94955361204,29.980845961583],[-89.949805482081,29.980861518569],[-89.950099684024,29.981032432923],[-89.950320113414,29.981176752236],[-89.95055608461,29.981269596745],[-89.950837251628,29.981311279617],[-89.951089480762,29.981301018699],[-89.95134206525,29.981264943587],[-89.95166986001,29.981152201508],[-89.951997830568,29.981026549367],[-89.952355096562,29.980927022117],[-89.952667701338,29.980839935633],[-89.952920107683,29.980816765679],[-89.95323146359,29.980820030822],[-89.953585691553,29.98093992815],[-89.953866501918,29.981007419304],[-89.954189829417,29.98121735734],[-89.954386375873,29.981458679519],[-89.954423130974,29.981503807253],[-89.954641779638,29.981777194965],[-89.95481613175,29.982037208498],[-89.955034250646,29.982349318308],[-89.955237188014,29.982687085497],[-89.955366170963,29.983011169847],[-89.955436025714,29.983321725915],[-89.955519993351,29.983684068203],[-89.95558895967,29.984059162362],[-89.955642205192,29.984498636955],[-89.955682764799,29.984783066113],[-89.955678308053,29.985105755928],[-89.955733337152,29.985416155662],[-89.955773539648,29.985726400888],[-89.955814456632,29.985985015216],[-89.95590092529,29.9861666531],[-89.956076178447,29.986362127152],[-89.956354511223,29.986610315222],[-89.956359730847,29.986613231602],[-89.956589967231,29.98674187157],[-89.956723580566,29.986791983464],[-89.956767005085,29.986808269076],[-89.956812063672,29.986812875265],[-89.957048368402,29.986837031365],[-89.95736009734,29.986814470395],[-89.957657177018,29.986778849081],[-89.957896019076,29.986665161586],[-89.958091086996,29.986499378861],[-89.958302048922,29.986256303336],[-89.95846728548,29.986103118619],[-89.958676822588,29.985963302693],[-89.95896085177,29.98579844775],[-89.959228807407,29.985723789453],[-89.959467109781,29.985648821983],[-89.959764008531,29.985626101446],[-89.960030720174,29.985641793591],[-89.960371388917,29.985671164916],[-89.960710461485,29.985816704847],[-89.960930384022,29.985999729032],[-89.961092560007,29.98614433016],[-89.961311276415,29.986339343492],[-89.961720403831,29.986782526066],[-89.962437363926,29.987487101554],[-89.962544646073,29.987574788218],[-89.962789321055,29.987774769956],[-89.963390513432,29.988271583509],[-89.964005827181,29.988820177819],[-89.964042371124,29.988849799278],[-89.964328492703,29.989081721612],[-89.964592733574,29.989278109498],[-89.964842682311,29.989435618225],[-89.964987100743,29.989504108476],[-89.96509315994,29.989554407046],[-89.965329694554,29.989608503962],[-89.965596771725,29.989598368487],[-89.965863847796,29.989588235098],[-89.966027305678,29.989564113812],[-89.966369585846,29.989477303872],[-89.966576819684,29.989505274243],[-89.966783700954,29.989559060459],[-89.966974516201,29.989703044682],[-89.967253592512,29.989899581132],[-89.967738669582,29.990214436734],[-89.968018103187,29.990385157861],[-89.968312716717,29.990530214916],[-89.968607333102,29.990675273089],[-89.96897591256,29.990834006181],[-89.96930088933,29.990927739221],[-89.969669472846,29.991086470386],[-89.969993570976,29.991244739062],[-89.970316965788,29.991454638046],[-89.970566748398,29.991625044859],[-89.97093410236,29.991874124727],[-89.971123694065,29.99210845409],[-89.971268628581,29.992355230902],[-89.971270433656,29.992396486161],[-89.971279932275,29.992613534355],[-89.971217444391,29.9928452576],[-89.97116961187,29.993090038939],[-89.971151257174,29.993348036171],[-89.971207396821,29.993580984101],[-89.971264068365,29.993775209463],[-89.97138057997,29.993931329068],[-89.971541578417,29.994087905273],[-89.971718243261,29.994208424001],[-89.971791369916,29.994258309697],[-89.972012388414,29.994363871241],[-89.972263239254,29.994456829998],[-89.97246978065,29.994536420218],[-89.972691679906,29.994577442237],[-89.973017908902,29.99458081385],[-89.973285173575,29.994557757245],[-89.973581566772,29.994573728305],[-89.973893496093,29.994538222721],[-89.974131630598,29.99447613519],[-89.974385121456,29.994375478447],[-89.974608779726,29.994287420642],[-89.974848321434,29.99412207245],[-89.975102691763,29.99395687595],[-89.975327927881,29.993752651795],[-89.975553342056,29.993535517348],[-89.975809464283,29.993241244574],[-89.976020224837,29.993011050867],[-89.976292400638,29.992626577714],[-89.976638894063,29.992229959115],[-89.97680533796,29.991986398288],[-89.976986436834,29.991755896659],[-89.977226667461,29.991538913795],[-89.977615882269,29.991271828581],[-89.978020273558,29.990979077459],[-89.978349295495,29.990775915155],[-89.978589346485,29.990571837965],[-89.978918542202,29.990355766757],[-89.97914358918,29.990164441705],[-89.979443301126,29.989935157643],[-89.979608334132,29.989794851999],[-89.979714580731,29.989615213957],[-89.979836705371,29.98935828357],[-89.979931233725,29.989232289838],[-89.980004715049,29.988998550914],[-89.980097010252,29.988754222695],[-89.980279670279,29.98840754764],[-89.980401964015,29.988137710046],[-89.980509258804,29.987880625707],[-89.980690164395,29.98766302701],[-89.980989164264,29.987485369637],[-89.981377128593,29.987308622569],[-89.981720084229,29.987170143402],[-89.982049912072,29.987063582848],[-89.9821073466,29.987045026245],[-89.982072699296,29.986635819787],[-89.982132840614,29.986257818165],[-89.982225650545,29.985974766384],[-89.982322849543,29.985683195571],[-89.982366263396,29.985446928008],[-89.982355456275,29.985149901519],[-89.982835660807,29.985043059044],[-89.983432527692,29.984765203432],[-89.984092184604,29.984229832084],[-89.984998114005,29.983025760512],[-89.987214861504,29.979176044976],[-89.987250781144,29.978711721239],[-89.987226007695,29.978350044405],[-89.98770457582,29.9780451457],[-89.988330687781,29.977793386277],[-89.988753776929,29.977203940149],[-89.989073455437,29.976573077078],[-89.993893626931,29.971912503857],[-89.998756474682,29.973705757542],[-90.00158226757,29.967800649632],[-90.003469511038,29.96385641774],[-90.003997145694,29.962753631024],[-90.006167772719,29.958216612832],[-90.00621205074,29.958124058992],[-90.006249179622,29.958046448899],[-90.007671688884,29.955072882973],[-90.012068981084,29.945879700773],[-90.014018372494,29.946902390752],[-90.018213598082,29.949047415232],[-90.023619600473,29.952001414071],[-90.025608600646,29.952790415052],[-90.028771602807,29.960160417246],[-90.027544873277,29.963839618367],[-90.027530103091,29.963883915751],[-90.02752560138,29.963897417119],[-90.027519953267,29.963914185821],[-90.027502215698,29.96396684369],[-90.026632601706,29.966548417958],[-90.026259601698,29.966951418468],[-90.025592866704,29.968982624288],[-90.025582140045,29.969015302132],[-90.025581846543,29.969016195937],[-90.025569691064,29.969053228083],[-90.024621601885,29.971941418956],[-90.021999601652,29.979842420497],[-90.021952601055,29.980239421057],[-90.021899555888,29.980715882008],[-90.021829601436,29.981005421223],[-90.021502601261,29.982356421476],[-90.019991601382,29.986777422669],[-90.025871603316,30.004453426737],[-90.025951227355,30.004802296152],[-90.025968603148,30.004878426111],[-90.025980804332,30.004933296947],[-90.026137603211,30.005638427267],[-90.026975054319,30.008260688614],[-90.026998604077,30.008334427448],[-90.024200639371,30.00901738719],[-90.023912935004,30.009087609905],[-90.022729601878,30.009376428008],[-90.021156602826,30.00975642811],[-90.020908736149,30.009806784529],[-90.020795462973,30.009829796955],[-90.020713601563,30.009846428155],[-90.019736601776,30.010042428205],[-90.019472601723,30.010081427061],[-90.019302201161,30.010102225323],[-90.018751600824,30.010169427416],[-90.018281600795,30.010249427357],[-90.017620600975,30.01030742812],[-90.017600305748,30.010309487243],[-90.016812408246,30.010389408215],[-90.015313601449,30.010541427884],[-90.015302418618,30.01054261604],[-90.014377722137,30.010640865714],[-90.013209526209,30.010764977616],[-90.013033862309,30.010783639981],[-90.013032665029,30.010875476212],[-90.013028600185,30.01118742785],[-90.013090599786,30.01175842759],[-90.013906069635,30.020544061057],[-90.014089566679,30.022191095312],[-90.014090352123,30.022202169822],[-90.014091098287,30.022213247634],[-90.014092959014,30.022244139491],[-90.01409351288,30.022254633348],[-90.014093658524,30.022257413655],[-90.01409693409,30.02235050699],[-90.014097285574,30.022443657271],[-90.01409693911,30.022465609496],[-90.014091237025,30.022600262384],[-90.014079441409,30.02273451877],[-90.014061576478,30.022868103044],[-90.014037678907,30.023000740972],[-90.014008412868,30.023129969253],[-90.014005715347,30.023140691185],[-90.013994525574,30.023183505215],[-90.013993950126,30.023185633085],[-90.013991184545,30.023195842882],[-90.013982803484,30.023225905065],[-90.013979720681,30.023236671888],[-90.013976600571,30.023247430418],[-90.013839600439,30.02362843086],[-90.013715705988,30.024126362603],[-90.013681601488,30.024263430403],[-90.013641998969,30.024537620706],[-90.013593437865,30.024665840794],[-90.013583870935,30.02469107485],[-90.013557933077,30.024768906055],[-90.013536886526,30.024848199885],[-90.013522909464,30.024916716269],[-90.013521548644,30.024924573653],[-90.013521524965,30.024924727591],[-90.013517020236,30.024953293001],[-90.013513610357,30.024978188014],[-90.013506601045,30.025049265322],[-90.013505030058,30.025075352855],[-90.013503758286,30.025110021575],[-90.013503453827,30.025130363646],[-90.013503860779,30.025172931831],[-90.013506904151,30.025233849863],[-90.013512451717,30.025291310328],[-90.013518313565,30.025334257201],[-90.013526785085,30.025375251649],[-90.013547665275,30.025458345992],[-90.013573179746,30.025540136358],[-90.01360324794,30.025620364506],[-90.013642099791,30.025708071784],[-90.013686147356,30.025793288243],[-90.013735231719,30.025875706434],[-90.013784717162,30.025958269622],[-90.013837508854,30.026038758915],[-90.013857859062,30.02606803785],[-90.013915324068,30.02614603627],[-90.013977008201,30.026223152944],[-90.014007865666,30.026259503165],[-90.014014400052,30.026267005643],[-90.014092021567,30.026352015167],[-90.014173367612,30.026433467852],[-90.014180662947,30.02644041774],[-90.014234822456,30.026490320055],[-90.014326613611,30.026568082697],[-90.014422235756,30.026641083037],[-90.014465980045,30.02667204976],[-90.014562904128,30.026735741969],[-90.014662692022,30.026794846553],[-90.014725600731,30.026840432432],[-90.014872434416,30.026917017247],[-90.014925532035,30.02694471131],[-90.015507920182,30.027248468467],[-90.015513601325,30.027251432295],[-90.015588939288,30.027281813522],[-90.015942601782,30.027424431727],[-90.01653860238,30.027625432766],[-90.017090601573,30.027764431818],[-90.017106684348,30.027767404859],[-90.017241717824,30.027790284482],[-90.017377320219,30.027809507057],[-90.017542174182,30.027827887114],[-90.017707536598,30.02784092273],[-90.017873234248,30.027848600248],[-90.018039093566,30.027850911628],[-90.018204940813,30.027847854448],[-90.018370602265,30.027839431909],[-90.01883560221,30.02775143162],[-90.01942960197,30.027618432055],[-90.02073894388,30.027229007533],[-90.02074760214,30.027226432385],[-90.022856981459,30.026590340294],[-90.022903310572,30.026712932487],[-90.022924124241,30.026770117612],[-90.023299039266,30.027800192796],[-90.023655440073,30.02877401218],[-90.023674699251,30.028826635478],[-90.02387897723,30.029398555615],[-90.023896221375,30.029451449233],[-90.023932034016,30.029552810943],[-90.023947043214,30.029593581897],[-90.023997981029,30.029731945977],[-90.024094736112,30.029994766256],[-90.024097124975,30.030001011733],[-90.0240971371,30.030001043357],[-90.024134242333,30.030098036718],[-90.024495570009,30.031101571773],[-90.02455903238,30.031273232979],[-90.024705478866,30.031669356294],[-90.024706579014,30.031671251115],[-90.024733561549,30.031717739103],[-90.024747145586,30.031741143384],[-90.024988101656,30.032406448483],[-90.025007949198,30.032456129763],[-90.025348637828,30.033388054997],[-90.025646493651,30.033251879772],[-90.025973604391,30.033093432366],[-90.026080593449,30.033046372795],[-90.026203315648,30.032997311202],[-90.026327705163,30.032952645479],[-90.026453604591,30.032912432147],[-90.026810574349,30.032811930109],[-90.026970345807,30.03276694702],[-90.027310606227,30.032668012868],[-90.027392941732,30.032648896527],[-90.027417957387,30.032643087968],[-90.027452892475,30.032637396778],[-90.027524819253,30.032625680127],[-90.02759723479,30.032614481671],[-90.027633662138,30.032609490919],[-90.027670086451,30.032604499952],[-90.027787332798,30.032591278375],[-90.028220881418,30.032551593468],[-90.028301832469,30.032540716464],[-90.028371550566,30.032528436972],[-90.02849149523,30.032502432518],[-90.029122350751,30.03233898403],[-90.029244890088,30.032307599502],[-90.029339751358,30.032282415069],[-90.031607473252,30.031680354193],[-90.031608973364,30.031679975666],[-90.031702886283,30.031656256264],[-90.032646389016,30.031420087019],[-90.032799864227,30.031384450269],[-90.032857908369,30.031372347391],[-90.032907649094,30.031363989575],[-90.032964773183,30.031359292904],[-90.033027233167,30.031357397816],[-90.033063254917,30.031358246999],[-90.033079363043,30.031358626223],[-90.033091731669,30.031359623413],[-90.033146268437,30.031364023466],[-90.033154302974,30.031364671269],[-90.033167237299,30.031366338958],[-90.033193702836,30.031369752562],[-90.033602958504,30.03144972349],[-90.033647341507,30.031455766206],[-90.033648961226,30.031455986878],[-90.033655270743,30.031456299948],[-90.033662816538,30.03145667397],[-90.033677884274,30.031457420897],[-90.033685485945,30.031456922166],[-90.033723151956,30.031454451874],[-90.033766567394,30.031445870799],[-90.034193223614,30.031343301001],[-90.034357606041,30.031302431486],[-90.034426320946,30.031480677209],[-90.034254330084,30.03151857007],[-90.03424916433,30.031588599197],[-90.034234728993,30.03165105378],[-90.034164891433,30.031755125198],[-90.034144802343,30.03178506479],[-90.034137325258,30.03180106953],[-90.034112643058,30.031857083896],[-90.034109980086,30.03187612159],[-90.034099486789,30.031951153172],[-90.0341026706,30.031970377557],[-90.034134330131,30.032161569102],[-90.03415232998,30.032515568838],[-90.034178728751,30.032835581651],[-90.034181511061,30.032869307149],[-90.034193151045,30.033010419173],[-90.034201330034,30.033109569144],[-90.034203033919,30.033234720234],[-90.034201805489,30.033252760616],[-90.034194573125,30.03332771612],[-90.034184953839,30.033354372088],[-90.034173367646,30.033373298341],[-90.034134964473,30.03340140973],[-90.031721675758,30.033978536433],[-90.031629343941,30.034019352481],[-90.031570481558,30.03403648751],[-90.031500913585,30.034083926028],[-90.031478904775,30.034126264504],[-90.031483374567,30.034364050068],[-90.031483744263,30.034383696897],[-90.031507347138,30.035638997477],[-90.031554329817,30.038137570024],[-90.031563557095,30.0386271364],[-90.031612306135,30.041213331556],[-90.031597782596,30.041913823711],[-90.031595403609,30.04193536243],[-90.031555101182,30.042214712549],[-90.03155213936,30.042231233608],[-90.031462870724,30.042538195665],[-90.031302324524,30.042850026865],[-90.031169468206,30.043068615056],[-90.031073285217,30.043226858716],[-90.031054126234,30.043258379552],[-90.031035434232,30.043287987856],[-90.03089163599,30.043471657081],[-90.030820747218,30.04356219924],[-90.030786976333,30.043619385471],[-90.030751802588,30.043691304346],[-90.030735645447,30.04377173178],[-90.030728328879,30.044165571972],[-90.030737329298,30.045986571939],[-90.030766404498,30.04788304017],[-90.03077733052,30.048600307486],[-90.030777329137,30.048726609048],[-90.030773184562,30.049007919409],[-90.030770625819,30.049180808897],[-90.030765436146,30.049531537437],[-90.030762729771,30.049727613175],[-90.030794345648,30.051124127622],[-90.030797328814,30.051254572771],[-90.030819111533,30.052391084116],[-90.030826330248,30.05276757436],[-90.030824708838,30.052896986063],[-90.030821324894,30.052931580521],[-90.030818379802,30.052947422352],[-90.030805734824,30.052977155335],[-90.030797719681,30.052995993726],[-90.030739328469,30.053020574641],[-90.030406390422,30.053012085837],[-90.030229328314,30.053007574225],[-90.028388327187,30.053041573684],[-90.028317720482,30.053037787493],[-90.028254915495,30.053014148745],[-90.028238122563,30.052999486467],[-90.028218698795,30.05297236827],[-90.028213574727,30.052954916414],[-90.028208115958,30.052928740371],[-90.02820917611,30.052904879934],[-90.028210993241,30.052864074357],[-90.028218359569,30.052698387282],[-90.028219954007,30.052662552668],[-90.028220841688,30.05264259345],[-90.0282257496,30.052532232283],[-90.028227775578,30.052486646206],[-90.028230716378,30.052420541857],[-90.028230152104,30.052404473996],[-90.028189379237,30.051243350709],[-90.028186758635,30.051227891485],[-90.02817631004,30.051166253976],[-90.028173404762,30.051150055556],[-90.028148760001,30.051120449614],[-90.028137496041,30.05110691833],[-90.028092830583,30.051087579699],[-90.028006606585,30.05108767877],[-90.027221328056,30.051088572464],[-90.026438326335,30.051066574063],[-90.026356314305,30.051049706988],[-90.026296332967,30.051023618833],[-90.026248543131,30.050980961223],[-90.026197480537,30.050904351559],[-90.026162734087,30.050812348399],[-90.026141055997,30.050722810068],[-90.026110300402,30.050595785592],[-90.026075526948,30.050497001109],[-90.025914583551,30.050263821273],[-90.025839316109,30.050213056022],[-90.025794124572,30.050169465016],[-90.025764604783,30.050127273002],[-90.02574743301,30.050084708133],[-90.025722021237,30.050021715562],[-90.02570021728,30.049986092347],[-90.025652337895,30.049924857029],[-90.025525793924,30.049800623752],[-90.02547706968,30.049721272423],[-90.025436124433,30.049645584632],[-90.025425878682,30.04962055999],[-90.02539691297,30.0495498244],[-90.025387387534,30.049529896417],[-90.025366818811,30.049486861988],[-90.025358427905,30.049469308923],[-90.025361675744,30.049449725142],[-90.025370327807,30.049397573621],[-90.025403326964,30.04935557186],[-90.025447585773,30.049278937429],[-90.025457327291,30.049262072529],[-90.025457857817,30.049243455096],[-90.025458943287,30.049205546398],[-90.0254594047,30.049189421114],[-90.025424560887,30.04915948791],[-90.025380584212,30.049141986614],[-90.025360178534,30.049133865998],[-90.025339698376,30.049130311788],[-90.025266327776,30.049117571975],[-90.025221327185,30.049123573088],[-90.025132432055,30.049191882388],[-90.025076641683,30.049220962438],[-90.024995327332,30.049245572893],[-90.024950330282,30.049265370786],[-90.024844326736,30.049281572749],[-90.024741326545,30.04927857457],[-90.024648086724,30.049259505408],[-90.024599322961,30.049236953541],[-90.024556182617,30.04919439024],[-90.024504439026,30.049123051816],[-90.024496051288,30.049109077116],[-90.024478074722,30.049079126122],[-90.024442220013,30.049035057358],[-90.024376325861,30.049002572206],[-90.024299327536,30.048990573358],[-90.024206325246,30.048982573877],[-90.024148306228,30.048982425741],[-90.02405340296,30.048982185137],[-90.023990173414,30.048909246375],[-90.023967104398,30.048809575326],[-90.023965754112,30.048793458257],[-90.023964837967,30.048765066295],[-90.023963660253,30.048728556991],[-90.023975666013,30.048656117273],[-90.023978326238,30.048640073337],[-90.023988595053,30.048626434549],[-90.024010326229,30.048597573061],[-90.024080325786,30.048560571532],[-90.024146214118,30.048567499575],[-90.024207327081,30.048566572318],[-90.024336975158,30.048547597004],[-90.024356800818,30.048540805509],[-90.02444232555,30.048472572526],[-90.024522326133,30.048417571567],[-90.024550326303,30.048342574029],[-90.024588326484,30.048257572859],[-90.024652326843,30.048190573971],[-90.024712325541,30.048083572293],[-90.024760326357,30.048011572149],[-90.024794326517,30.047953572399],[-90.024795293599,30.047855965561],[-90.024781264048,30.047728401286],[-90.024778476433,30.047712982559],[-90.024770101689,30.047666647061],[-90.024759597916,30.047610434516],[-90.024715722908,30.047529802254],[-90.024574325777,30.047398572308],[-90.024446326508,30.047357572114],[-90.024327326816,30.047346572467],[-90.024236326888,30.047353571384],[-90.024162011341,30.047396303359],[-90.02411493088,30.047453729944],[-90.024060593217,30.047516363258],[-90.024029258311,30.047539675458],[-90.023962581057,30.047536815621],[-90.023892017121,30.047481907033],[-90.023878683753,30.047413213887],[-90.023877478088,30.047397470838],[-90.023855910475,30.046863240851],[-90.023854986682,30.046847508699],[-90.023847620152,30.04672193402],[-90.023815313031,30.046171287791],[-90.023811750105,30.046110554482],[-90.023811023056,30.046094691757],[-90.023783349542,30.044725682473],[-90.023782011945,30.044659512163],[-90.02374160693,30.044492031813],[-90.023636869059,30.044241211751],[-90.023529024504,30.044021198395],[-90.023499434436,30.043964674274],[-90.023481349812,30.043937297764],[-90.023467342958,30.043916839642],[-90.02332726472,30.043782833517],[-90.022927735914,30.043413884904],[-90.021907284501,30.042565070679],[-90.020901318933,30.041728284818],[-90.020341939984,30.041237880142],[-90.020276325929,30.041212571957],[-90.020179324557,30.041218570822],[-90.020140260766,30.041242443921],[-90.020113130545,30.041259023128],[-90.019882836542,30.041475073123],[-90.019742202173,30.041606855299],[-90.019707270048,30.041639588757],[-90.019615465467,30.041720204789],[-90.019556043007,30.041756276534],[-90.019352322835,30.041820570897],[-90.017994322915,30.042245572863],[-90.016985322564,30.042582571644],[-90.016817321633,30.042639571813],[-90.016702155745,30.042710955447],[-90.015938416069,30.043417754193],[-90.015845978893,30.043506020389],[-90.015809693485,30.043554994493],[-90.015774384897,30.043624296311],[-90.015752429534,30.043699208249],[-90.015720657503,30.043889930962],[-90.015718167128,30.04390535395],[-90.015721321581,30.043998572229],[-90.015774320635,30.044069572176],[-90.015981904341,30.044225257204],[-90.015992575593,30.044244620974],[-90.016000069554,30.04427025036],[-90.016002710979,30.044299745059],[-90.015973539112,30.044346387801],[-90.015751619619,30.044554913901],[-90.015562291791,30.044732530076],[-90.015498990735,30.044786562305],[-90.015481365361,30.044790018198],[-90.015439916791,30.044798145705],[-90.015414980887,30.044799441624],[-90.015348324135,30.044776516793],[-90.015324026422,30.044755982793],[-90.015281361601,30.044719927076],[-90.014541327603,30.044076885638],[-90.014511753961,30.044050527843],[-90.014464529184,30.044008434677],[-90.014442498854,30.043983182874],[-90.014429911519,30.043968213473],[-90.012857264878,30.04186416625],[-90.012810079043,30.041750587029],[-90.012145906523,30.039673345623],[-90.012036583775,30.039331240782],[-90.012014515318,30.039235134838],[-90.012025340257,30.039176855224],[-90.01207532138,30.039120570919],[-90.012619319361,30.038650570085],[-90.012688321511,30.038550571526],[-90.012714147209,30.038438071576],[-90.012710251563,30.038360549853],[-90.012687121268,30.03826934777],[-90.012667976521,30.038228510678],[-90.012657030617,30.038208446369],[-90.01262032463,30.03815943508],[-90.012597808221,30.038129368187],[-90.012561472754,30.038108261825],[-90.012498319694,30.038071571974],[-90.012459807924,30.038077290225],[-90.012387547325,30.038088022779],[-90.012368989662,30.038090778806],[-90.012296320639,30.038101572157],[-90.012071405023,30.038191731275],[-90.011763320281,30.038289572356],[-90.011497904321,30.038390823819],[-90.01131845545,30.03847320268],[-90.011162319743,30.038523570655],[-90.011047437274,30.038576226686],[-90.010821520595,30.038654504114],[-90.010685214869,30.038703813855],[-90.009291166287,30.039208114265],[-90.008352895255,30.039532076887],[-90.008076318479,30.039627572157],[-90.007910129647,30.039689814834],[-90.006513580324,30.040212854182],[-90.006243118033,30.040323604181],[-90.0044923157,30.04095757206],[-90.004322768552,30.041045737034],[-90.003118316464,30.04152657198],[-90.002523284369,30.041734281732],[-90.002514078241,30.041737988867],[-90.001345061754,30.042208660423],[-90.000875415641,30.042422250107],[-90.000839853615,30.042491222514],[-90.000831114129,30.042532940281],[-90.000818559311,30.042592887753],[-90.000717469124,30.042696436091],[-90.000647404181,30.042736734982],[-90.000490203797,30.042823228155],[-90.000467903765,30.042835497321],[-90.000285588795,30.042920138189],[-90.000050896703,30.042940927082],[-89.999953315507,30.042949572116],[-89.999200338611,30.043181444383],[-89.998868467123,30.043283638379],[-89.998693314186,30.043337573094],[-89.99813729217,30.043535277555],[-89.997739256681,30.043699783109],[-89.996965901497,30.04401940069],[-89.996909745585,30.044042608999],[-89.993879816883,30.045348559837],[-89.992576947088,30.045944700145],[-89.992511310312,30.045974724714],[-89.992458321131,30.045998963931],[-89.992415861425,30.046018385885],[-89.992033911986,30.046189971744],[-89.991442873385,30.046455486804],[-89.989086371385,30.047573833587],[-89.989057921026,30.047587339222],[-89.989001946866,30.047614017615],[-89.984638964812,30.049693389672],[-89.980799973906,30.051644918515],[-89.980766703324,30.051661830899],[-89.979892079892,30.052186110697],[-89.979471609677,30.052390009855],[-89.979402349402,30.052438258839],[-89.977235226338,30.053592148205],[-89.977076974391,30.053676407601],[-89.975201867544,30.054674757039],[-89.975185302495,30.0546835759],[-89.973723183009,30.055517016986],[-89.973435161868,30.055689803964],[-89.973325156925,30.055755796234],[-89.97302691181,30.055928153805],[-89.971559829827,30.056775971615],[-89.970446229842,30.057419495779],[-89.970215205318,30.057552997024],[-89.966800268795,30.059647859935],[-89.962264297361,30.062598577041],[-89.961928016716,30.062830875214],[-89.961559296136,30.063085577807],[-89.96117482246,30.063361287758],[-89.960951296137,30.063521577641],[-89.96034606595,30.063964074331],[-89.960314012809,30.063975247218],[-89.960285901969,30.063985391997],[-89.960041406706,30.064142248046],[-89.959693296485,30.064365578051],[-89.958978294416,30.064877578669],[-89.95859029623,30.065148578993],[-89.958248293729,30.065399577874],[-89.957795293612,30.065724579263],[-89.957488295736,30.065926577573],[-89.957198293678,30.066142578301],[-89.956713293639,30.06650157748],[-89.956360294498,30.066760577517],[-89.956087294209,30.066958579199],[-89.955750293491,30.067261580174],[-89.955595293869,30.06739157915],[-89.955341292386,30.067616579258],[-89.955322205512,30.067703745545],[-89.955317756039,30.067724053957],[-89.955248294632,30.067846579065],[-89.955169294485,30.06789557979],[-89.955167084089,30.067921537949],[-89.95516529417,30.067942578878],[-89.955149510957,30.067986768779],[-89.955140293609,30.068012578832],[-89.954984292861,30.068170579632],[-89.954874293627,30.068275578766],[-89.95465829408,30.068607579208],[-89.954632953716,30.068708935837],[-89.954686293646,30.068821579013],[-89.954847889902,30.068990708879],[-89.9549222922,30.069068578701],[-89.955094292592,30.069241578731],[-89.955145292758,30.069338581389],[-89.955153294099,30.069445579364],[-89.95515229379,30.069576578791],[-89.955147600314,30.069651485587],[-89.955096096659,30.069648793069],[-89.955049293679,30.069633580062],[-89.955017504686,30.069635835882],[-89.954986562299,30.069641384688],[-89.954985020127,30.069641961316],[-89.954755126928,30.069727975395],[-89.954225249339,30.070078616902],[-89.953961561924,30.070188575259],[-89.953495150503,30.070478915242],[-89.95281038883,30.07099299931],[-89.952402473867,30.071275306731],[-89.952272688312,30.071415536618],[-89.952215804356,30.071494039886],[-89.952175881607,30.071579944991],[-89.952201089649,30.071840935269],[-89.952202793151,30.071858580801],[-89.952271799919,30.071900478942],[-89.952319291255,30.071905578985],[-89.952381893443,30.071915380286],[-89.952360447547,30.071954109789],[-89.952307618959,30.071981966935],[-89.952267651581,30.071992787754],[-89.9522435639,30.071996985009],[-89.952036292333,30.071994581019],[-89.951767293142,30.071996579131],[-89.951624161628,30.07204957214],[-89.950847712722,30.072623886728],[-89.950524230065,30.072596620667],[-89.949473291305,30.071982581477],[-89.94903229082,30.072323579804],[-89.948811054932,30.07249965495],[-89.948694289991,30.072592580029],[-89.948573290276,30.072693580545],[-89.948500290622,30.072751581287],[-89.948425617475,30.072814601479],[-89.948186290315,30.073016580552],[-89.947621289087,30.073467579342],[-89.946912289111,30.074014580753],[-89.946519289163,30.074336580492],[-89.946174136293,30.074620887459],[-89.945861288727,30.074878581671],[-89.945499287924,30.075166580889],[-89.945172289766,30.075486581589],[-89.945080289524,30.07558058194],[-89.94496228864,30.075691582144],[-89.944785266439,30.075836024384],[-89.944763582868,30.07585371955],[-89.944680429834,30.075921569885],[-89.944664960926,30.075931160682],[-89.944649632211,30.075940667243],[-89.944406289736,30.076091580968],[-89.944235288941,30.076192581724],[-89.944210064833,30.07620065599],[-89.943993556492,30.076269970625],[-89.943957288172,30.076281580522],[-89.943717287508,30.076415580788],[-89.943463287522,30.076618581932],[-89.94318928855,30.076840580768],[-89.942921220604,30.077223660524],[-89.942886286504,30.077273580816],[-89.942871016344,30.077301836927],[-89.94273928777,30.077545581227],[-89.942576287707,30.077735581984],[-89.942113288375,30.078086580718],[-89.941600288109,30.07852158146],[-89.941178285959,30.078890582585],[-89.940973288715,30.079113582086],[-89.940604287499,30.079398581545],[-89.940339286214,30.079677580879],[-89.940236285388,30.079838581453],[-89.939963285248,30.079990581786],[-89.939944783936,30.079991563374],[-89.939831286741,30.079997581746],[-89.939759287053,30.080034581764],[-89.939745475737,30.080071414222],[-89.939738287067,30.080090582579],[-89.939702110739,30.080214613528],[-89.939695100865,30.080238649608],[-89.939689287511,30.080258582263],[-89.939465288503,30.080555582443],[-89.939194287847,30.080700582117],[-89.939021288383,30.080870582379],[-89.938842679297,30.081004538716],[-89.938553285236,30.081221584204],[-89.9384222865,30.081335582564],[-89.93810228593,30.081583583083],[-89.937719285097,30.081893582983],[-89.93753828572,30.082071583883],[-89.937158284308,30.082376582316],[-89.936917664664,30.082551048177],[-89.936747285667,30.082674582685],[-89.93640528624,30.082939581822],[-89.936255286036,30.08303858196],[-89.93588128569,30.083339582899],[-89.935451283315,30.083720582443],[-89.935262284738,30.083891582671],[-89.935128161426,30.084010733238],[-89.934832283367,30.08427358341],[-89.93452228305,30.084568580846],[-89.934191282784,30.084861582429],[-89.933770283875,30.085242584482],[-89.933707417111,30.085301805305],[-89.93363228319,30.085372584022],[-89.933584063259,30.085423307236],[-89.933555284135,30.085453584064],[-89.933332283257,30.085604583436],[-89.933274857632,30.085662476935],[-89.932772294211,30.086169126026],[-89.932717283189,30.08622458361],[-89.932472786765,30.086448799353],[-89.932271283845,30.086633583682],[-89.932188822505,30.086707798709],[-89.931761284027,30.087092584665],[-89.931470281351,30.087336583814],[-89.931173283824,30.087631583632],[-89.930840282122,30.087920583968],[-89.930400281723,30.088341584333],[-89.930084061323,30.088631301939],[-89.93004898567,30.088663943247],[-89.929963874599,30.088750068764],[-89.929802281788,30.088913584169],[-89.929411239531,30.089300638705],[-89.928825280892,30.089849584301],[-89.928511598863,30.090155960241],[-89.928353283602,30.090310584992],[-89.927969281387,30.090703585519],[-89.927701281542,30.090970583977],[-89.927103281107,30.091557585528],[-89.926747279115,30.09191458498],[-89.92614728088,30.092556585586],[-89.925791280838,30.092920585642],[-89.925247279508,30.093471584886],[-89.925003994576,30.093721495045],[-89.924696279725,30.094037585925],[-89.924299280147,30.094454584903],[-89.923652278904,30.095153585231],[-89.923264277989,30.09557758566],[-89.922590280073,30.096296586632],[-89.922246278365,30.096672586022],[-89.921574279098,30.097439586019],[-89.92127427868,30.097774587286],[-89.92051327772,30.098630585856],[-89.919546278985,30.099740587536],[-89.91865927664,30.100773587168],[-89.917745276042,30.101854587761],[-89.916883749933,30.102866400542],[-89.916845275989,30.102911588875],[-89.916033275277,30.103887588108],[-89.915323276875,30.104758589555],[-89.914507274064,30.1057495898],[-89.913798274751,30.106652588151],[-89.912974275115,30.107691589205],[-89.912344274684,30.108489589095],[-89.911476274754,30.109561590522],[-89.910814273591,30.110387589206],[-89.910011273766,30.111366590421],[-89.909165273007,30.112418588994],[-89.908355273892,30.113434590272],[-89.907548271987,30.114441589574],[-89.906755272318,30.115444590725],[-89.905975272557,30.116407590804],[-89.90560927154,30.11683559213],[-89.905445271839,30.117075591312],[-89.905295271534,30.117259591537],[-89.905069271834,30.117545591233],[-89.904815270535,30.117863590971],[-89.904559271894,30.118175591495],[-89.904307271165,30.118485590298],[-89.904044270992,30.118818592317],[-89.903783274087,30.119139590822],[-89.903553269247,30.119438590678],[-89.903307270149,30.119743592197],[-89.903051270329,30.120050593188],[-89.902164269077,30.121164591296],[-89.901780270996,30.121617591762],[-89.901727029154,30.121684212526],[-89.900188270104,30.123609593514],[-89.898984268454,30.125146592049],[-89.897292269008,30.127254593798],[-89.895700266566,30.129251594579],[-89.89451026715,30.130733594595],[-89.894028266207,30.131342595194],[-89.892913266582,30.132724593874],[-89.892183265772,30.133627596152],[-89.890971264926,30.135147595712],[-89.889904266059,30.136474595794],[-89.889255263313,30.137257596055],[-89.888383264324,30.138392595104],[-89.887521263908,30.139431596584],[-89.8861542623,30.141147596879],[-89.885103044178,30.142458650992],[-89.884305262269,30.143453596812],[-89.884235625482,30.143540204718],[-89.883472263271,30.144489598986],[-89.882517259968,30.145670596732],[-89.882461996638,30.145747221945],[-89.88229392309,30.145980253464],[-89.882158270662,30.14616833423],[-89.882147261234,30.146183597699],[-89.882101894345,30.146317084568],[-89.882095262052,30.146336598683],[-89.882044166243,30.146441344018],[-89.882035261168,30.14645959708],[-89.881894261064,30.146657597059],[-89.881430260519,30.147249597554],[-89.880891258145,30.147914599371],[-89.880854896071,30.1479504724],[-89.880835759145,30.147969348854],[-89.88076126062,30.147981598542],[-89.880662108895,30.147984814166],[-89.880589261373,30.148036599026],[-89.880519260741,30.148114597489],[-89.880456259274,30.148191598404],[-89.880390260095,30.148278598112],[-89.880298817045,30.148395363141],[-89.88019526033,30.148527599062],[-89.880173973349,30.148541714222],[-89.880153078376,30.148548935301],[-89.880061108156,30.148500828677],[-89.879989259586,30.148444212032],[-89.880033261433,30.148333599864],[-89.880054904347,30.148287281277],[-89.880071410194,30.148268591706],[-89.880102259601,30.148241598099],[-89.880146614577,30.148209422204],[-89.880163776992,30.148192615464],[-89.880196260257,30.148155597424],[-89.880224259521,30.148114598874],[-89.880280260454,30.14805059929],[-89.880420261308,30.147919598621],[-89.880442306385,30.147871097457],[-89.880445157842,30.147850614255],[-89.880445031704,30.147832929336],[-89.880444903966,30.147815298607],[-89.880442182754,30.147788989898],[-89.880416261033,30.147722597802],[-89.880379260385,30.147689598466],[-89.880338260822,30.147640598407],[-89.880301297808,30.147616681816],[-89.880282707788,30.147608899359],[-89.8802102604,30.147585597659],[-89.880182003214,30.147558184525],[-89.880170832957,30.147540057737],[-89.880156686111,30.147508937679],[-89.880151651588,30.147482736871],[-89.88014925982,30.147463597173],[-89.880148708348,30.147442479132],[-89.880145260556,30.147310597485],[-89.880123736311,30.147267856825],[-89.880108716561,30.147251234794],[-89.880076261303,30.147227598203],[-89.880018148342,30.147182685786],[-89.880000750509,30.147169829571],[-89.879981648413,30.147159358166],[-89.879911553578,30.147114741291],[-89.879927564454,30.147063936226],[-89.879927850566,30.14702861209],[-89.879925899553,30.14700987148],[-89.879921661349,30.14698338077],[-89.879911808178,30.146960447902],[-89.879899706748,30.146932287056],[-89.879894081379,30.146907531348],[-89.879890752105,30.146887543031],[-89.87982938534,30.146865718625],[-89.879810086211,30.146870901942],[-89.879782172796,30.146884249322],[-89.879759891827,30.146894006493],[-89.879735397662,30.146904596368],[-89.879720433036,30.146914158234],[-89.879696176814,30.146944294553],[-89.879661008613,30.146969348476],[-89.879623588744,30.146919366336],[-89.879621747875,30.146898980301],[-89.879623481612,30.146855096644],[-89.879626837105,30.14683061401],[-89.879654297282,30.146783877914],[-89.879674759417,30.146764098763],[-89.879691692242,30.14674808154],[-89.879703808005,30.146718985973],[-89.879708592879,30.146702263871],[-89.879669246346,30.146675608866],[-89.879636190438,30.146673953447],[-89.87956551008,30.146683766859],[-89.879553817061,30.146632826888],[-89.87954896734,30.146611695059],[-89.879473759909,30.146568098845],[-89.879453101199,30.146571478982],[-89.879403066571,30.146579665139],[-89.879376570968,30.146588127064],[-89.879346260945,30.146601597696],[-89.879313260916,30.146629597704],[-89.879295933344,30.146670026145],[-89.879298531359,30.146710713236],[-89.879303462525,30.146788702877],[-89.879301340926,30.14681611856],[-89.879259951616,30.146863478693],[-89.879211683246,30.146862805533],[-89.879184116312,30.146862307534],[-89.879141051157,30.146859982096],[-89.87909523083,30.146848634712],[-89.879085350486,30.146813293297],[-89.879091619194,30.146772014799],[-89.879087530075,30.146729215477],[-89.879059260074,30.14669859897],[-89.879010448646,30.146683880415],[-89.878967163141,30.146678456163],[-89.87892599251,30.146672220471],[-89.878865494156,30.14665621012],[-89.878828170694,30.146687522986],[-89.878827053862,30.146711537506],[-89.87882625851,30.14672859874],[-89.878822998482,30.146767869728],[-89.878820509212,30.146797849857],[-89.878747758575,30.146808598299],[-89.878738882277,30.146777215209],[-89.878727591378,30.146737301096],[-89.878726909988,30.146714728221],[-89.878728077387,30.146676952653],[-89.878721593302,30.146658060809],[-89.878713072057,30.146638833388],[-89.878665259297,30.146624597573],[-89.878598922573,30.146632056906],[-89.878580760215,30.146634098533],[-89.878562530451,30.146638051101],[-89.878509259583,30.14664959814],[-89.878448260513,30.146649597151],[-89.87831425999,30.146637598628],[-89.878246260239,30.146633597473],[-89.878164260534,30.14663260039],[-89.878058258696,30.146645597822],[-89.878028737712,30.146652384201],[-89.87797126088,30.146665597758],[-89.877839259128,30.146699597733],[-89.877742362885,30.146746146954],[-89.877549260359,30.146882597146],[-89.877503259294,30.146961597178],[-89.87747025911,30.147007598645],[-89.87742525815,30.147054598893],[-89.877358258089,30.14709659791],[-89.877260258908,30.14712759929],[-89.877199259618,30.147164597704],[-89.877142258245,30.147208598139],[-89.877066258689,30.147261597603],[-89.876984257887,30.147311597556],[-89.876907259763,30.147337599654],[-89.876824259339,30.147341597998],[-89.876734259037,30.147332597385],[-89.876634260065,30.147308597892],[-89.876533258236,30.147307597524],[-89.876435257481,30.147328597211],[-89.876303258088,30.147363597991],[-89.876084257937,30.147406598668],[-89.875980257789,30.147448598624],[-89.875872258902,30.147507599841],[-89.87574425712,30.147561599732],[-89.87566425889,30.147592598834],[-89.875566256775,30.147621599596],[-89.875471258477,30.147656598238],[-89.875290258629,30.147746599266],[-89.875249740042,30.14775935345],[-89.87522931145,30.147763434536],[-89.875191414502,30.147762539159],[-89.875172757845,30.147762098214],[-89.866138781725,30.152108941004],[-89.866169253949,30.152164599505],[-89.866187697308,30.152197262051],[-89.866193892188,30.152212472064],[-89.866198022717,30.152247234446],[-89.866193240143,30.152282802451],[-89.866184839402,30.152306617725],[-89.866150143329,30.152350272588],[-89.866117743848,30.152381937109],[-89.866054169217,30.15242480313],[-89.866006449411,30.15244816815],[-89.865901112116,30.152488025095],[-89.865847254045,30.15249360036],[-89.865778727717,30.152484369507],[-89.865710936536,30.152452040772],[-89.86565981627,30.152454568236],[-89.865634887433,30.152471080034],[-89.865619287212,30.152484084201],[-89.865607665835,30.152498463376],[-89.865590303716,30.152519944037],[-89.865567740166,30.152544238546],[-89.865548966563,30.152560891185],[-89.865514204295,30.152581478891],[-89.865475883806,30.152586457517],[-89.865454576001,30.152589225633],[-89.865384681946,30.152595318601],[-89.865364253642,30.152597099643],[-89.865343772344,30.152600222427],[-89.865282253391,30.152609598899],[-89.865227252209,30.15261559977],[-89.863881252868,30.152598599754],[-89.86382011792,30.152663830758],[-89.863784948024,30.152721165483],[-89.863774473069,30.152738244058],[-89.863773659148,30.152755754149],[-89.863772694986,30.152776487195],[-89.86377169872,30.152797995857],[-89.863772217998,30.152815065325],[-89.863773770307,30.1528472719],[-89.863774772794,30.152868046577],[-89.863770858207,30.152890188511],[-89.863766741269,30.152907955174],[-89.863758477137,30.152931747357],[-89.863707273282,30.152976431974],[-89.863663168779,30.153004835665],[-89.863585567786,30.153037593601],[-89.8635220948,30.153048512797],[-89.863501253508,30.153052099612],[-89.863479498857,30.153053491055],[-89.863435649601,30.153056296187],[-89.863415252096,30.153057600671],[-89.86339864376,30.153067778431],[-89.863343772188,30.153101396819],[-89.863319801327,30.153125329775],[-89.863289418584,30.153158352269],[-89.86325440969,30.153189549471],[-89.863205995231,30.153219250985],[-89.863155380727,30.153239806694],[-89.863095252166,30.153259600349],[-89.863020252216,30.153260601777],[-89.862852721601,30.15323088657],[-89.862672604424,30.153161096703],[-89.862565591903,30.153095629016],[-89.862466253439,30.153053600866],[-89.862386251585,30.153032600625],[-89.862265820498,30.153020582915],[-89.862211259092,30.152988631068],[-89.862170493301,30.152955801078],[-89.862126251133,30.152926601485],[-89.862028251317,30.152912599031],[-89.861931250969,30.152907600085],[-89.861729250916,30.152911600786],[-89.861619252246,30.152925599628],[-89.861443251185,30.152979600478],[-89.861178252282,30.152993599104],[-89.860921252534,30.153010600524],[-89.860679251385,30.153080600323],[-89.860287251574,30.153189600369],[-89.860158250614,30.153219601427],[-89.860059250936,30.15322159967],[-89.859978252279,30.15321060145],[-89.859903251103,30.153211602147],[-89.859729250919,30.153251600636],[-89.859652251599,30.153270599797],[-89.859606250305,30.153273599777],[-89.859558250045,30.153270599282],[-89.859477250396,30.153271600095],[-89.859375251304,30.153284600412],[-89.85924525033,30.153314599257],[-89.859131638318,30.153361522832],[-89.858855115628,30.153466009382],[-89.858635061479,30.153542005132],[-89.858576194678,30.153562334972],[-89.858245699963,30.153698652241],[-89.857991272473,30.153810390833],[-89.857846272208,30.153905659259],[-89.857647263142,30.154042461857],[-89.857393540084,30.154230632285],[-89.857270861619,30.15435208692],[-89.857231123392,30.1543832259],[-89.857206434017,30.154402568316],[-89.857196675516,30.154419412578],[-89.85718208543,30.15444459168],[-89.857173582109,30.154459266564],[-89.857178986352,30.154477302951],[-89.857192549742,30.154522570245],[-89.857195565825,30.154547917417],[-89.857183221698,30.15457698939],[-89.857176782339,30.154592151311],[-89.857164249012,30.154659599763],[-89.857172174696,30.15470714242],[-89.857171236735,30.154742052338],[-89.85717071592,30.154759752409],[-89.857168340184,30.154775322556],[-89.857161001546,30.15481619912],[-89.857066691144,30.154940707574],[-89.857052102018,30.154954736157],[-89.856956248977,30.154978600194],[-89.856907290634,30.154972949985],[-89.856866602538,30.154942098675],[-89.85681507311,30.154909657069],[-89.856787319656,30.154892185259],[-89.856654871761,30.154796036639],[-89.856634507795,30.154788397832],[-89.856584735228,30.154789411161],[-89.85656106317,30.154795038434],[-89.856516460241,30.154814154867],[-89.85645878922,30.154844639034],[-89.856418938299,30.15488312688],[-89.856337879725,30.155081464723],[-89.856258756683,30.155275069439],[-89.856152063882,30.155536133342],[-89.856023801968,30.155525337638],[-89.856019965281,30.15552501499],[-89.855836613756,30.155442268024],[-89.8558901173,30.155266573244],[-89.855941834019,30.155096746423],[-89.855980249056,30.154970601198],[-89.855988877275,30.154920863754],[-89.8559866774,30.154904693069],[-89.855983120623,30.154878516843],[-89.855975156142,30.154860571925],[-89.855955248485,30.154828200054],[-89.855905890249,30.154785684896],[-89.855739542456,30.154694904448],[-89.85566024849,30.154648599935],[-89.855602247667,30.154635600484],[-89.855515249528,30.154608600797],[-89.855439249842,30.154591600272],[-89.855351250177,30.154580601001],[-89.855235247981,30.154570599643],[-89.855112246133,30.154561601389],[-89.855047249589,30.15456060111],[-89.854978913828,30.154544870887],[-89.854861219527,30.15448404089],[-89.85484755393,30.154476977451],[-89.854738643534,30.154408688845],[-89.854586886056,30.154344050981],[-89.854554319596,30.154330180365],[-89.854498736741,30.154287075132],[-89.854453203069,30.154234709474],[-89.854432551371,30.154175923886],[-89.854416105453,30.154094489316],[-89.854414886465,30.154070941213],[-89.854414503472,30.154045430431],[-89.854426247396,30.153991600342],[-89.854450248479,30.153941601577],[-89.854546248287,30.153852599984],[-89.854585748867,30.153816600716],[-89.854626325247,30.153806878716],[-89.854649232396,30.153805224811],[-89.854696248016,30.15380560125],[-89.854790249315,30.153818600022],[-89.854837248382,30.153819600665],[-89.85488224896,30.1538116],[-89.85493424744,30.153777599307],[-89.855013248677,30.153688600725],[-89.855165247418,30.15355160063],[-89.855258248109,30.153448600175],[-89.855284248135,30.153398600259],[-89.855302248255,30.153323601333],[-89.855317784507,30.153211626148],[-89.855311637991,30.153031555623],[-89.855308451338,30.152938217982],[-89.855309281293,30.152907966919],[-89.855313433692,30.152756356816],[-89.85530816461,30.152736092667],[-89.855298758938,30.152704896678],[-89.855284081907,30.152687987005],[-89.855263035877,30.152663737748],[-89.855200045018,30.152628553245],[-89.855120349113,30.152577283537],[-89.855083504957,30.152546906815],[-89.855047898835,30.152493133255],[-89.855014319823,30.152388486466],[-89.854945977795,30.152113914984],[-89.854936824599,30.152087181581],[-89.854904640644,30.151993196684],[-89.854901336058,30.15197685008],[-89.854881119151,30.151848310001],[-89.854879394333,30.151832609247],[-89.854856876539,30.151571241144],[-89.854867247526,30.151482598877],[-89.85491434889,30.15112344414],[-89.854912861674,30.15094336011],[-89.854912428964,30.150890758452],[-89.854936248542,30.150515599762],[-89.854991249808,30.150331599214],[-89.855043248054,30.150172600502],[-89.855158248133,30.150039599913],[-89.855253247171,30.149936600359],[-89.855378247794,30.149851599858],[-89.855430295536,30.149817499377],[-89.855443606855,30.149802299983],[-89.855461164937,30.149769969909],[-89.855460909505,30.149736965844],[-89.855455684263,30.149718655228],[-89.855449451455,30.149703392162],[-89.855442141255,30.149684064842],[-89.855441403902,30.149652667515],[-89.85546308534,30.149608258809],[-89.855486641982,30.149566554383],[-89.855449764757,30.149530913969],[-89.855428414368,30.149510280879],[-89.855415248385,30.149472599086],[-89.855449041789,30.149408310605],[-89.85546255784,30.149389955748],[-89.855497121967,30.149364528855],[-89.855528453211,30.149357645118],[-89.855553691343,30.149355056245],[-89.855583995953,30.149346991834],[-89.855628338707,30.149307821885],[-89.85564224306,30.149289662671],[-89.855664117792,30.149256617822],[-89.855704573799,30.149210097201],[-89.855716750113,30.149196099444],[-89.855730329669,30.149182617247],[-89.855753923023,30.149159196734],[-89.855765366611,30.149132112176],[-89.855770131416,30.149105953492],[-89.855784200733,30.149087796111],[-89.855804511021,30.149067209499],[-89.855823763029,30.149048816983],[-89.85583978302,30.149036111875],[-89.855853199689,30.149025484287],[-89.855872572393,30.14901014809],[-89.855895801904,30.148998592954],[-89.855930205458,30.148984108935],[-89.85594724911,30.14897693247],[-89.855975987282,30.148976257644],[-89.85601899446,30.148975248143],[-89.85603836028,30.148947500819],[-89.856082851888,30.148904565676],[-89.856097156266,30.148891552678],[-89.856135462383,30.148873351959],[-89.856152419255,30.148865292922],[-89.856177316955,30.148856811224],[-89.856202321533,30.148848468878],[-89.856214584552,30.148836318089],[-89.856227300978,30.148815990058],[-89.856241595808,30.148796273526],[-89.856279499059,30.148776243857],[-89.856296741699,30.148767129903],[-89.856322047615,30.148757993287],[-89.856344108743,30.148750028366],[-89.856370554456,30.148738237612],[-89.856415498426,30.148710350149],[-89.856433889138,30.148711595431],[-89.856478247341,30.14871460047],[-89.856531250012,30.148725599529],[-89.856587122974,30.148698928781],[-89.85657933887,30.148667931596],[-89.8565894152,30.14865315327],[-89.856609248568,30.14863459837],[-89.856654249616,30.148605598983],[-89.856688850774,30.148571899761],[-89.856836243827,30.148520863735],[-89.856886938735,30.148531637226],[-89.856950240579,30.148541926902],[-89.856968964384,30.148530988684],[-89.856997145167,30.14850972496],[-89.857004354184,30.14849015903],[-89.857001503603,30.148473142777],[-89.856985710526,30.148457117488],[-89.856959360743,30.148442409599],[-89.85692893461,30.148427199342],[-89.856916616608,30.148413796961],[-89.856900139968,30.148393258459],[-89.856891834733,30.148375278073],[-89.856894991082,30.148348641101],[-89.856954090112,30.148321765386],[-89.856980055048,30.148329236858],[-89.857014330948,30.148339100274],[-89.857023714516,30.148272092037],[-89.856951352554,30.148263374679],[-89.856889539801,30.14826238205],[-89.856841543734,30.148253516153],[-89.856823720192,30.148250859791],[-89.856795047737,30.148253700135],[-89.856739569854,30.148259196676],[-89.856699705777,30.148227140085],[-89.856738248052,30.148176599215],[-89.856753457846,30.148127654504],[-89.856741820597,30.148070927087],[-89.856737377898,30.148042619796],[-89.856734987097,30.147997945847],[-89.856753248464,30.147959599415],[-89.856794248468,30.147929598797],[-89.856853372675,30.147892541924],[-89.856868878123,30.147879867889],[-89.856886248651,30.147852443754],[-89.856889033802,30.147827526699],[-89.856881208201,30.147798274962],[-89.856876862481,30.14778302482],[-89.856871900462,30.147765921733],[-89.856862988859,30.147735219577],[-89.856908760572,30.147690540095],[-89.856922608652,30.147676705266],[-89.856934783312,30.147663696311],[-89.856947030796,30.147645925312],[-89.856957730443,30.147630398906],[-89.856967913302,30.147615622623],[-89.856984842235,30.14760552247],[-89.857013218157,30.147593821666],[-89.857061916587,30.147554933735],[-89.857010551318,30.147525127588],[-89.856989978655,30.147521651816],[-89.85691429313,30.14750887425],[-89.856904643681,30.147459317437],[-89.85694024889,30.147420598665],[-89.856986251021,30.147398598023],[-89.857050247224,30.147378598787],[-89.857086920076,30.147371004859],[-89.857104541072,30.147367356079],[-89.857163104596,30.147349335775],[-89.857178926203,30.147340393409],[-89.857201634337,30.147308221961],[-89.857206063123,30.147290492403],[-89.857210251381,30.147225599373],[-89.857210767967,30.147181582244],[-89.857201924138,30.147138653933],[-89.857193656961,30.14712364237],[-89.8571436272,30.147098576947],[-89.857124445885,30.147089552068],[-89.8571039612,30.1470761584],[-89.857082301262,30.147061993723],[-89.857048434144,30.147040690271],[-89.857026177191,30.147034655991],[-89.856989754816,30.147036631857],[-89.856965867555,30.147037927933],[-89.856950337676,30.147051207844],[-89.856933127819,30.14706928055],[-89.856924802273,30.14711899159],[-89.856922886702,30.147134471165],[-89.856912010059,30.147222311239],[-89.856857169334,30.147200839567],[-89.856801032763,30.147182811544],[-89.856783250462,30.147177099958],[-89.856759759717,30.147177409745],[-89.856680041081,30.147178457452],[-89.856660767762,30.147148339343],[-89.856639417494,30.147117077564],[-89.85662605155,30.147098183186],[-89.856653106281,30.14704313237],[-89.856711936106,30.146996916493],[-89.856705014217,30.146967349968],[-89.856731250133,30.146924099081],[-89.856747554768,30.146916326051],[-89.856768549799,30.146904473117],[-89.856761295936,30.146861594257],[-89.856730739522,30.1468314003],[-89.856707551335,30.146814247419],[-89.856693729974,30.146804025706],[-89.856671895784,30.14675520112],[-89.856677245974,30.146736315383],[-89.856687432941,30.146693617428],[-89.856631103343,30.146653066807],[-89.856566034968,30.146655715029],[-89.856547985088,30.146664981719],[-89.856518246284,30.146680248012],[-89.856493463616,30.146639364134],[-89.856522960314,30.146584559109],[-89.856514394528,30.146514726042],[-89.856508637482,30.146498190599],[-89.856498667218,30.146461520071],[-89.856502780259,30.146431427533],[-89.856511464588,30.146414858148],[-89.856534251174,30.146399518558],[-89.856550953604,30.146385358639],[-89.856574761549,30.146343626901],[-89.856585626674,30.146324624302],[-89.856596419637,30.14630574902],[-89.856605984854,30.146289287702],[-89.856640879649,30.146229219171],[-89.856626760664,30.146207364338],[-89.856615298291,30.146189623824],[-89.856597353507,30.146161848152],[-89.856591509682,30.146134627778],[-89.856586773732,30.14610783288],[-89.856599249064,30.146033597417],[-89.856630249662,30.145949599689],[-89.856664274332,30.145911588745],[-89.85667551203,30.145897363906],[-89.856686851139,30.145877474296],[-89.856698922796,30.145856294552],[-89.856711798389,30.145835497279],[-89.856726240506,30.145818404005],[-89.856768581871,30.145756619787],[-89.856765098352,30.145735248749],[-89.856761612795,30.145713865017],[-89.856757975313,30.145691528489],[-89.856789248336,30.145637598643],[-89.856807394133,30.145630958535],[-89.85684474093,30.145616233041],[-89.856858949572,30.145600528403],[-89.856869585664,30.145564498215],[-89.856868897227,30.14552571672],[-89.856869183059,30.145500619427],[-89.856874248355,30.145454598799],[-89.856903030613,30.145432878953],[-89.856935946574,30.145422659171],[-89.856966247912,30.145416598152],[-89.856983491003,30.145394597534],[-89.856998363555,30.145376464502],[-89.857036159929,30.145334914664],[-89.857116362707,30.145301393845],[-89.857098738979,30.145280034146],[-89.857081681283,30.145259355559],[-89.857033888649,30.145178753759],[-89.857033620994,30.145156060912],[-89.857033249634,30.145124599911],[-89.857031866917,30.145075849323],[-89.857019733944,30.145001049435],[-89.857016373698,30.144980321999],[-89.857013922524,30.144957652395],[-89.857014248896,30.14490559898],[-89.857026271506,30.144864383911],[-89.857031748825,30.144845598841],[-89.857033318235,30.14482641907],[-89.857039227166,30.144754285887],[-89.857038354692,30.144738555967],[-89.857029424817,30.144577378102],[-89.857028268577,30.144561611563],[-89.857025870895,30.144528886553],[-89.857027720321,30.144472759289],[-89.857031498764,30.144456383087],[-89.857048661441,30.144426202926],[-89.857057250305,30.144411096737],[-89.857068263707,30.144397206739],[-89.857101248899,30.144355599485],[-89.857175248859,30.144297597886],[-89.857498482697,30.142563286437],[-89.857681635372,30.142436431876],[-89.857903639831,30.142377975335],[-89.85816917778,30.142341629035],[-89.858432802745,30.142344578615],[-89.858704029222,30.142390580884],[-89.858975361946,30.142429422943],[-89.859147622862,30.142481478319],[-89.859383851184,30.142505014136],[-89.859756437042,30.142205995698],[-89.86070724935,30.141467598161],[-89.86078325011,30.141411598112],[-89.860818250145,30.141365598756],[-89.860857249466,30.141289096766],[-89.860889451941,30.141269709448],[-89.860904998177,30.141260348559],[-89.860924331261,30.141259821951],[-89.860969250152,30.141258598499],[-89.861028250893,30.141254597528],[-89.861075251163,30.14124459808],[-89.861116249878,30.141219599736],[-89.861145721913,30.14119118044],[-89.861158251266,30.141179099044],[-89.861170729241,30.141166972546],[-89.8612112503,30.141127598414],[-89.86128047367,30.141043388569],[-89.861296764908,30.141023568288],[-89.861297412319,30.140993961012],[-89.861296342808,30.140971927829],[-89.861281493194,30.140925247114],[-89.861256636751,30.140875346531],[-89.861227554541,30.140843634452],[-89.861204971163,30.1408289242],[-89.861157250392,30.140801598228],[-89.861095251027,30.140797597274],[-89.861033941712,30.140782943612],[-89.861019438001,30.140769964744],[-89.861000093176,30.140741159028],[-89.860980764247,30.140720003598],[-89.860962226815,30.140699714997],[-89.860943612811,30.140652296651],[-89.860981090677,30.140562546434],[-89.860987751977,30.140546598309],[-89.860990798372,30.140530115432],[-89.860997574061,30.140484240974],[-89.860993747474,30.140422048882],[-89.860974567313,30.1403856989],[-89.860960876081,30.140371198969],[-89.860924351923,30.140356152568],[-89.860894656176,30.140347972434],[-89.860844150615,30.140351530552],[-89.860810694088,30.14035388782],[-89.860787917625,30.140309930774],[-89.860806555159,30.140297955478],[-89.860866251039,30.140259596769],[-89.860910249385,30.140222597236],[-89.860934250997,30.140168596795],[-89.86093574096,30.140116344263],[-89.860917187393,30.140055163172],[-89.860912130497,30.140036663489],[-89.860908685666,30.140003850102],[-89.86090719762,30.139972084464],[-89.860905094657,30.139946095083],[-89.860902250353,30.139910930731],[-89.86084033799,30.139908246208],[-89.860781328264,30.139892352326],[-89.860766663391,30.139868303979],[-89.860753454969,30.139846644003],[-89.860785675583,30.139786408082],[-89.860807596581,30.139734323216],[-89.86081496549,30.139715586213],[-89.860820541981,30.13969438123],[-89.860826898945,30.139648383121],[-89.860824426426,30.139610399203],[-89.860823200067,30.139594640881],[-89.860821238758,30.139569399135],[-89.86082078753,30.139545711775],[-89.860825186725,30.13946027647],[-89.860795128264,30.139416333645],[-89.860778048371,30.139371700496],[-89.860813141916,30.139354648075],[-89.860829494082,30.139346704359],[-89.860862666145,30.139331639658],[-89.860870467208,30.13926807158],[-89.860863081815,30.139230720234],[-89.860856043078,30.139208174563],[-89.860848576071,30.139184259768],[-89.860843485454,30.139163059538],[-89.860836352442,30.139131305464],[-89.860811117551,30.139072643753],[-89.860800376395,30.139048338803],[-89.860767565607,30.13900999787],[-89.860758576207,30.138982967967],[-89.8607481357,30.138951587722],[-89.860765174197,30.138932678015],[-89.860811797308,30.138880926795],[-89.860820943513,30.138866592526],[-89.860830250846,30.138823597512],[-89.86083942922,30.138787995622],[-89.860846056089,30.138762290476],[-89.860862001424,30.138747740695],[-89.860889229282,30.138726575669],[-89.860907004235,30.138712756295],[-89.860921621974,30.138696032707],[-89.860965249456,30.138640597771],[-89.86100524994,30.138594597178],[-89.861040250687,30.138562597538],[-89.861097251868,30.138536597849],[-89.861156251,30.138502597039],[-89.861210145683,30.138452490627],[-89.861221351747,30.138439948466],[-89.861234263478,30.1384030151],[-89.861238240162,30.138387151553],[-89.86124098721,30.138363446578],[-89.861243919755,30.138341877477],[-89.861252245994,30.138315595884],[-89.861289531774,30.138196691761],[-89.861270729225,30.138139939727],[-89.86125289645,30.138118994979],[-89.861234785436,30.138099873982],[-89.861207478808,30.138086288401],[-89.861178050097,30.138073210454],[-89.861146649707,30.138061725442],[-89.861130022883,30.138046554918],[-89.861112621923,30.138024194843],[-89.861069305104,30.13795218205],[-89.861030932923,30.137886660193],[-89.86097750254,30.137755274038],[-89.860973385426,30.137739080038],[-89.860957327697,30.137662451971],[-89.860954455968,30.137647046976],[-89.860943729503,30.137589515304],[-89.860941003311,30.137574018126],[-89.860929465269,30.137505188682],[-89.86091560726,30.137454115309],[-89.860904244768,30.13742612963],[-89.860894745152,30.137402732792],[-89.860881576399,30.137361276619],[-89.860878649266,30.137344772069],[-89.860872431774,30.137299270425],[-89.860871211522,30.137283511285],[-89.860866379661,30.137183459664],[-89.860869262067,30.137135373751],[-89.860867203242,30.137119893881],[-89.860864124139,30.137096741056],[-89.860848525788,30.137050985732],[-89.860838557772,30.137034210345],[-89.860807478873,30.136981901632],[-89.860800570544,30.136956094041],[-89.860796431565,30.136935425735],[-89.860790741023,30.13690558977],[-89.860789091215,30.136889618327],[-89.860784201088,30.1368422404],[-89.86075066313,30.136775262023],[-89.860728671859,30.136749017192],[-89.860709013483,30.136725549095],[-89.860676630315,30.136659328949],[-89.860644300041,30.13654396256],[-89.860642613645,30.13652357966],[-89.860641142068,30.136502225712],[-89.860639396102,30.136474081324],[-89.860648624717,30.136445670581],[-89.860653573736,30.136430437775],[-89.860662956661,30.136401559719],[-89.860667064705,30.136364666908],[-89.860659336221,30.136330859996],[-89.860655808395,30.136314697027],[-89.860650748588,30.136291083479],[-89.860649970972,30.136271643697],[-89.860664250076,30.136236595805],[-89.860681512546,30.136200605152],[-89.860687752157,30.136180595031],[-89.860687749918,30.136151674257],[-89.860680529614,30.136121843016],[-89.86067049678,30.136093245959],[-89.860643991408,30.136018066439],[-89.860641513675,30.13600172565],[-89.860665647277,30.135967373568],[-89.860691783369,30.135953867799],[-89.860711612949,30.135943493689],[-89.860723549103,30.135931201544],[-89.860740331485,30.135909913525],[-89.860740701246,30.135887014816],[-89.860731934364,30.135867003023],[-89.86072099853,30.1358532871],[-89.860694835665,30.135840108412],[-89.860668552504,30.13583443576],[-89.860629195278,30.135828153288],[-89.860636416308,30.135805569245],[-89.860645644201,30.135776710223],[-89.860650031541,30.135721557708],[-89.860636249146,30.135679857393],[-89.86059944601,30.135649399624],[-89.860592271633,30.135632953211],[-89.860579846537,30.135602164989],[-89.860574255585,30.135543571988],[-89.860560540971,30.135497511004],[-89.860554929431,30.135480321383],[-89.860545478478,30.135464879826],[-89.860523351193,30.13542883701],[-89.860505068577,30.135400235412],[-89.860489932856,30.135376556268],[-89.860481962511,30.135345927982],[-89.860476210761,30.13531766931],[-89.86048125083,30.135262595367],[-89.860501540382,30.135109162109],[-89.860502145935,30.135089121604],[-89.860506077416,30.134959299852],[-89.860514887522,30.134944093818],[-89.860536249989,30.134920596998],[-89.86057589935,30.134895364449],[-89.860591250186,30.134885596266],[-89.860607944497,30.134877703393],[-89.860646250287,30.134859596067],[-89.860696795094,30.134822096852],[-89.86070803796,30.134807672487],[-89.860721084054,30.134757921807],[-89.860717595228,30.134734550376],[-89.860705971897,30.13470913942],[-89.860682525343,30.134683559422],[-89.860661217973,30.134660310304],[-89.860643532538,30.13464284412],[-89.86059231486,30.134605969266],[-89.860577831906,30.134595923568],[-89.860552802948,30.134590818942],[-89.860527035968,30.134585562452],[-89.860500303272,30.134566852234],[-89.860480672193,30.134547403843],[-89.860455769692,30.134504188865],[-89.860440330972,30.134482688881],[-89.8604280676,30.134465609022],[-89.860409473636,30.134439125057],[-89.860366832657,30.13436759682],[-89.860267792417,30.134199974346],[-89.860206126522,30.134102550007],[-89.860173540807,30.13403122629],[-89.860138976688,30.133984598375],[-89.860126340902,30.133970322202],[-89.86010468018,30.133945848137],[-89.860080219615,30.133913199508],[-89.860046857823,30.133847961555],[-89.860039292311,30.13380513596],[-89.860014431719,30.133762904836],[-89.860004899133,30.133748371879],[-89.859980904464,30.133711801031],[-89.859948474369,30.133602397857],[-89.859905838673,30.133408337113],[-89.859903185488,30.133392837194],[-89.85987925024,30.13323144819],[-89.859877040488,30.133215866459],[-89.859869311728,30.133161295879],[-89.859880249331,30.133106596556],[-89.859893616149,30.133045211627],[-89.859885580677,30.13297354412],[-89.859842802445,30.132861680406],[-89.859799525105,30.132808480005],[-89.859785818852,30.132791628411],[-89.859748006358,30.132735614497],[-89.85972822424,30.132685572593],[-89.859725546031,30.132669604936],[-89.859722847514,30.132640544879],[-89.859721414532,30.132624796885],[-89.859715390846,30.132571233228],[-89.859705887071,30.132539258767],[-89.859696669857,30.132512604246],[-89.859683622671,30.132484343338],[-89.859668049001,30.132450607559],[-89.859615607277,30.132307923988],[-89.859581015472,30.132253263374],[-89.859539573557,30.132187776879],[-89.859484292851,30.132073962568],[-89.859452632045,30.132002773228],[-89.859420193129,30.131917535074],[-89.859402913441,30.131863025384],[-89.859384458754,30.13181946462],[-89.85936124966,30.13177931698],[-89.859350967306,30.131758578149],[-89.859336525943,30.131725496323],[-89.85933356936,30.131699449452],[-89.859330788853,30.131667100811],[-89.859331364687,30.131636468726],[-89.85933220217,30.131597337078],[-89.85933044477,30.131581707239],[-89.859325951558,30.13154173631],[-89.859305934855,30.131478598821],[-89.859280582031,30.131435744798],[-89.859214245166,30.131362501445],[-89.859164296951,30.131305287011],[-89.859084393956,30.131136913037],[-89.859053821238,30.131064682927],[-89.859026276611,30.130985500943],[-89.859007016203,30.130903627133],[-89.859001267876,30.130854911564],[-89.858997363423,30.130826484785],[-89.858966388173,30.130753349915],[-89.858918266639,30.130701857808],[-89.85887584976,30.130654282804],[-89.858850715848,30.130563077646],[-89.858848052186,30.130546687729],[-89.858839363327,30.130480938676],[-89.858808662834,30.130400980555],[-89.858771676031,30.130361434589],[-89.858741239344,30.130343148064],[-89.858701696747,30.130323406238],[-89.858642265954,30.130292733623],[-89.85861530176,30.13026362751],[-89.858601286314,30.130238759807],[-89.858592821634,30.130220621558],[-89.858563791772,30.130120647265],[-89.858538803212,30.130039071133],[-89.858513134452,30.129983812549],[-89.858462215421,30.129926559856],[-89.858395055943,30.129854448022],[-89.858332829912,30.129763118102],[-89.85829317569,30.129654494376],[-89.858241621004,30.129558250436],[-89.85820103652,30.129487364271],[-89.857852653309,30.128878833841],[-89.857675996708,30.128489839885],[-89.857471657239,30.128172989773],[-89.857328043678,30.127950296605],[-89.857062045109,30.127492083471],[-89.856684377219,30.126979024901],[-89.856599827588,30.126870873712],[-89.856546338498,30.126818223532],[-89.856476260303,30.12676664867],[-89.856310340687,30.126651438821],[-89.856264988139,30.126616632512],[-89.856232740553,30.126577786912],[-89.856184200778,30.126489851845],[-89.85613907549,30.126423265655],[-89.856088281464,30.126360241844],[-89.85595703375,30.12619739567],[-89.855906921283,30.126117129784],[-89.855884247176,30.126047595661],[-89.855885035652,30.126029218084],[-89.85588737943,30.125924454865],[-89.85587614124,30.125882744613],[-89.855868859895,30.125858294736],[-89.855835044274,30.125805196144],[-89.855767226475,30.125718160819],[-89.855750370424,30.125697713351],[-89.855628928792,30.125550398455],[-89.855467038775,30.125312321965],[-89.855394596302,30.125191602441],[-89.855368615967,30.125143898463],[-89.855346135335,30.125065991141],[-89.855333437141,30.125038482526],[-89.85532495075,30.125022163621],[-89.855299021077,30.124983289351],[-89.855246732604,30.124915102926],[-89.855227622186,30.124871311319],[-89.855176397802,30.124773666673],[-89.855163125369,30.124757095557],[-89.855142329826,30.124731128327],[-89.855122284883,30.124688908627],[-89.85511024982,30.124657364555],[-89.855107590011,30.124637056317],[-89.855104816754,30.124615879836],[-89.855101542649,30.124590035002],[-89.855097362995,30.124553900095],[-89.855070434953,30.124479368654],[-89.854993974311,30.124333031184],[-89.854870974539,30.12416047829],[-89.854619500035,30.12387231744],[-89.854573690795,30.123820844102],[-89.854549191539,30.123788226284],[-89.854525942598,30.123750732537],[-89.854510833505,30.123725828669],[-89.854499059358,30.123710632122],[-89.854474301124,30.123678674547],[-89.854459356967,30.123665735871],[-89.854442713018,30.123651321027],[-89.854426796935,30.123635200294],[-89.854402650261,30.123609658918],[-89.854391452587,30.123584505532],[-89.854377247717,30.123552594191],[-89.854378568122,30.123535742858],[-89.854381246328,30.123501594102],[-89.854399245608,30.123375594831],[-89.854427248187,30.123290593743],[-89.85448024653,30.123179594174],[-89.854542245501,30.123073594669],[-89.854596247037,30.123032592795],[-89.854634501101,30.1230077281],[-89.85465059204,30.122995086217],[-89.854677566736,30.122963989571],[-89.854688240634,30.122945569589],[-89.854710247477,30.122907593729],[-89.854806640926,30.122732441889],[-89.854788792432,30.122683167023],[-89.854591996341,30.122501595498],[-89.854564520937,30.122505112762],[-89.854515555544,30.122512271099],[-89.854488635627,30.122520318983],[-89.854458759434,30.122532512083],[-89.854403420032,30.122557112865],[-89.854353619822,30.122516619045],[-89.854346178533,30.122499764963],[-89.85433365294,30.122471089711],[-89.854289308364,30.122428048779],[-89.854233548981,30.122423751915],[-89.854210627723,30.122428382012],[-89.854173659686,30.122447226894],[-89.854147415051,30.122465711279],[-89.854126022327,30.12248978246],[-89.854111340877,30.122515923022],[-89.854094568126,30.12255987602],[-89.854083015232,30.122605333956],[-89.854063562218,30.122657569121],[-89.854036467157,30.12268438488],[-89.854016899234,30.122697541711],[-89.853987083005,30.122705335229],[-89.853967788022,30.122710378573],[-89.853949745446,30.122715094181],[-89.853932132202,30.122710327561],[-89.853875245703,30.122694927853],[-89.853867510725,30.122678073087],[-89.853851853906,30.1226439549],[-89.853847389558,30.122607163431],[-89.853850276805,30.122578661311],[-89.853863794814,30.12255211172],[-89.853875827376,30.122531805912],[-89.853896989316,30.122517825367],[-89.853913278984,30.122508216329],[-89.853928745527,30.122499093487],[-89.853944088383,30.122488033795],[-89.853968690522,30.122468691148],[-89.853990312419,30.12244058779],[-89.853995312888,30.122422198874],[-89.853978619798,30.122344369768],[-89.853930319091,30.12232019029],[-89.853890269012,30.122314624121],[-89.853857053424,30.122310723572],[-89.853775234832,30.122310618109],[-89.853736127042,30.122343143711],[-89.853684659959,30.122356758864],[-89.853662623916,30.12231974672],[-89.853693247087,30.122287595106],[-89.853713910983,30.122234128567],[-89.853716133897,30.122172377366],[-89.853713390236,30.122156974467],[-89.85369729821,30.122066571486],[-89.853689974211,30.122046097151],[-89.853639462277,30.122011642561],[-89.853579248808,30.121983095032],[-89.853547764106,30.121948547427],[-89.853540414492,30.121931053689],[-89.853536224422,30.121912495782],[-89.853536182936,30.121893974419],[-89.853559469677,30.121869206343],[-89.853582070742,30.121858880607],[-89.853627246175,30.121846594231],[-89.853656861864,30.121821743014],[-89.853670747027,30.121810093233],[-89.853673242472,30.121792935653],[-89.853680554033,30.121742638561],[-89.853683080908,30.121725259399],[-89.853597093523,30.121723566854],[-89.853524098926,30.121753789344],[-89.853505463,30.121757939609],[-89.853466054203,30.12176671879],[-89.853446113752,30.121766310811],[-89.853396207596,30.121760116917],[-89.853389486184,30.121732815994],[-89.853388315774,30.121712895258],[-89.853395057379,30.121657105364],[-89.853363370697,30.121623517982],[-89.853331609387,30.121596971472],[-89.853309475046,30.121578967277],[-89.853227995758,30.121580306004],[-89.853204854753,30.1215789157],[-89.853158445379,30.121572703255],[-89.8531125126,30.121539174242],[-89.853084863493,30.121479518991],[-89.85311924545,30.121437593552],[-89.853218246965,30.121420593977],[-89.853270004641,30.121378659813],[-89.853280166076,30.121348340878],[-89.85328797381,30.121314817147],[-89.853287147569,30.121256365474],[-89.853246246744,30.121231593869],[-89.853188358479,30.121219897059],[-89.85317155003,30.12118201337],[-89.853187104969,30.121150051691],[-89.853200441686,30.121133875793],[-89.853234246066,30.121112592919],[-89.853296758827,30.121081335407],[-89.853312685976,30.121062866279],[-89.853325165816,30.121028435812],[-89.853327720654,30.121005198842],[-89.853331813767,30.120980828816],[-89.853355424014,30.12094930587],[-89.853386246806,30.120907594011],[-89.853421615288,30.120842074586],[-89.853449526354,30.120809423359],[-89.853452131276,30.120788045673],[-89.853441860019,30.120764279429],[-89.853398245655,30.120741593964],[-89.853304599161,30.120727020973],[-89.853288453372,30.120718310057],[-89.853286526254,30.12069608456],[-89.853278432388,30.120602749757],[-89.85327446238,30.120580002539],[-89.85327124766,30.120561592672],[-89.85322724697,30.120484596206],[-89.853225524137,30.120463583875],[-89.853222246049,30.120423593001],[-89.853219973092,30.120402652987],[-89.853216750695,30.120372961672],[-89.85321105553,30.120352958614],[-89.853188245789,30.120319593532],[-89.853173248404,30.120280594276],[-89.853167334129,30.120260732194],[-89.853151667076,30.120223570411],[-89.853120909107,30.120207562486],[-89.853103226461,30.120204842012],[-89.853060238528,30.120214966689],[-89.85304286275,30.120224074499],[-89.853001181165,30.120258452061],[-89.85298524807,30.12027159078],[-89.852967109477,30.120281049931],[-89.85293518001,30.120297702671],[-89.852916743328,30.120307316338],[-89.852852843888,30.12031773565],[-89.852832252142,30.120321093502],[-89.852811369449,30.12032343116],[-89.852631246374,30.120343594377],[-89.85257325343,30.120322581364],[-89.85257924669,30.120263593631],[-89.852631245403,30.120173593567],[-89.852660246447,30.120105592143],[-89.852709247049,30.120032593312],[-89.852749246308,30.119991593459],[-89.852795245577,30.119955593717],[-89.85284524695,30.119918594711],[-89.852895246573,30.119868593034],[-89.852929245372,30.119813593646],[-89.852953245394,30.119759593556],[-89.852978247321,30.119710593055],[-89.853002246019,30.119669593109],[-89.853047246076,30.11961959383],[-89.853117244946,30.119564593556],[-89.853152246236,30.119527593173],[-89.853166246908,30.119482593099],[-89.853167835968,30.119424469838],[-89.853162752797,30.119394716963],[-89.853157122257,30.119379157016],[-89.853139246294,30.119336594174],[-89.853109772808,30.119307489442],[-89.853092016486,30.11929423389],[-89.853011995713,30.119262576526],[-89.852921245867,30.11926059278],[-89.852818246753,30.119249592754],[-89.852730244633,30.119237594242],[-89.85267324613,30.119207592897],[-89.852615245838,30.11915959352],[-89.85257824658,30.11912559248],[-89.852520244249,30.119090592328],[-89.85246324684,30.11905159383],[-89.85241524716,30.119003593908],[-89.852385050283,30.118958675636],[-89.85237524383,30.118944091109],[-89.852371149438,30.118927849317],[-89.85236642077,30.11890908854],[-89.852360246652,30.11888459243],[-89.852360576052,30.118866072405],[-89.852361121261,30.118835474228],[-89.852361474301,30.118812572619],[-89.852361756937,30.118793140041],[-89.85236087876,30.118755458627],[-89.852347207984,30.118714103105],[-89.85233723825,30.118692283706],[-89.852297245457,30.118631593532],[-89.85226524471,30.118600591797],[-89.852227312591,30.118575665593],[-89.852212744977,30.118566093508],[-89.85219666563,30.11855852631],[-89.852178909383,30.118550170622],[-89.85214948453,30.118534576077],[-89.852121078747,30.11847642619],[-89.852137980961,30.118464882632],[-89.85218825059,30.118430544999],[-89.852177078072,30.118364550729],[-89.852052245951,30.118286592277],[-89.851989245773,30.118267592635],[-89.851927245885,30.118246593943],[-89.851836244209,30.118222593168],[-89.851698832782,30.118220503649],[-89.851644012829,30.118278892845],[-89.851628968993,30.118295327304],[-89.851587157162,30.118338617846],[-89.851568008313,30.118333953663],[-89.851540113862,30.118324405915],[-89.851528115937,30.11829076502],[-89.851523703,30.118275153038],[-89.851525513133,30.118258111331],[-89.851530244804,30.118213591873],[-89.851558245907,30.118147593204],[-89.851606244159,30.11807359279],[-89.851643245579,30.118003593801],[-89.851711244214,30.117845592754],[-89.851748245366,30.117772592947],[-89.851784234899,30.117688617892],[-89.851791745764,30.117671094488],[-89.851793138026,30.117652416919],[-89.85179557302,30.117610808353],[-89.851791478586,30.11758829076],[-89.851779244943,30.117551592241],[-89.851761247965,30.117513593069],[-89.851757346355,30.117493043552],[-89.851749131586,30.117449751694],[-89.851743053885,30.117427786442],[-89.851691924828,30.117366221294],[-89.851665610843,30.117304020248],[-89.85165688746,30.117284037975],[-89.851636245466,30.117237093284],[-89.851618052821,30.11723340609],[-89.851570147937,30.117223704661],[-89.851539324924,30.117221906313],[-89.85148024557,30.11722459311],[-89.851424245631,30.117225591825],[-89.851279243938,30.117172592356],[-89.851204242675,30.1171325925],[-89.851156244736,30.11711059246],[-89.851102245195,30.117053593299],[-89.851081245199,30.11701859272],[-89.851039243085,30.116975592966],[-89.850985245221,30.116931591488],[-89.850935245151,30.116896592076],[-89.850889245037,30.116857592999],[-89.850807245536,30.11678159294],[-89.850733243526,30.116684593162],[-89.850682244689,30.116633592362],[-89.850643244782,30.116588591874],[-89.850629304897,30.116552000408],[-89.850623244424,30.116536092831],[-89.850621844379,30.116519427382],[-89.850619543522,30.116492026232],[-89.8506256247,30.116451675903],[-89.850627644675,30.116430595444],[-89.850612156465,30.116382147795],[-89.850563744878,30.116356335311],[-89.850546242254,30.116349092097],[-89.850529647415,30.116340909051],[-89.850492309979,30.116322495],[-89.850473245426,30.116313094933],[-89.850453427017,30.116305133448],[-89.850412245648,30.11628859258],[-89.850319244514,30.116214593079],[-89.850286244231,30.116161592358],[-89.850272295427,30.116100239245],[-89.850279243407,30.11605159275],[-89.850291370065,30.115968286923],[-89.850278244166,30.115903592218],[-89.85025007561,30.115872083438],[-89.850231601339,30.115851421275],[-89.850210646978,30.115845319248],[-89.850167269679,30.115836178644],[-89.850149915389,30.115828675334],[-89.850099700653,30.115806966746],[-89.850074278732,30.115797292852],[-89.850047207721,30.115788257398],[-89.850007750254,30.115774651756],[-89.849940018865,30.115753426024],[-89.849906279699,30.115760656491],[-89.84988513832,30.11576375777],[-89.849832834706,30.115728452332],[-89.849816743702,30.11571759158],[-89.849808682323,30.115700374708],[-89.849791095961,30.115662811062],[-89.849793107256,30.11564114162],[-89.849799126831,30.115616025471],[-89.849800316207,30.115596789119],[-89.849785844256,30.115557063528],[-89.849775124883,30.115542438771],[-89.849760095213,30.115526243278],[-89.849752246985,30.115511992804],[-89.849738243087,30.115476591497],[-89.849733553258,30.115456259369],[-89.849723244896,30.115411592292],[-89.849719273867,30.115391075184],[-89.849708742179,30.115336665265],[-89.849705243277,30.115318593172],[-89.849696990955,30.115302211546],[-89.849667942731,30.115251048575],[-89.849611244791,30.115200592134],[-89.849589833101,30.115144798333],[-89.849594755613,30.115104843663],[-89.849609367327,30.115085498464],[-89.84962530233,30.115065845201],[-89.849629268019,30.115039146934],[-89.849625560488,30.115017305577],[-89.849601928262,30.114983719532],[-89.849592346588,30.114966084954],[-89.849575007422,30.114934174863],[-89.849571839076,30.114913552208],[-89.84957151023,30.114897234431],[-89.849571244096,30.114861592641],[-89.849568632762,30.11484070557],[-89.849565505281,30.114815667906],[-89.849555533234,30.114794152194],[-89.849527010455,30.11475669629],[-89.849509773827,30.114743484097],[-89.849462243931,30.114715592531],[-89.849404243796,30.114687593093],[-89.849366244532,30.114662592227],[-89.849335728062,30.114636167995],[-89.849321386364,30.114621720649],[-89.849288245281,30.114575592069],[-89.849255244417,30.114546591901],[-89.8491442647,30.114392404085],[-89.849133242436,30.114377090166],[-89.849127992007,30.114359204776],[-89.849117243544,30.114322593273],[-89.849094128867,30.114292391791],[-89.849077658873,30.114274311584],[-89.849059902617,30.114258226096],[-89.849013243618,30.114218592697],[-89.848904243915,30.11406159126],[-89.848785244539,30.113877591786],[-89.848755506641,30.113812806395],[-89.848747911749,30.113796259628],[-89.848747571205,30.11377433807],[-89.848747330272,30.113758759417],[-89.848765631049,30.11373007897],[-89.848775743681,30.113716590949],[-89.848789775473,30.113705158041],[-89.848870241045,30.113639592079],[-89.848907170596,30.113616427462],[-89.848964242548,30.113598591738],[-89.849004233622,30.113588152181],[-89.849018758826,30.113578491487],[-89.849045973785,30.113554423489],[-89.849059113251,30.113536490881],[-89.849079244078,30.113506592141],[-89.849090938725,30.113466675903],[-89.849070983125,30.113424503138],[-89.849053204253,30.113410638678],[-89.848923244934,30.113324593077],[-89.848816243752,30.113257592287],[-89.848751244303,30.113197591121],[-89.848688244555,30.113129593389],[-89.848653243255,30.113076591315],[-89.848639242402,30.113033591306],[-89.848638691712,30.113012473981],[-89.84863753188,30.112968021786],[-89.848649243768,30.112863591985],[-89.848701129492,30.112758795635],[-89.848709942705,30.112740993844],[-89.84872959216,30.112713317532],[-89.848732857395,30.112694821582],[-89.848732329772,30.112677792453],[-89.848731245016,30.112658591729],[-89.848726933817,30.11263829092],[-89.848721172891,30.112611162781],[-89.848717118129,30.112589452993],[-89.848716989367,30.112569051281],[-89.848719982275,30.112527412045],[-89.848719798292,30.112511557886],[-89.848715579416,30.112493538892],[-89.848700203718,30.112452627469],[-89.848676242319,30.112411592223],[-89.848644240033,30.112349987807],[-89.848636242067,30.112334592275],[-89.848623171924,30.112323090612],[-89.84858624421,30.112290594141],[-89.848548243532,30.112258591744],[-89.848508245162,30.112204592253],[-89.84848724351,30.112159591608],[-89.848405245092,30.112054592456],[-89.848369242511,30.111991592099],[-89.848304243389,30.111832591211],[-89.848270243499,30.111742590972],[-89.848233243624,30.111636591834],[-89.848225907757,30.111569621832],[-89.848230085605,30.11154576344],[-89.848241418865,30.11150405134],[-89.848245910742,30.111487521757],[-89.84824835247,30.111471935309],[-89.848246154582,30.111442974481],[-89.848242060159,30.111417878877],[-89.848227385565,30.11139852307],[-89.848209244477,30.11137459199],[-89.848131244103,30.111360591018],[-89.848066248852,30.111332095175],[-89.848017300947,30.111290800024],[-89.848003241136,30.111278590536],[-89.847992293708,30.111263994547],[-89.847958242702,30.111218591535],[-89.847944182663,30.111169375345],[-89.847953672718,30.111145497456],[-89.847970991498,30.111120791195],[-89.847990417758,30.11106310985],[-89.847946243799,30.111005591342],[-89.847931971308,30.110969295335],[-89.847928402762,30.110951323413],[-89.847936073209,30.110928743252],[-89.847942867822,30.110911654961],[-89.847949470445,30.110895047272],[-89.847944045475,30.110870117938],[-89.847932957659,30.110853455184],[-89.847921379669,30.11084148204],[-89.8479006047,30.110826008447],[-89.847870909645,30.11080388766],[-89.84785574157,30.110792589659],[-89.847845737801,30.110777352743],[-89.847801243505,30.110709591275],[-89.847751244011,30.110632591829],[-89.847732243674,30.110593591071],[-89.847728719005,30.110572951662],[-89.847725242197,30.110552591574],[-89.847723805562,30.110531535527],[-89.847720811386,30.11048771681],[-89.847714524676,30.110467135496],[-89.847691593141,30.110431555846],[-89.847682242771,30.110418091204],[-89.847665123661,30.110413191293],[-89.847625958807,30.110401982492],[-89.84760251017,30.110395309656],[-89.847578418073,30.110388645755],[-89.847541092239,30.110376452703],[-89.847514460513,30.110342380451],[-89.847502743876,30.110326151623],[-89.847449656668,30.11027898558],[-89.847428876793,30.110268088015],[-89.84739624309,30.110252590634],[-89.847366264753,30.110235162551],[-89.84734182442,30.110227148635],[-89.847297673789,30.110225438176],[-89.847277582442,30.110226331338],[-89.847224132074,30.110228706011],[-89.847204245311,30.110229590557],[-89.847186749459,30.110223311252],[-89.847126245059,30.110201592796],[-89.847074021127,30.110158072306],[-89.847060236045,30.110146584768],[-89.847051075462,30.110131736399],[-89.847031242622,30.11009959206],[-89.847031821022,30.110078490086],[-89.847032479526,30.110054461265],[-89.847036642658,30.110036949981],[-89.847049242682,30.109999591873],[-89.847046863618,30.109959923978],[-89.847036051835,30.109939593082],[-89.847006248602,30.109910357676],[-89.846993738215,30.109898087052],[-89.846981232931,30.109885827396],[-89.846943244353,30.109848591651],[-89.846906241478,30.109813591997],[-89.84688624228,30.109758592223],[-89.846864242959,30.109683590073],[-89.846835243247,30.109613591295],[-89.846663243884,30.10948259213],[-89.845944834358,30.108934414998],[-89.845239184943,30.108395962297],[-89.844506039993,30.107836522146],[-89.844232241416,30.107627591016],[-89.844122838977,30.107438198899],[-89.844081644629,30.107366887034],[-89.843788509197,30.106859419332],[-89.842543241247,30.104703590087],[-89.8394172391,30.102875590886],[-89.839425378888,30.102859028823],[-89.839591237853,30.102521590729],[-89.839647240279,30.102373589753],[-89.839679239433,30.102270589488],[-89.839707238554,30.102200589084],[-89.839706906542,30.102129222653],[-89.839692683152,30.102093891562],[-89.839676891254,30.102066337197],[-89.83964019525,30.10203697685],[-89.839613644235,30.102014265481],[-89.839584721002,30.101972661613],[-89.839575418055,30.101959278027],[-89.839590238523,30.101900590076],[-89.839602138273,30.101885715339],[-89.839630238125,30.101850589058],[-89.83963107613,30.101812340406],[-89.839622238511,30.101717589254],[-89.839636083011,30.101668990691],[-89.839392958189,30.10154641237],[-89.839282237718,30.101490590284],[-89.839177130027,30.101839248534],[-89.839120239169,30.101870589344],[-89.839054355657,30.101861706872],[-89.839031239013,30.101858590027],[-89.839004238116,30.101804589625],[-89.839001821575,30.101783692682],[-89.838990240313,30.101683590771],[-89.838900237444,30.101668590986],[-89.838820237815,30.101678589917],[-89.838701240942,30.101668590623],[-89.838574236294,30.101628590613],[-89.83854423764,30.10157958865],[-89.838523238328,30.101530589497],[-89.838509237389,30.101478590432],[-89.838508033413,30.101457518737],[-89.838501238687,30.101338589267],[-89.838457237943,30.101209590303],[-89.838384238695,30.10108959035],[-89.838351779676,30.100954301974],[-89.838380238918,30.100856588643],[-89.83861223906,30.100631589782],[-89.838741238215,30.100460589171],[-89.838883239354,30.100237589742],[-89.839214237702,30.099828589592],[-89.83928344181,30.099717330896],[-89.839206239331,30.099544589143],[-89.839160240002,30.099506589793],[-89.839085237715,30.099469589828],[-89.838926778934,30.099066908088],[-89.838981238199,30.098966588801],[-89.839019826019,30.09880614902],[-89.838972239159,30.09865658913],[-89.838857238005,30.098544587801],[-89.838664235811,30.098439589799],[-89.838526242092,30.098392588179],[-89.838399235875,30.098388588714],[-89.838291236699,30.098403589078],[-89.838179236503,30.098446589033],[-89.838071237757,30.098484589785],[-89.837958237639,30.098509588541],[-89.837799239353,30.098557588979],[-89.837482237325,30.098620588953],[-89.837349239448,30.098646589894],[-89.837211237446,30.098712590263],[-89.83711823722,30.098723588937],[-89.836911237527,30.098687587229],[-89.836826236698,30.098634589466],[-89.836744238225,30.09846558997],[-89.836640238002,30.098450589256],[-89.83654323613,30.098488588353],[-89.836450237212,30.098499589385],[-89.836222237195,30.098394588153],[-89.836077236825,30.098392589584],[-89.83596223655,30.098368588191],[-89.83588273692,30.098284589538],[-89.83589391069,30.098271685644],[-89.835918237346,30.098243589638],[-89.8359125913,30.098228645905],[-89.83590123719,30.098198589125],[-89.835648237361,30.098060589653],[-89.835555236252,30.098039589691],[-89.835484236342,30.098090588647],[-89.835438236623,30.09813258968],[-89.835293236473,30.098112590012],[-89.835116237545,30.098058589413],[-89.835052236745,30.09799658783],[-89.835058965929,30.097981664733],[-89.835098236054,30.097894588667],[-89.835137236209,30.097803588238],[-89.835195235822,30.097663590126],[-89.835211513594,30.097530889297],[-89.835195237939,30.097492588796],[-89.835108236297,30.097346588746],[-89.835045237365,30.0971405889],[-89.834981235887,30.097056588121],[-89.834835236161,30.096927589004],[-89.834611236205,30.096864587585],[-89.83448623716,30.096849589192],[-89.834243236648,30.096845587854],[-89.834185235986,30.096810588264],[-89.834117235442,30.09679458867],[-89.834050236286,30.096786587672],[-89.833957234922,30.09678458859],[-89.83379623749,30.096778589072],[-89.833583235478,30.09674358912],[-89.83338023418,30.096706589602],[-89.833277235258,30.096713587767],[-89.833158234227,30.096711589762],[-89.833054234171,30.096700590368],[-89.832940235308,30.096702589938],[-89.832857234638,30.096686587678],[-89.832600235668,30.096645588649],[-89.832430234479,30.096675588715],[-89.832348236782,30.096708588443],[-89.832250235874,30.096711588925],[-89.832148234907,30.096661588296],[-89.831925236385,30.096634588196],[-89.831741236449,30.096549588441],[-89.831549234451,30.096512588757],[-89.831102234889,30.09653858899],[-89.830988234106,30.096540589663],[-89.830812235885,30.096539588817],[-89.830543233682,30.096523588769],[-89.829907234264,30.096624588939],[-89.82971823325,30.096742588864],[-89.829690838946,30.096843363949],[-89.829696668995,30.09692120815],[-89.829698233284,30.096939589161],[-89.82963309963,30.097023796304],[-89.829556234431,30.097031589625],[-89.829489233507,30.097010588845],[-89.829390232653,30.096977589373],[-89.829303234277,30.096965589363],[-89.829210233817,30.096958588359],[-89.829133232886,30.096951589526],[-89.829041233651,30.096980589948],[-89.828985235164,30.097003589966],[-89.828946233847,30.097058589543],[-89.828851233757,30.097069590348],[-89.82871723381,30.097058588741],[-89.828609233991,30.097056588693],[-89.828532233151,30.097040588858],[-89.828418232878,30.097020589048],[-89.828233231937,30.097024589654],[-89.827939234105,30.096994589436],[-89.827501234626,30.096919588031],[-89.827101233402,30.096865589541],[-89.826890233159,30.096870589249],[-89.826577231031,30.096881587992],[-89.826377232389,30.096903588115],[-89.826070231365,30.096945589859],[-89.825728230869,30.097015590056],[-89.825514232283,30.097087589143],[-89.825424231,30.097151588393],[-89.825304231041,30.097185588927],[-89.825258232104,30.09718258864],[-89.825205232558,30.097147588973],[-89.825106231118,30.097100590013],[-89.825024231916,30.09710258925],[-89.824942233245,30.097122588699],[-89.824893231957,30.097181587521],[-89.824849230931,30.097253588918],[-89.824838809669,30.097313879443],[-89.824835231897,30.097334589805],[-89.82477623174,30.097424590448],[-89.824599230873,30.097522589738],[-89.824527862755,30.0975150573],[-89.824509231263,30.097513089069],[-89.824490533401,30.097508994519],[-89.824388231432,30.097486590061],[-89.824290229189,30.097493588802],[-89.824189230436,30.097553588916],[-89.824068229163,30.097641590663],[-89.823967231724,30.097687589797],[-89.82388623244,30.097747589783],[-89.823837230815,30.097820589918],[-89.823822790479,30.097938660993],[-89.823820231123,30.097959589618],[-89.823780064047,30.098175947276],[-89.823776230803,30.098196589737],[-89.823749026894,30.098399702255],[-89.823746230513,30.098420589265],[-89.823666231077,30.098569590199],[-89.823522229685,30.098774590967],[-89.82331323096,30.098858589297],[-89.823304462026,30.098959429389],[-89.823336230034,30.099202589176],[-89.82337723011,30.099412589443],[-89.82341323187,30.09960159067],[-89.823408962638,30.099902525106],[-89.82340733315,30.099924260068],[-89.823391806783,30.10013152664],[-89.82339022896,30.100152590048],[-89.8233532307,30.100267590245],[-89.823105229079,30.100353590028],[-89.82299923168,30.100344590714],[-89.822826229773,30.100279591586],[-89.822681229066,30.100293590279],[-89.82253623134,30.100296590765],[-89.822271229996,30.100245588716],[-89.822151230171,30.100213591061],[-89.821935230114,30.100046591068],[-89.821775229302,30.099980591078],[-89.821360229974,30.099984589843],[-89.820828229033,30.099823590708],[-89.820612228964,30.0996675894],[-89.820328230312,30.099410590122],[-89.820217229714,30.099217588737],[-89.820065230195,30.098968589726],[-89.820062691824,30.098947717205],[-89.820047230262,30.098820590226],[-89.819963228902,30.098661588992],[-89.819850228682,30.098377590567],[-89.819605229274,30.098130589417],[-89.819323228991,30.097930590208],[-89.818675661346,30.09795430683],[-89.818626291717,30.097956113242],[-89.81860017933,30.097957069024],[-89.817812331155,30.097985917554],[-89.816269162766,30.098042408935],[-89.814800536172,30.098096156684],[-89.813626990694,30.098139093171],[-89.81279322584,30.098169589049],[-89.812785490481,30.098298496395],[-89.812784225329,30.098319590421],[-89.81271622563,30.098432589045],[-89.812631225545,30.098504589594],[-89.812572225674,30.098534589126],[-89.81234822479,30.098602590779],[-89.812190226361,30.098646590518],[-89.812091226655,30.098677588896],[-89.811919224026,30.098710590642],[-89.81166622515,30.098703589518],[-89.811386226468,30.098760589844],[-89.811120224949,30.09877158949],[-89.810836223866,30.098818591699],[-89.810676224947,30.09883358961],[-89.81048422261,30.098843591488],[-89.81033122402,30.098857590821],[-89.810206225467,30.098889589004],[-89.810067224316,30.098915589732],[-89.809855223968,30.098937589453],[-89.809545224058,30.098941590217],[-89.80930622392,30.098952588853],[-89.80922402983,30.098960343917],[-89.809147224772,30.09896759102],[-89.808900224405,30.09893159117],[-89.808726222728,30.098912590021],[-89.808492223293,30.098877590783],[-89.808325223714,30.098834590427],[-89.808229224954,30.098839590157],[-89.808117223593,30.09891159037],[-89.80793922238,30.098966589747],[-89.80782122487,30.099004589141],[-89.807528222748,30.099016589855],[-89.807414222946,30.098978589529],[-89.807288225249,30.098969590584],[-89.806822221242,30.099074589345],[-89.805956221964,30.099295590119],[-89.805066221196,30.099574591085],[-89.804420222473,30.099773590688],[-89.804156220932,30.099865590276],[-89.803876106099,30.099909092249],[-89.80346722184,30.099972589828],[-89.803322221225,30.100004589366],[-89.803237223634,30.100052590138],[-89.803133220656,30.100141589524],[-89.803068221422,30.100206591226],[-89.803049220514,30.100247589934],[-89.802951221138,30.100301590057],[-89.802766222342,30.10032858981],[-89.802652219086,30.100308590375],[-89.802579220097,30.100309589372],[-89.802485220348,30.100300590231],[-89.802257220906,30.100437590702],[-89.802028220115,30.100604590079],[-89.801896221389,30.1006245907],[-89.801803219834,30.100626590927],[-89.801716219605,30.100605590846],[-89.801661220558,30.100560590618],[-89.801611718565,30.100524591754],[-89.801501220877,30.100523590691],[-89.80127522032,30.100545591681],[-89.80119048577,30.100519110178],[-89.801171220119,30.10051309118],[-89.801035221082,30.100539590069],[-89.800957628234,30.100609936232],[-89.800944219809,30.100622092265],[-89.800937060487,30.100639539386],[-89.800920220188,30.100680590904],[-89.800869221042,30.100785589634],[-89.800681220121,30.100945591374],[-89.800546219913,30.101098589919],[-89.800448219453,30.101175591477],[-89.800406968177,30.101194256099],[-89.799939305724,30.101405850746],[-89.79940721944,30.101646591275],[-89.798584442423,30.102095451244],[-89.798364218221,30.102215591658],[-89.798305419922,30.10223746706],[-89.79739921919,30.102574590842],[-89.797166218432,30.102613591514],[-89.797070218565,30.102647590003],[-89.796602218123,30.102815592074],[-89.794539216846,30.103787592058],[-89.792520216826,30.104465592699],[-89.792336217584,30.104477591871],[-89.792091215758,30.104448591834],[-89.791934216396,30.104401592372],[-89.791749216318,30.104396591774],[-89.791621745774,30.104424586506],[-89.791535215799,30.10444359197],[-89.79125296121,30.104505519171],[-89.791138215826,30.104476592329],[-89.791081148603,30.104414003357],[-89.790941672354,30.104444983056],[-89.790695824767,30.104499588498],[-89.790708012683,30.104691490893],[-89.790697216029,30.104779592119],[-89.790653214696,30.104823592387],[-89.790587278507,30.104986958309],[-89.790616215246,30.105070593123],[-89.790662215287,30.105118592687],[-89.790691570048,30.105189042525],[-89.79067721465,30.10526759241],[-89.790629216261,30.105341592027],[-89.790538001555,30.105428245627],[-89.790369214771,30.105588592044],[-89.790310215381,30.105647592964],[-89.790146213827,30.105643592107],[-89.790073215207,30.105611592179],[-89.790023214328,30.105612592751],[-89.789997527783,30.105667770371],[-89.790031207204,30.105740574322],[-89.790011214393,30.105805593352],[-89.789980215682,30.105864591861],[-89.789909716363,30.105938591879],[-89.789884563033,30.105940305808],[-89.789798870368,30.105946146472],[-89.789835734662,30.105977338952],[-89.789850210529,30.105989590245],[-89.789868946888,30.105993894137],[-89.789924214778,30.106006591669],[-89.789975215354,30.10598159264],[-89.790026216,30.105942592555],[-89.790078216321,30.105936591805],[-89.790183215614,30.10601359179],[-89.790235215126,30.10611959239],[-89.790268850495,30.106199940202],[-89.790235215559,30.106275592946],[-89.790164215903,30.106361592424],[-89.790052216561,30.106434593334],[-89.789969215043,30.106497593182],[-89.789876215934,30.106557592467],[-89.789722215605,30.106663592011],[-89.789569214385,30.106752592433],[-89.789471213655,30.106837592358],[-89.789389215474,30.106941592059],[-89.789162656852,30.107096686717],[-89.78910601122,30.107145923759],[-89.789053607186,30.107130193695],[-89.789094215003,30.107055592018],[-89.789163780902,30.106920186102],[-89.788805550884,30.106915988134],[-89.788788214529,30.106959592067],[-89.788738214357,30.107085593006],[-89.788462214197,30.107451593002],[-89.788187214706,30.107747592818],[-89.787946215271,30.107887593165],[-89.787789771855,30.107927743883],[-89.787720213072,30.107945592635],[-89.78760421409,30.107957593408],[-89.787406855038,30.107932104595],[-89.787333214105,30.107922592758],[-89.787158051903,30.107848754312],[-89.786760908113,30.108068378553],[-89.786903213723,30.108290593093],[-89.787202214132,30.108797593293],[-89.787371212502,30.109006593189],[-89.787587396435,30.109244065818],[-89.787635214376,30.109296593511],[-89.787750215388,30.109422593874],[-89.78806821414,30.109876593874],[-89.788197213667,30.110121593603],[-89.788319213559,30.110517592726],[-89.788367214017,30.110570594127],[-89.788369552299,30.110633002854],[-89.788370213501,30.110650595006],[-89.788338214066,30.110765591993],[-89.788290215246,30.110833592627],[-89.788208214734,30.110942592599],[-89.788114215475,30.111027594249],[-89.788024215346,30.11110659411],[-89.787995449642,30.111167097068],[-89.787997213445,30.111248594602],[-89.788009942436,30.111324059629],[-89.787958213044,30.111443592501],[-89.787899214306,30.111528593796],[-89.787871213103,30.11161559255],[-89.787858115448,30.111709727595],[-89.787855212892,30.111730593807],[-89.787822212524,30.111794594533],[-89.787702213408,30.11192159309],[-89.787538213271,30.112112593937],[-89.78743221487,30.112328594529],[-89.787386214362,30.112460592025],[-89.787326214199,30.112612593717],[-89.787236214781,30.112708592947],[-89.787145214147,30.11288759457],[-89.787078212673,30.112972594533],[-89.786922213208,30.113049595038],[-89.78684821475,30.113131593992],[-89.786796213626,30.113213594953],[-89.786767214173,30.113284594031],[-89.786728508416,30.113317680433],[-89.786643213412,30.113390593909],[-89.786522214825,30.113470594019],[-89.786335213301,30.113558593454],[-89.786202213187,30.113631593657],[-89.786133888504,30.113685243874],[-89.786053212993,30.113748594353],[-89.785766214062,30.113948595098],[-89.78542921286,30.114150594473],[-89.785278212687,30.11428059468],[-89.785185213559,30.114379594177],[-89.785018212465,30.114477594202],[-89.784897213774,30.114573593047],[-89.784790213733,30.114589593802],[-89.784737212287,30.114647595435],[-89.784690871278,30.114747180648],[-89.784696212204,30.114825594112],[-89.784722170974,30.114908459771],[-89.784720676859,30.11497845982],[-89.784720211447,30.114999594661],[-89.784708010213,30.115065941144],[-89.784704212584,30.115086593837],[-89.784518213303,30.115310594972],[-89.784112211655,30.115651593755],[-89.78352321177,30.116010593551],[-89.783161212213,30.116256594859],[-89.78284721122,30.116550594464],[-89.782757211131,30.116609594628],[-89.782595213144,30.11672459528],[-89.782420211408,30.116796595028],[-89.782374211715,30.116790594368],[-89.782324211468,30.116773594274],[-89.782270212507,30.116723595924],[-89.782266562372,30.116702950517],[-89.782254244337,30.116633259631],[-89.782251211306,30.116616096089],[-89.782152211876,30.116582594032],[-89.782017212234,30.116624595524],[-89.781893211627,30.116738594603],[-89.781790211985,30.116838595305],[-89.781612210715,30.116940595816],[-89.78155221164,30.116981595915],[-89.781502212129,30.117074594821],[-89.781423211627,30.117206594166],[-89.781406560381,30.117322278107],[-89.781404210829,30.117338595262],[-89.781461210973,30.117474594838],[-89.781506641607,30.117530655816],[-89.781480211454,30.117631594926],[-89.781347212048,30.117738596235],[-89.781259210572,30.117819594525],[-89.780933210917,30.118016593801],[-89.780874148505,30.118065813292],[-89.780675211462,30.118231594424],[-89.780535211093,30.118358594462],[-89.780354210737,30.118457595693],[-89.779951210518,30.11886059503],[-89.779759210665,30.119043595484],[-89.77957820973,30.119226595433],[-89.779414209795,30.119324595824],[-89.779346210254,30.119351595505],[-89.779250210879,30.11931659653],[-89.779082209401,30.119303595768],[-89.778943210073,30.119376596296],[-89.778849211402,30.119489596605],[-89.778818214617,30.119648999216],[-89.778814208759,30.119669595074],[-89.778701209452,30.119825596205],[-89.778464211144,30.12014559559],[-89.778331210493,30.12030259562],[-89.778129210867,30.120426596876],[-89.778022209357,30.120471595316],[-89.777937208105,30.120444595394],[-89.777862209321,30.120380596531],[-89.777663209489,30.120273596216],[-89.777513208442,30.120191595649],[-89.777443208747,30.120159595426],[-89.777416981228,30.120191442175],[-89.777437210433,30.120270596455],[-89.777498209924,30.120362595332],[-89.777539730338,30.120454531275],[-89.777534784986,30.120494674593],[-89.77753220915,30.120515595821],[-89.777428211048,30.120671596519],[-89.777263210151,30.120848596302],[-89.777207469362,30.120941202839],[-89.777211208861,30.121093596041],[-89.777226340437,30.121237781839],[-89.777228209378,30.121255596853],[-89.777177208314,30.121332595637],[-89.777138211175,30.121404595154],[-89.776995208917,30.121489595912],[-89.776868209028,30.121557596043],[-89.776706208534,30.12162259602],[-89.776497209252,30.12169259578],[-89.776348210508,30.121771596261],[-89.776170206491,30.121887595587],[-89.775970208551,30.122049597775],[-89.775689207418,30.122268595166],[-89.775421207872,30.122507596737],[-89.775217209595,30.122740596639],[-89.774939209497,30.123035596078],[-89.774657209784,30.123295596047],[-89.774533207152,30.123455597405],[-89.774469208334,30.123462595278],[-89.774375207403,30.123443595879],[-89.774270207809,30.123466597848],[-89.774201206857,30.123503597664],[-89.774181663198,30.123553350278],[-89.774258933482,30.123710077003],[-89.774256484436,30.123750503158],[-89.774255207765,30.123771596677],[-89.774233208221,30.123827596953],[-89.774187208995,30.123833597596],[-89.774133207781,30.123778595775],[-89.774085206582,30.123744596649],[-89.774038207371,30.123745595972],[-89.773986209731,30.123756596158],[-89.77391220909,30.1238145976],[-89.773890208825,30.123890597629],[-89.773888437959,30.124011854753],[-89.773886121591,30.124027360096],[-89.77386931727,30.124139786816],[-89.773866208023,30.124160596056],[-89.773723208911,30.124295596838],[-89.773490207679,30.124539596423],[-89.773085208065,30.124882597048],[-89.77259320674,30.125253596522],[-89.772320207643,30.125442596899],[-89.772234207474,30.125484594838],[-89.772058206819,30.125488597761],[-89.771931207297,30.125521596547],[-89.771869207473,30.125619595907],[-89.771862712904,30.125710523543],[-89.771861207633,30.125731597081],[-89.771794206691,30.125859597866],[-89.771617208193,30.126020597362],[-89.771200207281,30.126364596873],[-89.771037397008,30.126486898087],[-89.770991205549,30.126521597332],[-89.770882205071,30.126579597246],[-89.770771206829,30.126607596811],[-89.770707110378,30.126624696615],[-89.770667051138,30.126628277111],[-89.770646709648,30.126630097626],[-89.770617676038,30.126582351031],[-89.770636052671,30.1265056375],[-89.770645206344,30.126473598477],[-89.770658534087,30.126349429033],[-89.770608487604,30.126264798285],[-89.770485207165,30.12620759764],[-89.770350206183,30.126164597012],[-89.770223651375,30.126158844127],[-89.770139327317,30.126123437613],[-89.769922094874,30.126142835924],[-89.769938206711,30.126185597853],[-89.770004204911,30.126250596176],[-89.770058759488,30.126340652513],[-89.770067205994,30.126354597415],[-89.769840205727,30.126540596933],[-89.769667206099,30.126724598428],[-89.769522206351,30.126840598815],[-89.769374205519,30.126864595255],[-89.769237205269,30.126857597783],[-89.769153205814,30.126822597714],[-89.769057206864,30.126788597255],[-89.768983206999,30.126795596475],[-89.768859206021,30.12683959732],[-89.768796205028,30.126897596584],[-89.768785091725,30.126926562488],[-89.768783160452,30.126946562791],[-89.768806205402,30.127046596929],[-89.768860204197,30.127081597546],[-89.768963203537,30.127141596947],[-89.769054206575,30.127211598393],[-89.769128204982,30.127308598508],[-89.769162206581,30.127457597623],[-89.769170616197,30.127567877943],[-89.769149207596,30.12765859784],[-89.769075205936,30.12774259713],[-89.768987206276,30.127785597791],[-89.76892120538,30.127782597758],[-89.768854205853,30.127726596847],[-89.768812205817,30.127686597679],[-89.768758204875,30.127687597924],[-89.768751621025,30.127744642845],[-89.768749205605,30.127765598185],[-89.768702206322,30.127900597994],[-89.768643205339,30.128123596885],[-89.768598205786,30.128222597844],[-89.768459204455,30.128348597165],[-89.7683782061,30.128417598195],[-89.768255204511,30.128482598054],[-89.767966204997,30.128545597553],[-89.767813206368,30.128620598397],[-89.76768520641,30.128705597667],[-89.767646205589,30.128778599486],[-89.767642865071,30.128847890969],[-89.767643596279,30.128904713134],[-89.76764420548,30.128923597828],[-89.767616205444,30.128990598622],[-89.767519205207,30.129039597914],[-89.767420205023,30.129093596079],[-89.767361205638,30.12909459851],[-89.767307205234,30.129079597974],[-89.767205205836,30.129056596397],[-89.76711120511,30.129078598237],[-89.767035206095,30.129147598363],[-89.766942204788,30.129201597054],[-89.766770204613,30.129199598964],[-89.766573204236,30.129188597987],[-89.766389204502,30.129181596519],[-89.766337203128,30.129115599094],[-89.766304204782,30.129023597677],[-89.766249205786,30.12894759855],[-89.766035204312,30.128931596518],[-89.765965204049,30.128974597288],[-89.765885203873,30.129094596546],[-89.76573520345,30.129267598513],[-89.765505206876,30.129515598698],[-89.765164203532,30.129775597641],[-89.765046204368,30.129803597495],[-89.764981203322,30.129815598771],[-89.764947204241,30.12985759822],[-89.764815205194,30.130024598754],[-89.764616201428,30.130343598349],[-89.764507200512,30.130485598949],[-89.764367203919,30.130581598361],[-89.76421620288,30.13067159772],[-89.763829203308,30.130762598109],[-89.763748202861,30.130821597711],[-89.763691203669,30.130930597921],[-89.763654201923,30.13108159675],[-89.763585204599,30.131180597132],[-89.763493204665,30.131270598139],[-89.763278204454,30.13145059857],[-89.763245874474,30.131475724233],[-89.763094203383,30.131593598622],[-89.76296320354,30.131750598834],[-89.762863204102,30.131891599154],[-89.762769241015,30.131967182073],[-89.762739202413,30.131913597056],[-89.762734280845,30.131840970078],[-89.762668873055,30.131843634541],[-89.762563421994,30.131847929424],[-89.762540097289,30.131963798419],[-89.762523300972,30.132046331162],[-89.762519514614,30.132062970183],[-89.76250520428,30.1321115986],[-89.762453203071,30.132127597937],[-89.762358202209,30.13211159885],[-89.76230120154,30.132115598497],[-89.762266203567,30.132180597768],[-89.762244618699,30.132246948593],[-89.76223920256,30.132263598805],[-89.762290203201,30.132308599069],[-89.762484204125,30.132372598511],[-89.762515533119,30.132414064958],[-89.762418203615,30.132665599343],[-89.762175202621,30.13259559885],[-89.762076203216,30.132790598281],[-89.762007202482,30.132827600053],[-89.761918203191,30.132889597808],[-89.761841290213,30.133021958666],[-89.761832202937,30.133037598677],[-89.762008572936,30.133148317191],[-89.761975796949,30.133248306936],[-89.761946550634,30.133337523873],[-89.761940202559,30.133355599125],[-89.762148248431,30.133461566905],[-89.762007203287,30.133645599949],[-89.761907201464,30.133712599596],[-89.761810201938,30.133767598995],[-89.761662202009,30.133752599637],[-89.761578202022,30.133704598243],[-89.761455202083,30.133675598985],[-89.761344202342,30.133670598872],[-89.761262202321,30.133672598208],[-89.761229035169,30.133709454034],[-89.761240200739,30.133751598675],[-89.76177153403,30.133984867074],[-89.761715258924,30.134163956826],[-89.76170920289,30.134182599628],[-89.761828945446,30.134234744163],[-89.761767202445,30.134366599227],[-89.761637202912,30.134408599926],[-89.76150820252,30.13448259855],[-89.761355202875,30.134670599013],[-89.761142201816,30.134817599148],[-89.761025201622,30.134877600552],[-89.76092820306,30.134925599784],[-89.760909203539,30.134996599814],[-89.760891201814,30.135057597847],[-89.760826201599,30.135094597977],[-89.760764201951,30.13508559938],[-89.760696202921,30.135140600193],[-89.76064675189,30.135203624705],[-89.760670694656,30.135311547439],[-89.760658508307,30.135404833625],[-89.760655201432,30.135425599532],[-89.760562201224,30.135474599946],[-89.760463201463,30.135508600356],[-89.760406202909,30.135698599615],[-89.76038420223,30.135791599883],[-89.760333200007,30.135856600555],[-89.760179037393,30.135990529548],[-89.760240457481,30.136060828238],[-89.760339689025,30.136179190411],[-89.760206201811,30.13630459921],[-89.760161203122,30.136294598672],[-89.759955701164,30.136143599132],[-89.759773200937,30.136295598544],[-89.759630200729,30.136312600176],[-89.759463202358,30.136326599453],[-89.759349201215,30.136368600607],[-89.759176201574,30.136485600384],[-89.758974200912,30.136596599576],[-89.758891201457,30.136687599663],[-89.758868200925,30.136762600851],[-89.758834198974,30.136881149355],[-89.75885220087,30.136927600193],[-89.7589041089,30.136985385429],[-89.758891738691,30.137041139984],[-89.758887201035,30.137061600745],[-89.758844201109,30.137130600459],[-89.758775200881,30.137152599173],[-89.758689201126,30.137169599489],[-89.758638200266,30.137237600332],[-89.758559201732,30.137353599398],[-89.758473200242,30.137504599725],[-89.758421201004,30.137562599128],[-89.758413986278,30.137616712776],[-89.758411200981,30.137637600312],[-89.758372201546,30.137713599502],[-89.758289201026,30.137764599769],[-89.758241199874,30.137776599718],[-89.758207408119,30.137751057127],[-89.758222124717,30.137720571591],[-89.758232885473,30.137691455238],[-89.758203200368,30.137617599275],[-89.758162199,30.13758960033],[-89.758038200712,30.137581600115],[-89.757957200533,30.137590599941],[-89.757822201747,30.137593597974],[-89.757750200633,30.137537600218],[-89.757585872277,30.137652337882],[-89.757653342627,30.13777261235],[-89.757663200023,30.137788599598],[-89.757566200756,30.137837600633],[-89.757478187721,30.137761036298],[-89.757476276389,30.137820825948],[-89.757475109676,30.137837677413],[-89.757467093326,30.137874978146],[-89.757460783465,30.137902252121],[-89.757284198934,30.137956600786],[-89.757171198763,30.137998599372],[-89.757120199732,30.138070601025],[-89.757109707193,30.138118161287],[-89.757105199442,30.138138599817],[-89.757053199144,30.138175600069],[-89.756975201189,30.138176600073],[-89.756929539918,30.138190924684],[-89.75695619797,30.138237599144],[-89.756985683959,30.138289690209],[-89.756981874514,30.138337547558],[-89.75698020019,30.138358600062],[-89.756844476648,30.138489476999],[-89.756888356467,30.138569155262],[-89.756898200522,30.138584601028],[-89.756805198824,30.138636600487],[-89.756746200679,30.138566600052],[-89.756650200979,30.138646600407],[-89.756545200945,30.13871660006],[-89.756431199837,30.138743600671],[-89.756301198995,30.138486599672],[-89.756242199164,30.138423600103],[-89.756012483788,30.138594644044],[-89.756062200293,30.138819601183],[-89.756128784629,30.138943256464],[-89.756104200603,30.138982599204],[-89.756034950341,30.13900334936],[-89.756121197077,30.139166600615],[-89.756134509092,30.139258090868],[-89.756137200298,30.139276600815],[-89.756069199114,30.139335599724],[-89.756004579365,30.139325349476],[-89.755986482175,30.139312702037],[-89.755867198501,30.139179601302],[-89.755449200279,30.139373600375],[-89.755448198903,30.139497600889],[-89.755467199102,30.139604601036],[-89.755506199355,30.139681599644],[-89.75551820744,30.139744036931],[-89.75552119975,30.13975960108],[-89.755478199609,30.139831600505],[-89.755397199009,30.139883602876],[-89.755337447287,30.139876959972],[-89.755320974987,30.139864357942],[-89.755263199201,30.139786600544],[-89.755236200164,30.139705598959],[-89.755233277922,30.13968661261],[-89.755224199895,30.139627600841],[-89.755131199427,30.139593600261],[-89.755058198687,30.139609600873],[-89.755021106442,30.13961619417],[-89.755389813135,30.140063386828],[-89.755366200367,30.140101601453],[-89.755225200439,30.140114600175],[-89.755023198758,30.139905600781],[-89.754898199242,30.139979601126],[-89.754672200075,30.139806601426],[-89.754552199204,30.139797600041],[-89.754164031525,30.14004094449],[-89.754365198752,30.140297179524],[-89.754376199961,30.140310600371],[-89.754235197678,30.140406602246],[-89.75416419848,30.140357601601],[-89.754069176342,30.140434569462],[-89.754127518735,30.140524677601],[-89.754124409003,30.140544815974],[-89.754121197686,30.140565601164],[-89.754081199259,30.140591600563],[-89.754027199232,30.140585599909],[-89.753977198981,30.140568601017],[-89.753868198091,30.140474600834],[-89.753805200026,30.140422600186],[-89.753766128316,30.140465303877],[-89.753783197711,30.140504600192],[-89.753833198924,30.140539600487],[-89.753851199181,30.140595600171],[-89.753887197497,30.14070160053],[-89.754073071968,30.141014431163],[-89.754036199398,30.141047600232],[-89.753935198594,30.141031600927],[-89.753859198214,30.140948601009],[-89.753806197855,30.140977600586],[-89.753748198981,30.140921601601],[-89.753543199373,30.141079600636],[-89.75347719817,30.141084600288],[-89.753383199101,30.141089600702],[-89.753342818229,30.141141250339],[-89.75335819991,30.141197602207],[-89.753491364097,30.141362206086],[-89.753502198651,30.141375601423],[-89.753401199496,30.141445601308],[-89.753342198872,30.141357600674],[-89.753224197908,30.141424601598],[-89.753111199289,30.141330600763],[-89.753062926423,30.141342423285],[-89.753068198754,30.141399600359],[-89.753140409559,30.141615307086],[-89.753146199566,30.141632600936],[-89.752993197216,30.141728601273],[-89.752853197918,30.141538600297],[-89.752835198113,30.141489601606],[-89.752789198396,30.141461601632],[-89.75273219862,30.14147060196],[-89.75243919938,30.141693599239],[-89.752222197295,30.141562601226],[-89.75216919931,30.14156760077],[-89.752037197099,30.141630602065],[-89.751974198218,30.141696601571],[-89.751959919202,30.141775924902],[-89.751957040017,30.141791920302],[-89.751977375251,30.141981338565],[-89.751944197416,30.142102601006],[-89.751856199416,30.142168601889],[-89.751768198423,30.142277601324],[-89.751717196445,30.142338602779],[-89.751648197614,30.142372601923],[-89.751586197416,30.142366600746],[-89.751506198458,30.14228960099],[-89.751143197947,30.142550601919],[-89.751046198387,30.142470601557],[-89.750978196978,30.142510601441],[-89.750952466118,30.14260363474],[-89.750952728809,30.142626698867],[-89.750949517451,30.142648549485],[-89.750914195828,30.142711600926],[-89.750815198335,30.142841601508],[-89.750673196311,30.142983602547],[-89.75044519754,30.143031602089],[-89.75026619654,30.143077601177],[-89.750015196961,30.14319660111],[-89.749968197647,30.143279601259],[-89.749960455458,30.143351621777],[-89.749958197315,30.143372601354],[-89.74989619613,30.143484600395],[-89.749787003477,30.143623750865],[-89.749838612829,30.14371568555],[-89.749831175342,30.14376775867],[-89.74982819782,30.143788601474],[-89.749768197981,30.143839600245],[-89.749691196842,30.143851601476],[-89.749622196587,30.143818600976],[-89.749579069563,30.143805385699],[-89.749560197777,30.14379960213],[-89.749510218673,30.14385203765],[-89.749523677183,30.143881490192],[-89.749532623219,30.143895606588],[-89.749755196826,30.144085600608],[-89.749791943114,30.14417511118],[-89.749763196278,30.144245601791],[-89.749670195571,30.144286601715],[-89.749539195316,30.144292602196],[-89.749462197266,30.144315602474],[-89.749411442948,30.144395215588],[-89.749412752509,30.14445627985],[-89.749413197294,30.14447360257],[-89.749391649624,30.144565947664],[-89.74938730385,30.144584576302],[-89.749382547858,30.144604958254],[-89.749378198601,30.144623601985],[-89.749363920984,30.144636247492],[-89.74923819655,30.144747602377],[-89.74905319753,30.144868601592],[-89.748941197438,30.14492460147],[-89.748896773367,30.144941412059],[-89.748888147721,30.144962103888],[-89.748883932242,30.144983482144],[-89.748888984975,30.145005066475],[-89.748934265859,30.145040569254],[-89.748948693209,30.145051600099],[-89.748963917188,30.145062098259],[-89.749050197042,30.145121601536],[-89.749171197729,30.145228603104],[-89.749214909945,30.145297144717],[-89.74920830254,30.145338508466],[-89.74919586961,30.145358385796],[-89.749162196923,30.145396602162],[-89.749146611264,30.145438406441],[-89.749142618601,30.145456486142],[-89.749179196045,30.145519601829],[-89.749390296214,30.145662154381],[-89.749721197834,30.145885601697],[-89.749742860507,30.145918271824],[-89.749751884155,30.145939147716],[-89.749752681336,30.145971524796],[-89.749753199519,30.145992602652],[-89.749640944516,30.146151472389],[-89.749602694979,30.146152601669],[-89.74956119799,30.146122601128],[-89.749491197666,30.146070602023],[-89.749372196951,30.145963603163],[-89.749263346871,30.145876150425],[-89.749138196146,30.145775602484],[-89.749103429966,30.145810368937],[-89.749191196124,30.145913601217],[-89.749229851596,30.145943267303],[-89.749257133855,30.145983692902],[-89.749271059573,30.146014201262],[-89.749215196749,30.146122600758],[-89.749071196553,30.146424602713],[-89.748721197191,30.146940601795],[-89.748639195092,30.147106602738],[-89.74854619695,30.147215602074],[-89.748430306018,30.147280364097],[-89.748308196025,30.147348601529],[-89.748220195785,30.147439602746],[-89.748182195424,30.147543602358],[-89.748136197725,30.147643602117],[-89.748106196652,30.147733603258],[-89.747996197976,30.147842601779],[-89.747684195841,30.148140602448],[-89.747439195131,30.14846260201],[-89.747391195824,30.14850360204],[-89.747293196847,30.148508602526],[-89.747231194862,30.148488603967],[-89.747168196528,30.148447602901],[-89.747124195604,30.1484286023],[-89.747160194499,30.148511602042],[-89.747184800146,30.148558160784],[-89.747192698064,30.148573103885],[-89.747193577026,30.148588840256],[-89.747195020849,30.148614592027],[-89.74719619674,30.148635601945],[-89.747137195796,30.148732602686],[-89.747100194757,30.148882603564],[-89.747059195458,30.149015602574],[-89.747050638848,30.149083198458],[-89.747069195389,30.149168603009],[-89.74712419611,30.149224603078],[-89.747150018492,30.149308764293],[-89.747136899681,30.149381941521],[-89.747133196678,30.149402603218],[-89.747060195411,30.149581602577],[-89.747029671581,30.149641240831],[-89.746887196049,30.149919603018],[-89.746692554052,30.150209458052],[-89.746564196328,30.150400602521],[-89.746413196355,30.150645602837],[-89.746278195898,30.1507876028],[-89.746173195561,30.150842604681],[-89.745969195416,30.150893604045],[-89.745769195145,30.150918603056],[-89.745708194016,30.150934602086],[-89.745672489857,30.15096733269],[-89.74567419481,30.151041603295],[-89.745712194872,30.151094603973],[-89.745772197858,30.151164604205],[-89.745827195726,30.151220603874],[-89.745852653762,30.151272501684],[-89.74584017608,30.151359756821],[-89.745837196428,30.151380603012],[-89.745737196026,30.151595602957],[-89.745729251168,30.151649769193],[-89.745726194929,30.151670602842],[-89.745489195949,30.1519676031],[-89.745381194671,30.152155603733],[-89.745267194219,30.152460604491],[-89.745229439805,30.152570938129],[-89.74522998219,30.152587253362],[-89.745232477435,30.152662403088],[-89.745278140706,30.152869360759],[-89.745276709217,30.15293047135],[-89.74527619479,30.152951603472],[-89.745250195721,30.15304760339],[-89.745108194165,30.153332604323],[-89.744904196264,30.153671605687],[-89.744860736448,30.15375777183],[-89.74484619549,30.153786603395],[-89.744792550695,30.153802629395],[-89.744769196259,30.153809603793],[-89.744694092178,30.153797697121],[-89.744633194532,30.153769604137],[-89.744582193423,30.153706603891],[-89.744563195242,30.153639604573],[-89.74454119452,30.153586603318],[-89.744483194332,30.153555603862],[-89.74442619399,30.153499603998],[-89.744319193895,30.153480603599],[-89.744266194546,30.153474603004],[-89.744166193976,30.153412603595],[-89.744085220333,30.15339451862],[-89.74405445193,30.15339012843],[-89.743984195334,30.153387603385],[-89.743919194973,30.153396600859],[-89.743832195157,30.153373604488],[-89.743746194654,30.153360603186],[-89.743681193945,30.153401603523],[-89.743614193901,30.153466603388],[-89.743567192992,30.15355360449],[-89.74355918291,30.153602397928],[-89.743556194045,30.15362060307],[-89.743594192978,30.153662604488],[-89.743660196041,30.153657602497],[-89.743721194994,30.153649604459],[-89.743755194769,30.153684604025],[-89.743767637837,30.15374148715],[-89.74374619534,30.153794603666],[-89.743673194405,30.153821603361],[-89.743624195493,30.153843603433],[-89.743611193178,30.153893604409],[-89.74360720789,30.153976492892],[-89.743606194021,30.153997603674],[-89.743592063114,30.154072968847],[-89.743588194553,30.154093604855],[-89.743580634159,30.154195250033],[-89.743579193671,30.154214603588],[-89.74366019545,30.154345604181],[-89.743760697542,30.154493882081],[-89.74377169368,30.15451010405],[-89.74374819576,30.154546603723],[-89.743679915198,30.154618798901],[-89.743740195199,30.154642603845],[-89.743904195429,30.154628604188],[-89.744032194705,30.154643604811],[-89.744047254415,30.154677270705],[-89.744054559136,30.154693598106],[-89.743855195353,30.154793604225],[-89.743839185035,30.154885377242],[-89.743849707569,30.154903638966],[-89.743894523204,30.154968852738],[-89.743925621929,30.155014102717],[-89.743914882054,30.155035021452],[-89.743899695351,30.155064603863],[-89.743880917129,30.155073386233],[-89.743799195085,30.155111604714],[-89.743698193137,30.155177604983],[-89.743681735253,30.15528849446],[-89.743679194619,30.155305604299],[-89.743731193549,30.155400604384],[-89.743864193741,30.155480604365],[-89.743869509344,30.155536410831],[-89.743829295833,30.155705202373],[-89.743829194557,30.155831998627],[-89.743829195655,30.155850605365],[-89.743821980008,30.155904716183],[-89.74381919536,30.155925605323],[-89.743715195348,30.156081604747],[-89.74367524784,30.15624821686],[-89.743710195884,30.156504605253],[-89.743857196533,30.156633603441],[-89.74387031484,30.156703885443],[-89.743860489497,30.156765841324],[-89.743857196055,30.156786605175],[-89.743813195123,30.156812603925],[-89.743744193508,30.15683160217],[-89.743722835074,30.156888252871],[-89.743736194986,30.156985604661],[-89.743757790699,30.157054316344],[-89.743743671657,30.157173663507],[-89.743741193372,30.157194604205],[-89.743728316231,30.157309649055],[-89.743726194707,30.15732860367],[-89.743789194509,30.157405605138],[-89.743832194229,30.157479604737],[-89.743874193483,30.157520605815],[-89.744018192391,30.157525604997],[-89.744118196337,30.157519605108],[-89.744174194842,30.157585605951],[-89.744184195675,30.157667604666],[-89.744215889051,30.158087327328],[-89.744217195493,30.158104604445],[-89.744174196131,30.158205605094],[-89.744149193356,30.158312604057],[-89.74412919449,30.158348605456],[-89.744080194811,30.158342604278],[-89.744001195309,30.158312604683],[-89.743898196305,30.158307605351],[-89.743804194531,30.158316604318],[-89.743731194345,30.158349604789],[-89.74365093387,30.158405861969],[-89.743627694559,30.158517604176],[-89.743547195407,30.158485606054],[-89.743444028226,30.15846792988],[-89.743422546545,30.158464382119],[-89.743371194906,30.158458604878],[-89.743330828026,30.158469392316],[-89.743313194016,30.15847410415],[-89.743261434687,30.158581366726],[-89.743273812134,30.158614287533],[-89.743288819723,30.158628866363],[-89.743305282825,30.158637604409],[-89.743325043408,30.158648090297],[-89.743355694468,30.158664355343],[-89.743379193314,30.158806604489],[-89.74340019523,30.158876604579],[-89.743409194853,30.158934604584],[-89.743434195129,30.15899460381],[-89.743457191928,30.159029605185],[-89.743503195381,30.15904660654],[-89.743597194729,30.159074604697],[-89.743671169565,30.159105459498],[-89.743690695658,30.159113603814],[-89.743710510218,30.159116302294],[-89.743786195105,30.159126605013],[-89.743836194489,30.15913360641],[-89.743895194876,30.159171604981],[-89.743938195065,30.1591876055],[-89.743980195359,30.159219605897],[-89.744015194928,30.159283604219],[-89.744130194421,30.159528605694],[-89.744147195101,30.159592605281],[-89.744149193543,30.159654605269],[-89.744148195613,30.159735606173],[-89.744158196306,30.159834604681],[-89.744164194191,30.159936605372],[-89.744188193973,30.160091606093],[-89.744216194644,30.160153605468],[-89.744292195466,30.160226603906],[-89.744342195177,30.160290605131],[-89.744363196991,30.160339605784],[-89.744370193767,30.160434604368],[-89.744420195422,30.160645604895],[-89.744431194053,30.160766606214],[-89.744461195164,30.160919605891],[-89.744490195926,30.161055604411],[-89.744498266799,30.161094815164],[-89.744506154052,30.1611100703],[-89.744546872782,30.1611359072],[-89.744585070594,30.161183560396],[-89.744574696234,30.161245106268],[-89.744578781237,30.161260299394],[-89.744594195885,30.161317605167],[-89.744631195162,30.161362605669],[-89.744682195493,30.161383606022],[-89.744745194224,30.16141760576],[-89.74478419335,30.161446605878],[-89.744807194422,30.161489605352],[-89.744841484096,30.161532840958],[-89.744853193913,30.161547603386],[-89.744873191571,30.161552784079],[-89.744915833868,30.161563831359],[-89.744936192399,30.161569104566],[-89.744999002768,30.161600019097],[-89.745057523669,30.16159979649],[-89.745074445422,30.161576495541],[-89.745085696034,30.161558606386],[-89.745100615204,30.161548565602],[-89.745191196998,30.161487605952],[-89.745238196872,30.161478605552],[-89.74528858779,30.161486523302],[-89.745308195224,30.161489605008],[-89.745323776792,30.161499620668],[-89.7453641956,30.161525605232],[-89.745407195742,30.16158660576],[-89.745425196367,30.161636606543],[-89.745486696215,30.161697105408],[-89.745508208299,30.161697245303],[-89.745563195782,30.161697605249],[-89.745675195625,30.161689605785],[-89.745826720998,30.161694281169],[-89.74585217521,30.161726718671],[-89.745850100091,30.161749616605],[-89.745848196559,30.161770606656],[-89.745815599549,30.161798295151],[-89.745801695678,30.161810105773],[-89.745791082131,30.161823207366],[-89.74574619672,30.161878606023],[-89.74574077078,30.161922677571],[-89.745738469711,30.161941376595],[-89.745736631275,30.162001521396],[-89.745735872707,30.162026307289],[-89.745727894508,30.162041547148],[-89.745709180333,30.162065332069],[-89.745700653001,30.162082517856],[-89.74571005229,30.162130911991],[-89.745722468844,30.162146952333],[-89.745745242591,30.16217637491],[-89.745735195324,30.162219604975],[-89.745684198019,30.162364605252],[-89.745682923047,30.162398988177],[-89.745682196038,30.162418605686],[-89.745691195175,30.1624676066],[-89.745714197079,30.162521605895],[-89.745751195919,30.16257060565],[-89.745815580478,30.162647227386],[-89.745854729348,30.162655540906],[-89.745877084466,30.162648715841],[-89.745925566437,30.16262291925],[-89.745979228542,30.162642300956],[-89.745996196017,30.162649605746],[-89.746013725366,30.162654101477],[-89.746074197173,30.162669606003],[-89.746163196173,30.162703605965],[-89.746203196385,30.162739605412],[-89.746254812184,30.162832071613],[-89.74624119599,30.162880606505],[-89.7461991945,30.162916605951],[-89.746164196414,30.162948606311],[-89.746117196235,30.162965604998],[-89.746048195852,30.162967605727],[-89.745990196001,30.162953606004],[-89.74594719617,30.162928606271],[-89.745857769162,30.162972052872],[-89.745841195182,30.162980106141],[-89.745829289153,30.16299279776],[-89.745803196886,30.163020606098],[-89.745800461825,30.163049996632],[-89.745806196511,30.163138604987],[-89.745823195798,30.163241605817],[-89.745894194439,30.163412604442],[-89.745935694595,30.163446105753],[-89.745955236246,30.163446377081],[-89.746043195529,30.163447605589],[-89.74610019533,30.163467105909],[-89.74610380775,30.163484749189],[-89.746108935404,30.163509786328],[-89.74611309329,30.163530084089],[-89.746260196058,30.163606606167],[-89.746308196548,30.163603605636],[-89.74645519593,30.163496605712],[-89.746504195937,30.163468605643],[-89.746556195881,30.163448605644],[-89.746601547737,30.163441887525],[-89.746665197797,30.163475605506],[-89.746672520237,30.163519561721],[-89.746667518803,30.163564646346],[-89.746665196458,30.163585604079],[-89.746640196866,30.163621605313],[-89.746612196734,30.163659604994],[-89.746604124647,30.163701986446],[-89.746600196245,30.163722605764],[-89.746563195865,30.163795605377],[-89.746493196366,30.163848606077],[-89.746451196296,30.163876604846],[-89.746418196469,30.163912607087],[-89.746377308292,30.163980419963],[-89.746377196453,30.164029574806],[-89.746377196305,30.164048607236],[-89.746360521302,30.164152831222],[-89.74635719575,30.164173606507],[-89.746352108702,30.164229579011],[-89.746350618333,30.164245961782],[-89.74635219583,30.164331603914],[-89.746370599838,30.164384695186],[-89.746434196302,30.164444607006],[-89.746476196968,30.164466606064],[-89.746528877929,30.164559285393],[-89.746514608466,30.164604106764],[-89.746509293665,30.164619472698],[-89.746505755472,30.164634820412],[-89.746501195594,30.164654606334],[-89.746529195862,30.16469960637],[-89.746566195931,30.164742606046],[-89.746617195868,30.164793606334],[-89.746657501556,30.16482354012],[-89.746679622498,30.164839965175],[-89.746654606003,30.164892577052],[-89.746753704175,30.165020896104],[-89.746767327043,30.165038536075],[-89.746874196556,30.164982604383],[-89.747045197535,30.164931607908],[-89.747102139029,30.164947739146],[-89.747152197425,30.164981606296],[-89.747198196327,30.165081605921],[-89.747208316415,30.165107245311],[-89.747243196741,30.165195605903],[-89.747246295013,30.165255241576],[-89.747245566538,30.165277575616],[-89.747225197087,30.165339606846],[-89.747151196707,30.16535660603],[-89.747051198019,30.165361604992],[-89.746761196273,30.165379606131],[-89.746554196721,30.165408605938],[-89.74633660613,30.165468481],[-89.746246095458,30.165461353118],[-89.746213396014,30.165531103157],[-89.746202654906,30.165554015047],[-89.746313579484,30.165555111794],[-89.746305821727,30.165569204175],[-89.746252195476,30.165666606576],[-89.746202853068,30.165775160461],[-89.746210195401,30.165879605885],[-89.746221197036,30.165937606277],[-89.746271193443,30.166002605405],[-89.746286194975,30.166056607523],[-89.746283860786,30.166164743699],[-89.746263256974,30.166269052172],[-89.746259196564,30.166289606523],[-89.746209195212,30.16643660645],[-89.746162195839,30.166491607184],[-89.746124341675,30.166490883508],[-89.746103326526,30.166486557045],[-89.746056196719,30.166456606964],[-89.746025195805,30.166390606707],[-89.745994196333,30.166303607064],[-89.745960196401,30.166258605109],[-89.745921197176,30.166238606014],[-89.745854195595,30.166231606523],[-89.745758196015,30.166246606142],[-89.745649195424,30.166261606149],[-89.745569195177,30.16630460568],[-89.745436196621,30.166336605879],[-89.745322195165,30.166371606365],[-89.745237195575,30.166410606267],[-89.745195196211,30.166457606448],[-89.745174435654,30.166528378781],[-89.745185196182,30.166603607071],[-89.745200195684,30.166714605536],[-89.745250197111,30.166784606311],[-89.745265918772,30.166853396431],[-89.745260818706,30.166915293566],[-89.745259195433,30.166933607369],[-89.74528919604,30.166999606492],[-89.745334196511,30.167065606899],[-89.745393196986,30.167117607205],[-89.745461195282,30.16717060639],[-89.745529196386,30.167210606241],[-89.745577236881,30.167230533732],[-89.745596696382,30.167238606705],[-89.745616975545,30.167244625949],[-89.745674195244,30.16726160734],[-89.745817196277,30.167254607142],[-89.745869196413,30.167211607778],[-89.745978196717,30.167163606772],[-89.746041396394,30.167156736538],[-89.746065196113,30.167215607297],[-89.74606719545,30.167290607366],[-89.74613819532,30.167413607263],[-89.746285197474,30.167647606234],[-89.746305689222,30.167712014732],[-89.746301223178,30.167742777451],[-89.746298197623,30.167763606844],[-89.746262196762,30.167830606921],[-89.746245469567,30.167894474548],[-89.746240196863,30.167914606511],[-89.746219432065,30.16810962195],[-89.74621719841,30.16813060695],[-89.746180194989,30.168181606607],[-89.746119196073,30.168207607275],[-89.746067195735,30.168233606934],[-89.746029197216,30.168259606506],[-89.746003705829,30.168325387672],[-89.746007195942,30.168408606897],[-89.74600819524,30.1685876073],[-89.746032196088,30.16862060642],[-89.746058196429,30.168682606344],[-89.746058196217,30.16882530888],[-89.746058196016,30.168844607579],[-89.746032987139,30.168981949683],[-89.746029195968,30.169002605642],[-89.745987195797,30.169069608221],[-89.745956196876,30.169145606726],[-89.74595092382,30.169247541841],[-89.745955090074,30.169350679489],[-89.745950146139,30.169460492252],[-89.74594919591,30.169481609203],[-89.745909195558,30.169590607486],[-89.745872195742,30.169649606976],[-89.745835197702,30.169683606802],[-89.745833462033,30.169727862808],[-89.745832195012,30.169760105625],[-89.745841531499,30.169774924364],[-89.745871491841,30.169822489508],[-89.745855533076,30.169965644062],[-89.74585319574,30.169986607209],[-89.745734195989,30.170275606696],[-89.745649011633,30.170635279584],[-89.745644196573,30.170655606576],[-89.745558415821,30.171209808462],[-89.745555196451,30.171230606628],[-89.745525611511,30.171508322868],[-89.745545834252,30.171774338724],[-89.745529897512,30.171971463683],[-89.745528196208,30.171991607102],[-89.745489543473,30.172053001983],[-89.745472000806,30.17206941971],[-89.745441194873,30.17209260771],[-89.745425196582,30.172133607916],[-89.745422876952,30.172151699478],[-89.745420811953,30.172167821681],[-89.745424195859,30.172224607108],[-89.745436828704,30.172275981391],[-89.74544200295,30.172297023002],[-89.74544304236,30.17232429818],[-89.745443137648,30.172347940274],[-89.745439880262,30.172367803419],[-89.745422303833,30.172397979664],[-89.745411445921,30.172426924906],[-89.745404196068,30.172453606593],[-89.745408543014,30.172582624093],[-89.745407160111,30.172605586277],[-89.745369180829,30.17267355647],[-89.745342021888,30.172716842087],[-89.745334664403,30.172738027067],[-89.745336047555,30.172754176533],[-89.745340196169,30.172796607675],[-89.74535619599,30.172856607051],[-89.745347075971,30.172922736896],[-89.745344197035,30.17294360955],[-89.745321652814,30.173047149918],[-89.745317197856,30.173067608474],[-89.74525019631,30.173250607661],[-89.745196195497,30.173366606935],[-89.745156195422,30.173448607685],[-89.74510519611,30.173518608844],[-89.745055196444,30.173564608489],[-89.745005195706,30.173593608322],[-89.744922793544,30.173621920081],[-89.744901517439,30.17363149637],[-89.744835195926,30.1736786093],[-89.744774193092,30.173743607083],[-89.74470419491,30.173791608631],[-89.744515193534,30.173836608307],[-89.744453196429,30.173869608187],[-89.744416196972,30.173923608164],[-89.744382196217,30.173962607753],[-89.744322196682,30.173990607034],[-89.744228280952,30.173988937703],[-89.744203162764,30.173983812643],[-89.744155196838,30.173948608162],[-89.744095195623,30.173919607452],[-89.743996035041,30.173910054216],[-89.743976222565,30.17391121481],[-89.743903195417,30.173917608374],[-89.743849195438,30.173938609151],[-89.743789195844,30.173934607275],[-89.743737194052,30.173901606787],[-89.74368619523,30.173876608564],[-89.743632921105,30.173866853834],[-89.743615195318,30.173863607862],[-89.743598560584,30.173870152336],[-89.743553795166,30.173887759109],[-89.743534913407,30.173897473164],[-89.743491194863,30.173933608906],[-89.74346129895,30.173980114668],[-89.74345069606,30.173996608576],[-89.74344717856,30.174015176347],[-89.74344210831,30.174041943866],[-89.743438194735,30.174062608118],[-89.743434892865,30.17410355646],[-89.743433196456,30.174124607536],[-89.743409919444,30.174176428713],[-89.743394837847,30.174193770793],[-89.743347194704,30.174234607635],[-89.743320993005,30.174254403179],[-89.743308506965,30.174266258611],[-89.743286194317,30.174318609183],[-89.743206195358,30.174478608195],[-89.743173194329,30.174521607325],[-89.743170316651,30.174542166843],[-89.74316670745,30.17456795493],[-89.743163563974,30.174590393204],[-89.743168140283,30.174605475037],[-89.743178195497,30.174638608664],[-89.743196084447,30.174676364156],[-89.743207694203,30.174700858938],[-89.743108195293,30.174810608661],[-89.743027196268,30.174809608333],[-89.742961195657,30.174765607555],[-89.742907194637,30.174675607937],[-89.742847194297,30.174446607645],[-89.742794195576,30.174338608105],[-89.742762584655,30.174248771098],[-89.742756194653,30.174230608856],[-89.742743257525,30.174216810224],[-89.742696196213,30.174166609354],[-89.742530196135,30.174069608868],[-89.74249519374,30.174004608924],[-89.742476194746,30.17394660757],[-89.742455194597,30.173906609342],[-89.742413194593,30.173869606723]]]]},"properties":{":id":"row-zhp3.5px4_jnh6",":version":"rv-hrkb.m4gu_jsjm",":created_at":"2026-01-29T03:48:31.362Z",":updated_at":"2026-01-29T03:48:31.362Z","objectid":"401","districtid":"E","name":"Council District E","repname":"Jason Hughes","authority":"28968 M.C.S. (as amended)","lastupdate":"2026-01-12T00:00:00.000Z","shape_starea":"3661271052.4588594","shape_stlength":"594223.22091283137"}},
{"type":"Feature","geometry":{"type":"MultiPolygon","coordinates":[[[[-90.117425567639,30.029545176271],[-90.11737688552,30.029529149084],[-90.11728737022,30.029511564749],[-90.117154368995,30.029498566149],[-90.117105370047,30.029489565256],[-90.117078300874,30.029480808252],[-90.116997399614,30.029431540742],[-90.116882794967,30.029317377093],[-90.116682648088,30.029203531636],[-90.116608369113,30.02917156644],[-90.116532369696,30.029158565355],[-90.116297370125,30.029126566402],[-90.116091369318,30.029106566697],[-90.115920370072,30.029074566948],[-90.115777370484,30.029044566123],[-90.115657368659,30.029033567251],[-90.115541369465,30.029019566872],[-90.115240369724,30.029015564855],[-90.114843369739,30.029025565874],[-90.114424366393,30.02906756668],[-90.114199368794,30.029076566551],[-90.114139630365,30.029073590174],[-90.114114872034,30.029072355827],[-90.114082825212,30.029062834049],[-90.113957368412,30.029025565711],[-90.113856502214,30.029010990306],[-90.113784368122,30.029000564823],[-90.113721369784,30.028999565488],[-90.113664098612,30.029001548464],[-90.113578583674,30.028996252622],[-90.113591415118,30.02879745761],[-90.114055698464,30.021603855722],[-90.11406014615,30.021534944331],[-90.114147589427,30.020179974999],[-90.114155627129,30.020055426407],[-90.113946112025,30.02016431165],[-90.113854675848,30.020173377834],[-90.113762925584,30.020178343635],[-90.113671045018,30.020179199105],[-90.113579218199,30.02017594253],[-90.113570627526,30.020175427179],[-90.113512755316,30.020171539366],[-90.113183627909,30.020149426914],[-90.113175570642,30.02014870634],[-90.112143627491,30.020056427214],[-90.111756383133,30.020023212679],[-90.110802416418,30.01994138576],[-90.110709627502,30.019933426588],[-90.110562882186,30.019920250268],[-90.108590714613,30.019743151714],[-90.10859046916,30.019743129543],[-90.108213285639,30.019709749108],[-90.107662363981,30.019660989915],[-90.107065162929,30.019608176795],[-90.107065019094,30.019608163663],[-90.106478297322,30.019555507773],[-90.106283044877,30.019537984446],[-90.106060907938,30.019518148614],[-90.105634746049,30.019480093688],[-90.105052465336,30.019428094284],[-90.104535724127,30.019381946039],[-90.104115624807,30.019344427283],[-90.10404562278,30.019338318891],[-90.103040342773,30.019250598289],[-90.102545624702,30.019207426816],[-90.102034792771,30.019161555759],[-90.101060422214,30.019074055016],[-90.100922619611,30.019061679721],[-90.099805896429,30.018961385215],[-90.099804773785,30.018961287227],[-90.099087130611,30.018898449724],[-90.09883562424,30.018876426298],[-90.098694623459,30.018865427014],[-90.098348605764,30.018845859137],[-90.097303623001,30.018775426552],[-90.096638623105,30.018730427614],[-90.096631204846,30.0187296983],[-90.095994656221,30.018667142683],[-90.09588562274,30.018656427411],[-90.094865622195,30.018573426631],[-90.09379362215,30.018468426777],[-90.093681150856,30.018458895216],[-90.093387442472,30.018438527654],[-90.093093355675,30.01842465654],[-90.092799034139,30.018417288651],[-90.092504621655,30.018416427587],[-90.09233570748,30.018420436864],[-90.092166977233,30.018429278622],[-90.091998569139,30.018442945619],[-90.091830621159,30.018461426659],[-90.091574977567,30.018486020183],[-90.091350842638,30.018512894195],[-90.091127354458,30.018544701626],[-90.090904621605,30.018581427023],[-90.090256621156,30.018730427453],[-90.090027779589,30.018793113704],[-90.089953621426,30.018813427749],[-90.089858206101,30.018842867479],[-90.08922762067,30.019037427721],[-90.088436987904,30.019383111939],[-90.088319620855,30.019434427392],[-90.087381186773,30.01986842961],[-90.086667620566,30.020198428279],[-90.086218620366,30.020371428],[-90.086002128608,30.020435516267],[-90.085941620622,30.020453428462],[-90.08539896591,30.020586547059],[-90.085301620117,30.020610427264],[-90.084604182169,30.0207013175],[-90.084549620153,30.020708428318],[-90.084041361326,30.020736455943],[-90.083651077893,30.020757976592],[-90.083606619499,30.020760428154],[-90.083105620245,30.020783428048],[-90.083163249584,30.020688474397],[-90.083298619608,30.020465427651],[-90.083399619703,30.020363427194],[-90.083580620245,30.020019426888],[-90.083987619402,30.019232427411],[-90.08408261984,30.019000428337],[-90.084177619392,30.018401427663],[-90.084203619294,30.017577426535],[-90.084220619636,30.017023427047],[-90.084294619256,30.016550426575],[-90.084488619271,30.015787426185],[-90.084410619732,30.01514342786],[-90.084514619864,30.014289426681],[-90.084566619564,30.013248426326],[-90.084523619714,30.012859425395],[-90.084644620219,30.012537426198],[-90.084854619773,30.012249425535],[-90.085137619956,30.011541426193],[-90.085046620168,30.011265425317],[-90.085074949705,30.011120631549],[-90.085091620193,30.011035425255],[-90.085106006686,30.010961159167],[-90.085128619989,30.010844426002],[-90.085137620231,30.010522425509],[-90.085033620154,30.010305425593],[-90.085102619179,30.009983425281],[-90.085223619549,30.00945942468],[-90.085266619236,30.009054426448],[-90.085258619493,30.008021424572],[-90.085292619312,30.007564425168],[-90.085275619417,30.007414425158],[-90.08517161916,30.007062424231],[-90.08532762013,30.006912424128],[-90.085320008138,30.006695064082],[-90.085318619729,30.00665542528],[-90.085317392125,30.006616752649],[-90.085310619259,30.00640342545],[-90.084817619333,30.006261424078],[-90.084869620089,30.006028424432],[-90.085050619459,30.005646424837],[-90.085171619392,30.005332424715],[-90.085223619562,30.004913424159],[-90.085450619988,30.004402423933],[-90.085483619941,30.004179423634],[-90.08542261919,30.003924423926],[-90.085068619404,30.003564424635],[-90.084778619206,30.003149423969],[-90.084403619335,30.002725423189],[-90.083943619661,30.002478424332],[-90.083632618789,30.002269424161],[-90.083364618273,30.001954423627],[-90.083208618223,30.001700423422],[-90.083113618775,30.001288423408],[-90.082966619023,30.000823423807],[-90.083081060803,30.000633332825],[-90.083200618877,30.000546423272],[-90.083399618771,30.000426422718],[-90.083658618622,30.000314423152],[-90.083892618765,30.000127423279],[-90.084151619181,30.000127422673],[-90.084506619189,30.000127422892],[-90.084713618979,29.999992423755],[-90.084877619245,29.999842424138],[-90.085119619365,29.999760423453],[-90.08531861874,29.999595423742],[-90.085307631131,29.999446659728],[-90.085303106315,29.999385396673],[-90.085299428779,29.999335602489],[-90.085292619346,29.999243423896],[-90.085388619224,29.999146423087],[-90.085310619779,29.997932422964],[-90.085206618849,29.997401422597],[-90.085007618549,29.996899422701],[-90.084955619257,29.996689422959],[-90.084964618823,29.996524422624],[-90.085011619342,29.996463422514],[-90.085102619288,29.996345423095],[-90.085465618925,29.995865421987],[-90.085716618988,29.995274422744],[-90.085872619527,29.99480942297],[-90.085941618589,29.994457421934],[-90.085984618982,29.994105421599],[-90.086062618964,29.993723421982],[-90.086036619335,29.993499422015],[-90.086144770763,29.99313286272],[-90.086167619219,29.993055421427],[-90.086205367274,29.992987915608],[-90.086206408366,29.992986054431],[-90.08630461879,29.992810421706],[-90.086347618655,29.992562421362],[-90.086457619973,29.99245142181],[-90.08653861949,29.991754421632],[-90.086745619054,29.991342421856],[-90.0870226187,29.990802420593],[-90.087100619233,29.990608420878],[-90.087108619644,29.990406420497],[-90.087307618937,29.989634421634],[-90.087296619383,29.989403420884],[-90.087322392326,29.989295174553],[-90.087331619773,29.989256421116],[-90.086947289626,29.989179551956],[-90.086947088157,29.989179511153],[-90.086070619318,29.989130420526],[-90.085970896879,29.989125550094],[-90.084127398336,29.989035505566],[-90.083281860494,29.988994196405],[-90.08239420109,29.988950824133],[-90.0807784879,29.988871861513],[-90.079995203469,29.988833574017],[-90.078543752381,29.988762614429],[-90.077093603387,29.988691702459],[-90.077093191216,29.988691680397],[-90.07568061664,29.988617421445],[-90.075484957823,29.98859699985],[-90.075289771807,29.988572467559],[-90.075095144945,29.988543835427],[-90.074901163345,29.988511116121],[-90.074879639996,29.988507225811],[-90.074698615723,29.988472421284],[-90.074763415603,29.988422163378],[-90.074826902411,29.988370256665],[-90.074927546188,29.988282052056],[-90.075017854595,29.988196121556],[-90.075104481015,29.988106480479],[-90.075187273121,29.988013286453],[-90.075266085329,29.987916703353],[-90.075340779052,29.987816901013],[-90.075963605279,29.986759870433],[-90.076193827523,29.986369142264],[-90.076325096589,29.985834312647],[-90.076325127335,29.985834183054],[-90.076459959297,29.985228114606],[-90.076708444896,29.984111097421],[-90.076828240841,29.983571668262],[-90.076958972665,29.982982990779],[-90.076959677986,29.98297981633],[-90.077208987729,29.981865014416],[-90.077209429791,29.981862997639],[-90.077318004936,29.981367661735],[-90.077318953822,29.981363332943],[-90.077444411121,29.980799265138],[-90.077444518932,29.980798778826],[-90.077536718928,29.98023251072],[-90.077536757448,29.980232261169],[-90.077579744404,29.979964684466],[-90.077644634086,29.979638593749],[-90.077701527808,29.979640776839],[-90.077803603471,29.979643514464],[-90.078155273977,29.979652945027],[-90.078240331695,29.979656835437],[-90.078330112452,29.97966094137],[-90.07974299178,29.979707421039],[-90.080969787898,29.979747968336],[-90.081514608204,29.9797673667],[-90.08200367577,29.979783264538],[-90.08319052496,29.979821294762],[-90.083288615216,29.979825746921],[-90.083475344498,29.979832662946],[-90.083699790895,29.979842771451],[-90.083783532133,29.979846542992],[-90.083355166218,29.979552982585],[-90.082424227069,29.978914997616],[-90.081447146574,29.978237302168],[-90.080471557782,29.977560625819],[-90.080471286607,29.977560439143],[-90.079498266717,29.976890832477],[-90.079498212212,29.976890794118],[-90.078340246645,29.976088175525],[-90.078264818712,29.976035893977],[-90.078291555085,29.976005205474],[-90.078511166882,29.975753121038],[-90.078795883223,29.975426304045],[-90.079497394944,29.974621050925],[-90.079903779946,29.974154559802],[-90.080104060119,29.973924655632],[-90.080163150372,29.973856824327],[-90.080370212233,29.973619134237],[-90.080854260496,29.973063478132],[-90.080931696686,29.973116918516],[-90.082082479701,29.97391108918],[-90.082189459623,29.973983538978],[-90.082295606441,29.974055424083],[-90.082482177755,29.974185897997],[-90.082664830247,29.974313630349],[-90.08302311193,29.974559846561],[-90.083831714424,29.973656434474],[-90.084181880446,29.973258347887],[-90.084397586902,29.973018454581],[-90.084576270384,29.972823448972],[-90.084809661589,29.972562644086],[-90.084966741715,29.972386899383],[-90.085015483065,29.972331796333],[-90.085122744122,29.972210534434],[-90.085368842587,29.971932311651],[-90.085449051088,29.971845268542],[-90.0856477655,29.971619922787],[-90.085810632711,29.971439829151],[-90.085845523125,29.971401248766],[-90.0861438811,29.97106615633],[-90.08646529045,29.970705875091],[-90.086557259741,29.970601654518],[-90.086598409502,29.970555023017],[-90.087034703124,29.970065157783],[-90.087342955505,29.970241916175],[-90.087486426266,29.970322789415],[-90.087678963237,29.970431319837],[-90.087886561265,29.970550995965],[-90.088767027059,29.971133780625],[-90.089457785727,29.971532431378],[-90.090409091896,29.972081439062],[-90.091354948418,29.972674289661],[-90.091607161505,29.972832370723],[-90.091798115309,29.97303539625],[-90.093174719609,29.974547418802],[-90.094721932398,29.97575779316],[-90.095291181455,29.975112832912],[-90.095384249918,29.975021412798],[-90.096085219355,29.97423331794],[-90.096143639036,29.974167636638],[-90.096187740611,29.974118052743],[-90.096715614609,29.973528785973],[-90.096790200195,29.97344172018],[-90.096999723329,29.973213109315],[-90.097476814669,29.972678476489],[-90.097544034142,29.972603206416],[-90.097626448852,29.972510921379],[-90.096794065351,29.971958920819],[-90.09686875255,29.971875185123],[-90.096932312935,29.971803924728],[-90.096955793329,29.971778028661],[-90.097221741461,29.971484716493],[-90.097556978966,29.971108962529],[-90.097630279176,29.971025145796],[-90.098354591553,29.970208769413],[-90.099072195153,29.969406701205],[-90.09910838794,29.969365980439],[-90.099114430362,29.969359181245],[-90.099155565336,29.969312898433],[-90.099972082732,29.969872280204],[-90.099972130043,29.969872312151],[-90.100906758447,29.970502858581],[-90.100907540498,29.970503385629],[-90.101837770031,29.971128398731],[-90.101848815106,29.97111592855],[-90.10187011147,29.971091885217],[-90.101917158034,29.971038769336],[-90.1020196417,29.970924226513],[-90.102538475276,29.970344339939],[-90.102609548762,29.970262226544],[-90.103189451989,29.969619659793],[-90.103333233712,29.969453035831],[-90.103616568597,29.969138709162],[-90.10376381247,29.968968846494],[-90.103980385011,29.968729996825],[-90.104036422495,29.968673453879],[-90.104063871471,29.968645757608],[-90.104127308172,29.96857269338],[-90.104417326186,29.968238658871],[-90.104475196736,29.968174665929],[-90.104561891753,29.968078799424],[-90.105504899564,29.967029000617],[-90.105698833365,29.966825405968],[-90.106016617519,29.966503404633],[-90.10607167037,29.966447621109],[-90.106090623497,29.966428416157],[-90.106143644026,29.966478624998],[-90.106750624315,29.967053416254],[-90.107616665513,29.967855783572],[-90.107669231468,29.967904484334],[-90.107716726902,29.967860345112],[-90.107864671929,29.967722854494],[-90.10793669046,29.967655925189],[-90.108385186664,29.967239116817],[-90.108579623443,29.967058415886],[-90.108824741731,29.966825449438],[-90.108970655926,29.966686767417],[-90.109780025295,29.965917507089],[-90.10996470714,29.965741974209],[-90.110122857962,29.965596760012],[-90.110559670341,29.965195676101],[-90.110559755167,29.965195599274],[-90.111028578976,29.96477151939],[-90.111326093364,29.964502396584],[-90.112068111445,29.963786893509],[-90.112822701814,29.963082848472],[-90.113571282624,29.962381229067],[-90.114328167752,29.961671811337],[-90.114903439606,29.961132607523],[-90.115059749338,29.960986096507],[-90.115422161609,29.960646400512],[-90.115836918931,29.960257636055],[-90.116584311922,29.959556198778],[-90.117336702199,29.95885005695],[-90.117336622343,29.958849992149],[-90.117260835963,29.958789206305],[-90.117075747375,29.958640750809],[-90.116590791216,29.958247530132],[-90.116477378154,29.958151666738],[-90.116451517916,29.958134485587],[-90.115717680546,29.957545751343],[-90.11520503245,29.95712962865],[-90.114908124984,29.956888623289],[-90.114164718442,29.95628209428],[-90.113798837791,29.95595650595],[-90.113628246859,29.955827657098],[-90.113847011231,29.955563976154],[-90.114065775673,29.955300293793],[-90.114131982877,29.955220492941],[-90.114189362132,29.955151146447],[-90.114071941012,29.954928099579],[-90.113744940578,29.954330387922],[-90.11374478989,29.954330083279],[-90.113672713272,29.954184102995],[-90.113608333673,29.954042283706],[-90.113691706188,29.953960878318],[-90.113846683283,29.95376427562],[-90.113882030851,29.953719434279],[-90.113844005891,29.953695535487],[-90.113412624425,29.953424412613],[-90.113408779555,29.953420425259],[-90.113376178252,29.953383677639],[-90.113346479702,29.953347447904],[-90.113320724178,29.953308316707],[-90.113291928487,29.953255651293],[-90.113269295612,29.953200058212],[-90.113253117989,29.95314225577],[-90.113243604645,29.953082990823],[-90.113240878501,29.95302302912],[-90.113242179674,29.952998030343],[-90.113241120132,29.952973020159],[-90.113241035922,29.952972105415],[-90.113240714567,29.952968816532],[-90.113240351728,29.95296553184],[-90.113239778592,29.952960966565],[-90.11323350401,29.95292903203],[-90.113223438589,29.95289808252],[-90.113209728115,29.952868566291],[-90.113207467341,29.952864417796],[-90.113205799404,29.952861454697],[-90.113201474104,29.952854132802],[-90.113199686024,29.952851243389],[-90.113176067673,29.952818594329],[-90.113148503788,29.952789200114],[-90.113117438459,29.952763534321],[-90.112756299803,29.952571821067],[-90.112704609775,29.95254438044],[-90.112654308048,29.952520243855],[-90.112434242466,29.952416948351],[-90.11221276612,29.952316713378],[-90.111989921572,29.952219558197],[-90.111925066639,29.952191961621],[-90.111866472412,29.952168258505],[-90.110846043702,29.951755460276],[-90.1108450993,29.951755078032],[-90.110440076872,29.951586486967],[-90.11021507105,29.951493309677],[-90.110235590732,29.951446598219],[-90.110240745981,29.951434861233],[-90.110277048784,29.951352220164],[-90.110311939629,29.951266693302],[-90.111449175299,29.948316553899],[-90.111678553541,29.947719098214],[-90.111972454099,29.946953573749],[-90.112003907372,29.946878727581],[-90.112180857256,29.94642116237],[-90.112221449399,29.946310355257],[-90.112235411835,29.946272241252],[-90.112291269448,29.946127044908],[-90.112810255068,29.944788268642],[-90.112830460019,29.944737087859],[-90.112847783814,29.944693204557],[-90.112850664949,29.944685907072],[-90.112862600182,29.944661709663],[-90.112877882324,29.944639474095],[-90.112896195417,29.944619660085],[-90.11291716084,29.944602677288],[-90.112927436066,29.944595527762],[-90.112965231735,29.944571988308],[-90.11300471642,29.944551407294],[-90.113045659,29.94453390519],[-90.113084240763,29.944520529267],[-90.113126247039,29.944507442403],[-90.113217177216,29.944479111323],[-90.113118302119,29.944171852608],[-90.112942550866,29.943766721905],[-90.112941656192,29.943764658463],[-90.112767624134,29.943466410236],[-90.112687958991,29.943376711107],[-90.112603774542,29.943291239196],[-90.112515294774,29.943210221916],[-90.112422755103,29.943133874825],[-90.112326401745,29.943062401059],[-90.112053480392,29.942899320468],[-90.112052337862,29.942898637721],[-90.111935135539,29.942839483327],[-90.11140762313,29.942569409381],[-90.1113580427,29.942540192183],[-90.110491277634,29.942029407798],[-90.109596988177,29.941502391212],[-90.109545572797,29.941472091806],[-90.109588930806,29.941308745397],[-90.109779288606,29.940591579574],[-90.110023220863,29.939683145908],[-90.110266290832,29.93877042639],[-90.110510907687,29.937856388062],[-90.11071182401,29.937103068199],[-90.110964824423,29.936154447751],[-90.111217131163,29.935213681494],[-90.111472064342,29.934267909887],[-90.111723963721,29.933317331504],[-90.111973641913,29.932375118148],[-90.111977668764,29.932359920479],[-90.112227585048,29.931425864953],[-90.112485826397,29.930460676125],[-90.112735239329,29.929515170089],[-90.112975915813,29.928630805712],[-90.11299964014,29.928543627874],[-90.113024242086,29.928450242743],[-90.113378697657,29.927104754238],[-90.113516854201,29.926580311774],[-90.113522240518,29.92655986409],[-90.113729009813,29.925798178126],[-90.113909153508,29.925118223191],[-90.114090436831,29.924433959502],[-90.114265597144,29.923772795423],[-90.114485613472,29.92294547383],[-90.114754718416,29.921938212234],[-90.115030678893,29.920875165593],[-90.115133209102,29.920480197586],[-90.115296332994,29.919897607345],[-90.115689087831,29.918444577027],[-90.11591426087,29.917582295644],[-90.115937650757,29.917492725963],[-90.116198792286,29.916448727206],[-90.116433523475,29.915647659248],[-90.120543563827,29.915533916549],[-90.120549403584,29.915513244475],[-90.120616711639,29.915293849411],[-90.122127877121,29.909664046619],[-90.122128317052,29.909664135502],[-90.122612525801,29.909761885091],[-90.122612564093,29.90976189266],[-90.122753684643,29.909790381167],[-90.122770109427,29.909793716358],[-90.123787266308,29.910000251893],[-90.124180420658,29.910083713294],[-90.125005285723,29.910258816129],[-90.126027271454,29.910502094116],[-90.126064482918,29.91051095179],[-90.12630282268,29.910567686223],[-90.126478467374,29.910609495866],[-90.128581491804,29.91119970149],[-90.128698148875,29.911232439221],[-90.129641421119,29.911620106555],[-90.130971528224,29.912165869143],[-90.132362153582,29.912856462145],[-90.132450890842,29.912900528694],[-90.132741703367,29.913044945154],[-90.132973425495,29.913159747432],[-90.134994215974,29.914397813288],[-90.136560459448,29.915763376864],[-90.137857294476,29.917765813515],[-90.137867580088,29.917792537132],[-90.13858718961,29.919662157923],[-90.138818629777,29.921044476592],[-90.138934537833,29.921734885059],[-90.138979190712,29.922165236472],[-90.139186026426,29.924159258166],[-90.139184682359,29.924433150945],[-90.139179770834,29.925433668417],[-90.139154867454,29.926445179176],[-90.139131103369,29.92744826274],[-90.139088379763,29.928712649642],[-90.139086245388,29.928775808543],[-90.13907807769,29.929017513718],[-90.1390109618,29.930227321549],[-90.138983686523,29.930718955478],[-90.138979823818,29.930781285729],[-90.138935467472,29.932406353298],[-90.13893005006,29.932454206864],[-90.138771186152,29.933877574058],[-90.138645119697,29.935710090054],[-90.138725428854,29.936630058866],[-90.138764883137,29.937090790563],[-90.138941904889,29.93859282927],[-90.138948986354,29.938652917676],[-90.139184127592,29.940648027197],[-90.139224297986,29.941453448031],[-90.139261593871,29.942210928193],[-90.139590914934,29.944818358934],[-90.139636697501,29.945180846395],[-90.139750022607,29.946077445705],[-90.139958162755,29.947725099706],[-90.139767184242,29.948059596919],[-90.137419618415,29.952171139077],[-90.13637492307,29.954000702521],[-90.135339298582,29.955814304023],[-90.132770940176,29.960311732591],[-90.130642301425,29.964038825889],[-90.129096168706,29.966745796147],[-90.129060993253,29.966807379273],[-90.128983169806,29.966943628777],[-90.128982341957,29.966945077412],[-90.127440885236,29.969643682637],[-90.12600014299,29.972165819475],[-90.125108298707,29.973726993446],[-90.124910363712,29.975977428753],[-90.123950534353,29.986888850134],[-90.123927848534,29.987146713482],[-90.123890915484,29.98756652587],[-90.123805885338,29.988533032659],[-90.123679091132,29.989974209826],[-90.123679079032,29.989974340658],[-90.123654953029,29.990248562128],[-90.123151656742,29.99596872105],[-90.123151568948,29.995969724311],[-90.123032614286,29.997321584315],[-90.122272896481,30.00595457547],[-90.121816113859,30.011144468585],[-90.121661243834,30.012903947288],[-90.120601648673,30.024940365774],[-90.120601450211,30.024942614949],[-90.120590901483,30.02506247619],[-90.120181521263,30.029717119346],[-90.120181395545,30.029717145291],[-90.120098616647,30.02972345774],[-90.119891876848,30.029739224531],[-90.119622300848,30.029759783646],[-90.119604273777,30.029613633097],[-90.11950476683,30.029556958129],[-90.119462757368,30.029535420277],[-90.119406264856,30.029513471883],[-90.119373429571,30.029543189524],[-90.11935622278,30.029548730209],[-90.119318559653,30.029560856957],[-90.119268283622,30.029554778088],[-90.119208872203,30.029554230332],[-90.119151617143,30.029567896941],[-90.11905929036,30.029591375623],[-90.119018597329,30.029610556817],[-90.119001287187,30.029618718331],[-90.118988724826,30.029631640344],[-90.118955861502,30.02966544005],[-90.118881891072,30.029712405552],[-90.118825579139,30.029744328087],[-90.118736635683,30.029776962664],[-90.118622882642,30.029790316304],[-90.118602527264,30.029792592495],[-90.118532463391,30.029800421659],[-90.118434522684,30.029806615898],[-90.11831795262,30.029811623027],[-90.118190998857,30.029808423415],[-90.118096762881,30.029797416554],[-90.117976947038,30.029782118045],[-90.117854275282,30.029731744844],[-90.117835515848,30.029724041833],[-90.117690838115,30.029645659058],[-90.117607492951,30.029601296404],[-90.117541706607,30.029582385],[-90.117517113535,30.029575314647],[-90.117500172866,30.029569737704],[-90.117425567639,30.029545176271]]]]},"properties":{":id":"row-sekw-bru3.e2ez",":version":"rv-3x3v~z9c4~a3br",":created_at":"2026-01-29T03:48:31.362Z",":updated_at":"2026-01-29T03:48:31.362Z","objectid":"405","districtid":"A","name":"Council District A","repname":"Aimee McCarron","authority":"28968 M.C.S. (as amended)","lastupdate":"2026-01-12T00:00:00.000Z","shape_starea":"392447805.86275446","shape_stlength":"128379.04567203757"}}
] }
