{
"type": "FeatureCollection",
"name": "locations",
"crs": { "type": "name", "properties": { "name": "urn:ogc:def:crs:OGC:1.3:CRS84" } },
"features": [
{ "type": "Feature", "properties": { "original_314": "54", "original_#1 Park Timbers Dr.": "1019 N. Prieur St.", "original_new orleans": "new orleans", "original_Louisiana": "Louisiana", "original_": "70116", "lat": 29.9687472, "lon": -90.0738172, "formatted": "1019 North Prieur Street, New Orleans, LA 70116, United States of America", "name": "", "housenumber": "1019", "street": "North Prieur Street", "postcode": "70116", "district": "Tremé", "suburb": "", "county_code": "", "city": "New Orleans", "county": "Orleans Parish", "state": "Louisiana", "state_code": "LA", "country": "United States", "country_code": "us", "confidence": "1", "confidence_city_level": "1", "confidence_street_level": "1", "confidence_building_level": "1" }, "geometry": { "type": "Point", "coordinates": [ -90.0738172, 29.9687472 ] } },
{ "type": "Feature", "properties": { "original_314": "185", "original_#1 Park Timbers Dr.": "10200 Curran Blvd. ", "original_new orleans": "new orleans", "original_Louisiana": "Louisiana", "original_": "70128", "lat": 30.047223, "lon": -89.979744, "formatted": "10200 Curran Boulevard, New Orleans East, New Orleans, LA 70127, United States of America", "name": "", "housenumber": "10200", "street": "Curran Boulevard", "postcode": "70127", "district": "Little Woods", "suburb": "New Orleans East", "county_code": "", "city": "New Orleans", "county": "Orleans Parish", "state": "Louisiana", "state_code": "LA", "country": "United States", "country_code": "us", "confidence": "1", "confidence_city_level": "1", "confidence_street_level": "1", "confidence_building_level": "1" }, "geometry": { "type": "Point", "coordinates": [ -89.979744, 30.047223 ] } },
{ "type": "Feature", "properties": { "original_314": "186", "original_#1 Park Timbers Dr.": "10200 Curran Blvd. ", "original_new orleans": "new orleans", "original_Louisiana": "Louisiana", "original_": "70128", "lat": 30.047223, "lon": -89.979744, "formatted": "10200 Curran Boulevard, New Orleans East, New Orleans, LA 70127, United States of America", "name": "", "housenumber": "10200", "street": "Curran Boulevard", "postcode": "70127", "district": "Little Woods", "suburb": "New Orleans East", "county_code": "", "city": "New Orleans", "county": "Orleans Parish", "state": "Louisiana", "state_code": "LA", "country": "United States", "country_code": "us", "confidence": "1", "confidence_city_level": "1", "confidence_street_level": "1", "confidence_building_level": "1" }, "geometry": { "type": "Point", "coordinates": [ -89.979744, 30.047223 ] } },
{ "type": "Feature", "properties": { "original_314": "187", "original_#1 Park Timbers Dr.": "10200 Curran Blvd. ", "original_new orleans": "new orleans", "original_Louisiana": "Louisiana", "original_": "70128", "lat": 30.047223, "lon": -89.979744, "formatted": "10200 Curran Boulevard, New Orleans East, New Orleans, LA 70127, United States of America", "name": "", "housenumber": "10200", "street": "Curran Boulevard", "postcode": "70127", "district": "Little Woods", "suburb": "New Orleans East", "county_code": "", "city": "New Orleans", "county": "Orleans Parish", "state": "Louisiana", "state_code": "LA", "country": "United States", "country_code": "us", "confidence": "1", "confidence_city_level": "1", "confidence_street_level": "1", "confidence_building_level": "1" }, "geometry": { "type": "Point", "coordinates": [ -89.979744, 30.047223 ] } },
{ "type": "Feature", "properties": { "original_314": "188", "original_#1 Park Timbers Dr.": "10200 Curran Blvd. ", "original_new orleans": "new orleans", "original_Louisiana": "Louisiana", "original_": "70128", "lat": 30.047223, "lon": -89.979744, "formatted": "10200 Curran Boulevard, New Orleans East, New Orleans, LA 70127, United States of America", "name": "", "housenumber": "10200", "street": "Curran Boulevard", "postcode": "70127", "district": "Little Woods", "suburb": "New Orleans East", "county_code": "", "city": "New Orleans", "county": "Orleans Parish", "state": "Louisiana", "state_code": "LA", "country": "United States", "country_code": "us", "confidence": "1", "confidence_city_level": "1", "confidence_street_level": "1", "confidence_building_level": "1" }, "geometry": { "type": "Point", "coordinates": [ -89.979744, 30.047223 ] } },
{ "type": "Feature", "properties": { "original_314": "192", "original_#1 Park Timbers Dr.": "10200 Curran Blvd. ", "original_new orleans": "new orleans", "original_Louisiana": "Louisiana", "original_": "70128", "lat": 30.047223, "lon": -89.979744, "formatted": "10200 Curran Boulevard, New Orleans East, New Orleans, LA 70127, United States of America", "name": "", "housenumber": "10200", "street": "Curran Boulevard", "postcode": "70127", "district": "Little Woods", "suburb": "New Orleans East", "county_code": "", "city": "New Orleans", "county": "Orleans Parish", "state": "Louisiana", "state_code": "LA", "country": "United States", "country_code": "us", "confidence": "1", "confidence_city_level": "1", "confidence_street_level": "1", "confidence_building_level": "1" }, "geometry": { "type": "Point", "coordinates": [ -89.979744, 30.047223 ] } },
{ "type": "Feature", "properties": { "original_314": "126", "original_#1 Park Timbers Dr.": "1042 Poland Ave.", "original_new orleans": "new orleans", "original_Louisiana": "Louisiana", "original_": "70117", "lat": 29.964395857251109, "lon": -90.03140604, "formatted": "1042 Poland Avenue, Lower Ninth Ward, New Orleans, LA 70117, United States of America", "name": "", "housenumber": "1042", "street": "Poland Avenue", "postcode": "70117", "district": "", "suburb": "", "county_code": "", "city": "New Orleans", "county": "Orleans Parish", "state": "Louisiana", "state_code": "LA", "country": "United States", "country_code": "us", "confidence": "1", "confidence_city_level": "1", "confidence_street_level": "1", "confidence_building_level": "1" }, "geometry": { "type": "Point", "coordinates": [ -90.031406, 29.9643959 ] } },
{ "type": "Feature", "properties": { "original_314": "129", "original_#1 Park Timbers Dr.": "1042 Poland Ave.", "original_new orleans": "new orleans", "original_Louisiana": "Louisiana", "original_": "70117", "lat": 29.964395857251109, "lon": -90.03140604, "formatted": "1042 Poland Avenue, Lower Ninth Ward, New Orleans, LA 70117, United States of America", "name": "", "housenumber": "1042", "street": "Poland Avenue", "postcode": "70117", "district": "", "suburb": "", "county_code": "", "city": "New Orleans", "county": "Orleans Parish", "state": "Louisiana", "state_code": "LA", "country": "United States", "country_code": "us", "confidence": "1", "confidence_city_level": "1", "confidence_street_level": "1", "confidence_building_level": "1" }, "geometry": { "type": "Point", "coordinates": [ -90.031406, 29.9643959 ] } },
{ "type": "Feature", "properties": { "original_314": "295", "original_#1 Park Timbers Dr.": "1110 Kabel Dr. ", "original_new orleans": "new orleans", "original_Louisiana": "Louisiana", "original_": "70131", "lat": 29.9330413, "lon": -90.0067032, "formatted": "1110 Kabel Drive, New Orleans, LA 70131, United States of America", "name": "", "housenumber": "1110", "street": "Kabel Drive", "postcode": "70131", "district": "", "suburb": "", "county_code": "", "city": "New Orleans", "county": "Orleans Parish", "state": "Louisiana", "state_code": "LA", "country": "United States", "country_code": "us", "confidence": "1", "confidence_city_level": "1", "confidence_street_level": "1", "confidence_building_level": "1" }, "geometry": { "type": "Point", "coordinates": [ -90.0067032, 29.9330413 ] } },
{ "type": "Feature", "properties": { "original_314": "296", "original_#1 Park Timbers Dr.": "1110 Kabel Dr. ", "original_new orleans": "new orleans", "original_Louisiana": "Louisiana", "original_": "70131", "lat": 29.9330413, "lon": -90.0067032, "formatted": "1110 Kabel Drive, New Orleans, LA 70131, United States of America", "name": "", "housenumber": "1110", "street": "Kabel Drive", "postcode": "70131", "district": "", "suburb": "", "county_code": "", "city": "New Orleans", "county": "Orleans Parish", "state": "Louisiana", "state_code": "LA", "country": "United States", "country_code": "us", "confidence": "1", "confidence_city_level": "1", "confidence_street_level": "1", "confidence_building_level": "1" }, "geometry": { "type": "Point", "coordinates": [ -90.0067032, 29.9330413 ] } },
{ "type": "Feature", "properties": { "original_314": "298", "original_#1 Park Timbers Dr.": "1110 Kabel Dr. ", "original_new orleans": "new orleans", "original_Louisiana": "Louisiana", "original_": "70131", "lat": 29.9330413, "lon": -90.0067032, "formatted": "1110 Kabel Drive, New Orleans, LA 70131, United States of America", "name": "", "housenumber": "1110", "street": "Kabel Drive", "postcode": "70131", "district": "", "suburb": "", "county_code": "", "city": "New Orleans", "county": "Orleans Parish", "state": "Louisiana", "state_code": "LA", "country": "United States", "country_code": "us", "confidence": "1", "confidence_city_level": "1", "confidence_street_level": "1", "confidence_building_level": "1" }, "geometry": { "type": "Point", "coordinates": [ -90.0067032, 29.9330413 ] } },
{ "type": "Feature", "properties": { "original_314": "304", "original_#1 Park Timbers Dr.": "1110 Kabel Dr. ", "original_new orleans": "new orleans", "original_Louisiana": "Louisiana", "original_": "70131", "lat": 29.9330413, "lon": -90.0067032, "formatted": "1110 Kabel Drive, New Orleans, LA 70131, United States of America", "name": "", "housenumber": "1110", "street": "Kabel Drive", "postcode": "70131", "district": "", "suburb": "", "county_code": "", "city": "New Orleans", "county": "Orleans Parish", "state": "Louisiana", "state_code": "LA", "country": "United States", "country_code": "us", "confidence": "1", "confidence_city_level": "1", "confidence_street_level": "1", "confidence_building_level": "1" }, "geometry": { "type": "Point", "coordinates": [ -90.0067032, 29.9330413 ] } },
{ "type": "Feature", "properties": { "original_314": "306", "original_#1 Park Timbers Dr.": "1110 Kabel Dr. ", "original_new orleans": "new orleans", "original_Louisiana": "Louisiana", "original_": "70131", "lat": 29.9330413, "lon": -90.0067032, "formatted": "1110 Kabel Drive, New Orleans, LA 70131, United States of America", "name": "", "housenumber": "1110", "street": "Kabel Drive", "postcode": "70131", "district": "", "suburb": "", "county_code": "", "city": "New Orleans", "county": "Orleans Parish", "state": "Louisiana", "state_code": "LA", "country": "United States", "country_code": "us", "confidence": "1", "confidence_city_level": "1", "confidence_street_level": "1", "confidence_building_level": "1" }, "geometry": { "type": "Point", "coordinates": [ -90.0067032, 29.9330413 ] } },
{ "type": "Feature", "properties": { "original_314": "307", "original_#1 Park Timbers Dr.": "1110 Kabel Dr. ", "original_new orleans": "new orleans", "original_Louisiana": "Louisiana", "original_": "70131", "lat": 29.9330413, "lon": -90.0067032, "formatted": "1110 Kabel Drive, New Orleans, LA 70131, United States of America", "name": "", "housenumber": "1110", "street": "Kabel Drive", "postcode": "70131", "district": "", "suburb": "", "county_code": "", "city": "New Orleans", "county": "Orleans Parish", "state": "Louisiana", "state_code": "LA", "country": "United States", "country_code": "us", "confidence": "1", "confidence_city_level": "1", "confidence_street_level": "1", "confidence_building_level": "1" }, "geometry": { "type": "Point", "coordinates": [ -90.0067032, 29.9330413 ] } },
{ "type": "Feature", "properties": { "original_314": "225", "original_#1 Park Timbers Dr.": "1111 Milan St.", "original_new orleans": "new orleans", "original_Louisiana": "Louisiana", "original_": "70115", "lat": 29.9232304, "lon": -90.0990742, "formatted": "1111 Milan Street, New Orleans, LA 70115, United States of America", "name": "", "housenumber": "1111", "street": "Milan Street", "postcode": "70115", "district": "", "suburb": "Uptown", "county_code": "", "city": "New Orleans", "county": "Orleans Parish", "state": "Louisiana", "state_code": "LA", "country": "United States", "country_code": "us", "confidence": "1", "confidence_city_level": "1", "confidence_street_level": "1", "confidence_building_level": "1" }, "geometry": { "type": "Point", "coordinates": [ -90.0990742, 29.9232304 ] } },
{ "type": "Feature", "properties": { "original_314": "227", "original_#1 Park Timbers Dr.": "1111 Milan St.", "original_new orleans": "new orleans", "original_Louisiana": "Louisiana", "original_": "70115", "lat": 29.9232304, "lon": -90.0990742, "formatted": "1111 Milan Street, New Orleans, LA 70115, United States of America", "name": "", "housenumber": "1111", "street": "Milan Street", "postcode": "70115", "district": "", "suburb": "Uptown", "county_code": "", "city": "New Orleans", "county": "Orleans Parish", "state": "Louisiana", "state_code": "LA", "country": "United States", "country_code": "us", "confidence": "1", "confidence_city_level": "1", "confidence_street_level": "1", "confidence_building_level": "1" }, "geometry": { "type": "Point", "coordinates": [ -90.0990742, 29.9232304 ] } },
{ "type": "Feature", "properties": { "original_314": "228", "original_#1 Park Timbers Dr.": "1111 Milan St.", "original_new orleans": "new orleans", "original_Louisiana": "Louisiana", "original_": "70115", "lat": 29.9232304, "lon": -90.0990742, "formatted": "1111 Milan Street, New Orleans, LA 70115, United States of America", "name": "", "housenumber": "1111", "street": "Milan Street", "postcode": "70115", "district": "", "suburb": "Uptown", "county_code": "", "city": "New Orleans", "county": "Orleans Parish", "state": "Louisiana", "state_code": "LA", "country": "United States", "country_code": "us", "confidence": "1", "confidence_city_level": "1", "confidence_street_level": "1", "confidence_building_level": "1" }, "geometry": { "type": "Point", "coordinates": [ -90.0990742, 29.9232304 ] } },
{ "type": "Feature", "properties": { "original_314": "229", "original_#1 Park Timbers Dr.": "1111 Milan St.", "original_new orleans": "new orleans", "original_Louisiana": "Louisiana", "original_": "70115", "lat": 29.9232304, "lon": -90.0990742, "formatted": "1111 Milan Street, New Orleans, LA 70115, United States of America", "name": "", "housenumber": "1111", "street": "Milan Street", "postcode": "70115", "district": "", "suburb": "Uptown", "county_code": "", "city": "New Orleans", "county": "Orleans Parish", "state": "Louisiana", "state_code": "LA", "country": "United States", "country_code": "us", "confidence": "1", "confidence_city_level": "1", "confidence_street_level": "1", "confidence_building_level": "1" }, "geometry": { "type": "Point", "coordinates": [ -90.0990742, 29.9232304 ] } },
{ "type": "Feature", "properties": { "original_314": "233", "original_#1 Park Timbers Dr.": "1111 Milan St.", "original_new orleans": "new orleans", "original_Louisiana": "Louisiana", "original_": "70115", "lat": 29.9232304, "lon": -90.0990742, "formatted": "1111 Milan Street, New Orleans, LA 70115, United States of America", "name": "", "housenumber": "1111", "street": "Milan Street", "postcode": "70115", "district": "", "suburb": "Uptown", "county_code": "", "city": "New Orleans", "county": "Orleans Parish", "state": "Louisiana", "state_code": "LA", "country": "United States", "country_code": "us", "confidence": "1", "confidence_city_level": "1", "confidence_street_level": "1", "confidence_building_level": "1" }, "geometry": { "type": "Point", "coordinates": [ -90.0990742, 29.9232304 ] } },
{ "type": "Feature", "properties": { "original_314": "285", "original_#1 Park Timbers Dr.": "1111 Newton St.", "original_new orleans": "new orleans", "original_Louisiana": "Louisiana", "original_": "70114", "lat": 29.9448878, "lon": -90.0448535, "formatted": "1111 Newton Street, Algiers, New Orleans, LA 70114, United States of America", "name": "", "housenumber": "1111", "street": "Newton Street", "postcode": "70114", "district": "", "suburb": "", "county_code": "", "city": "New Orleans", "county": "Orleans Parish", "state": "Louisiana", "state_code": "LA", "country": "United States", "country_code": "us", "confidence": "1", "confidence_city_level": "1", "confidence_street_level": "1", "confidence_building_level": "1" }, "geometry": { "type": "Point", "coordinates": [ -90.0448535, 29.9448878 ] } },
{ "type": "Feature", "properties": { "original_314": "286", "original_#1 Park Timbers Dr.": "1111 Newton St.", "original_new orleans": "new orleans", "original_Louisiana": "Louisiana", "original_": "70114", "lat": 29.9448878, "lon": -90.0448535, "formatted": "1111 Newton Street, Algiers, New Orleans, LA 70114, United States of America", "name": "", "housenumber": "1111", "street": "Newton Street", "postcode": "70114", "district": "", "suburb": "", "county_code": "", "city": "New Orleans", "county": "Orleans Parish", "state": "Louisiana", "state_code": "LA", "country": "United States", "country_code": "us", "confidence": "1", "confidence_city_level": "1", "confidence_street_level": "1", "confidence_building_level": "1" }, "geometry": { "type": "Point", "coordinates": [ -90.0448535, 29.9448878 ] } },
{ "type": "Feature", "properties": { "original_314": "255", "original_#1 Park Timbers Dr.": "1116 Jefferson Ave. ", "original_new orleans": "new orleans", "original_Louisiana": "Louisiana", "original_": "70115", "lat": 29.923171766008387, "lon": -90.11426799, "formatted": "1116 Jefferson Avenue, New Orleans, LA 70115, United States of America", "name": "", "housenumber": "1116", "street": "Jefferson Avenue", "postcode": "70115", "district": "", "suburb": "Uptown", "county_code": "", "city": "New Orleans", "county": "Orleans Parish", "state": "Louisiana", "state_code": "LA", "country": "United States", "country_code": "us", "confidence": "1", "confidence_city_level": "1", "confidence_street_level": "1", "confidence_building_level": "1" }, "geometry": { "type": "Point", "coordinates": [ -90.114268, 29.9231718 ] } },
{ "type": "Feature", "properties": { "original_314": "259", "original_#1 Park Timbers Dr.": "1116 Jefferson Ave. ", "original_new orleans": "new orleans", "original_Louisiana": "Louisiana", "original_": "70115", "lat": 29.923171766008387, "lon": -90.11426799, "formatted": "1116 Jefferson Avenue, New Orleans, LA 70115, United States of America", "name": "", "housenumber": "1116", "street": "Jefferson Avenue", "postcode": "70115", "district": "", "suburb": "Uptown", "county_code": "", "city": "New Orleans", "county": "Orleans Parish", "state": "Louisiana", "state_code": "LA", "country": "United States", "country_code": "us", "confidence": "1", "confidence_city_level": "1", "confidence_street_level": "1", "confidence_building_level": "1" }, "geometry": { "type": "Point", "coordinates": [ -90.114268, 29.9231718 ] } },
{ "type": "Feature", "properties": { "original_314": "260", "original_#1 Park Timbers Dr.": "1116 Jefferson Ave. ", "original_new orleans": "new orleans", "original_Louisiana": "Louisiana", "original_": "70115", "lat": 29.923171766008387, "lon": -90.11426799, "formatted": "1116 Jefferson Avenue, New Orleans, LA 70115, United States of America", "name": "", "housenumber": "1116", "street": "Jefferson Avenue", "postcode": "70115", "district": "", "suburb": "Uptown", "county_code": "", "city": "New Orleans", "county": "Orleans Parish", "state": "Louisiana", "state_code": "LA", "country": "United States", "country_code": "us", "confidence": "1", "confidence_city_level": "1", "confidence_street_level": "1", "confidence_building_level": "1" }, "geometry": { "type": "Point", "coordinates": [ -90.114268, 29.9231718 ] } },
{ "type": "Feature", "properties": { "original_314": "262", "original_#1 Park Timbers Dr.": "1116 Jefferson Ave. ", "original_new orleans": "new orleans", "original_Louisiana": "Louisiana", "original_": "70115", "lat": 29.923171766008387, "lon": -90.11426799, "formatted": "1116 Jefferson Avenue, New Orleans, LA 70115, United States of America", "name": "", "housenumber": "1116", "street": "Jefferson Avenue", "postcode": "70115", "district": "", "suburb": "Uptown", "county_code": "", "city": "New Orleans", "county": "Orleans Parish", "state": "Louisiana", "state_code": "LA", "country": "United States", "country_code": "us", "confidence": "1", "confidence_city_level": "1", "confidence_street_level": "1", "confidence_building_level": "1" }, "geometry": { "type": "Point", "coordinates": [ -90.114268, 29.9231718 ] } },
{ "type": "Feature", "properties": { "original_314": "263", "original_#1 Park Timbers Dr.": "1116 Jefferson Ave. ", "original_new orleans": "new orleans", "original_Louisiana": "Louisiana", "original_": "70115", "lat": 29.923171766008387, "lon": -90.11426799, "formatted": "1116 Jefferson Avenue, New Orleans, LA 70115, United States of America", "name": "", "housenumber": "1116", "street": "Jefferson Avenue", "postcode": "70115", "district": "", "suburb": "Uptown", "county_code": "", "city": "New Orleans", "county": "Orleans Parish", "state": "Louisiana", "state_code": "LA", "country": "United States", "country_code": "us", "confidence": "1", "confidence_city_level": "1", "confidence_street_level": "1", "confidence_building_level": "1" }, "geometry": { "type": "Point", "coordinates": [ -90.114268, 29.9231718 ] } },
{ "type": "Feature", "properties": { "original_314": "52", "original_#1 Park Timbers Dr.": "1130 N. Rampart St.", "original_new orleans": "new orleans", "original_Louisiana": "Louisiana", "original_": "70116", "lat": 29.964117561224491, "lon": -90.06540976, "formatted": "1130 North Rampart Street, New Orleans, LA 70116, United States of America", "name": "", "housenumber": "1130", "street": "North Rampart Street", "postcode": "70116", "district": "Tremé", "suburb": "French Quarter", "county_code": "", "city": "New Orleans", "county": "Orleans Parish", "state": "Louisiana", "state_code": "LA", "country": "United States", "country_code": "us", "confidence": "1", "confidence_city_level": "1", "confidence_street_level": "1", "confidence_building_level": "1" }, "geometry": { "type": "Point", "coordinates": [ -90.0654098, 29.9641176 ] } },
{ "type": "Feature", "properties": { "original_314": "197", "original_#1 Park Timbers Dr.": "11755 Dwyer Rd. ", "original_new orleans": "new orleans", "original_Louisiana": "Louisiana", "original_": "70128", "lat": 30.028749212788949, "lon": -89.94944488, "formatted": "11755 Dwyer Road, New Orleans, LA 70128, United States of America", "name": "", "housenumber": "11755", "street": "Dwyer Road", "postcode": "70128", "district": "", "suburb": "", "county_code": "", "city": "New Orleans", "county": "Orleans Parish", "state": "Louisiana", "state_code": "LA", "country": "United States", "country_code": "us", "confidence": "1", "confidence_city_level": "1", "confidence_street_level": "1", "confidence_building_level": "1" }, "geometry": { "type": "Point", "coordinates": [ -89.9494449, 30.0287492 ] } },
{ "type": "Feature", "properties": { "original_314": "198", "original_#1 Park Timbers Dr.": "11755 Dwyer Rd. ", "original_new orleans": "new orleans", "original_Louisiana": "Louisiana", "original_": "70128", "lat": 30.028749212788949, "lon": -89.94944488, "formatted": "11755 Dwyer Road, New Orleans, LA 70128, United States of America", "name": "", "housenumber": "11755", "street": "Dwyer Road", "postcode": "70128", "district": "", "suburb": "", "county_code": "", "city": "New Orleans", "county": "Orleans Parish", "state": "Louisiana", "state_code": "LA", "country": "United States", "country_code": "us", "confidence": "1", "confidence_city_level": "1", "confidence_street_level": "1", "confidence_building_level": "1" }, "geometry": { "type": "Point", "coordinates": [ -89.9494449, 30.0287492 ] } },
{ "type": "Feature", "properties": { "original_314": "287", "original_#1 Park Timbers Dr.": "1200 L.B. Landry Ave.", "original_new orleans": "new orleans", "original_Louisiana": "Louisiana", "original_": "70114", "lat": 29.9416248, "lon": -90.0411383, "formatted": "L. B. Landry Avenue, Algiers, New Orleans, LA 70114, United States of America", "name": "L. B. Landry Avenue", "housenumber": "", "street": "L. B. Landry Avenue", "postcode": "70114", "district": "", "suburb": "", "county_code": "", "city": "New Orleans", "county": "Orleans Parish", "state": "Louisiana", "state_code": "LA", "country": "United States", "country_code": "us", "confidence": "0.75", "confidence_city_level": "1", "confidence_street_level": "0.75", "confidence_building_level": "" }, "geometry": { "type": "Point", "coordinates": [ -90.0411383, 29.9416248 ] } },
{ "type": "Feature", "properties": { "original_314": "55", "original_#1 Park Timbers Dr.": "1222 N. Dorgenois St.", "original_new orleans": "new orleans", "original_Louisiana": "Louisiana", "original_": "70119", "lat": 29.973841448979591, "lon": -90.07780906000001, "formatted": "1222 North Dorgenois Street, New Orleans, LA 70119, United States of America", "name": "", "housenumber": "1222", "street": "North Dorgenois Street", "postcode": "70119", "district": "", "suburb": "Faubourg St. John", "county_code": "", "city": "New Orleans", "county": "Orleans Parish", "state": "Louisiana", "state_code": "LA", "country": "United States", "country_code": "us", "confidence": "1", "confidence_city_level": "1", "confidence_street_level": "1", "confidence_building_level": "1" }, "geometry": { "type": "Point", "coordinates": [ -90.0778091, 29.9738414 ] } },
{ "type": "Feature", "properties": { "original_314": "70", "original_#1 Park Timbers Dr.": "1222 N. Dorgenois St.", "original_new orleans": "new orleans", "original_Louisiana": "Louisiana", "original_": "70119", "lat": 29.973841448979591, "lon": -90.07780906000001, "formatted": "1222 North Dorgenois Street, New Orleans, LA 70119, United States of America", "name": "", "housenumber": "1222", "street": "North Dorgenois Street", "postcode": "70119", "district": "", "suburb": "Faubourg St. John", "county_code": "", "city": "New Orleans", "county": "Orleans Parish", "state": "Louisiana", "state_code": "LA", "country": "United States", "country_code": "us", "confidence": "1", "confidence_city_level": "1", "confidence_street_level": "1", "confidence_building_level": "1" }, "geometry": { "type": "Point", "coordinates": [ -90.0778091, 29.9738414 ] } },
{ "type": "Feature", "properties": { "original_314": "71", "original_#1 Park Timbers Dr.": "1222 N. Dorgenois St.", "original_new orleans": "new orleans", "original_Louisiana": "Louisiana", "original_": "70119", "lat": 29.973841448979591, "lon": -90.07780906000001, "formatted": "1222 North Dorgenois Street, New Orleans, LA 70119, United States of America", "name": "", "housenumber": "1222", "street": "North Dorgenois Street", "postcode": "70119", "district": "", "suburb": "Faubourg St. John", "county_code": "", "city": "New Orleans", "county": "Orleans Parish", "state": "Louisiana", "state_code": "LA", "country": "United States", "country_code": "us", "confidence": "1", "confidence_city_level": "1", "confidence_street_level": "1", "confidence_building_level": "1" }, "geometry": { "type": "Point", "coordinates": [ -90.0778091, 29.9738414 ] } },
{ "type": "Feature", "properties": { "original_314": "331", "original_#1 Park Timbers Dr.": "1225 Dublin St.", "original_new orleans": "new orleans", "original_Louisiana": "Louisiana", "original_": "70118", "lat": 29.9484293, "lon": -90.1301024, "formatted": "1225 Dublin Street, New Orleans, LA 70118, United States of America", "name": "", "housenumber": "1225", "street": "Dublin Street", "postcode": "70118", "district": "Leonidas", "suburb": "Greenville", "county_code": "", "city": "New Orleans", "county": "Orleans Parish", "state": "Louisiana", "state_code": "LA", "country": "United States", "country_code": "us", "confidence": "1", "confidence_city_level": "1", "confidence_street_level": "1", "confidence_building_level": "1" }, "geometry": { "type": "Point", "coordinates": [ -90.1301024, 29.9484293 ] } },
{ "type": "Feature", "properties": { "original_314": "332", "original_#1 Park Timbers Dr.": "1225 Dublin St.", "original_new orleans": "new orleans", "original_Louisiana": "Louisiana", "original_": "70118", "lat": 29.9484293, "lon": -90.1301024, "formatted": "1225 Dublin Street, New Orleans, LA 70118, United States of America", "name": "", "housenumber": "1225", "street": "Dublin Street", "postcode": "70118", "district": "Leonidas", "suburb": "Greenville", "county_code": "", "city": "New Orleans", "county": "Orleans Parish", "state": "Louisiana", "state_code": "LA", "country": "United States", "country_code": "us", "confidence": "1", "confidence_city_level": "1", "confidence_street_level": "1", "confidence_building_level": "1" }, "geometry": { "type": "Point", "coordinates": [ -90.1301024, 29.9484293 ] } },
{ "type": "Feature", "properties": { "original_314": "333", "original_#1 Park Timbers Dr.": "1225 Dublin St.", "original_new orleans": "new orleans", "original_Louisiana": "Louisiana", "original_": "70118", "lat": 29.9484293, "lon": -90.1301024, "formatted": "1225 Dublin Street, New Orleans, LA 70118, United States of America", "name": "", "housenumber": "1225", "street": "Dublin Street", "postcode": "70118", "district": "Leonidas", "suburb": "Greenville", "county_code": "", "city": "New Orleans", "county": "Orleans Parish", "state": "Louisiana", "state_code": "LA", "country": "United States", "country_code": "us", "confidence": "1", "confidence_city_level": "1", "confidence_street_level": "1", "confidence_building_level": "1" }, "geometry": { "type": "Point", "coordinates": [ -90.1301024, 29.9484293 ] } },
{ "type": "Feature", "properties": { "original_314": "60", "original_#1 Park Timbers Dr.": "1301 N. Derbigny St. ", "original_new orleans": "new orleans", "original_Louisiana": "Louisiana", "original_": "70116", "lat": 29.969312, "lon": -90.070303, "formatted": "1301 North Derbigny Street, New Orleans, LA 70116, United States of America", "name": "", "housenumber": "1301", "street": "North Derbigny Street", "postcode": "70116", "district": "Tremé", "suburb": "", "county_code": "", "city": "New Orleans", "county": "Orleans Parish", "state": "Louisiana", "state_code": "LA", "country": "United States", "country_code": "us", "confidence": "1", "confidence_city_level": "1", "confidence_street_level": "1", "confidence_building_level": "1" }, "geometry": { "type": "Point", "coordinates": [ -90.070303, 29.969312 ] } },
{ "type": "Feature", "properties": { "original_314": "61", "original_#1 Park Timbers Dr.": "1301 N. Derbigny St. ", "original_new orleans": "new orleans", "original_Louisiana": "Louisiana", "original_": "70116", "lat": 29.969312, "lon": -90.070303, "formatted": "1301 North Derbigny Street, New Orleans, LA 70116, United States of America", "name": "", "housenumber": "1301", "street": "North Derbigny Street", "postcode": "70116", "district": "Tremé", "suburb": "", "county_code": "", "city": "New Orleans", "county": "Orleans Parish", "state": "Louisiana", "state_code": "LA", "country": "United States", "country_code": "us", "confidence": "1", "confidence_city_level": "1", "confidence_street_level": "1", "confidence_building_level": "1" }, "geometry": { "type": "Point", "coordinates": [ -90.070303, 29.969312 ] } },
{ "type": "Feature", "properties": { "original_314": "62", "original_#1 Park Timbers Dr.": "1301 N. Derbigny St. ", "original_new orleans": "new orleans", "original_Louisiana": "Louisiana", "original_": "70116", "lat": 29.969312, "lon": -90.070303, "formatted": "1301 North Derbigny Street, New Orleans, LA 70116, United States of America", "name": "", "housenumber": "1301", "street": "North Derbigny Street", "postcode": "70116", "district": "Tremé", "suburb": "", "county_code": "", "city": "New Orleans", "county": "Orleans Parish", "state": "Louisiana", "state_code": "LA", "country": "United States", "country_code": "us", "confidence": "1", "confidence_city_level": "1", "confidence_street_level": "1", "confidence_building_level": "1" }, "geometry": { "type": "Point", "coordinates": [ -90.070303, 29.969312 ] } },
{ "type": "Feature", "properties": { "original_314": "39", "original_#1 Park Timbers Dr.": "1325 Gov. Nicholls St.", "original_new orleans": "new orleans", "original_Louisiana": "Louisiana", "original_": "70116", "lat": 29.9664385, "lon": -90.0667904, "formatted": "1325 Governor Nicholls Street, New Orleans, LA 70116, United States of America", "name": "", "housenumber": "1325", "street": "Governor Nicholls Street", "postcode": "70116", "district": "Tremé", "suburb": "French Quarter", "county_code": "", "city": "New Orleans", "county": "Orleans Parish", "state": "Louisiana", "state_code": "LA", "country": "United States", "country_code": "us", "confidence": "1", "confidence_city_level": "1", "confidence_street_level": "1", "confidence_building_level": "1" }, "geometry": { "type": "Point", "coordinates": [ -90.0667904, 29.9664385 ] } },
{ "type": "Feature", "properties": { "original_314": "325", "original_#1 Park Timbers Dr.": "1333 S. Carrollton Ave.", "original_new orleans": "new orleans", "original_Louisiana": "Louisiana", "original_": "70118", "lat": 29.9483912, "lon": -90.1281096, "formatted": "1333 South Carrollton Avenue, New Orleans, LA 70118, United States of America", "name": "", "housenumber": "1333", "street": "South Carrollton Avenue", "postcode": "70118", "district": "", "suburb": "Greenville", "county_code": "", "city": "New Orleans", "county": "Orleans Parish", "state": "Louisiana", "state_code": "LA", "country": "United States", "country_code": "us", "confidence": "1", "confidence_city_level": "1", "confidence_street_level": "1", "confidence_building_level": "1" }, "geometry": { "type": "Point", "coordinates": [ -90.1281096, 29.9483912 ] } },
{ "type": "Feature", "properties": { "original_314": "326", "original_#1 Park Timbers Dr.": "1333 S. Carrollton Ave.", "original_new orleans": "new orleans", "original_Louisiana": "Louisiana", "original_": "70118", "lat": 29.9483912, "lon": -90.1281096, "formatted": "1333 South Carrollton Avenue, New Orleans, LA 70118, United States of America", "name": "", "housenumber": "1333", "street": "South Carrollton Avenue", "postcode": "70118", "district": "", "suburb": "Greenville", "county_code": "", "city": "New Orleans", "county": "Orleans Parish", "state": "Louisiana", "state_code": "LA", "country": "United States", "country_code": "us", "confidence": "1", "confidence_city_level": "1", "confidence_street_level": "1", "confidence_building_level": "1" }, "geometry": { "type": "Point", "coordinates": [ -90.1281096, 29.9483912 ] } },
{ "type": "Feature", "properties": { "original_314": "167", "original_#1 Park Timbers Dr.": "13400 Chef Menteur Hwy.", "original_new orleans": "new orleans", "original_Louisiana": "Louisiana", "original_": "70129", "lat": 30.0311463, "lon": -89.9260801, "formatted": "New Orleans Fire Department Engine 37, 13400 Chef Menteur Highway, New Orleans, LA 70129, United States of America", "name": "New Orleans Fire Department Engine 37", "housenumber": "13400", "street": "Chef Menteur Highway", "postcode": "70129", "district": "", "suburb": "", "county_code": "", "city": "New Orleans", "county": "Orleans Parish", "state": "Louisiana", "state_code": "LA", "country": "United States", "country_code": "us", "confidence": "1", "confidence_city_level": "1", "confidence_street_level": "1", "confidence_building_level": "1" }, "geometry": { "type": "Point", "coordinates": [ -89.9260801, 30.0311463 ] } },
{ "type": "Feature", "properties": { "original_314": "189", "original_#1 Park Timbers Dr.": "13800 Hayne Blvd.", "original_new orleans": "new orleans", "original_Louisiana": "Louisiana", "original_": "70128", "lat": 30.0665252, "lon": -89.9548377, "formatted": "New Home Full Gospel Cathedral, 13800 Hayne Boulevard, New Orleans, LA 70128, United States of America", "name": "New Home Full Gospel Cathedral", "housenumber": "13800", "street": "Hayne Boulevard", "postcode": "70128", "district": "", "suburb": "", "county_code": "", "city": "New Orleans", "county": "Orleans Parish", "state": "Louisiana", "state_code": "LA", "country": "United States", "country_code": "us", "confidence": "1", "confidence_city_level": "1", "confidence_street_level": "1", "confidence_building_level": "1" }, "geometry": { "type": "Point", "coordinates": [ -89.9548377, 30.0665252 ] } },
{ "type": "Feature", "properties": { "original_314": "196", "original_#1 Park Timbers Dr.": "13800 Hayne Blvd.", "original_new orleans": "new orleans", "original_Louisiana": "Louisiana", "original_": "70128", "lat": 30.0665252, "lon": -89.9548377, "formatted": "New Home Full Gospel Cathedral, 13800 Hayne Boulevard, New Orleans, LA 70128, United States of America", "name": "New Home Full Gospel Cathedral", "housenumber": "13800", "street": "Hayne Boulevard", "postcode": "70128", "district": "", "suburb": "", "county_code": "", "city": "New Orleans", "county": "Orleans Parish", "state": "Louisiana", "state_code": "LA", "country": "United States", "country_code": "us", "confidence": "1", "confidence_city_level": "1", "confidence_street_level": "1", "confidence_building_level": "1" }, "geometry": { "type": "Point", "coordinates": [ -89.9548377, 30.0665252 ] } },
{ "type": "Feature", "properties": { "original_314": "1", "original_#1 Park Timbers Dr.": "1400 Camp St.", "original_new orleans": "new orleans", "original_Louisiana": "Louisiana", "original_": "70130", "lat": 29.9362865, "lon": -90.0729351, "formatted": "1400 Camp Street, New Orleans, LA 70103, United States of America", "name": "", "housenumber": "1400", "street": "Camp Street", "postcode": "70103", "district": "", "suburb": "Garden District", "county_code": "", "city": "New Orleans", "county": "Orleans Parish", "state": "Louisiana", "state_code": "LA", "country": "United States", "country_code": "us", "confidence": "1", "confidence_city_level": "1", "confidence_street_level": "1", "confidence_building_level": "1" }, "geometry": { "type": "Point", "coordinates": [ -90.0729351, 29.9362865 ] } },
{ "type": "Feature", "properties": { "original_314": "2", "original_#1 Park Timbers Dr.": "1400 Camp St.", "original_new orleans": "new orleans", "original_Louisiana": "Louisiana", "original_": "70130", "lat": 29.9362865, "lon": -90.0729351, "formatted": "1400 Camp Street, New Orleans, LA 70103, United States of America", "name": "", "housenumber": "1400", "street": "Camp Street", "postcode": "70103", "district": "", "suburb": "Garden District", "county_code": "", "city": "New Orleans", "county": "Orleans Parish", "state": "Louisiana", "state_code": "LA", "country": "United States", "country_code": "us", "confidence": "1", "confidence_city_level": "1", "confidence_street_level": "1", "confidence_building_level": "1" }, "geometry": { "type": "Point", "coordinates": [ -90.0729351, 29.9362865 ] } },
{ "type": "Feature", "properties": { "original_314": "3", "original_#1 Park Timbers Dr.": "1400 Camp St.", "original_new orleans": "new orleans", "original_Louisiana": "Louisiana", "original_": "70130", "lat": 29.9362865, "lon": -90.0729351, "formatted": "1400 Camp Street, New Orleans, LA 70103, United States of America", "name": "", "housenumber": "1400", "street": "Camp Street", "postcode": "70103", "district": "", "suburb": "Garden District", "county_code": "", "city": "New Orleans", "county": "Orleans Parish", "state": "Louisiana", "state_code": "LA", "country": "United States", "country_code": "us", "confidence": "1", "confidence_city_level": "1", "confidence_street_level": "1", "confidence_building_level": "1" }, "geometry": { "type": "Point", "coordinates": [ -90.0729351, 29.9362865 ] } },
{ "type": "Feature", "properties": { "original_314": "5", "original_#1 Park Timbers Dr.": "1400 Camp St.", "original_new orleans": "new orleans", "original_Louisiana": "Louisiana", "original_": "70130", "lat": 29.9362865, "lon": -90.0729351, "formatted": "1400 Camp Street, New Orleans, LA 70103, United States of America", "name": "", "housenumber": "1400", "street": "Camp Street", "postcode": "70103", "district": "", "suburb": "Garden District", "county_code": "", "city": "New Orleans", "county": "Orleans Parish", "state": "Louisiana", "state_code": "LA", "country": "United States", "country_code": "us", "confidence": "1", "confidence_city_level": "1", "confidence_street_level": "1", "confidence_building_level": "1" }, "geometry": { "type": "Point", "coordinates": [ -90.0729351, 29.9362865 ] } },
{ "type": "Feature", "properties": { "original_314": "6", "original_#1 Park Timbers Dr.": "1400 Camp St.", "original_new orleans": "new orleans", "original_Louisiana": "Louisiana", "original_": "70130", "lat": 29.9362865, "lon": -90.0729351, "formatted": "1400 Camp Street, New Orleans, LA 70103, United States of America", "name": "", "housenumber": "1400", "street": "Camp Street", "postcode": "70103", "district": "", "suburb": "Garden District", "county_code": "", "city": "New Orleans", "county": "Orleans Parish", "state": "Louisiana", "state_code": "LA", "country": "United States", "country_code": "us", "confidence": "1", "confidence_city_level": "1", "confidence_street_level": "1", "confidence_building_level": "1" }, "geometry": { "type": "Point", "coordinates": [ -90.0729351, 29.9362865 ] } },
{ "type": "Feature", "properties": { "original_314": "83", "original_#1 Park Timbers Dr.": "1400 Sere St.", "original_new orleans": "new orleans", "original_Louisiana": "Louisiana", "original_": "70122", "lat": 29.9936691, "lon": -90.0766982, "formatted": "1400 Sere Street, New Orleans, LA 70122, United States of America", "name": "", "housenumber": "1400", "street": "Sere Street", "postcode": "70122", "district": "", "suburb": "Faubourg St. John", "county_code": "", "city": "New Orleans", "county": "Orleans Parish", "state": "Louisiana", "state_code": "LA", "country": "United States", "country_code": "us", "confidence": "1", "confidence_city_level": "1", "confidence_street_level": "1", "confidence_building_level": "1" }, "geometry": { "type": "Point", "coordinates": [ -90.0766982, 29.9936691 ] } },
{ "type": "Feature", "properties": { "original_314": "84", "original_#1 Park Timbers Dr.": "1400 Sere St.", "original_new orleans": "new orleans", "original_Louisiana": "Louisiana", "original_": "70122", "lat": 29.9936691, "lon": -90.0766982, "formatted": "1400 Sere Street, New Orleans, LA 70122, United States of America", "name": "", "housenumber": "1400", "street": "Sere Street", "postcode": "70122", "district": "", "suburb": "Faubourg St. John", "county_code": "", "city": "New Orleans", "county": "Orleans Parish", "state": "Louisiana", "state_code": "LA", "country": "United States", "country_code": "us", "confidence": "1", "confidence_city_level": "1", "confidence_street_level": "1", "confidence_building_level": "1" }, "geometry": { "type": "Point", "coordinates": [ -90.0766982, 29.9936691 ] } },
{ "type": "Feature", "properties": { "original_314": "190", "original_#1 Park Timbers Dr.": "14069 Morrison Rd.", "original_new orleans": "new orleans", "original_Louisiana": "Louisiana", "original_": "70128", "lat": 30.0630172, "lon": -89.948739, "formatted": "14069 Morrison Road, New Orleans, LA 70128, United States of America", "name": "Morrison Road", "housenumber": "14069", "street": "Morrison Road", "postcode": "70128", "district": "", "suburb": "", "county_code": "", "city": "New Orleans", "county": "Orleans Parish", "state": "Louisiana", "state_code": "LA", "country": "United States", "country_code": "us", "confidence": "1", "confidence_city_level": "1", "confidence_street_level": "1", "confidence_building_level": "1" }, "geometry": { "type": "Point", "coordinates": [ -89.948739, 30.0630172 ] } },
{ "type": "Feature", "properties": { "original_314": "195", "original_#1 Park Timbers Dr.": "14069 Morrison Rd.", "original_new orleans": "new orleans", "original_Louisiana": "Louisiana", "original_": "70128", "lat": 30.0630172, "lon": -89.948739, "formatted": "14069 Morrison Road, New Orleans, LA 70128, United States of America", "name": "Morrison Road", "housenumber": "14069", "street": "Morrison Road", "postcode": "70128", "district": "", "suburb": "", "county_code": "", "city": "New Orleans", "county": "Orleans Parish", "state": "Louisiana", "state_code": "LA", "country": "United States", "country_code": "us", "confidence": "1", "confidence_city_level": "1", "confidence_street_level": "1", "confidence_building_level": "1" }, "geometry": { "type": "Point", "coordinates": [ -89.948739, 30.0630172 ] } },
{ "type": "Feature", "properties": { "original_314": "53", "original_#1 Park Timbers Dr.": "1423 St.Philip St.", "original_new orleans": "new orleans", "original_Louisiana": "Louisiana", "original_": "70116", "lat": 29.9652212, "lon": -90.0691264, "formatted": "Joseph A. Craig Elementary School, 1423 Saint Philip Street, New Orleans, LA 70116, United States of America", "name": "Joseph A. Craig Elementary School", "housenumber": "1423", "street": "Saint Philip Street", "postcode": "70116", "district": "Tremé", "suburb": "French Quarter", "county_code": "", "city": "New Orleans", "county": "Orleans Parish", "state": "Louisiana", "state_code": "LA", "country": "United States", "country_code": "us", "confidence": "1", "confidence_city_level": "1", "confidence_street_level": "1", "confidence_building_level": "1" }, "geometry": { "type": "Point", "coordinates": [ -90.0691264, 29.9652212 ] } },
{ "type": "Feature", "properties": { "original_314": "245", "original_#1 Park Timbers Dr.": "1426 Napoleon Ave. ", "original_new orleans": "new orleans", "original_Louisiana": "Louisiana", "original_": "70115", "lat": 29.9254329, "lon": -90.1025488, "formatted": "1426 Napoleon Avenue, New Orleans, LA 70115, United States of America", "name": "", "housenumber": "1426", "street": "Napoleon Avenue", "postcode": "70115", "district": "", "suburb": "Uptown", "county_code": "", "city": "New Orleans", "county": "Orleans Parish", "state": "Louisiana", "state_code": "LA", "country": "United States", "country_code": "us", "confidence": "1", "confidence_city_level": "1", "confidence_street_level": "1", "confidence_building_level": "1" }, "geometry": { "type": "Point", "coordinates": [ -90.1025488, 29.9254329 ] } },
{ "type": "Feature", "properties": { "original_314": "85", "original_#1 Park Timbers Dr.": "1510 Harrison Ave.", "original_new orleans": "new orleans", "original_Louisiana": "Louisiana", "original_": "70122", "lat": 29.99989905882353, "lon": -90.07584659, "formatted": "1510 Harrison Avenue, New Orleans, LA 70122, United States of America", "name": "", "housenumber": "1510", "street": "Harrison Avenue", "postcode": "70122", "district": "", "suburb": "", "county_code": "", "city": "New Orleans", "county": "Orleans Parish", "state": "Louisiana", "state_code": "LA", "country": "United States", "country_code": "us", "confidence": "1", "confidence_city_level": "1", "confidence_street_level": "1", "confidence_building_level": "1" }, "geometry": { "type": "Point", "coordinates": [ -90.0758466, 29.9998991 ] } },
{ "type": "Feature", "properties": { "original_314": "261", "original_#1 Park Timbers Dr.": "1545 State St.", "original_new orleans": "new orleans", "original_Louisiana": "Louisiana", "original_": "70118", "lat": 29.930344, "lon": -90.1180726, "formatted": "1545 State Street, New Orleans, LA 70115, United States of America", "name": "", "housenumber": "1545", "street": "State Street", "postcode": "70115", "district": "", "suburb": "Greenville", "county_code": "", "city": "New Orleans", "county": "Orleans Parish", "state": "Louisiana", "state_code": "LA", "country": "United States", "country_code": "us", "confidence": "1", "confidence_city_level": "1", "confidence_street_level": "1", "confidence_building_level": "1" }, "geometry": { "type": "Point", "coordinates": [ -90.1180726, 29.930344 ] } },
{ "type": "Feature", "properties": { "original_314": "120", "original_#1 Park Timbers Dr.": "1617 Caffin Ave.", "original_new orleans": "new orleans", "original_Louisiana": "Louisiana", "original_": "70117", "lat": 29.966772, "lon": -90.0136347, "formatted": "1617 Fats Domino Avenue, Lower Ninth Ward, New Orleans, LA 70117, United States of America", "name": "", "housenumber": "1617", "street": "Fats Domino Avenue", "postcode": "70117", "district": "", "suburb": "Lower Ninth Ward", "county_code": "OR", "city": "New Orleans", "county": "Orleans Parish", "state": "Louisiana", "state_code": "LA", "country": "United States", "country_code": "us", "confidence": "1", "confidence_city_level": "1", "confidence_street_level": "1", "confidence_building_level": "1" }, "geometry": { "type": "Point", "coordinates": [ -90.0136347, 29.966772 ] } },
{ "type": "Feature", "properties": { "original_314": "122", "original_#1 Park Timbers Dr.": "1617 Caffin Ave.", "original_new orleans": "new orleans", "original_Louisiana": "Louisiana", "original_": "70117", "lat": 29.966772, "lon": -90.0136347, "formatted": "1617 Fats Domino Avenue, Lower Ninth Ward, New Orleans, LA 70117, United States of America", "name": "", "housenumber": "1617", "street": "Fats Domino Avenue", "postcode": "70117", "district": "", "suburb": "Lower Ninth Ward", "county_code": "OR", "city": "New Orleans", "county": "Orleans Parish", "state": "Louisiana", "state_code": "LA", "country": "United States", "country_code": "us", "confidence": "1", "confidence_city_level": "1", "confidence_street_level": "1", "confidence_building_level": "1" }, "geometry": { "type": "Point", "coordinates": [ -90.0136347, 29.966772 ] } },
{ "type": "Feature", "properties": { "original_314": "123", "original_#1 Park Timbers Dr.": "1617 Caffin Ave.", "original_new orleans": "new orleans", "original_Louisiana": "Louisiana", "original_": "70117", "lat": 29.966772, "lon": -90.0136347, "formatted": "1617 Fats Domino Avenue, Lower Ninth Ward, New Orleans, LA 70117, United States of America", "name": "", "housenumber": "1617", "street": "Fats Domino Avenue", "postcode": "70117", "district": "", "suburb": "Lower Ninth Ward", "county_code": "OR", "city": "New Orleans", "county": "Orleans Parish", "state": "Louisiana", "state_code": "LA", "country": "United States", "country_code": "us", "confidence": "1", "confidence_city_level": "1", "confidence_street_level": "1", "confidence_building_level": "1" }, "geometry": { "type": "Point", "coordinates": [ -90.0136347, 29.966772 ] } },
{ "type": "Feature", "properties": { "original_314": "216", "original_#1 Park Timbers Dr.": "1636 Toledano St.", "original_new orleans": "new orleans", "original_Louisiana": "Louisiana", "original_": "70115", "lat": 29.9294675, "lon": -90.0908198, "formatted": "1636 Toledano Street, New Orleans, LA 70115, United States of America", "name": "", "housenumber": "1636", "street": "Toledano Street", "postcode": "70115", "district": "", "suburb": "Garden District", "county_code": "", "city": "New Orleans", "county": "Orleans Parish", "state": "Louisiana", "state_code": "LA", "country": "United States", "country_code": "us", "confidence": "1", "confidence_city_level": "1", "confidence_street_level": "1", "confidence_building_level": "1" }, "geometry": { "type": "Point", "coordinates": [ -90.0908198, 29.9294675 ] } },
{ "type": "Feature", "properties": { "original_314": "104", "original_#1 Park Timbers Dr.": "1701 Franklin Ave.", "original_new orleans": "new orleans", "original_Louisiana": "Louisiana", "original_": "70117", "lat": 29.9751691, "lon": -90.0479283, "formatted": "1701 Franklin Avenue, New Orleans, LA 70117, United States of America", "name": "", "housenumber": "1701", "street": "Franklin Avenue", "postcode": "70117", "district": "Saint Roch", "suburb": "Faubourg Marigny", "county_code": "", "city": "New Orleans", "county": "Orleans Parish", "state": "Louisiana", "state_code": "LA", "country": "United States", "country_code": "us", "confidence": "1", "confidence_city_level": "1", "confidence_street_level": "1", "confidence_building_level": "1" }, "geometry": { "type": "Point", "coordinates": [ -90.0479283, 29.9751691 ] } },
{ "type": "Feature", "properties": { "original_314": "100", "original_#1 Park Timbers Dr.": "1738 St. Roch Ave.", "original_new orleans": "new orleans", "original_Louisiana": "Louisiana", "original_": "70117", "lat": 29.975311081632654, "lon": -90.05287104, "formatted": "1738 St Roch Avenue, New Orleans, LA 70117, United States of America", "name": "", "housenumber": "1738", "street": "St Roch Avenue", "postcode": "70117", "district": "Saint Roch", "suburb": "Faubourg Marigny", "county_code": "", "city": "New Orleans", "county": "Orleans Parish", "state": "Louisiana", "state_code": "LA", "country": "United States", "country_code": "us", "confidence": "1", "confidence_city_level": "1", "confidence_street_level": "1", "confidence_building_level": "1" }, "geometry": { "type": "Point", "coordinates": [ -90.052871, 29.9753111 ] } },
{ "type": "Feature", "properties": { "original_314": "102", "original_#1 Park Timbers Dr.": "1800 Arts St.", "original_new orleans": "new orleans", "original_Louisiana": "Louisiana", "original_": "70117", "lat": 29.976123, "lon": -90.0505999, "formatted": "1800 Arts Street, New Orleans, LA 70117, United States of America", "name": "", "housenumber": "1800", "street": "Arts Street", "postcode": "70117", "district": "Saint Roch", "suburb": "Faubourg Marigny", "county_code": "", "city": "New Orleans", "county": "Orleans Parish", "state": "Louisiana", "state_code": "LA", "country": "United States", "country_code": "us", "confidence": "1", "confidence_city_level": "1", "confidence_street_level": "1", "confidence_building_level": "1" }, "geometry": { "type": "Point", "coordinates": [ -90.0505999, 29.976123 ] } },
{ "type": "Feature", "properties": { "original_314": "103", "original_#1 Park Timbers Dr.": "1800 Arts St.", "original_new orleans": "new orleans", "original_Louisiana": "Louisiana", "original_": "70117", "lat": 29.976123, "lon": -90.0505999, "formatted": "1800 Arts Street, New Orleans, LA 70117, United States of America", "name": "", "housenumber": "1800", "street": "Arts Street", "postcode": "70117", "district": "Saint Roch", "suburb": "Faubourg Marigny", "county_code": "", "city": "New Orleans", "county": "Orleans Parish", "state": "Louisiana", "state_code": "LA", "country": "United States", "country_code": "us", "confidence": "1", "confidence_city_level": "1", "confidence_street_level": "1", "confidence_building_level": "1" }, "geometry": { "type": "Point", "coordinates": [ -90.0505999, 29.976123 ] } },
{ "type": "Feature", "properties": { "original_314": "288", "original_#1 Park Timbers Dr.": "1801 L.B. Landry Ave.", "original_new orleans": "new orleans", "original_Louisiana": "Louisiana", "original_": "70114", "lat": 29.9349553, "lon": -90.0418901, "formatted": "1801 L. B. Landry Avenue, Algiers, New Orleans, LA 70114, United States of America", "name": "", "housenumber": "1801", "street": "L. B. Landry Avenue", "postcode": "70114", "district": "", "suburb": "", "county_code": "", "city": "New Orleans", "county": "Orleans Parish", "state": "Louisiana", "state_code": "LA", "country": "United States", "country_code": "us", "confidence": "0.75", "confidence_city_level": "1", "confidence_street_level": "0.75", "confidence_building_level": "" }, "geometry": { "type": "Point", "coordinates": [ -90.0418901, 29.9349553 ] } },
{ "type": "Feature", "properties": { "original_314": "217", "original_#1 Park Timbers Dr.": "1823 Washington Ave.", "original_new orleans": "new orleans", "original_Louisiana": "Louisiana", "original_": "70113", "lat": 29.932935244897962, "lon": -90.08734702, "formatted": "1823 Washington Avenue, New Orleans, LA 70113, United States of America", "name": "", "housenumber": "1823", "street": "Washington Avenue", "postcode": "70113", "district": "", "suburb": "Garden District", "county_code": "", "city": "New Orleans", "county": "Orleans Parish", "state": "Louisiana", "state_code": "LA", "country": "United States", "country_code": "us", "confidence": "1", "confidence_city_level": "1", "confidence_street_level": "1", "confidence_building_level": "1" }, "geometry": { "type": "Point", "coordinates": [ -90.087347, 29.9329352 ] } },
{ "type": "Feature", "properties": { "original_314": "80", "original_#1 Park Timbers Dr.": "1937 Mirabeau Ave.", "original_new orleans": "new orleans", "original_Louisiana": "Louisiana", "original_": "70122", "lat": 30.0085703, "lon": -90.0655856, "formatted": "1937 Mirabeau Avenue, New Orleans, LA 70122, United States of America", "name": "", "housenumber": "1937", "street": "Mirabeau Avenue", "postcode": "70122", "district": "", "suburb": "Gentilly", "county_code": "", "city": "New Orleans", "county": "Orleans Parish", "state": "Louisiana", "state_code": "LA", "country": "United States", "country_code": "us", "confidence": "1", "confidence_city_level": "1", "confidence_street_level": "1", "confidence_building_level": "1" }, "geometry": { "type": "Point", "coordinates": [ -90.0655856, 30.0085703 ] } },
{ "type": "Feature", "properties": { "original_314": "81", "original_#1 Park Timbers Dr.": "1937 Mirabeau Ave.", "original_new orleans": "new orleans", "original_Louisiana": "Louisiana", "original_": "70122", "lat": 30.0085703, "lon": -90.0655856, "formatted": "1937 Mirabeau Avenue, New Orleans, LA 70122, United States of America", "name": "", "housenumber": "1937", "street": "Mirabeau Avenue", "postcode": "70122", "district": "", "suburb": "Gentilly", "county_code": "", "city": "New Orleans", "county": "Orleans Parish", "state": "Louisiana", "state_code": "LA", "country": "United States", "country_code": "us", "confidence": "1", "confidence_city_level": "1", "confidence_street_level": "1", "confidence_building_level": "1" }, "geometry": { "type": "Point", "coordinates": [ -90.0655856, 30.0085703 ] } },
{ "type": "Feature", "properties": { "original_314": "4", "original_#1 Park Timbers Dr.": "2000 Martin Luther King Blvd.", "original_new orleans": "new orleans", "original_Louisiana": "Louisiana", "original_": "70113", "lat": 29.9414734, "lon": -90.080506, "formatted": "2000 Martin Luther King Jr Boulevard, New Orleans, LA 70113, United States of America", "name": "", "housenumber": "2000", "street": "Martin Luther King Jr Boulevard", "postcode": "70113", "district": "", "suburb": "Garden District", "county_code": "", "city": "New Orleans", "county": "Orleans Parish", "state": "Louisiana", "state_code": "LA", "country": "United States", "country_code": "us", "confidence": "0.9", "confidence_city_level": "1", "confidence_street_level": "0.9", "confidence_building_level": "0.9" }, "geometry": { "type": "Point", "coordinates": [ -90.080506, 29.9414734 ] } },
{ "type": "Feature", "properties": { "original_314": "91", "original_#1 Park Timbers Dr.": "2001 Leon C. Simon Dr.", "original_new orleans": "new orleans", "original_Louisiana": "Louisiana", "original_": "70122", "lat": 30.023530530612245, "lon": -90.06569461, "formatted": "2001 Leon C. Simon Drive, New Orleans, LA 70122, United States of America", "name": "", "housenumber": "2001", "street": "Leon C. Simon Drive", "postcode": "70122", "district": "", "suburb": "Milneburg", "county_code": "", "city": "New Orleans", "county": "Orleans Parish", "state": "Louisiana", "state_code": "LA", "country": "United States", "country_code": "us", "confidence": "1", "confidence_city_level": "1", "confidence_street_level": "1", "confidence_building_level": "1" }, "geometry": { "type": "Point", "coordinates": [ -90.0656946, 30.0235305 ] } },
{ "type": "Feature", "properties": { "original_314": "92", "original_#1 Park Timbers Dr.": "2001 Leon C. Simon Dr.", "original_new orleans": "new orleans", "original_Louisiana": "Louisiana", "original_": "70122", "lat": 30.023530530612245, "lon": -90.06569461, "formatted": "2001 Leon C. Simon Drive, New Orleans, LA 70122, United States of America", "name": "", "housenumber": "2001", "street": "Leon C. Simon Drive", "postcode": "70122", "district": "", "suburb": "Milneburg", "county_code": "", "city": "New Orleans", "county": "Orleans Parish", "state": "Louisiana", "state_code": "LA", "country": "United States", "country_code": "us", "confidence": "1", "confidence_city_level": "1", "confidence_street_level": "1", "confidence_building_level": "1" }, "geometry": { "type": "Point", "coordinates": [ -90.0656946, 30.0235305 ] } },
{ "type": "Feature", "properties": { "original_314": "93", "original_#1 Park Timbers Dr.": "2001 Leon C. Simon Dr.", "original_new orleans": "new orleans", "original_Louisiana": "Louisiana", "original_": "70122", "lat": 30.023530530612245, "lon": -90.06569461, "formatted": "2001 Leon C. Simon Drive, New Orleans, LA 70122, United States of America", "name": "", "housenumber": "2001", "street": "Leon C. Simon Drive", "postcode": "70122", "district": "", "suburb": "Milneburg", "county_code": "", "city": "New Orleans", "county": "Orleans Parish", "state": "Louisiana", "state_code": "LA", "country": "United States", "country_code": "us", "confidence": "1", "confidence_city_level": "1", "confidence_street_level": "1", "confidence_building_level": "1" }, "geometry": { "type": "Point", "coordinates": [ -90.0656946, 30.0235305 ] } },
{ "type": "Feature", "properties": { "original_314": "115", "original_#1 Park Timbers Dr.": "2001 Leon C. Simon Dr.", "original_new orleans": "new orleans", "original_Louisiana": "Louisiana", "original_": "70122", "lat": 30.023530530612245, "lon": -90.06569461, "formatted": "2001 Leon C. Simon Drive, New Orleans, LA 70122, United States of America", "name": "", "housenumber": "2001", "street": "Leon C. Simon Drive", "postcode": "70122", "district": "", "suburb": "Milneburg", "county_code": "", "city": "New Orleans", "county": "Orleans Parish", "state": "Louisiana", "state_code": "LA", "country": "United States", "country_code": "us", "confidence": "1", "confidence_city_level": "1", "confidence_street_level": "1", "confidence_building_level": "1" }, "geometry": { "type": "Point", "coordinates": [ -90.0656946, 30.0235305 ] } },
{ "type": "Feature", "properties": { "original_314": "116", "original_#1 Park Timbers Dr.": "2001 Leon C. Simon Dr.", "original_new orleans": "new orleans", "original_Louisiana": "Louisiana", "original_": "70122", "lat": 30.023530530612245, "lon": -90.06569461, "formatted": "2001 Leon C. Simon Drive, New Orleans, LA 70122, United States of America", "name": "", "housenumber": "2001", "street": "Leon C. Simon Drive", "postcode": "70122", "district": "", "suburb": "Milneburg", "county_code": "", "city": "New Orleans", "county": "Orleans Parish", "state": "Louisiana", "state_code": "LA", "country": "United States", "country_code": "us", "confidence": "1", "confidence_city_level": "1", "confidence_street_level": "1", "confidence_building_level": "1" }, "geometry": { "type": "Point", "coordinates": [ -90.0656946, 30.0235305 ] } },
{ "type": "Feature", "properties": { "original_314": "117", "original_#1 Park Timbers Dr.": "2001 Leon C. Simon Dr.", "original_new orleans": "new orleans", "original_Louisiana": "Louisiana", "original_": "70122", "lat": 30.023530530612245, "lon": -90.06569461, "formatted": "2001 Leon C. Simon Drive, New Orleans, LA 70122, United States of America", "name": "", "housenumber": "2001", "street": "Leon C. Simon Drive", "postcode": "70122", "district": "", "suburb": "Milneburg", "county_code": "", "city": "New Orleans", "county": "Orleans Parish", "state": "Louisiana", "state_code": "LA", "country": "United States", "country_code": "us", "confidence": "1", "confidence_city_level": "1", "confidence_street_level": "1", "confidence_building_level": "1" }, "geometry": { "type": "Point", "coordinates": [ -90.0656946, 30.0235305 ] } },
{ "type": "Feature", "properties": { "original_314": "118", "original_#1 Park Timbers Dr.": "2001 Leon C. Simon Dr.", "original_new orleans": "new orleans", "original_Louisiana": "Louisiana", "original_": "70122", "lat": 30.023530530612245, "lon": -90.06569461, "formatted": "2001 Leon C. Simon Drive, New Orleans, LA 70122, United States of America", "name": "", "housenumber": "2001", "street": "Leon C. Simon Drive", "postcode": "70122", "district": "", "suburb": "Milneburg", "county_code": "", "city": "New Orleans", "county": "Orleans Parish", "state": "Louisiana", "state_code": "LA", "country": "United States", "country_code": "us", "confidence": "1", "confidence_city_level": "1", "confidence_street_level": "1", "confidence_building_level": "1" }, "geometry": { "type": "Point", "coordinates": [ -90.0656946, 30.0235305 ] } },
{ "type": "Feature", "properties": { "original_314": "67", "original_#1 Park Timbers Dr.": "2022 St. Bernard Ave. ", "original_new orleans": "new orleans", "original_Louisiana": "Louisiana", "original_": "70116", "lat": 29.977006442667534, "lon": -90.06790988, "formatted": "2022 Saint Bernard Avenue, New Orleans, LA 70116, United States of America", "name": "", "housenumber": "2022", "street": "Saint Bernard Avenue", "postcode": "70116", "district": "", "suburb": "French Quarter", "county_code": "", "city": "New Orleans", "county": "Orleans Parish", "state": "Louisiana", "state_code": "LA", "country": "United States", "country_code": "us", "confidence": "1", "confidence_city_level": "1", "confidence_street_level": "1", "confidence_building_level": "1" }, "geometry": { "type": "Point", "coordinates": [ -90.0679099, 29.9770064 ] } },
{ "type": "Feature", "properties": { "original_314": "63", "original_#1 Park Timbers Dr.": "2118 Elysian Fields Ave.", "original_new orleans": "new orleans", "original_Louisiana": "Louisiana", "original_": "70117", "lat": 29.978907608349466, "lon": -90.05787123, "formatted": "2118 Elysian Fields Avenue, New Orleans, LA 70117, United States of America", "name": "", "housenumber": "2118", "street": "Elysian Fields Avenue", "postcode": "70117", "district": "Saint Roch", "suburb": "Faubourg Marigny", "county_code": "", "city": "New Orleans", "county": "Orleans Parish", "state": "Louisiana", "state_code": "LA", "country": "United States", "country_code": "us", "confidence": "1", "confidence_city_level": "1", "confidence_street_level": "1", "confidence_building_level": "1" }, "geometry": { "type": "Point", "coordinates": [ -90.0578712, 29.9789076 ] } },
{ "type": "Feature", "properties": { "original_314": "64", "original_#1 Park Timbers Dr.": "2118 Elysian Fields Ave.", "original_new orleans": "new orleans", "original_Louisiana": "Louisiana", "original_": "70117", "lat": 29.978907608349466, "lon": -90.05787123, "formatted": "2118 Elysian Fields Avenue, New Orleans, LA 70117, United States of America", "name": "", "housenumber": "2118", "street": "Elysian Fields Avenue", "postcode": "70117", "district": "Saint Roch", "suburb": "Faubourg Marigny", "county_code": "", "city": "New Orleans", "county": "Orleans Parish", "state": "Louisiana", "state_code": "LA", "country": "United States", "country_code": "us", "confidence": "1", "confidence_city_level": "1", "confidence_street_level": "1", "confidence_building_level": "1" }, "geometry": { "type": "Point", "coordinates": [ -90.0578712, 29.9789076 ] } },
{ "type": "Feature", "properties": { "original_314": "65", "original_#1 Park Timbers Dr.": "2118 Elysian Fields Ave.", "original_new orleans": "new orleans", "original_Louisiana": "Louisiana", "original_": "70117", "lat": 29.978907608349466, "lon": -90.05787123, "formatted": "2118 Elysian Fields Avenue, New Orleans, LA 70117, United States of America", "name": "", "housenumber": "2118", "street": "Elysian Fields Avenue", "postcode": "70117", "district": "Saint Roch", "suburb": "Faubourg Marigny", "county_code": "", "city": "New Orleans", "county": "Orleans Parish", "state": "Louisiana", "state_code": "LA", "country": "United States", "country_code": "us", "confidence": "1", "confidence_city_level": "1", "confidence_street_level": "1", "confidence_building_level": "1" }, "geometry": { "type": "Point", "coordinates": [ -90.0578712, 29.9789076 ] } },
{ "type": "Feature", "properties": { "original_314": "66", "original_#1 Park Timbers Dr.": "2118 Elysian Fields Ave.", "original_new orleans": "new orleans", "original_Louisiana": "Louisiana", "original_": "70117", "lat": 29.978907608349466, "lon": -90.05787123, "formatted": "2118 Elysian Fields Avenue, New Orleans, LA 70117, United States of America", "name": "", "housenumber": "2118", "street": "Elysian Fields Avenue", "postcode": "70117", "district": "Saint Roch", "suburb": "Faubourg Marigny", "county_code": "", "city": "New Orleans", "county": "Orleans Parish", "state": "Louisiana", "state_code": "LA", "country": "United States", "country_code": "us", "confidence": "1", "confidence_city_level": "1", "confidence_street_level": "1", "confidence_building_level": "1" }, "geometry": { "type": "Point", "coordinates": [ -90.0578712, 29.9789076 ] } },
{ "type": "Feature", "properties": { "original_314": "76", "original_#1 Park Timbers Dr.": "2118 Elysian Fields Ave.", "original_new orleans": "new orleans", "original_Louisiana": "Louisiana", "original_": "70117", "lat": 29.978907608349466, "lon": -90.05787123, "formatted": "2118 Elysian Fields Avenue, New Orleans, LA 70117, United States of America", "name": "", "housenumber": "2118", "street": "Elysian Fields Avenue", "postcode": "70117", "district": "Saint Roch", "suburb": "Faubourg Marigny", "county_code": "", "city": "New Orleans", "county": "Orleans Parish", "state": "Louisiana", "state_code": "LA", "country": "United States", "country_code": "us", "confidence": "1", "confidence_city_level": "1", "confidence_street_level": "1", "confidence_building_level": "1" }, "geometry": { "type": "Point", "coordinates": [ -90.0578712, 29.9789076 ] } },
{ "type": "Feature", "properties": { "original_314": "206", "original_#1 Park Timbers Dr.": "2220 Oretha Castle Haley Blvd.", "original_new orleans": "new orleans", "original_Louisiana": "Louisiana", "original_": "70113", "lat": 29.9364483, "lon": -90.0833968, "formatted": "2220 Oretha C Haley Boulevard, New Orleans, LA 70113, United States of America", "name": "", "housenumber": "2220", "street": "Oretha C Haley Boulevard", "postcode": "70113", "district": "", "suburb": "Garden District", "county_code": "", "city": "New Orleans", "county": "Orleans Parish", "state": "Louisiana", "state_code": "LA", "country": "United States", "country_code": "us", "confidence": "1", "confidence_city_level": "1", "confidence_street_level": "1", "confidence_building_level": "1" }, "geometry": { "type": "Point", "coordinates": [ -90.0833968, 29.9364483 ] } },
{ "type": "Feature", "properties": { "original_314": "207", "original_#1 Park Timbers Dr.": "2220 Oretha Castle Haley Blvd.", "original_new orleans": "new orleans", "original_Louisiana": "Louisiana", "original_": "70113", "lat": 29.9364483, "lon": -90.0833968, "formatted": "2220 Oretha C Haley Boulevard, New Orleans, LA 70113, United States of America", "name": "", "housenumber": "2220", "street": "Oretha C Haley Boulevard", "postcode": "70113", "district": "", "suburb": "Garden District", "county_code": "", "city": "New Orleans", "county": "Orleans Parish", "state": "Louisiana", "state_code": "LA", "country": "United States", "country_code": "us", "confidence": "1", "confidence_city_level": "1", "confidence_street_level": "1", "confidence_building_level": "1" }, "geometry": { "type": "Point", "coordinates": [ -90.0833968, 29.9364483 ] } },
{ "type": "Feature", "properties": { "original_314": "208", "original_#1 Park Timbers Dr.": "2220 Oretha Castle Haley Blvd.", "original_new orleans": "new orleans", "original_Louisiana": "Louisiana", "original_": "70113", "lat": 29.9364483, "lon": -90.0833968, "formatted": "2220 Oretha C Haley Boulevard, New Orleans, LA 70113, United States of America", "name": "", "housenumber": "2220", "street": "Oretha C Haley Boulevard", "postcode": "70113", "district": "", "suburb": "Garden District", "county_code": "", "city": "New Orleans", "county": "Orleans Parish", "state": "Louisiana", "state_code": "LA", "country": "United States", "country_code": "us", "confidence": "1", "confidence_city_level": "1", "confidence_street_level": "1", "confidence_building_level": "1" }, "geometry": { "type": "Point", "coordinates": [ -90.0833968, 29.9364483 ] } },
{ "type": "Feature", "properties": { "original_314": "209", "original_#1 Park Timbers Dr.": "2220 Oretha Castle Haley Blvd.", "original_new orleans": "new orleans", "original_Louisiana": "Louisiana", "original_": "70113", "lat": 29.9364483, "lon": -90.0833968, "formatted": "2220 Oretha C Haley Boulevard, New Orleans, LA 70113, United States of America", "name": "", "housenumber": "2220", "street": "Oretha C Haley Boulevard", "postcode": "70113", "district": "", "suburb": "Garden District", "county_code": "", "city": "New Orleans", "county": "Orleans Parish", "state": "Louisiana", "state_code": "LA", "country": "United States", "country_code": "us", "confidence": "1", "confidence_city_level": "1", "confidence_street_level": "1", "confidence_building_level": "1" }, "geometry": { "type": "Point", "coordinates": [ -90.0833968, 29.9364483 ] } },
{ "type": "Feature", "properties": { "original_314": "139", "original_#1 Park Timbers Dr.": "2225 Congress St. ", "original_new orleans": "new orleans", "original_Louisiana": "Louisiana", "original_": "70117", "lat": 29.978013334215767, "lon": -90.03524016, "formatted": "2225 Congress Street, Lower Ninth Ward, New Orleans, LA 70117, United States of America", "name": "", "housenumber": "2225", "street": "Congress Street", "postcode": "70117", "district": "", "suburb": "Faubourg Marigny", "county_code": "", "city": "New Orleans", "county": "Orleans Parish", "state": "Louisiana", "state_code": "LA", "country": "United States", "country_code": "us", "confidence": "1", "confidence_city_level": "1", "confidence_street_level": "1", "confidence_building_level": "1" }, "geometry": { "type": "Point", "coordinates": [ -90.0352402, 29.9780133 ] } },
{ "type": "Feature", "properties": { "original_314": "138", "original_#1 Park Timbers Dr.": "2243 Clouet St.", "original_new orleans": "new orleans", "original_Louisiana": "Louisiana", "original_": "70117", "lat": 29.9797571, "lon": -90.0403068, "formatted": "2243 Clouet Street, New Orleans, LA 70117, United States of America", "name": "", "housenumber": "2243", "street": "Clouet Street", "postcode": "70117", "district": "", "suburb": "Bywater", "county_code": "", "city": "New Orleans", "county": "Orleans Parish", "state": "Louisiana", "state_code": "LA", "country": "United States", "country_code": "us", "confidence": "1", "confidence_city_level": "1", "confidence_street_level": "1", "confidence_building_level": "1" }, "geometry": { "type": "Point", "coordinates": [ -90.0403068, 29.9797571 ] } },
{ "type": "Feature", "properties": { "original_314": "280", "original_#1 Park Timbers Dr.": "225 Morgan St.", "original_new orleans": "new orleans", "original_Louisiana": "Louisiana", "original_": "70114", "lat": 29.9536926, "lon": -90.0540755, "formatted": "225 Morgan Street, Algiers, New Orleans, LA 70114, United States of America", "name": "", "housenumber": "225", "street": "Morgan Street", "postcode": "70114", "district": "", "suburb": "", "county_code": "", "city": "New Orleans", "county": "Orleans Parish", "state": "Louisiana", "state_code": "LA", "country": "United States", "country_code": "us", "confidence": "1", "confidence_city_level": "1", "confidence_street_level": "1", "confidence_building_level": "1" }, "geometry": { "type": "Point", "coordinates": [ -90.0540755, 29.9536926 ] } },
{ "type": "Feature", "properties": { "original_314": "281", "original_#1 Park Timbers Dr.": "225 Morgan St.", "original_new orleans": "new orleans", "original_Louisiana": "Louisiana", "original_": "70114", "lat": 29.9536926, "lon": -90.0540755, "formatted": "225 Morgan Street, Algiers, New Orleans, LA 70114, United States of America", "name": "", "housenumber": "225", "street": "Morgan Street", "postcode": "70114", "district": "", "suburb": "", "county_code": "", "city": "New Orleans", "county": "Orleans Parish", "state": "Louisiana", "state_code": "LA", "country": "United States", "country_code": "us", "confidence": "1", "confidence_city_level": "1", "confidence_street_level": "1", "confidence_building_level": "1" }, "geometry": { "type": "Point", "coordinates": [ -90.0540755, 29.9536926 ] } },
{ "type": "Feature", "properties": { "original_314": "282", "original_#1 Park Timbers Dr.": "225 Morgan St.", "original_new orleans": "new orleans", "original_Louisiana": "Louisiana", "original_": "70114", "lat": 29.9536926, "lon": -90.0540755, "formatted": "225 Morgan Street, Algiers, New Orleans, LA 70114, United States of America", "name": "", "housenumber": "225", "street": "Morgan Street", "postcode": "70114", "district": "", "suburb": "", "county_code": "", "city": "New Orleans", "county": "Orleans Parish", "state": "Louisiana", "state_code": "LA", "country": "United States", "country_code": "us", "confidence": "1", "confidence_city_level": "1", "confidence_street_level": "1", "confidence_building_level": "1" }, "geometry": { "type": "Point", "coordinates": [ -90.0540755, 29.9536926 ] } },
{ "type": "Feature", "properties": { "original_314": "284", "original_#1 Park Timbers Dr.": "225 Morgan St.", "original_new orleans": "new orleans", "original_Louisiana": "Louisiana", "original_": "70114", "lat": 29.9536926, "lon": -90.0540755, "formatted": "225 Morgan Street, Algiers, New Orleans, LA 70114, United States of America", "name": "", "housenumber": "225", "street": "Morgan Street", "postcode": "70114", "district": "", "suburb": "", "county_code": "", "city": "New Orleans", "county": "Orleans Parish", "state": "Louisiana", "state_code": "LA", "country": "United States", "country_code": "us", "confidence": "1", "confidence_city_level": "1", "confidence_street_level": "1", "confidence_building_level": "1" }, "geometry": { "type": "Point", "coordinates": [ -90.0540755, 29.9536926 ] } },
{ "type": "Feature", "properties": { "original_314": "20", "original_#1 Park Timbers Dr.": "2300 Dumaine St. ", "original_new orleans": "new orleans", "original_Louisiana": "Louisiana", "original_": "70119", "lat": 29.9691011, "lon": -90.078056, "formatted": "Phillis Wheatley Community School, 2300 Dumaine Street, New Orleans, LA 70119, United States of America", "name": "Phillis Wheatley Community School", "housenumber": "2300", "street": "Dumaine Street", "postcode": "70119", "district": "", "suburb": "Faubourg St. John", "county_code": "", "city": "New Orleans", "county": "Orleans Parish", "state": "Louisiana", "state_code": "LA", "country": "United States", "country_code": "us", "confidence": "1", "confidence_city_level": "1", "confidence_street_level": "1", "confidence_building_level": "1" }, "geometry": { "type": "Point", "coordinates": [ -90.078056, 29.9691011 ] } },
{ "type": "Feature", "properties": { "original_314": "40", "original_#1 Park Timbers Dr.": "2300 Dumaine St. ", "original_new orleans": "new orleans", "original_Louisiana": "Louisiana", "original_": "70119", "lat": 29.9691011, "lon": -90.078056, "formatted": "Phillis Wheatley Community School, 2300 Dumaine Street, New Orleans, LA 70119, United States of America", "name": "Phillis Wheatley Community School", "housenumber": "2300", "street": "Dumaine Street", "postcode": "70119", "district": "", "suburb": "Faubourg St. John", "county_code": "", "city": "New Orleans", "county": "Orleans Parish", "state": "Louisiana", "state_code": "LA", "country": "United States", "country_code": "us", "confidence": "1", "confidence_city_level": "1", "confidence_street_level": "1", "confidence_building_level": "1" }, "geometry": { "type": "Point", "coordinates": [ -90.078056, 29.9691011 ] } },
{ "type": "Feature", "properties": { "original_314": "41", "original_#1 Park Timbers Dr.": "2300 Dumaine St. ", "original_new orleans": "new orleans", "original_Louisiana": "Louisiana", "original_": "70119", "lat": 29.9691011, "lon": -90.078056, "formatted": "Phillis Wheatley Community School, 2300 Dumaine Street, New Orleans, LA 70119, United States of America", "name": "Phillis Wheatley Community School", "housenumber": "2300", "street": "Dumaine Street", "postcode": "70119", "district": "", "suburb": "Faubourg St. John", "county_code": "", "city": "New Orleans", "county": "Orleans Parish", "state": "Louisiana", "state_code": "LA", "country": "United States", "country_code": "us", "confidence": "1", "confidence_city_level": "1", "confidence_street_level": "1", "confidence_building_level": "1" }, "geometry": { "type": "Point", "coordinates": [ -90.078056, 29.9691011 ] } },
{ "type": "Feature", "properties": { "original_314": "230", "original_#1 Park Timbers Dr.": "2301 Marengo St.", "original_new orleans": "new orleans", "original_Louisiana": "Louisiana", "original_": "70115", "lat": 29.934132, "lon": -90.0985704, "formatted": "2301 Marengo Street, New Orleans, LA 70115, United States of America", "name": "", "housenumber": "2301", "street": "Marengo Street", "postcode": "70115", "district": "", "suburb": "Uptown", "county_code": "", "city": "New Orleans", "county": "Orleans Parish", "state": "Louisiana", "state_code": "LA", "country": "United States", "country_code": "us", "confidence": "1", "confidence_city_level": "1", "confidence_street_level": "1", "confidence_building_level": "1" }, "geometry": { "type": "Point", "coordinates": [ -90.0985704, 29.934132 ] } },
{ "type": "Feature", "properties": { "original_314": "231", "original_#1 Park Timbers Dr.": "2301 Marengo St.", "original_new orleans": "new orleans", "original_Louisiana": "Louisiana", "original_": "70115", "lat": 29.934132, "lon": -90.0985704, "formatted": "2301 Marengo Street, New Orleans, LA 70115, United States of America", "name": "", "housenumber": "2301", "street": "Marengo Street", "postcode": "70115", "district": "", "suburb": "Uptown", "county_code": "", "city": "New Orleans", "county": "Orleans Parish", "state": "Louisiana", "state_code": "LA", "country": "United States", "country_code": "us", "confidence": "1", "confidence_city_level": "1", "confidence_street_level": "1", "confidence_building_level": "1" }, "geometry": { "type": "Point", "coordinates": [ -90.0985704, 29.934132 ] } },
{ "type": "Feature", "properties": { "original_314": "232", "original_#1 Park Timbers Dr.": "2301 Marengo St.", "original_new orleans": "new orleans", "original_Louisiana": "Louisiana", "original_": "70115", "lat": 29.934132, "lon": -90.0985704, "formatted": "2301 Marengo Street, New Orleans, LA 70115, United States of America", "name": "", "housenumber": "2301", "street": "Marengo Street", "postcode": "70115", "district": "", "suburb": "Uptown", "county_code": "", "city": "New Orleans", "county": "Orleans Parish", "state": "Louisiana", "state_code": "LA", "country": "United States", "country_code": "us", "confidence": "1", "confidence_city_level": "1", "confidence_street_level": "1", "confidence_building_level": "1" }, "geometry": { "type": "Point", "coordinates": [ -90.0985704, 29.934132 ] } },
{ "type": "Feature", "properties": { "original_314": "234", "original_#1 Park Timbers Dr.": "2301 Marengo St.", "original_new orleans": "new orleans", "original_Louisiana": "Louisiana", "original_": "70115", "lat": 29.934132, "lon": -90.0985704, "formatted": "2301 Marengo Street, New Orleans, LA 70115, United States of America", "name": "", "housenumber": "2301", "street": "Marengo Street", "postcode": "70115", "district": "", "suburb": "Uptown", "county_code": "", "city": "New Orleans", "county": "Orleans Parish", "state": "Louisiana", "state_code": "LA", "country": "United States", "country_code": "us", "confidence": "1", "confidence_city_level": "1", "confidence_street_level": "1", "confidence_building_level": "1" }, "geometry": { "type": "Point", "coordinates": [ -90.0985704, 29.934132 ] } },
{ "type": "Feature", "properties": { "original_314": "235", "original_#1 Park Timbers Dr.": "2301 Marengo St.", "original_new orleans": "new orleans", "original_Louisiana": "Louisiana", "original_": "70115", "lat": 29.934132, "lon": -90.0985704, "formatted": "2301 Marengo Street, New Orleans, LA 70115, United States of America", "name": "", "housenumber": "2301", "street": "Marengo Street", "postcode": "70115", "district": "", "suburb": "Uptown", "county_code": "", "city": "New Orleans", "county": "Orleans Parish", "state": "Louisiana", "state_code": "LA", "country": "United States", "country_code": "us", "confidence": "1", "confidence_city_level": "1", "confidence_street_level": "1", "confidence_building_level": "1" }, "geometry": { "type": "Point", "coordinates": [ -90.0985704, 29.934132 ] } },
{ "type": "Feature", "properties": { "original_314": "236", "original_#1 Park Timbers Dr.": "2301 Marengo St.", "original_new orleans": "new orleans", "original_Louisiana": "Louisiana", "original_": "70115", "lat": 29.934132, "lon": -90.0985704, "formatted": "2301 Marengo Street, New Orleans, LA 70115, United States of America", "name": "", "housenumber": "2301", "street": "Marengo Street", "postcode": "70115", "district": "", "suburb": "Uptown", "county_code": "", "city": "New Orleans", "county": "Orleans Parish", "state": "Louisiana", "state_code": "LA", "country": "United States", "country_code": "us", "confidence": "1", "confidence_city_level": "1", "confidence_street_level": "1", "confidence_building_level": "1" }, "geometry": { "type": "Point", "coordinates": [ -90.0985704, 29.934132 ] } },
{ "type": "Feature", "properties": { "original_314": "218", "original_#1 Park Timbers Dr.": "2319 Third St.", "original_new orleans": "new orleans", "original_Louisiana": "Louisiana", "original_": "70113", "lat": 29.9382992, "lon": -90.0887789, "formatted": "2319 Third Street, New Orleans, LA 70113, United States of America", "name": "", "housenumber": "2319", "street": "Third Street", "postcode": "70113", "district": "", "suburb": "Garden District", "county_code": "", "city": "New Orleans", "county": "Orleans Parish", "state": "Louisiana", "state_code": "LA", "country": "United States", "country_code": "us", "confidence": "1", "confidence_city_level": "1", "confidence_street_level": "1", "confidence_building_level": "1" }, "geometry": { "type": "Point", "coordinates": [ -90.0887789, 29.9382992 ] } },
{ "type": "Feature", "properties": { "original_314": "219", "original_#1 Park Timbers Dr.": "2319 Third St.", "original_new orleans": "new orleans", "original_Louisiana": "Louisiana", "original_": "70113", "lat": 29.9382992, "lon": -90.0887789, "formatted": "2319 Third Street, New Orleans, LA 70113, United States of America", "name": "", "housenumber": "2319", "street": "Third Street", "postcode": "70113", "district": "", "suburb": "Garden District", "county_code": "", "city": "New Orleans", "county": "Orleans Parish", "state": "Louisiana", "state_code": "LA", "country": "United States", "country_code": "us", "confidence": "1", "confidence_city_level": "1", "confidence_street_level": "1", "confidence_building_level": "1" }, "geometry": { "type": "Point", "coordinates": [ -90.0887789, 29.9382992 ] } },
{ "type": "Feature", "properties": { "original_314": "220", "original_#1 Park Timbers Dr.": "2319 Third St.", "original_new orleans": "new orleans", "original_Louisiana": "Louisiana", "original_": "70113", "lat": 29.9382992, "lon": -90.0887789, "formatted": "2319 Third Street, New Orleans, LA 70113, United States of America", "name": "", "housenumber": "2319", "street": "Third Street", "postcode": "70113", "district": "", "suburb": "Garden District", "county_code": "", "city": "New Orleans", "county": "Orleans Parish", "state": "Louisiana", "state_code": "LA", "country": "United States", "country_code": "us", "confidence": "1", "confidence_city_level": "1", "confidence_street_level": "1", "confidence_building_level": "1" }, "geometry": { "type": "Point", "coordinates": [ -90.0887789, 29.9382992 ] } },
{ "type": "Feature", "properties": { "original_314": "249", "original_#1 Park Timbers Dr.": "2319 Valence St.", "original_new orleans": "new orleans", "original_Louisiana": "Louisiana", "original_": "70115", "lat": 29.933335040816328, "lon": -90.10618269, "formatted": "2319 Valence Street, New Orleans, LA 70115, United States of America", "name": "", "housenumber": "2319", "street": "Valence Street", "postcode": "70115", "district": "", "suburb": "Uptown", "county_code": "", "city": "New Orleans", "county": "Orleans Parish", "state": "Louisiana", "state_code": "LA", "country": "United States", "country_code": "us", "confidence": "1", "confidence_city_level": "1", "confidence_street_level": "1", "confidence_building_level": "1" }, "geometry": { "type": "Point", "coordinates": [ -90.1061827, 29.933335 ] } },
{ "type": "Feature", "properties": { "original_314": "7", "original_#1 Park Timbers Dr.": "2321 Thalia St.", "original_new orleans": "new orleans", "original_Louisiana": "Louisiana", "original_": "70113", "lat": 29.944009612244898, "lon": -90.08221759, "formatted": "2321 Thalia Street, New Orleans, LA 70113, United States of America", "name": "", "housenumber": "2321", "street": "Thalia Street", "postcode": "70113", "district": "", "suburb": "Garden District", "county_code": "", "city": "New Orleans", "county": "Orleans Parish", "state": "Louisiana", "state_code": "LA", "country": "United States", "country_code": "us", "confidence": "1", "confidence_city_level": "1", "confidence_street_level": "1", "confidence_building_level": "1" }, "geometry": { "type": "Point", "coordinates": [ -90.0822176, 29.9440096 ] } },
{ "type": "Feature", "properties": { "original_314": "105", "original_#1 Park Timbers Dr.": "2401 Humanity St. ", "original_new orleans": "new orleans", "original_Louisiana": "Louisiana", "original_": "70122", "lat": 29.992216, "lon": -90.054389, "formatted": "2401 Humanity Street, New Orleans, LA 70122, United States of America", "name": "", "housenumber": "2401", "street": "Humanity Street", "postcode": "70122", "district": "", "suburb": "", "county_code": "", "city": "New Orleans", "county": "Orleans Parish", "state": "Louisiana", "state_code": "LA", "country": "United States", "country_code": "us", "confidence": "1", "confidence_city_level": "1", "confidence_street_level": "1", "confidence_building_level": "1" }, "geometry": { "type": "Point", "coordinates": [ -90.054389, 29.992216 ] } },
{ "type": "Feature", "properties": { "original_314": "106", "original_#1 Park Timbers Dr.": "2401 Humanity St. ", "original_new orleans": "new orleans", "original_Louisiana": "Louisiana", "original_": "70122", "lat": 29.992216, "lon": -90.054389, "formatted": "2401 Humanity Street, New Orleans, LA 70122, United States of America", "name": "", "housenumber": "2401", "street": "Humanity Street", "postcode": "70122", "district": "", "suburb": "", "county_code": "", "city": "New Orleans", "county": "Orleans Parish", "state": "Louisiana", "state_code": "LA", "country": "United States", "country_code": "us", "confidence": "1", "confidence_city_level": "1", "confidence_street_level": "1", "confidence_building_level": "1" }, "geometry": { "type": "Point", "coordinates": [ -90.054389, 29.992216 ] } },
{ "type": "Feature", "properties": { "original_314": "107", "original_#1 Park Timbers Dr.": "2401 Humanity St. ", "original_new orleans": "new orleans", "original_Louisiana": "Louisiana", "original_": "70122", "lat": 29.992216, "lon": -90.054389, "formatted": "2401 Humanity Street, New Orleans, LA 70122, United States of America", "name": "", "housenumber": "2401", "street": "Humanity Street", "postcode": "70122", "district": "", "suburb": "", "county_code": "", "city": "New Orleans", "county": "Orleans Parish", "state": "Louisiana", "state_code": "LA", "country": "United States", "country_code": "us", "confidence": "1", "confidence_city_level": "1", "confidence_street_level": "1", "confidence_building_level": "1" }, "geometry": { "type": "Point", "coordinates": [ -90.054389, 29.992216 ] } },
{ "type": "Feature", "properties": { "original_314": "337", "original_#1 Park Timbers Dr.": "2430 S. Carrollton Ave.", "original_new orleans": "new orleans", "original_Louisiana": "Louisiana", "original_": "70118", "lat": 29.9568364, "lon": -90.1200383, "formatted": "2430 South Carrollton Avenue, New Orleans, LA 70118, United States of America", "name": "", "housenumber": "2430", "street": "South Carrollton Avenue", "postcode": "70118", "district": "Leonidas", "suburb": "Hollygrove", "county_code": "", "city": "New Orleans", "county": "Orleans Parish", "state": "Louisiana", "state_code": "LA", "country": "United States", "country_code": "us", "confidence": "1", "confidence_city_level": "1", "confidence_street_level": "1", "confidence_building_level": "1" }, "geometry": { "type": "Point", "coordinates": [ -90.1200383, 29.9568364 ] } },
{ "type": "Feature", "properties": { "original_314": "101", "original_#1 Park Timbers Dr.": "2441 N. Claiborne Ave.", "original_new orleans": "new orleans", "original_Louisiana": "Louisiana", "original_": "70117", "lat": 29.9741556, "lon": -90.0512388, "formatted": "2441 North Claiborne Avenue, New Orleans, LA 70117, United States of America", "name": "", "housenumber": "2441", "street": "North Claiborne Avenue", "postcode": "70117", "district": "", "suburb": "Faubourg Marigny", "county_code": "", "city": "New Orleans", "county": "Orleans Parish", "state": "Louisiana", "state_code": "LA", "country": "United States", "country_code": "us", "confidence": "1", "confidence_city_level": "1", "confidence_street_level": "1", "confidence_building_level": "1" }, "geometry": { "type": "Point", "coordinates": [ -90.0512388, 29.9741556 ] } },
{ "type": "Feature", "properties": { "original_314": "221", "original_#1 Park Timbers Dr.": "2503 Willow St.", "original_new orleans": "new orleans", "original_Louisiana": "Louisiana", "original_": "70113", "lat": 29.943049, "lon": -90.091855, "formatted": "2503 Willow Street, New Orleans, LA 70113, United States of America", "name": "", "housenumber": "2503", "street": "Willow Street", "postcode": "70113", "district": "", "suburb": "Uptown", "county_code": "", "city": "New Orleans", "county": "Orleans Parish", "state": "Louisiana", "state_code": "LA", "country": "United States", "country_code": "us", "confidence": "1", "confidence_city_level": "1", "confidence_street_level": "1", "confidence_building_level": "1" }, "geometry": { "type": "Point", "coordinates": [ -90.091855, 29.943049 ] } },
{ "type": "Feature", "properties": { "original_314": "97", "original_#1 Park Timbers Dr.": "2624 Burgundy St.", "original_new orleans": "new orleans", "original_Louisiana": "Louisiana", "original_": "70117", "lat": 29.9663683, "lon": -90.050174, "formatted": "St. Paul Lutheran School, 2624 Burgundy Street, New Orleans, LA 70117, United States of America", "name": "St. Paul Lutheran School", "housenumber": "2624", "street": "Burgundy Street", "postcode": "70117", "district": "", "suburb": "", "county_code": "", "city": "New Orleans", "county": "Orleans Parish", "state": "Louisiana", "state_code": "LA", "country": "United States", "country_code": "us", "confidence": "1", "confidence_city_level": "1", "confidence_street_level": "1", "confidence_building_level": "1" }, "geometry": { "type": "Point", "coordinates": [ -90.050174, 29.9663683 ] } },
{ "type": "Feature", "properties": { "original_314": "98", "original_#1 Park Timbers Dr.": "2624 Burgundy St.", "original_new orleans": "new orleans", "original_Louisiana": "Louisiana", "original_": "70117", "lat": 29.9663683, "lon": -90.050174, "formatted": "St. Paul Lutheran School, 2624 Burgundy Street, New Orleans, LA 70117, United States of America", "name": "St. Paul Lutheran School", "housenumber": "2624", "street": "Burgundy Street", "postcode": "70117", "district": "", "suburb": "", "county_code": "", "city": "New Orleans", "county": "Orleans Parish", "state": "Louisiana", "state_code": "LA", "country": "United States", "country_code": "us", "confidence": "1", "confidence_city_level": "1", "confidence_street_level": "1", "confidence_building_level": "1" }, "geometry": { "type": "Point", "coordinates": [ -90.050174, 29.9663683 ] } },
{ "type": "Feature", "properties": { "original_314": "99", "original_#1 Park Timbers Dr.": "2624 Burgundy St.", "original_new orleans": "new orleans", "original_Louisiana": "Louisiana", "original_": "70117", "lat": 29.9663683, "lon": -90.050174, "formatted": "St. Paul Lutheran School, 2624 Burgundy Street, New Orleans, LA 70117, United States of America", "name": "St. Paul Lutheran School", "housenumber": "2624", "street": "Burgundy Street", "postcode": "70117", "district": "", "suburb": "", "county_code": "", "city": "New Orleans", "county": "Orleans Parish", "state": "Louisiana", "state_code": "LA", "country": "United States", "country_code": "us", "confidence": "1", "confidence_city_level": "1", "confidence_street_level": "1", "confidence_building_level": "1" }, "geometry": { "type": "Point", "coordinates": [ -90.050174, 29.9663683 ] } },
{ "type": "Feature", "properties": { "original_314": "130", "original_#1 Park Timbers Dr.": "2624 Burgundy St.", "original_new orleans": "new orleans", "original_Louisiana": "Louisiana", "original_": "70117", "lat": 29.9663683, "lon": -90.050174, "formatted": "St. Paul Lutheran School, 2624 Burgundy Street, New Orleans, LA 70117, United States of America", "name": "St. Paul Lutheran School", "housenumber": "2624", "street": "Burgundy Street", "postcode": "70117", "district": "", "suburb": "", "county_code": "", "city": "New Orleans", "county": "Orleans Parish", "state": "Louisiana", "state_code": "LA", "country": "United States", "country_code": "us", "confidence": "1", "confidence_city_level": "1", "confidence_street_level": "1", "confidence_building_level": "1" }, "geometry": { "type": "Point", "coordinates": [ -90.050174, 29.9663683 ] } },
{ "type": "Feature", "properties": { "original_314": "135", "original_#1 Park Timbers Dr.": "2624 Burgundy St.", "original_new orleans": "new orleans", "original_Louisiana": "Louisiana", "original_": "70117", "lat": 29.9663683, "lon": -90.050174, "formatted": "St. Paul Lutheran School, 2624 Burgundy Street, New Orleans, LA 70117, United States of America", "name": "St. Paul Lutheran School", "housenumber": "2624", "street": "Burgundy Street", "postcode": "70117", "district": "", "suburb": "", "county_code": "", "city": "New Orleans", "county": "Orleans Parish", "state": "Louisiana", "state_code": "LA", "country": "United States", "country_code": "us", "confidence": "1", "confidence_city_level": "1", "confidence_street_level": "1", "confidence_building_level": "1" }, "geometry": { "type": "Point", "coordinates": [ -90.050174, 29.9663683 ] } },
{ "type": "Feature", "properties": { "original_314": "11", "original_#1 Park Timbers Dr.": "2700 Tulane Ave.", "original_new orleans": "new orleans", "original_Louisiana": "Louisiana", "original_": "70119", "lat": 29.9619559, "lon": -90.0917713, "formatted": "2700 Tulane Avenue, New Orleans, LA 70119, United States of America", "name": "", "housenumber": "2700", "street": "Tulane Avenue", "postcode": "70119", "district": "", "suburb": "Mid-City", "county_code": "", "city": "New Orleans", "county": "Orleans Parish", "state": "Louisiana", "state_code": "LA", "country": "United States", "country_code": "us", "confidence": "1", "confidence_city_level": "1", "confidence_street_level": "1", "confidence_building_level": "1" }, "geometry": { "type": "Point", "coordinates": [ -90.0917713, 29.9619559 ] } },
{ "type": "Feature", "properties": { "original_314": "12", "original_#1 Park Timbers Dr.": "2700 Tulane Ave.", "original_new orleans": "new orleans", "original_Louisiana": "Louisiana", "original_": "70119", "lat": 29.9619559, "lon": -90.0917713, "formatted": "2700 Tulane Avenue, New Orleans, LA 70119, United States of America", "name": "", "housenumber": "2700", "street": "Tulane Avenue", "postcode": "70119", "district": "", "suburb": "Mid-City", "county_code": "", "city": "New Orleans", "county": "Orleans Parish", "state": "Louisiana", "state_code": "LA", "country": "United States", "country_code": "us", "confidence": "1", "confidence_city_level": "1", "confidence_street_level": "1", "confidence_building_level": "1" }, "geometry": { "type": "Point", "coordinates": [ -90.0917713, 29.9619559 ] } },
{ "type": "Feature", "properties": { "original_314": "56", "original_#1 Park Timbers Dr.": "2733 Esplanade Ave.", "original_new orleans": "new orleans", "original_Louisiana": "Louisiana", "original_": "70119", "lat": 29.977441, "lon": -90.080105, "formatted": "2733 Esplanade Avenue, New Orleans, LA 70119, United States of America", "name": "", "housenumber": "2733", "street": "Esplanade Avenue", "postcode": "70119", "district": "", "suburb": "Faubourg St. John", "county_code": "", "city": "New Orleans", "county": "Orleans Parish", "state": "Louisiana", "state_code": "LA", "country": "United States", "country_code": "us", "confidence": "1", "confidence_city_level": "1", "confidence_street_level": "1", "confidence_building_level": "1" }, "geometry": { "type": "Point", "coordinates": [ -90.080105, 29.977441 ] } },
{ "type": "Feature", "properties": { "original_314": "57", "original_#1 Park Timbers Dr.": "2733 Esplanade Ave.", "original_new orleans": "new orleans", "original_Louisiana": "Louisiana", "original_": "70119", "lat": 29.977441, "lon": -90.080105, "formatted": "2733 Esplanade Avenue, New Orleans, LA 70119, United States of America", "name": "", "housenumber": "2733", "street": "Esplanade Avenue", "postcode": "70119", "district": "", "suburb": "Faubourg St. John", "county_code": "", "city": "New Orleans", "county": "Orleans Parish", "state": "Louisiana", "state_code": "LA", "country": "United States", "country_code": "us", "confidence": "1", "confidence_city_level": "1", "confidence_street_level": "1", "confidence_building_level": "1" }, "geometry": { "type": "Point", "coordinates": [ -90.080105, 29.977441 ] } },
{ "type": "Feature", "properties": { "original_314": "68", "original_#1 Park Timbers Dr.": "2733 Esplanade Ave.", "original_new orleans": "new orleans", "original_Louisiana": "Louisiana", "original_": "70119", "lat": 29.977441, "lon": -90.080105, "formatted": "2733 Esplanade Avenue, New Orleans, LA 70119, United States of America", "name": "", "housenumber": "2733", "street": "Esplanade Avenue", "postcode": "70119", "district": "", "suburb": "Faubourg St. John", "county_code": "", "city": "New Orleans", "county": "Orleans Parish", "state": "Louisiana", "state_code": "LA", "country": "United States", "country_code": "us", "confidence": "1", "confidence_city_level": "1", "confidence_street_level": "1", "confidence_building_level": "1" }, "geometry": { "type": "Point", "coordinates": [ -90.080105, 29.977441 ] } },
{ "type": "Feature", "properties": { "original_314": "73", "original_#1 Park Timbers Dr.": "2733 Esplanade Ave.", "original_new orleans": "new orleans", "original_Louisiana": "Louisiana", "original_": "70119", "lat": 29.977441, "lon": -90.080105, "formatted": "2733 Esplanade Avenue, New Orleans, LA 70119, United States of America", "name": "", "housenumber": "2733", "street": "Esplanade Avenue", "postcode": "70119", "district": "", "suburb": "Faubourg St. John", "county_code": "", "city": "New Orleans", "county": "Orleans Parish", "state": "Louisiana", "state_code": "LA", "country": "United States", "country_code": "us", "confidence": "1", "confidence_city_level": "1", "confidence_street_level": "1", "confidence_building_level": "1" }, "geometry": { "type": "Point", "coordinates": [ -90.080105, 29.977441 ] } },
{ "type": "Feature", "properties": { "original_314": "289", "original_#1 Park Timbers Dr.": "2832 Gen. Meyer Ave.", "original_new orleans": "new orleans", "original_Louisiana": "Louisiana", "original_": "70114", "lat": 29.943637, "lon": -90.0263868, "formatted": "2832 General Meyer Avenue, Algiers, New Orleans, LA 70114, United States of America", "name": "", "housenumber": "2832", "street": "General Meyer Avenue", "postcode": "70114", "district": "", "suburb": "", "county_code": "", "city": "New Orleans", "county": "Orleans Parish", "state": "Louisiana", "state_code": "LA", "country": "United States", "country_code": "us", "confidence": "1", "confidence_city_level": "1", "confidence_street_level": "1", "confidence_building_level": "1" }, "geometry": { "type": "Point", "coordinates": [ -90.0263868, 29.943637 ] } },
{ "type": "Feature", "properties": { "original_314": "290", "original_#1 Park Timbers Dr.": "2832 Gen. Meyer Ave.", "original_new orleans": "new orleans", "original_Louisiana": "Louisiana", "original_": "70114", "lat": 29.943637, "lon": -90.0263868, "formatted": "2832 General Meyer Avenue, Algiers, New Orleans, LA 70114, United States of America", "name": "", "housenumber": "2832", "street": "General Meyer Avenue", "postcode": "70114", "district": "", "suburb": "", "county_code": "", "city": "New Orleans", "county": "Orleans Parish", "state": "Louisiana", "state_code": "LA", "country": "United States", "country_code": "us", "confidence": "1", "confidence_city_level": "1", "confidence_street_level": "1", "confidence_building_level": "1" }, "geometry": { "type": "Point", "coordinates": [ -90.0263868, 29.943637 ] } },
{ "type": "Feature", "properties": { "original_314": "291", "original_#1 Park Timbers Dr.": "2832 Gen. Meyer Ave.", "original_new orleans": "new orleans", "original_Louisiana": "Louisiana", "original_": "70114", "lat": 29.943637, "lon": -90.0263868, "formatted": "2832 General Meyer Avenue, Algiers, New Orleans, LA 70114, United States of America", "name": "", "housenumber": "2832", "street": "General Meyer Avenue", "postcode": "70114", "district": "", "suburb": "", "county_code": "", "city": "New Orleans", "county": "Orleans Parish", "state": "Louisiana", "state_code": "LA", "country": "United States", "country_code": "us", "confidence": "1", "confidence_city_level": "1", "confidence_street_level": "1", "confidence_building_level": "1" }, "geometry": { "type": "Point", "coordinates": [ -90.0263868, 29.943637 ] } },
{ "type": "Feature", "properties": { "original_314": "210", "original_#1 Park Timbers Dr.": "2920 Magazine St.", "original_new orleans": "new orleans", "original_Louisiana": "Louisiana", "original_": "70115", "lat": 29.9250219, "lon": -90.0841983, "formatted": "2920 Magazine Street, New Orleans, LA 70115, United States of America", "name": "", "housenumber": "2920", "street": "Magazine Street", "postcode": "70115", "district": "", "suburb": "Garden District", "county_code": "", "city": "New Orleans", "county": "Orleans Parish", "state": "Louisiana", "state_code": "LA", "country": "United States", "country_code": "us", "confidence": "1", "confidence_city_level": "1", "confidence_street_level": "1", "confidence_building_level": "1" }, "geometry": { "type": "Point", "coordinates": [ -90.0841983, 29.9250219 ] } },
{ "type": "Feature", "properties": { "original_314": "212", "original_#1 Park Timbers Dr.": "2920 Magazine St.", "original_new orleans": "new orleans", "original_Louisiana": "Louisiana", "original_": "70115", "lat": 29.9250219, "lon": -90.0841983, "formatted": "2920 Magazine Street, New Orleans, LA 70115, United States of America", "name": "", "housenumber": "2920", "street": "Magazine Street", "postcode": "70115", "district": "", "suburb": "Garden District", "county_code": "", "city": "New Orleans", "county": "Orleans Parish", "state": "Louisiana", "state_code": "LA", "country": "United States", "country_code": "us", "confidence": "1", "confidence_city_level": "1", "confidence_street_level": "1", "confidence_building_level": "1" }, "geometry": { "type": "Point", "coordinates": [ -90.0841983, 29.9250219 ] } },
{ "type": "Feature", "properties": { "original_314": "213", "original_#1 Park Timbers Dr.": "2920 Magazine St.", "original_new orleans": "new orleans", "original_Louisiana": "Louisiana", "original_": "70115", "lat": 29.9250219, "lon": -90.0841983, "formatted": "2920 Magazine Street, New Orleans, LA 70115, United States of America", "name": "", "housenumber": "2920", "street": "Magazine Street", "postcode": "70115", "district": "", "suburb": "Garden District", "county_code": "", "city": "New Orleans", "county": "Orleans Parish", "state": "Louisiana", "state_code": "LA", "country": "United States", "country_code": "us", "confidence": "1", "confidence_city_level": "1", "confidence_street_level": "1", "confidence_building_level": "1" }, "geometry": { "type": "Point", "coordinates": [ -90.0841983, 29.9250219 ] } },
{ "type": "Feature", "properties": { "original_314": "214", "original_#1 Park Timbers Dr.": "2920 Magazine St.", "original_new orleans": "new orleans", "original_Louisiana": "Louisiana", "original_": "70115", "lat": 29.9250219, "lon": -90.0841983, "formatted": "2920 Magazine Street, New Orleans, LA 70115, United States of America", "name": "", "housenumber": "2920", "street": "Magazine Street", "postcode": "70115", "district": "", "suburb": "Garden District", "county_code": "", "city": "New Orleans", "county": "Orleans Parish", "state": "Louisiana", "state_code": "LA", "country": "United States", "country_code": "us", "confidence": "1", "confidence_city_level": "1", "confidence_street_level": "1", "confidence_building_level": "1" }, "geometry": { "type": "Point", "coordinates": [ -90.0841983, 29.9250219 ] } },
{ "type": "Feature", "properties": { "original_314": "215", "original_#1 Park Timbers Dr.": "2920 Magazine St.", "original_new orleans": "new orleans", "original_Louisiana": "Louisiana", "original_": "70115", "lat": 29.9250219, "lon": -90.0841983, "formatted": "2920 Magazine Street, New Orleans, LA 70115, United States of America", "name": "", "housenumber": "2920", "street": "Magazine Street", "postcode": "70115", "district": "", "suburb": "Garden District", "county_code": "", "city": "New Orleans", "county": "Orleans Parish", "state": "Louisiana", "state_code": "LA", "country": "United States", "country_code": "us", "confidence": "1", "confidence_city_level": "1", "confidence_street_level": "1", "confidence_building_level": "1" }, "geometry": { "type": "Point", "coordinates": [ -90.0841983, 29.9250219 ] } },
{ "type": "Feature", "properties": { "original_314": "69", "original_#1 Park Timbers Dr.": "2949 St. Bernard Ave. ", "original_new orleans": "new orleans", "original_Louisiana": "Louisiana", "original_": "70119", "lat": 29.987385335334029, "lon": -90.07425169, "formatted": "2949 Saint Bernard Avenue, New Orleans, LA 70119, United States of America", "name": "", "housenumber": "2949", "street": "Saint Bernard Avenue", "postcode": "70119", "district": "", "suburb": "Faubourg St. John", "county_code": "", "city": "New Orleans", "county": "Orleans Parish", "state": "Louisiana", "state_code": "LA", "country": "United States", "country_code": "us", "confidence": "1", "confidence_city_level": "1", "confidence_street_level": "1", "confidence_building_level": "1" }, "geometry": { "type": "Point", "coordinates": [ -90.0742517, 29.9873853 ] } },
{ "type": "Feature", "properties": { "original_314": "72", "original_#1 Park Timbers Dr.": "2949 St. Bernard Ave. ", "original_new orleans": "new orleans", "original_Louisiana": "Louisiana", "original_": "70119", "lat": 29.987385335334029, "lon": -90.07425169, "formatted": "2949 Saint Bernard Avenue, New Orleans, LA 70119, United States of America", "name": "", "housenumber": "2949", "street": "Saint Bernard Avenue", "postcode": "70119", "district": "", "suburb": "Faubourg St. John", "county_code": "", "city": "New Orleans", "county": "Orleans Parish", "state": "Louisiana", "state_code": "LA", "country": "United States", "country_code": "us", "confidence": "1", "confidence_city_level": "1", "confidence_street_level": "1", "confidence_building_level": "1" }, "geometry": { "type": "Point", "coordinates": [ -90.0742517, 29.9873853 ] } },
{ "type": "Feature", "properties": { "original_314": "77", "original_#1 Park Timbers Dr.": "2949 St. Bernard Ave. ", "original_new orleans": "new orleans", "original_Louisiana": "Louisiana", "original_": "70119", "lat": 29.987385335334029, "lon": -90.07425169, "formatted": "2949 Saint Bernard Avenue, New Orleans, LA 70119, United States of America", "name": "", "housenumber": "2949", "street": "Saint Bernard Avenue", "postcode": "70119", "district": "", "suburb": "Faubourg St. John", "county_code": "", "city": "New Orleans", "county": "Orleans Parish", "state": "Louisiana", "state_code": "LA", "country": "United States", "country_code": "us", "confidence": "1", "confidence_city_level": "1", "confidence_street_level": "1", "confidence_building_level": "1" }, "geometry": { "type": "Point", "coordinates": [ -90.0742517, 29.9873853 ] } },
{ "type": "Feature", "properties": { "original_314": "78", "original_#1 Park Timbers Dr.": "3001 Gentilly Blvd.", "original_new orleans": "new orleans", "original_Louisiana": "Louisiana", "original_": "70122", "lat": 29.997294, "lon": -90.061509, "formatted": "3001 Gentilly Boulevard, New Orleans, LA 70122, United States of America", "name": "", "housenumber": "3001", "street": "Gentilly Boulevard", "postcode": "70122", "district": "", "suburb": "Gentilly", "county_code": "", "city": "New Orleans", "county": "Orleans Parish", "state": "Louisiana", "state_code": "LA", "country": "United States", "country_code": "us", "confidence": "1", "confidence_city_level": "1", "confidence_street_level": "1", "confidence_building_level": "1" }, "geometry": { "type": "Point", "coordinates": [ -90.061509, 29.997294 ] } },
{ "type": "Feature", "properties": { "original_314": "79", "original_#1 Park Timbers Dr.": "3001 Gentilly Blvd.", "original_new orleans": "new orleans", "original_Louisiana": "Louisiana", "original_": "70122", "lat": 29.997294, "lon": -90.061509, "formatted": "3001 Gentilly Boulevard, New Orleans, LA 70122, United States of America", "name": "", "housenumber": "3001", "street": "Gentilly Boulevard", "postcode": "70122", "district": "", "suburb": "Gentilly", "county_code": "", "city": "New Orleans", "county": "Orleans Parish", "state": "Louisiana", "state_code": "LA", "country": "United States", "country_code": "us", "confidence": "1", "confidence_city_level": "1", "confidence_street_level": "1", "confidence_building_level": "1" }, "geometry": { "type": "Point", "coordinates": [ -90.061509, 29.997294 ] } },
{ "type": "Feature", "properties": { "original_314": "82", "original_#1 Park Timbers Dr.": "3001 Gentilly Blvd.", "original_new orleans": "new orleans", "original_Louisiana": "Louisiana", "original_": "70122", "lat": 29.997294, "lon": -90.061509, "formatted": "3001 Gentilly Boulevard, New Orleans, LA 70122, United States of America", "name": "", "housenumber": "3001", "street": "Gentilly Boulevard", "postcode": "70122", "district": "", "suburb": "Gentilly", "county_code": "", "city": "New Orleans", "county": "Orleans Parish", "state": "Louisiana", "state_code": "LA", "country": "United States", "country_code": "us", "confidence": "1", "confidence_city_level": "1", "confidence_street_level": "1", "confidence_building_level": "1" }, "geometry": { "type": "Point", "coordinates": [ -90.061509, 29.997294 ] } },
{ "type": "Feature", "properties": { "original_314": "301", "original_#1 Park Timbers Dr.": "3014 Holiday Dr. ", "original_new orleans": "new orleans", "original_Louisiana": "Louisiana", "original_": "70131", "lat": 29.9229045, "lon": -90.0136455, "formatted": "3014 Holiday Drive, New Orleans, LA 70114, United States of America", "name": "", "housenumber": "3014", "street": "Holiday Drive", "postcode": "70114", "district": "", "suburb": "", "county_code": "", "city": "New Orleans", "county": "Orleans Parish", "state": "Louisiana", "state_code": "LA", "country": "United States", "country_code": "us", "confidence": "1", "confidence_city_level": "1", "confidence_street_level": "1", "confidence_building_level": "1" }, "geometry": { "type": "Point", "coordinates": [ -90.0136455, 29.9229045 ] } },
{ "type": "Feature", "properties": { "original_314": "21", "original_#1 Park Timbers Dr.": "3019 Canal St.", "original_new orleans": "new orleans", "original_Louisiana": "Louisiana", "original_": "70119", "lat": 29.9685324, "lon": -90.0904025, "formatted": "3019 Canal Street, New Orleans, LA 70119, United States of America", "name": "", "housenumber": "3019", "street": "Canal Street", "postcode": "70119", "district": "", "suburb": "Mid-City", "county_code": "", "city": "New Orleans", "county": "Orleans Parish", "state": "Louisiana", "state_code": "LA", "country": "United States", "country_code": "us", "confidence": "1", "confidence_city_level": "1", "confidence_street_level": "1", "confidence_building_level": "1" }, "geometry": { "type": "Point", "coordinates": [ -90.0904025, 29.9685324 ] } },
{ "type": "Feature", "properties": { "original_314": "22", "original_#1 Park Timbers Dr.": "3019 Canal St.", "original_new orleans": "new orleans", "original_Louisiana": "Louisiana", "original_": "70119", "lat": 29.9685324, "lon": -90.0904025, "formatted": "3019 Canal Street, New Orleans, LA 70119, United States of America", "name": "", "housenumber": "3019", "street": "Canal Street", "postcode": "70119", "district": "", "suburb": "Mid-City", "county_code": "", "city": "New Orleans", "county": "Orleans Parish", "state": "Louisiana", "state_code": "LA", "country": "United States", "country_code": "us", "confidence": "1", "confidence_city_level": "1", "confidence_street_level": "1", "confidence_building_level": "1" }, "geometry": { "type": "Point", "coordinates": [ -90.0904025, 29.9685324 ] } },
{ "type": "Feature", "properties": { "original_314": "42", "original_#1 Park Timbers Dr.": "3019 Canal St.", "original_new orleans": "new orleans", "original_Louisiana": "Louisiana", "original_": "70119", "lat": 29.9685324, "lon": -90.0904025, "formatted": "3019 Canal Street, New Orleans, LA 70119, United States of America", "name": "", "housenumber": "3019", "street": "Canal Street", "postcode": "70119", "district": "", "suburb": "Mid-City", "county_code": "", "city": "New Orleans", "county": "Orleans Parish", "state": "Louisiana", "state_code": "LA", "country": "United States", "country_code": "us", "confidence": "1", "confidence_city_level": "1", "confidence_street_level": "1", "confidence_building_level": "1" }, "geometry": { "type": "Point", "coordinates": [ -90.0904025, 29.9685324 ] } },
{ "type": "Feature", "properties": { "original_314": "43", "original_#1 Park Timbers Dr.": "3019 Canal St.", "original_new orleans": "new orleans", "original_Louisiana": "Louisiana", "original_": "70119", "lat": 29.9685324, "lon": -90.0904025, "formatted": "3019 Canal Street, New Orleans, LA 70119, United States of America", "name": "", "housenumber": "3019", "street": "Canal Street", "postcode": "70119", "district": "", "suburb": "Mid-City", "county_code": "", "city": "New Orleans", "county": "Orleans Parish", "state": "Louisiana", "state_code": "LA", "country": "United States", "country_code": "us", "confidence": "1", "confidence_city_level": "1", "confidence_street_level": "1", "confidence_building_level": "1" }, "geometry": { "type": "Point", "coordinates": [ -90.0904025, 29.9685324 ] } },
{ "type": "Feature", "properties": { "original_314": "44", "original_#1 Park Timbers Dr.": "3019 Canal St.", "original_new orleans": "new orleans", "original_Louisiana": "Louisiana", "original_": "70119", "lat": 29.9685324, "lon": -90.0904025, "formatted": "3019 Canal Street, New Orleans, LA 70119, United States of America", "name": "", "housenumber": "3019", "street": "Canal Street", "postcode": "70119", "district": "", "suburb": "Mid-City", "county_code": "", "city": "New Orleans", "county": "Orleans Parish", "state": "Louisiana", "state_code": "LA", "country": "United States", "country_code": "us", "confidence": "1", "confidence_city_level": "1", "confidence_street_level": "1", "confidence_building_level": "1" }, "geometry": { "type": "Point", "coordinates": [ -90.0904025, 29.9685324 ] } },
{ "type": "Feature", "properties": { "original_314": "132", "original_#1 Park Timbers Dr.": "3024 Burgundy St.", "original_new orleans": "new orleans", "original_Louisiana": "Louisiana", "original_": "70117", "lat": 29.9655235, "lon": -90.045998, "formatted": "3024 Burgundy Street, Lower Ninth Ward, New Orleans, LA 70117, United States of America", "name": "", "housenumber": "3024", "street": "Burgundy Street", "postcode": "70117", "district": "", "suburb": "", "county_code": "", "city": "New Orleans", "county": "Orleans Parish", "state": "Louisiana", "state_code": "LA", "country": "United States", "country_code": "us", "confidence": "1", "confidence_city_level": "1", "confidence_street_level": "1", "confidence_building_level": "1" }, "geometry": { "type": "Point", "coordinates": [ -90.045998, 29.9655235 ] } },
{ "type": "Feature", "properties": { "original_314": "292", "original_#1 Park Timbers Dr.": "3029 Wall Blvd.", "original_new orleans": "new orleans", "original_Louisiana": "Louisiana", "original_": "70114", "lat": 29.934293323461073, "lon": -90.02503976, "formatted": "3029 Wall Boulevard, Algiers, New Orleans, LA 70114, United States of America", "name": "", "housenumber": "3029", "street": "Wall Boulevard", "postcode": "70114", "district": "", "suburb": "", "county_code": "", "city": "New Orleans", "county": "Orleans Parish", "state": "Louisiana", "state_code": "LA", "country": "United States", "country_code": "us", "confidence": "1", "confidence_city_level": "1", "confidence_street_level": "1", "confidence_building_level": "1" }, "geometry": { "type": "Point", "coordinates": [ -90.0250398, 29.9342933 ] } },
{ "type": "Feature", "properties": { "original_314": "293", "original_#1 Park Timbers Dr.": "3029 Wall Blvd.", "original_new orleans": "new orleans", "original_Louisiana": "Louisiana", "original_": "70114", "lat": 29.934293323461073, "lon": -90.02503976, "formatted": "3029 Wall Boulevard, Algiers, New Orleans, LA 70114, United States of America", "name": "", "housenumber": "3029", "street": "Wall Boulevard", "postcode": "70114", "district": "", "suburb": "", "county_code": "", "city": "New Orleans", "county": "Orleans Parish", "state": "Louisiana", "state_code": "LA", "country": "United States", "country_code": "us", "confidence": "1", "confidence_city_level": "1", "confidence_street_level": "1", "confidence_building_level": "1" }, "geometry": { "type": "Point", "coordinates": [ -90.0250398, 29.9342933 ] } },
{ "type": "Feature", "properties": { "original_314": "8", "original_#1 Park Timbers Dr.": "3127 Martin Luther King Jr. Blvd.", "original_new orleans": "new orleans", "original_Louisiana": "Louisiana", "original_": "70125", "lat": 29.9475473, "lon": -90.089844, "formatted": "3127 Martin Luther King Jr Boulevard, New Orleans, LA 70113, United States of America", "name": "", "housenumber": "3127", "street": "Martin Luther King Jr Boulevard", "postcode": "70113", "district": "", "suburb": "Broadmoor", "county_code": "", "city": "New Orleans", "county": "Orleans Parish", "state": "Louisiana", "state_code": "LA", "country": "United States", "country_code": "us", "confidence": "1", "confidence_city_level": "1", "confidence_street_level": "1", "confidence_building_level": "1" }, "geometry": { "type": "Point", "coordinates": [ -90.089844, 29.9475473 ] } },
{ "type": "Feature", "properties": { "original_314": "302", "original_#1 Park Timbers Dr.": "3340 Gen. Meyer Ave.", "original_new orleans": "new orleans", "original_Louisiana": "Louisiana", "original_": "70114", "lat": 29.9398434, "lon": -90.020441, "formatted": "3340 General Meyer Avenue, Algiers, New Orleans, LA 70114, United States of America", "name": "", "housenumber": "3340", "street": "General Meyer Avenue", "postcode": "70114", "district": "", "suburb": "", "county_code": "", "city": "New Orleans", "county": "Orleans Parish", "state": "Louisiana", "state_code": "LA", "country": "United States", "country_code": "us", "confidence": "1", "confidence_city_level": "1", "confidence_street_level": "1", "confidence_building_level": "1" }, "geometry": { "type": "Point", "coordinates": [ -90.020441, 29.9398434 ] } },
{ "type": "Feature", "properties": { "original_314": "303", "original_#1 Park Timbers Dr.": "3340 Gen. Meyer Ave.", "original_new orleans": "new orleans", "original_Louisiana": "Louisiana", "original_": "70114", "lat": 29.9398434, "lon": -90.020441, "formatted": "3340 General Meyer Avenue, Algiers, New Orleans, LA 70114, United States of America", "name": "", "housenumber": "3340", "street": "General Meyer Avenue", "postcode": "70114", "district": "", "suburb": "", "county_code": "", "city": "New Orleans", "county": "Orleans Parish", "state": "Louisiana", "state_code": "LA", "country": "United States", "country_code": "us", "confidence": "1", "confidence_city_level": "1", "confidence_street_level": "1", "confidence_building_level": "1" }, "geometry": { "type": "Point", "coordinates": [ -90.020441, 29.9398434 ] } },
{ "type": "Feature", "properties": { "original_314": "74", "original_#1 Park Timbers Dr.": "3519 Trafalgar St.", "original_new orleans": "new orleans", "original_Louisiana": "Louisiana", "original_": "70119", "lat": 29.9880698, "lon": -90.0812709, "formatted": "Langston Hughes Academy, 3519 Trafalgar Street, New Orleans, LA 70119, United States of America", "name": "Langston Hughes Academy", "housenumber": "3519", "street": "Trafalgar Street", "postcode": "70119", "district": "", "suburb": "Faubourg St. John", "county_code": "", "city": "New Orleans", "county": "Orleans Parish", "state": "Louisiana", "state_code": "LA", "country": "United States", "country_code": "us", "confidence": "1", "confidence_city_level": "1", "confidence_street_level": "1", "confidence_building_level": "1" }, "geometry": { "type": "Point", "coordinates": [ -90.0812709, 29.9880698 ] } },
{ "type": "Feature", "properties": { "original_314": "75", "original_#1 Park Timbers Dr.": "3519 Trafalgar St.", "original_new orleans": "new orleans", "original_Louisiana": "Louisiana", "original_": "70119", "lat": 29.9880698, "lon": -90.0812709, "formatted": "Langston Hughes Academy, 3519 Trafalgar Street, New Orleans, LA 70119, United States of America", "name": "Langston Hughes Academy", "housenumber": "3519", "street": "Trafalgar Street", "postcode": "70119", "district": "", "suburb": "Faubourg St. John", "county_code": "", "city": "New Orleans", "county": "Orleans Parish", "state": "Louisiana", "state_code": "LA", "country": "United States", "country_code": "us", "confidence": "1", "confidence_city_level": "1", "confidence_street_level": "1", "confidence_building_level": "1" }, "geometry": { "type": "Point", "coordinates": [ -90.0812709, 29.9880698 ] } },
{ "type": "Feature", "properties": { "original_314": "222", "original_#1 Park Timbers Dr.": "3649 Laurel St.", "original_new orleans": "new orleans", "original_Louisiana": "Louisiana", "original_": "70115", "lat": 29.9200736, "lon": -90.0923427, "formatted": "3649 Laurel Street, New Orleans, LA 70115, United States of America", "name": "", "housenumber": "3649", "street": "Laurel Street", "postcode": "70115", "district": "", "suburb": "Garden District", "county_code": "", "city": "New Orleans", "county": "Orleans Parish", "state": "Louisiana", "state_code": "LA", "country": "United States", "country_code": "us", "confidence": "1", "confidence_city_level": "1", "confidence_street_level": "1", "confidence_building_level": "1" }, "geometry": { "type": "Point", "coordinates": [ -90.0923427, 29.9200736 ] } },
{ "type": "Feature", "properties": { "original_314": "223", "original_#1 Park Timbers Dr.": "3649 Laurel St.", "original_new orleans": "new orleans", "original_Louisiana": "Louisiana", "original_": "70115", "lat": 29.9200736, "lon": -90.0923427, "formatted": "3649 Laurel Street, New Orleans, LA 70115, United States of America", "name": "", "housenumber": "3649", "street": "Laurel Street", "postcode": "70115", "district": "", "suburb": "Garden District", "county_code": "", "city": "New Orleans", "county": "Orleans Parish", "state": "Louisiana", "state_code": "LA", "country": "United States", "country_code": "us", "confidence": "1", "confidence_city_level": "1", "confidence_street_level": "1", "confidence_building_level": "1" }, "geometry": { "type": "Point", "coordinates": [ -90.0923427, 29.9200736 ] } },
{ "type": "Feature", "properties": { "original_314": "313", "original_#1 Park Timbers Dr.": "3700 Tall Pines Dr.", "original_new orleans": "new orleans", "original_Louisiana": "Louisiana", "original_": "70131", "lat": 29.9058975, "lon": -89.998157, "formatted": "3700 Tall Pines Drive, New Orleans, LA 70131, United States of America", "name": "", "housenumber": "3700", "street": "Tall Pines Drive", "postcode": "70131", "district": "", "suburb": "", "county_code": "", "city": "New Orleans", "county": "Orleans Parish", "state": "Louisiana", "state_code": "LA", "country": "United States", "country_code": "us", "confidence": "1", "confidence_city_level": "1", "confidence_street_level": "1", "confidence_building_level": "1" }, "geometry": { "type": "Point", "coordinates": [ -89.998157, 29.9058975 ] } },
{ "type": "Feature", "properties": { "original_314": "315", "original_#1 Park Timbers Dr.": "3700 Tall Pines Dr.", "original_new orleans": "new orleans", "original_Louisiana": "Louisiana", "original_": "70131", "lat": 29.9058975, "lon": -89.998157, "formatted": "3700 Tall Pines Drive, New Orleans, LA 70131, United States of America", "name": "", "housenumber": "3700", "street": "Tall Pines Drive", "postcode": "70131", "district": "", "suburb": "", "county_code": "", "city": "New Orleans", "county": "Orleans Parish", "state": "Louisiana", "state_code": "LA", "country": "United States", "country_code": "us", "confidence": "1", "confidence_city_level": "1", "confidence_street_level": "1", "confidence_building_level": "1" }, "geometry": { "type": "Point", "coordinates": [ -89.998157, 29.9058975 ] } },
{ "type": "Feature", "properties": { "original_314": "294", "original_#1 Park Timbers Dr.": "3712 Herschel St.", "original_new orleans": "new orleans", "original_Louisiana": "Louisiana", "original_": "70114", "lat": 29.926432774455115, "lon": -90.01841188, "formatted": "3712 Herschel Street, Algiers, New Orleans, LA 70114, United States of America", "name": "", "housenumber": "3712", "street": "Herschel Street", "postcode": "70114", "district": "", "suburb": "", "county_code": "", "city": "New Orleans", "county": "Orleans Parish", "state": "Louisiana", "state_code": "LA", "country": "United States", "country_code": "us", "confidence": "1", "confidence_city_level": "1", "confidence_street_level": "1", "confidence_building_level": "1" }, "geometry": { "type": "Point", "coordinates": [ -90.0184119, 29.9264328 ] } },
{ "type": "Feature", "properties": { "original_314": "299", "original_#1 Park Timbers Dr.": "3712 Herschel St.", "original_new orleans": "new orleans", "original_Louisiana": "Louisiana", "original_": "70114", "lat": 29.926432774455115, "lon": -90.01841188, "formatted": "3712 Herschel Street, Algiers, New Orleans, LA 70114, United States of America", "name": "", "housenumber": "3712", "street": "Herschel Street", "postcode": "70114", "district": "", "suburb": "", "county_code": "", "city": "New Orleans", "county": "Orleans Parish", "state": "Louisiana", "state_code": "LA", "country": "United States", "country_code": "us", "confidence": "1", "confidence_city_level": "1", "confidence_street_level": "1", "confidence_building_level": "1" }, "geometry": { "type": "Point", "coordinates": [ -90.0184119, 29.9264328 ] } },
{ "type": "Feature", "properties": { "original_314": "300", "original_#1 Park Timbers Dr.": "3712 Herschel St.", "original_new orleans": "new orleans", "original_Louisiana": "Louisiana", "original_": "70114", "lat": 29.926432774455115, "lon": -90.01841188, "formatted": "3712 Herschel Street, Algiers, New Orleans, LA 70114, United States of America", "name": "", "housenumber": "3712", "street": "Herschel Street", "postcode": "70114", "district": "", "suburb": "", "county_code": "", "city": "New Orleans", "county": "Orleans Parish", "state": "Louisiana", "state_code": "LA", "country": "United States", "country_code": "us", "confidence": "1", "confidence_city_level": "1", "confidence_street_level": "1", "confidence_building_level": "1" }, "geometry": { "type": "Point", "coordinates": [ -90.0184119, 29.9264328 ] } },
{ "type": "Feature", "properties": { "original_314": "136", "original_#1 Park Timbers Dr.": "3721 N. Claiborne Ave.", "original_new orleans": "new orleans", "original_Louisiana": "Louisiana", "original_": "70117", "lat": 29.9714551, "lon": -90.035863, "formatted": "3721 North Claiborne Avenue, Lower Ninth Ward, New Orleans, LA 70117, United States of America", "name": "", "housenumber": "3721", "street": "North Claiborne Avenue", "postcode": "70117", "district": "", "suburb": "Faubourg Marigny", "county_code": "", "city": "New Orleans", "county": "Orleans Parish", "state": "Louisiana", "state_code": "LA", "country": "United States", "country_code": "us", "confidence": "1", "confidence_city_level": "1", "confidence_street_level": "1", "confidence_building_level": "1" }, "geometry": { "type": "Point", "coordinates": [ -90.035863, 29.9714551 ] } },
{ "type": "Feature", "properties": { "original_314": "137", "original_#1 Park Timbers Dr.": "3721 N. Claiborne Ave.", "original_new orleans": "new orleans", "original_Louisiana": "Louisiana", "original_": "70117", "lat": 29.9714551, "lon": -90.035863, "formatted": "3721 North Claiborne Avenue, Lower Ninth Ward, New Orleans, LA 70117, United States of America", "name": "", "housenumber": "3721", "street": "North Claiborne Avenue", "postcode": "70117", "district": "", "suburb": "Faubourg Marigny", "county_code": "", "city": "New Orleans", "county": "Orleans Parish", "state": "Louisiana", "state_code": "LA", "country": "United States", "country_code": "us", "confidence": "1", "confidence_city_level": "1", "confidence_street_level": "1", "confidence_building_level": "1" }, "geometry": { "type": "Point", "coordinates": [ -90.035863, 29.9714551 ] } },
{ "type": "Feature", "properties": { "original_314": "140", "original_#1 Park Timbers Dr.": "3756 Louisa St.", "original_new orleans": "new orleans", "original_Louisiana": "Louisiana", "original_": "70126", "lat": 29.996793, "lon": -90.035071, "formatted": "3756 Louisa Street, New Orleans, LA 70126, United States of America", "name": "", "housenumber": "3756", "street": "Louisa Street", "postcode": "70126", "district": "", "suburb": "Gentilly", "county_code": "", "city": "New Orleans", "county": "Orleans Parish", "state": "Louisiana", "state_code": "LA", "country": "United States", "country_code": "us", "confidence": "1", "confidence_city_level": "1", "confidence_street_level": "1", "confidence_building_level": "1" }, "geometry": { "type": "Point", "coordinates": [ -90.035071, 29.996793 ] } },
{ "type": "Feature", "properties": { "original_314": "141", "original_#1 Park Timbers Dr.": "3756 Louisa St.", "original_new orleans": "new orleans", "original_Louisiana": "Louisiana", "original_": "70126", "lat": 29.996793, "lon": -90.035071, "formatted": "3756 Louisa Street, New Orleans, LA 70126, United States of America", "name": "", "housenumber": "3756", "street": "Louisa Street", "postcode": "70126", "district": "", "suburb": "Gentilly", "county_code": "", "city": "New Orleans", "county": "Orleans Parish", "state": "Louisiana", "state_code": "LA", "country": "United States", "country_code": "us", "confidence": "1", "confidence_city_level": "1", "confidence_street_level": "1", "confidence_building_level": "1" }, "geometry": { "type": "Point", "coordinates": [ -90.035071, 29.996793 ] } },
{ "type": "Feature", "properties": { "original_314": "142", "original_#1 Park Timbers Dr.": "3756 Louisa St.", "original_new orleans": "new orleans", "original_Louisiana": "Louisiana", "original_": "70126", "lat": 29.996793, "lon": -90.035071, "formatted": "3756 Louisa Street, New Orleans, LA 70126, United States of America", "name": "", "housenumber": "3756", "street": "Louisa Street", "postcode": "70126", "district": "", "suburb": "Gentilly", "county_code": "", "city": "New Orleans", "county": "Orleans Parish", "state": "Louisiana", "state_code": "LA", "country": "United States", "country_code": "us", "confidence": "1", "confidence_city_level": "1", "confidence_street_level": "1", "confidence_building_level": "1" }, "geometry": { "type": "Point", "coordinates": [ -90.035071, 29.996793 ] } },
{ "type": "Feature", "properties": { "original_314": "143", "original_#1 Park Timbers Dr.": "3939 Gentilly Blvd.", "original_new orleans": "new orleans", "original_Louisiana": "Louisiana", "original_": "70126", "lat": 30.002825326530612, "lon": -90.04565614000001, "formatted": "3939 Gentilly Boulevard, New Orleans, LA 70126, United States of America", "name": "", "housenumber": "3939", "street": "Gentilly Boulevard", "postcode": "70126", "district": "", "suburb": "Gentilly", "county_code": "", "city": "New Orleans", "county": "Orleans Parish", "state": "Louisiana", "state_code": "LA", "country": "United States", "country_code": "us", "confidence": "1", "confidence_city_level": "1", "confidence_street_level": "1", "confidence_building_level": "1" }, "geometry": { "type": "Point", "coordinates": [ -90.0456561, 30.0028253 ] } },
{ "type": "Feature", "properties": { "original_314": "144", "original_#1 Park Timbers Dr.": "3939 Gentilly Blvd.", "original_new orleans": "new orleans", "original_Louisiana": "Louisiana", "original_": "70126", "lat": 30.002825326530612, "lon": -90.04565614000001, "formatted": "3939 Gentilly Boulevard, New Orleans, LA 70126, United States of America", "name": "", "housenumber": "3939", "street": "Gentilly Boulevard", "postcode": "70126", "district": "", "suburb": "Gentilly", "county_code": "", "city": "New Orleans", "county": "Orleans Parish", "state": "Louisiana", "state_code": "LA", "country": "United States", "country_code": "us", "confidence": "1", "confidence_city_level": "1", "confidence_street_level": "1", "confidence_building_level": "1" }, "geometry": { "type": "Point", "coordinates": [ -90.0456561, 30.0028253 ] } },
{ "type": "Feature", "properties": { "original_314": "145", "original_#1 Park Timbers Dr.": "3939 Gentilly Blvd.", "original_new orleans": "new orleans", "original_Louisiana": "Louisiana", "original_": "70126", "lat": 30.002825326530612, "lon": -90.04565614000001, "formatted": "3939 Gentilly Boulevard, New Orleans, LA 70126, United States of America", "name": "", "housenumber": "3939", "street": "Gentilly Boulevard", "postcode": "70126", "district": "", "suburb": "Gentilly", "county_code": "", "city": "New Orleans", "county": "Orleans Parish", "state": "Louisiana", "state_code": "LA", "country": "United States", "country_code": "us", "confidence": "1", "confidence_city_level": "1", "confidence_street_level": "1", "confidence_building_level": "1" }, "geometry": { "type": "Point", "coordinates": [ -90.0456561, 30.0028253 ] } },
{ "type": "Feature", "properties": { "original_314": "146", "original_#1 Park Timbers Dr.": "3939 Gentilly Blvd.", "original_new orleans": "new orleans", "original_Louisiana": "Louisiana", "original_": "70126", "lat": 30.002825326530612, "lon": -90.04565614000001, "formatted": "3939 Gentilly Boulevard, New Orleans, LA 70126, United States of America", "name": "", "housenumber": "3939", "street": "Gentilly Boulevard", "postcode": "70126", "district": "", "suburb": "Gentilly", "county_code": "", "city": "New Orleans", "county": "Orleans Parish", "state": "Louisiana", "state_code": "LA", "country": "United States", "country_code": "us", "confidence": "1", "confidence_city_level": "1", "confidence_street_level": "1", "confidence_building_level": "1" }, "geometry": { "type": "Point", "coordinates": [ -90.0456561, 30.0028253 ] } },
{ "type": "Feature", "properties": { "original_314": "147", "original_#1 Park Timbers Dr.": "3939 Gentilly Blvd.", "original_new orleans": "new orleans", "original_Louisiana": "Louisiana", "original_": "70126", "lat": 30.002825326530612, "lon": -90.04565614000001, "formatted": "3939 Gentilly Boulevard, New Orleans, LA 70126, United States of America", "name": "", "housenumber": "3939", "street": "Gentilly Boulevard", "postcode": "70126", "district": "", "suburb": "Gentilly", "county_code": "", "city": "New Orleans", "county": "Orleans Parish", "state": "Louisiana", "state_code": "LA", "country": "United States", "country_code": "us", "confidence": "1", "confidence_city_level": "1", "confidence_street_level": "1", "confidence_building_level": "1" }, "geometry": { "type": "Point", "coordinates": [ -90.0456561, 30.0028253 ] } },
{ "type": "Feature", "properties": { "original_314": "148", "original_#1 Park Timbers Dr.": "3939 Gentilly Blvd.", "original_new orleans": "new orleans", "original_Louisiana": "Louisiana", "original_": "70126", "lat": 30.002825326530612, "lon": -90.04565614000001, "formatted": "3939 Gentilly Boulevard, New Orleans, LA 70126, United States of America", "name": "", "housenumber": "3939", "street": "Gentilly Boulevard", "postcode": "70126", "district": "", "suburb": "Gentilly", "county_code": "", "city": "New Orleans", "county": "Orleans Parish", "state": "Louisiana", "state_code": "LA", "country": "United States", "country_code": "us", "confidence": "1", "confidence_city_level": "1", "confidence_street_level": "1", "confidence_building_level": "1" }, "geometry": { "type": "Point", "coordinates": [ -90.0456561, 30.0028253 ] } },
{ "type": "Feature", "properties": { "original_314": "345", "original_#1 Park Timbers Dr.": "4040 Eagle St.", "original_new orleans": "new orleans", "original_Louisiana": "Louisiana", "original_": "70118", "lat": 29.9728428, "lon": -90.1139689, "formatted": "4040 Eagle Street, New Orleans, LA 70118, United States of America", "name": "", "housenumber": "4040", "street": "Eagle Street", "postcode": "70118", "district": "", "suburb": "Hollygrove", "county_code": "", "city": "New Orleans", "county": "Orleans Parish", "state": "Louisiana", "state_code": "LA", "country": "United States", "country_code": "us", "confidence": "1", "confidence_city_level": "1", "confidence_street_level": "1", "confidence_building_level": "1" }, "geometry": { "type": "Point", "coordinates": [ -90.1139689, 29.9728428 ] } },
{ "type": "Feature", "properties": { "original_314": "346", "original_#1 Park Timbers Dr.": "4040 Eagle St.", "original_new orleans": "new orleans", "original_Louisiana": "Louisiana", "original_": "70118", "lat": 29.9728428, "lon": -90.1139689, "formatted": "4040 Eagle Street, New Orleans, LA 70118, United States of America", "name": "", "housenumber": "4040", "street": "Eagle Street", "postcode": "70118", "district": "", "suburb": "Hollygrove", "county_code": "", "city": "New Orleans", "county": "Orleans Parish", "state": "Louisiana", "state_code": "LA", "country": "United States", "country_code": "us", "confidence": "1", "confidence_city_level": "1", "confidence_street_level": "1", "confidence_building_level": "1" }, "geometry": { "type": "Point", "coordinates": [ -90.1139689, 29.9728428 ] } },
{ "type": "Feature", "properties": { "original_314": "19", "original_#1 Park Timbers Dr.": "410 Basin St.", "original_new orleans": "new orleans", "original_Louisiana": "Louisiana", "original_": "70112", "lat": 29.95890393877551, "lon": -90.07124238, "formatted": "410 Basin Street, New Orleans, LA 70112, United States of America", "name": "", "housenumber": "410", "street": "Basin Street", "postcode": "70112", "district": "", "suburb": "", "county_code": "", "city": "New Orleans", "county": "Orleans Parish", "state": "Louisiana", "state_code": "LA", "country": "United States", "country_code": "us", "confidence": "1", "confidence_city_level": "1", "confidence_street_level": "1", "confidence_building_level": "1" }, "geometry": { "type": "Point", "coordinates": [ -90.0712424, 29.9589039 ] } },
{ "type": "Feature", "properties": { "original_314": "311", "original_#1 Park Timbers Dr.": "4115 Woodland Hwy.", "original_new orleans": "new orleans", "original_Louisiana": "Louisiana", "original_": "70131", "lat": 29.9091601, "lon": -89.9925031, "formatted": "4115 Woodland Highway, New Orleans, LA 70131, United States of America", "name": "Woodland Highway", "housenumber": "4115", "street": "Woodland Highway", "postcode": "70131", "district": "", "suburb": "Old Aurora", "county_code": "OR", "city": "New Orleans", "county": "Orleans Parish", "state": "Louisiana", "state_code": "LA", "country": "United States", "country_code": "us", "confidence": "0.5", "confidence_city_level": "1", "confidence_street_level": "1", "confidence_building_level": "0" }, "geometry": { "type": "Point", "coordinates": [ -89.9925031, 29.9091601 ] } },
{ "type": "Feature", "properties": { "original_314": "312", "original_#1 Park Timbers Dr.": "4115 Woodland Hwy.", "original_new orleans": "new orleans", "original_Louisiana": "Louisiana", "original_": "70131", "lat": 29.9091601, "lon": -89.9925031, "formatted": "4115 Woodland Highway, New Orleans, LA 70131, United States of America", "name": "Woodland Highway", "housenumber": "4115", "street": "Woodland Highway", "postcode": "70131", "district": "", "suburb": "Old Aurora", "county_code": "OR", "city": "New Orleans", "county": "Orleans Parish", "state": "Louisiana", "state_code": "LA", "country": "United States", "country_code": "us", "confidence": "0.5", "confidence_city_level": "1", "confidence_street_level": "1", "confidence_building_level": "0" }, "geometry": { "type": "Point", "coordinates": [ -89.9925031, 29.9091601 ] } },
{ "type": "Feature", "properties": { "original_314": "283", "original_#1 Park Timbers Dr.": "425 Opelousas Ave.", "original_new orleans": "new orleans", "original_Louisiana": "Louisiana", "original_": "70114", "lat": 29.9482947, "lon": -90.0517605, "formatted": "425 Opelousas Avenue, Algiers, New Orleans, LA 70114, United States of America", "name": "", "housenumber": "425", "street": "Opelousas Avenue", "postcode": "70114", "district": "", "suburb": "", "county_code": "", "city": "New Orleans", "county": "Orleans Parish", "state": "Louisiana", "state_code": "LA", "country": "United States", "country_code": "us", "confidence": "1", "confidence_city_level": "1", "confidence_street_level": "1", "confidence_building_level": "1" }, "geometry": { "type": "Point", "coordinates": [ -90.0517605, 29.9482947 ] } },
{ "type": "Feature", "properties": { "original_314": "264", "original_#1 Park Timbers Dr.": "428 Broadway ", "original_new orleans": "new orleans", "original_Louisiana": "Louisiana", "original_": "70118", "lat": 29.934261, "lon": -90.129762, "formatted": "428 Broadway Street, New Orleans, LA 70118, United States of America", "name": "", "housenumber": "428", "street": "Broadway Street", "postcode": "70118", "district": "", "suburb": "Audubon", "county_code": "OR", "city": "New Orleans", "county": "Orleans Parish", "state": "Louisiana", "state_code": "LA", "country": "United States", "country_code": "us", "confidence": "1", "confidence_city_level": "1", "confidence_street_level": "1", "confidence_building_level": "1" }, "geometry": { "type": "Point", "coordinates": [ -90.129762, 29.934261 ] } },
{ "type": "Feature", "properties": { "original_314": "265", "original_#1 Park Timbers Dr.": "428 Broadway ", "original_new orleans": "new orleans", "original_Louisiana": "Louisiana", "original_": "70118", "lat": 29.934261, "lon": -90.129762, "formatted": "428 Broadway Street, New Orleans, LA 70118, United States of America", "name": "", "housenumber": "428", "street": "Broadway Street", "postcode": "70118", "district": "", "suburb": "Audubon", "county_code": "OR", "city": "New Orleans", "county": "Orleans Parish", "state": "Louisiana", "state_code": "LA", "country": "United States", "country_code": "us", "confidence": "1", "confidence_city_level": "1", "confidence_street_level": "1", "confidence_building_level": "1" }, "geometry": { "type": "Point", "coordinates": [ -90.129762, 29.934261 ] } },
{ "type": "Feature", "properties": { "original_314": "320", "original_#1 Park Timbers Dr.": "428 Broadway ", "original_new orleans": "new orleans", "original_Louisiana": "Louisiana", "original_": "70118", "lat": 29.934261, "lon": -90.129762, "formatted": "428 Broadway Street, New Orleans, LA 70118, United States of America", "name": "", "housenumber": "428", "street": "Broadway Street", "postcode": "70118", "district": "", "suburb": "Audubon", "county_code": "OR", "city": "New Orleans", "county": "Orleans Parish", "state": "Louisiana", "state_code": "LA", "country": "United States", "country_code": "us", "confidence": "1", "confidence_city_level": "1", "confidence_street_level": "1", "confidence_building_level": "1" }, "geometry": { "type": "Point", "coordinates": [ -90.129762, 29.934261 ] } },
{ "type": "Feature", "properties": { "original_314": "321", "original_#1 Park Timbers Dr.": "428 Broadway ", "original_new orleans": "new orleans", "original_Louisiana": "Louisiana", "original_": "70118", "lat": 29.934261, "lon": -90.129762, "formatted": "428 Broadway Street, New Orleans, LA 70118, United States of America", "name": "", "housenumber": "428", "street": "Broadway Street", "postcode": "70118", "district": "", "suburb": "Audubon", "county_code": "OR", "city": "New Orleans", "county": "Orleans Parish", "state": "Louisiana", "state_code": "LA", "country": "United States", "country_code": "us", "confidence": "1", "confidence_city_level": "1", "confidence_street_level": "1", "confidence_building_level": "1" }, "geometry": { "type": "Point", "coordinates": [ -90.129762, 29.934261 ] } },
{ "type": "Feature", "properties": { "original_314": "199", "original_#1 Park Timbers Dr.": "4300 Alba Rd. ", "original_new orleans": "new orleans", "original_Louisiana": "Louisiana", "original_": "70129", "lat": 30.065371, "lon": -89.8136277, "formatted": "NOFD Station 31, 4300 Alba Road, New Orleans, LA 70129, United States of America", "name": "NOFD Station 31", "housenumber": "4300", "street": "Alba Road", "postcode": "70129", "district": "", "suburb": "", "county_code": "", "city": "New Orleans", "county": "Orleans Parish", "state": "Louisiana", "state_code": "LA", "country": "United States", "country_code": "us", "confidence": "1", "confidence_city_level": "1", "confidence_street_level": "1", "confidence_building_level": "1" }, "geometry": { "type": "Point", "coordinates": [ -89.8136277, 30.065371 ] } },
{ "type": "Feature", "properties": { "original_314": "200", "original_#1 Park Timbers Dr.": "4300 Alba Rd. ", "original_new orleans": "new orleans", "original_Louisiana": "Louisiana", "original_": "70129", "lat": 30.065371, "lon": -89.8136277, "formatted": "NOFD Station 31, 4300 Alba Road, New Orleans, LA 70129, United States of America", "name": "NOFD Station 31", "housenumber": "4300", "street": "Alba Road", "postcode": "70129", "district": "", "suburb": "", "county_code": "", "city": "New Orleans", "county": "Orleans Parish", "state": "Louisiana", "state_code": "LA", "country": "United States", "country_code": "us", "confidence": "1", "confidence_city_level": "1", "confidence_street_level": "1", "confidence_building_level": "1" }, "geometry": { "type": "Point", "coordinates": [ -89.8136277, 30.065371 ] } },
{ "type": "Feature", "properties": { "original_314": "127", "original_#1 Park Timbers Dr.": "4300 St. Claude Ave.", "original_new orleans": "new orleans", "original_Louisiana": "Louisiana", "original_": "70117", "lat": 29.964851, "lon": -90.032459, "formatted": "4300 Saint Claude Avenue, Lower Ninth Ward, New Orleans, LA 70117, United States of America", "name": "", "housenumber": "4300", "street": "Saint Claude Avenue", "postcode": "70117", "district": "", "suburb": "", "county_code": "", "city": "New Orleans", "county": "Orleans Parish", "state": "Louisiana", "state_code": "LA", "country": "United States", "country_code": "us", "confidence": "1", "confidence_city_level": "1", "confidence_street_level": "1", "confidence_building_level": "1" }, "geometry": { "type": "Point", "coordinates": [ -90.032459, 29.964851 ] } },
{ "type": "Feature", "properties": { "original_314": "128", "original_#1 Park Timbers Dr.": "4300 St. Claude Ave.", "original_new orleans": "new orleans", "original_Louisiana": "Louisiana", "original_": "70117", "lat": 29.964851, "lon": -90.032459, "formatted": "4300 Saint Claude Avenue, Lower Ninth Ward, New Orleans, LA 70117, United States of America", "name": "", "housenumber": "4300", "street": "Saint Claude Avenue", "postcode": "70117", "district": "", "suburb": "", "county_code": "", "city": "New Orleans", "county": "Orleans Parish", "state": "Louisiana", "state_code": "LA", "country": "United States", "country_code": "us", "confidence": "1", "confidence_city_level": "1", "confidence_street_level": "1", "confidence_building_level": "1" }, "geometry": { "type": "Point", "coordinates": [ -90.032459, 29.964851 ] } },
{ "type": "Feature", "properties": { "original_314": "131", "original_#1 Park Timbers Dr.": "4300 St. Claude Ave.", "original_new orleans": "new orleans", "original_Louisiana": "Louisiana", "original_": "70117", "lat": 29.964851, "lon": -90.032459, "formatted": "4300 Saint Claude Avenue, Lower Ninth Ward, New Orleans, LA 70117, United States of America", "name": "", "housenumber": "4300", "street": "Saint Claude Avenue", "postcode": "70117", "district": "", "suburb": "", "county_code": "", "city": "New Orleans", "county": "Orleans Parish", "state": "Louisiana", "state_code": "LA", "country": "United States", "country_code": "us", "confidence": "1", "confidence_city_level": "1", "confidence_street_level": "1", "confidence_building_level": "1" }, "geometry": { "type": "Point", "coordinates": [ -90.032459, 29.964851 ] } },
{ "type": "Feature", "properties": { "original_314": "133", "original_#1 Park Timbers Dr.": "4300 St. Claude Ave.", "original_new orleans": "new orleans", "original_Louisiana": "Louisiana", "original_": "70117", "lat": 29.964851, "lon": -90.032459, "formatted": "4300 Saint Claude Avenue, Lower Ninth Ward, New Orleans, LA 70117, United States of America", "name": "", "housenumber": "4300", "street": "Saint Claude Avenue", "postcode": "70117", "district": "", "suburb": "", "county_code": "", "city": "New Orleans", "county": "Orleans Parish", "state": "Louisiana", "state_code": "LA", "country": "United States", "country_code": "us", "confidence": "1", "confidence_city_level": "1", "confidence_street_level": "1", "confidence_building_level": "1" }, "geometry": { "type": "Point", "coordinates": [ -90.032459, 29.964851 ] } },
{ "type": "Feature", "properties": { "original_314": "134", "original_#1 Park Timbers Dr.": "4300 St. Claude Ave.", "original_new orleans": "new orleans", "original_Louisiana": "Louisiana", "original_": "70117", "lat": 29.964851, "lon": -90.032459, "formatted": "4300 Saint Claude Avenue, Lower Ninth Ward, New Orleans, LA 70117, United States of America", "name": "", "housenumber": "4300", "street": "Saint Claude Avenue", "postcode": "70117", "district": "", "suburb": "", "county_code": "", "city": "New Orleans", "county": "Orleans Parish", "state": "Louisiana", "state_code": "LA", "country": "United States", "country_code": "us", "confidence": "1", "confidence_city_level": "1", "confidence_street_level": "1", "confidence_building_level": "1" }, "geometry": { "type": "Point", "coordinates": [ -90.032459, 29.964851 ] } },
{ "type": "Feature", "properties": { "original_314": "239", "original_#1 Park Timbers Dr.": "4317 Magazine St.", "original_new orleans": "new orleans", "original_Louisiana": "Louisiana", "original_": "70115", "lat": 29.9210631, "lon": -90.1007179, "formatted": "4317 Magazine Street, New Orleans, LA 70115, United States of America", "name": "", "housenumber": "4317", "street": "Magazine Street", "postcode": "70115", "district": "", "suburb": "Garden District", "county_code": "", "city": "New Orleans", "county": "Orleans Parish", "state": "Louisiana", "state_code": "LA", "country": "United States", "country_code": "us", "confidence": "1", "confidence_city_level": "1", "confidence_street_level": "1", "confidence_building_level": "1" }, "geometry": { "type": "Point", "coordinates": [ -90.1007179, 29.9210631 ] } },
{ "type": "Feature", "properties": { "original_314": "240", "original_#1 Park Timbers Dr.": "4317 Magazine St.", "original_new orleans": "new orleans", "original_Louisiana": "Louisiana", "original_": "70115", "lat": 29.9210631, "lon": -90.1007179, "formatted": "4317 Magazine Street, New Orleans, LA 70115, United States of America", "name": "", "housenumber": "4317", "street": "Magazine Street", "postcode": "70115", "district": "", "suburb": "Garden District", "county_code": "", "city": "New Orleans", "county": "Orleans Parish", "state": "Louisiana", "state_code": "LA", "country": "United States", "country_code": "us", "confidence": "1", "confidence_city_level": "1", "confidence_street_level": "1", "confidence_building_level": "1" }, "geometry": { "type": "Point", "coordinates": [ -90.1007179, 29.9210631 ] } },
{ "type": "Feature", "properties": { "original_314": "241", "original_#1 Park Timbers Dr.": "4317 Magazine St.", "original_new orleans": "new orleans", "original_Louisiana": "Louisiana", "original_": "70115", "lat": 29.9210631, "lon": -90.1007179, "formatted": "4317 Magazine Street, New Orleans, LA 70115, United States of America", "name": "", "housenumber": "4317", "street": "Magazine Street", "postcode": "70115", "district": "", "suburb": "Garden District", "county_code": "", "city": "New Orleans", "county": "Orleans Parish", "state": "Louisiana", "state_code": "LA", "country": "United States", "country_code": "us", "confidence": "1", "confidence_city_level": "1", "confidence_street_level": "1", "confidence_building_level": "1" }, "geometry": { "type": "Point", "coordinates": [ -90.1007179, 29.9210631 ] } },
{ "type": "Feature", "properties": { "original_314": "242", "original_#1 Park Timbers Dr.": "4317 Magazine St.", "original_new orleans": "new orleans", "original_Louisiana": "Louisiana", "original_": "70115", "lat": 29.9210631, "lon": -90.1007179, "formatted": "4317 Magazine Street, New Orleans, LA 70115, United States of America", "name": "", "housenumber": "4317", "street": "Magazine Street", "postcode": "70115", "district": "", "suburb": "Garden District", "county_code": "", "city": "New Orleans", "county": "Orleans Parish", "state": "Louisiana", "state_code": "LA", "country": "United States", "country_code": "us", "confidence": "1", "confidence_city_level": "1", "confidence_street_level": "1", "confidence_building_level": "1" }, "geometry": { "type": "Point", "coordinates": [ -90.1007179, 29.9210631 ] } },
{ "type": "Feature", "properties": { "original_314": "243", "original_#1 Park Timbers Dr.": "4317 Magazine St.", "original_new orleans": "new orleans", "original_Louisiana": "Louisiana", "original_": "70115", "lat": 29.9210631, "lon": -90.1007179, "formatted": "4317 Magazine Street, New Orleans, LA 70115, United States of America", "name": "", "housenumber": "4317", "street": "Magazine Street", "postcode": "70115", "district": "", "suburb": "Garden District", "county_code": "", "city": "New Orleans", "county": "Orleans Parish", "state": "Louisiana", "state_code": "LA", "country": "United States", "country_code": "us", "confidence": "1", "confidence_city_level": "1", "confidence_street_level": "1", "confidence_building_level": "1" }, "geometry": { "type": "Point", "coordinates": [ -90.1007179, 29.9210631 ] } },
{ "type": "Feature", "properties": { "original_314": "244", "original_#1 Park Timbers Dr.": "4317 Magazine St.", "original_new orleans": "new orleans", "original_Louisiana": "Louisiana", "original_": "70115", "lat": 29.9210631, "lon": -90.1007179, "formatted": "4317 Magazine Street, New Orleans, LA 70115, United States of America", "name": "", "housenumber": "4317", "street": "Magazine Street", "postcode": "70115", "district": "", "suburb": "Garden District", "county_code": "", "city": "New Orleans", "county": "Orleans Parish", "state": "Louisiana", "state_code": "LA", "country": "United States", "country_code": "us", "confidence": "1", "confidence_city_level": "1", "confidence_street_level": "1", "confidence_building_level": "1" }, "geometry": { "type": "Point", "coordinates": [ -90.1007179, 29.9210631 ] } },
{ "type": "Feature", "properties": { "original_314": "13", "original_#1 Park Timbers Dr.": "436 Norman C. Francis Pkwy.", "original_new orleans": "new orleans", "original_Louisiana": "Louisiana", "original_": "70119", "lat": 29.9664257, "lon": -90.0966736, "formatted": "436 South Norman C. Francis Parkway, New Orleans, LA 70119, United States of America", "name": "", "housenumber": "436", "street": "South Norman C. Francis Parkway", "postcode": "70119", "district": "", "suburb": "Mid-City", "county_code": "", "city": "New Orleans", "county": "Orleans Parish", "state": "Louisiana", "state_code": "LA", "country": "United States", "country_code": "us", "confidence": "0.7290000000000001", "confidence_city_level": "1", "confidence_street_level": "0.7290000000000001", "confidence_building_level": "0.7290000000000001" }, "geometry": { "type": "Point", "coordinates": [ -90.0966736, 29.9664257 ] } },
{ "type": "Feature", "properties": { "original_314": "14", "original_#1 Park Timbers Dr.": "436 Norman C. Francis Pkwy.", "original_new orleans": "new orleans", "original_Louisiana": "Louisiana", "original_": "70119", "lat": 29.9664257, "lon": -90.0966736, "formatted": "436 South Norman C. Francis Parkway, New Orleans, LA 70119, United States of America", "name": "", "housenumber": "436", "street": "South Norman C. Francis Parkway", "postcode": "70119", "district": "", "suburb": "Mid-City", "county_code": "", "city": "New Orleans", "county": "Orleans Parish", "state": "Louisiana", "state_code": "LA", "country": "United States", "country_code": "us", "confidence": "0.7290000000000001", "confidence_city_level": "1", "confidence_street_level": "0.7290000000000001", "confidence_building_level": "0.7290000000000001" }, "geometry": { "type": "Point", "coordinates": [ -90.0966736, 29.9664257 ] } },
{ "type": "Feature", "properties": { "original_314": "15", "original_#1 Park Timbers Dr.": "436 Norman C. Francis Pkwy.", "original_new orleans": "new orleans", "original_Louisiana": "Louisiana", "original_": "70119", "lat": 29.9664257, "lon": -90.0966736, "formatted": "436 South Norman C. Francis Parkway, New Orleans, LA 70119, United States of America", "name": "", "housenumber": "436", "street": "South Norman C. Francis Parkway", "postcode": "70119", "district": "", "suburb": "Mid-City", "county_code": "", "city": "New Orleans", "county": "Orleans Parish", "state": "Louisiana", "state_code": "LA", "country": "United States", "country_code": "us", "confidence": "0.7290000000000001", "confidence_city_level": "1", "confidence_street_level": "0.7290000000000001", "confidence_building_level": "0.7290000000000001" }, "geometry": { "type": "Point", "coordinates": [ -90.0966736, 29.9664257 ] } },
{ "type": "Feature", "properties": { "original_314": "317", "original_#1 Park Timbers Dr.": "4386 Lincoln St.", "original_new orleans": "new orleans", "original_Louisiana": "Louisiana", "original_": "", "lat": 29.9053262, "lon": -89.9764897, "formatted": "4386 LA 406, New Orleans, LA 70131, United States of America", "name": "", "housenumber": "4386", "street": "LA 406", "postcode": "70131", "district": "", "suburb": "New Aurora", "county_code": "OR", "city": "New Orleans", "county": "Orleans Parish", "state": "Louisiana", "state_code": "LA", "country": "United States", "country_code": "us", "confidence": "1", "confidence_city_level": "1", "confidence_street_level": "1", "confidence_building_level": "1" }, "geometry": { "type": "Point", "coordinates": [ -89.9764897, 29.9053262 ] } },
{ "type": "Feature", "properties": { "original_314": "16", "original_#1 Park Timbers Dr.": "4407 S. Carrollton St.", "original_new orleans": "new orleans", "original_Louisiana": "Louisiana", "original_": "70119", "lat": 29.971286357142858, "lon": -90.10381143, "formatted": "4407 South Carrollton Avenue, New Orleans, LA 70119, United States of America", "name": "", "housenumber": "4407", "street": "South Carrollton Avenue", "postcode": "70119", "district": "", "suburb": "Mid-City", "county_code": "", "city": "New Orleans", "county": "Orleans Parish", "state": "Louisiana", "state_code": "LA", "country": "United States", "country_code": "us", "confidence": "1", "confidence_city_level": "1", "confidence_street_level": "1", "confidence_building_level": "1" }, "geometry": { "type": "Point", "coordinates": [ -90.1038114, 29.9712864 ] } },
{ "type": "Feature", "properties": { "original_314": "17", "original_#1 Park Timbers Dr.": "4407 S. Carrollton St.", "original_new orleans": "new orleans", "original_Louisiana": "Louisiana", "original_": "70119", "lat": 29.971286357142858, "lon": -90.10381143, "formatted": "4407 South Carrollton Avenue, New Orleans, LA 70119, United States of America", "name": "", "housenumber": "4407", "street": "South Carrollton Avenue", "postcode": "70119", "district": "", "suburb": "Mid-City", "county_code": "", "city": "New Orleans", "county": "Orleans Parish", "state": "Louisiana", "state_code": "LA", "country": "United States", "country_code": "us", "confidence": "1", "confidence_city_level": "1", "confidence_street_level": "1", "confidence_building_level": "1" }, "geometry": { "type": "Point", "coordinates": [ -90.1038114, 29.9712864 ] } },
{ "type": "Feature", "properties": { "original_314": "18", "original_#1 Park Timbers Dr.": "4407 S. Carrollton St.", "original_new orleans": "new orleans", "original_Louisiana": "Louisiana", "original_": "70119", "lat": 29.971286357142858, "lon": -90.10381143, "formatted": "4407 South Carrollton Avenue, New Orleans, LA 70119, United States of America", "name": "", "housenumber": "4407", "street": "South Carrollton Avenue", "postcode": "70119", "district": "", "suburb": "Mid-City", "county_code": "", "city": "New Orleans", "county": "Orleans Parish", "state": "Louisiana", "state_code": "LA", "country": "United States", "country_code": "us", "confidence": "1", "confidence_city_level": "1", "confidence_street_level": "1", "confidence_building_level": "1" }, "geometry": { "type": "Point", "coordinates": [ -90.1038114, 29.9712864 ] } },
{ "type": "Feature", "properties": { "original_314": "58", "original_#1 Park Timbers Dr.": "449 Esplanade Ave.", "original_new orleans": "new orleans", "original_Louisiana": "Louisiana", "original_": "70116", "lat": 29.9621442, "lon": -90.0577766, "formatted": "449 Esplanade Avenue, New Orleans, LA 70116, United States of America", "name": "", "housenumber": "449", "street": "Esplanade Avenue", "postcode": "70116", "district": "French Market", "suburb": "Faubourg Marigny", "county_code": "", "city": "New Orleans", "county": "Orleans Parish", "state": "Louisiana", "state_code": "LA", "country": "United States", "country_code": "us", "confidence": "1", "confidence_city_level": "1", "confidence_street_level": "1", "confidence_building_level": "1" }, "geometry": { "type": "Point", "coordinates": [ -90.0577766, 29.9621442 ] } },
{ "type": "Feature", "properties": { "original_314": "59", "original_#1 Park Timbers Dr.": "449 Esplanade Ave.", "original_new orleans": "new orleans", "original_Louisiana": "Louisiana", "original_": "70116", "lat": 29.9621442, "lon": -90.0577766, "formatted": "449 Esplanade Avenue, New Orleans, LA 70116, United States of America", "name": "", "housenumber": "449", "street": "Esplanade Avenue", "postcode": "70116", "district": "French Market", "suburb": "Faubourg Marigny", "county_code": "", "city": "New Orleans", "county": "Orleans Parish", "state": "Louisiana", "state_code": "LA", "country": "United States", "country_code": "us", "confidence": "1", "confidence_city_level": "1", "confidence_street_level": "1", "confidence_building_level": "1" }, "geometry": { "type": "Point", "coordinates": [ -90.0577766, 29.9621442 ] } },
{ "type": "Feature", "properties": { "original_314": "160", "original_#1 Park Timbers Dr.": "4521 Schindler Dr. ", "original_new orleans": "new orleans", "original_Louisiana": "Louisiana", "original_": "70127", "lat": 30.0203348, "lon": -89.9625435, "formatted": "4521 Schindler Drive, New Orleans, LA 70127, United States of America", "name": "", "housenumber": "4521", "street": "Schindler Drive", "postcode": "70127", "district": "", "suburb": "", "county_code": "", "city": "New Orleans", "county": "Orleans Parish", "state": "Louisiana", "state_code": "LA", "country": "United States", "country_code": "us", "confidence": "1", "confidence_city_level": "1", "confidence_street_level": "1", "confidence_building_level": "1" }, "geometry": { "type": "Point", "coordinates": [ -89.9625435, 30.0203348 ] } },
{ "type": "Feature", "properties": { "original_314": "161", "original_#1 Park Timbers Dr.": "4521 Schindler Dr. ", "original_new orleans": "new orleans", "original_Louisiana": "Louisiana", "original_": "70127", "lat": 30.0203348, "lon": -89.9625435, "formatted": "4521 Schindler Drive, New Orleans, LA 70127, United States of America", "name": "", "housenumber": "4521", "street": "Schindler Drive", "postcode": "70127", "district": "", "suburb": "", "county_code": "", "city": "New Orleans", "county": "Orleans Parish", "state": "Louisiana", "state_code": "LA", "country": "United States", "country_code": "us", "confidence": "1", "confidence_city_level": "1", "confidence_street_level": "1", "confidence_building_level": "1" }, "geometry": { "type": "Point", "coordinates": [ -89.9625435, 30.0203348 ] } },
{ "type": "Feature", "properties": { "original_314": "47", "original_#1 Park Timbers Dr.": "4621 Canal St.", "original_new orleans": "new orleans", "original_Louisiana": "Louisiana", "original_": "70119", "lat": 29.9788783, "lon": -90.1057981, "formatted": "4621 Canal Street, New Orleans, LA 70119, United States of America", "name": "", "housenumber": "4621", "street": "Canal Street", "postcode": "70119", "district": "", "suburb": "Mid-City", "county_code": "", "city": "New Orleans", "county": "Orleans Parish", "state": "Louisiana", "state_code": "LA", "country": "United States", "country_code": "us", "confidence": "1", "confidence_city_level": "1", "confidence_street_level": "1", "confidence_building_level": "1" }, "geometry": { "type": "Point", "coordinates": [ -90.1057981, 29.9788783 ] } },
{ "type": "Feature", "properties": { "original_314": "48", "original_#1 Park Timbers Dr.": "4621 Canal St.", "original_new orleans": "new orleans", "original_Louisiana": "Louisiana", "original_": "70119", "lat": 29.9788783, "lon": -90.1057981, "formatted": "4621 Canal Street, New Orleans, LA 70119, United States of America", "name": "", "housenumber": "4621", "street": "Canal Street", "postcode": "70119", "district": "", "suburb": "Mid-City", "county_code": "", "city": "New Orleans", "county": "Orleans Parish", "state": "Louisiana", "state_code": "LA", "country": "United States", "country_code": "us", "confidence": "1", "confidence_city_level": "1", "confidence_street_level": "1", "confidence_building_level": "1" }, "geometry": { "type": "Point", "coordinates": [ -90.1057981, 29.9788783 ] } },
{ "type": "Feature", "properties": { "original_314": "23", "original_#1 Park Timbers Dr.": "4621 Canal St. ", "original_new orleans": "new orleans", "original_Louisiana": "Louisiana", "original_": "70119", "lat": 29.9788783, "lon": -90.1057981, "formatted": "4621 Canal Street, New Orleans, LA 70119, United States of America", "name": "", "housenumber": "4621", "street": "Canal Street", "postcode": "70119", "district": "", "suburb": "Mid-City", "county_code": "", "city": "New Orleans", "county": "Orleans Parish", "state": "Louisiana", "state_code": "LA", "country": "United States", "country_code": "us", "confidence": "1", "confidence_city_level": "1", "confidence_street_level": "1", "confidence_building_level": "1" }, "geometry": { "type": "Point", "coordinates": [ -90.1057981, 29.9788783 ] } },
{ "type": "Feature", "properties": { "original_314": "24", "original_#1 Park Timbers Dr.": "4621 Canal St. ", "original_new orleans": "new orleans", "original_Louisiana": "Louisiana", "original_": "70119", "lat": 29.9788783, "lon": -90.1057981, "formatted": "4621 Canal Street, New Orleans, LA 70119, United States of America", "name": "", "housenumber": "4621", "street": "Canal Street", "postcode": "70119", "district": "", "suburb": "Mid-City", "county_code": "", "city": "New Orleans", "county": "Orleans Parish", "state": "Louisiana", "state_code": "LA", "country": "United States", "country_code": "us", "confidence": "1", "confidence_city_level": "1", "confidence_street_level": "1", "confidence_building_level": "1" }, "geometry": { "type": "Point", "coordinates": [ -90.1057981, 29.9788783 ] } },
{ "type": "Feature", "properties": { "original_314": "162", "original_#1 Park Timbers Dr.": "4801 Maid Marion Dr. ", "original_new orleans": "new orleans", "original_Louisiana": "Louisiana", "original_": "70128", "lat": 30.024827333333334, "lon": -89.95506133000001, "formatted": "4801 Maid Marion Drive, New Orleans, LA 70128, United States of America", "name": "", "housenumber": "4801", "street": "Maid Marion Drive", "postcode": "70128", "district": "", "suburb": "", "county_code": "", "city": "New Orleans", "county": "Orleans Parish", "state": "Louisiana", "state_code": "LA", "country": "United States", "country_code": "us", "confidence": "1", "confidence_city_level": "1", "confidence_street_level": "1", "confidence_building_level": "1" }, "geometry": { "type": "Point", "coordinates": [ -89.9550613, 30.0248273 ] } },
{ "type": "Feature", "properties": { "original_314": "163", "original_#1 Park Timbers Dr.": "4801 Maid Marion Dr. ", "original_new orleans": "new orleans", "original_Louisiana": "Louisiana", "original_": "70128", "lat": 30.024827333333334, "lon": -89.95506133000001, "formatted": "4801 Maid Marion Drive, New Orleans, LA 70128, United States of America", "name": "", "housenumber": "4801", "street": "Maid Marion Drive", "postcode": "70128", "district": "", "suburb": "", "county_code": "", "city": "New Orleans", "county": "Orleans Parish", "state": "Louisiana", "state_code": "LA", "country": "United States", "country_code": "us", "confidence": "1", "confidence_city_level": "1", "confidence_street_level": "1", "confidence_building_level": "1" }, "geometry": { "type": "Point", "coordinates": [ -89.9550613, 30.0248273 ] } },
{ "type": "Feature", "properties": { "original_314": "191", "original_#1 Park Timbers Dr.": "4801 Maid Marion Dr. ", "original_new orleans": "new orleans", "original_Louisiana": "Louisiana", "original_": "70128", "lat": 30.024827333333334, "lon": -89.95506133000001, "formatted": "4801 Maid Marion Drive, New Orleans, LA 70128, United States of America", "name": "", "housenumber": "4801", "street": "Maid Marion Drive", "postcode": "70128", "district": "", "suburb": "", "county_code": "", "city": "New Orleans", "county": "Orleans Parish", "state": "Louisiana", "state_code": "LA", "country": "United States", "country_code": "us", "confidence": "1", "confidence_city_level": "1", "confidence_street_level": "1", "confidence_building_level": "1" }, "geometry": { "type": "Point", "coordinates": [ -89.9550613, 30.0248273 ] } },
{ "type": "Feature", "properties": { "original_314": "149", "original_#1 Park Timbers Dr.": "4861 Rosalia Dr.", "original_new orleans": "new orleans", "original_Louisiana": "Louisiana", "original_": "70127", "lat": 30.023447545454545, "lon": -89.97350515, "formatted": "4861 Rosalia Drive, New Orleans East, New Orleans, LA 70127, United States of America", "name": "", "housenumber": "4861", "street": "Rosalia Drive", "postcode": "70127", "district": "", "suburb": "New Orleans East", "county_code": "", "city": "New Orleans", "county": "Orleans Parish", "state": "Louisiana", "state_code": "LA", "country": "United States", "country_code": "us", "confidence": "1", "confidence_city_level": "1", "confidence_street_level": "1", "confidence_building_level": "1" }, "geometry": { "type": "Point", "coordinates": [ -89.9735051, 30.0234475 ] } },
{ "type": "Feature", "properties": { "original_314": "151", "original_#1 Park Timbers Dr.": "4861 Rosalia Dr.", "original_new orleans": "new orleans", "original_Louisiana": "Louisiana", "original_": "70127", "lat": 30.023447545454545, "lon": -89.97350515, "formatted": "4861 Rosalia Drive, New Orleans East, New Orleans, LA 70127, United States of America", "name": "", "housenumber": "4861", "street": "Rosalia Drive", "postcode": "70127", "district": "", "suburb": "New Orleans East", "county_code": "", "city": "New Orleans", "county": "Orleans Parish", "state": "Louisiana", "state_code": "LA", "country": "United States", "country_code": "us", "confidence": "1", "confidence_city_level": "1", "confidence_street_level": "1", "confidence_building_level": "1" }, "geometry": { "type": "Point", "coordinates": [ -89.9735051, 30.0234475 ] } },
{ "type": "Feature", "properties": { "original_314": "152", "original_#1 Park Timbers Dr.": "4861 Rosalia Dr.", "original_new orleans": "new orleans", "original_Louisiana": "Louisiana", "original_": "70127", "lat": 30.023447545454545, "lon": -89.97350515, "formatted": "4861 Rosalia Drive, New Orleans East, New Orleans, LA 70127, United States of America", "name": "", "housenumber": "4861", "street": "Rosalia Drive", "postcode": "70127", "district": "", "suburb": "New Orleans East", "county_code": "", "city": "New Orleans", "county": "Orleans Parish", "state": "Louisiana", "state_code": "LA", "country": "United States", "country_code": "us", "confidence": "1", "confidence_city_level": "1", "confidence_street_level": "1", "confidence_building_level": "1" }, "geometry": { "type": "Point", "coordinates": [ -89.9735051, 30.0234475 ] } },
{ "type": "Feature", "properties": { "original_314": "153", "original_#1 Park Timbers Dr.": "4861 Rosalia Dr.", "original_new orleans": "new orleans", "original_Louisiana": "Louisiana", "original_": "70127", "lat": 30.023447545454545, "lon": -89.97350515, "formatted": "4861 Rosalia Drive, New Orleans East, New Orleans, LA 70127, United States of America", "name": "", "housenumber": "4861", "street": "Rosalia Drive", "postcode": "70127", "district": "", "suburb": "New Orleans East", "county_code": "", "city": "New Orleans", "county": "Orleans Parish", "state": "Louisiana", "state_code": "LA", "country": "United States", "country_code": "us", "confidence": "1", "confidence_city_level": "1", "confidence_street_level": "1", "confidence_building_level": "1" }, "geometry": { "type": "Point", "coordinates": [ -89.9735051, 30.0234475 ] } },
{ "type": "Feature", "properties": { "original_314": "156", "original_#1 Park Timbers Dr.": "4861 Rosalia Dr.", "original_new orleans": "new orleans", "original_Louisiana": "Louisiana", "original_": "70127", "lat": 30.023447545454545, "lon": -89.97350515, "formatted": "4861 Rosalia Drive, New Orleans East, New Orleans, LA 70127, United States of America", "name": "", "housenumber": "4861", "street": "Rosalia Drive", "postcode": "70127", "district": "", "suburb": "New Orleans East", "county_code": "", "city": "New Orleans", "county": "Orleans Parish", "state": "Louisiana", "state_code": "LA", "country": "United States", "country_code": "us", "confidence": "1", "confidence_city_level": "1", "confidence_street_level": "1", "confidence_building_level": "1" }, "geometry": { "type": "Point", "coordinates": [ -89.9735051, 30.0234475 ] } },
{ "type": "Feature", "properties": { "original_314": "157", "original_#1 Park Timbers Dr.": "4861 Rosalia Dr.", "original_new orleans": "new orleans", "original_Louisiana": "Louisiana", "original_": "70127", "lat": 30.023447545454545, "lon": -89.97350515, "formatted": "4861 Rosalia Drive, New Orleans East, New Orleans, LA 70127, United States of America", "name": "", "housenumber": "4861", "street": "Rosalia Drive", "postcode": "70127", "district": "", "suburb": "New Orleans East", "county_code": "", "city": "New Orleans", "county": "Orleans Parish", "state": "Louisiana", "state_code": "LA", "country": "United States", "country_code": "us", "confidence": "1", "confidence_city_level": "1", "confidence_street_level": "1", "confidence_building_level": "1" }, "geometry": { "type": "Point", "coordinates": [ -89.9735051, 30.0234475 ] } },
{ "type": "Feature", "properties": { "original_314": "158", "original_#1 Park Timbers Dr.": "4861 Rosalia Dr.", "original_new orleans": "new orleans", "original_Louisiana": "Louisiana", "original_": "70127", "lat": 30.023447545454545, "lon": -89.97350515, "formatted": "4861 Rosalia Drive, New Orleans East, New Orleans, LA 70127, United States of America", "name": "", "housenumber": "4861", "street": "Rosalia Drive", "postcode": "70127", "district": "", "suburb": "New Orleans East", "county_code": "", "city": "New Orleans", "county": "Orleans Parish", "state": "Louisiana", "state_code": "LA", "country": "United States", "country_code": "us", "confidence": "1", "confidence_city_level": "1", "confidence_street_level": "1", "confidence_building_level": "1" }, "geometry": { "type": "Point", "coordinates": [ -89.9735051, 30.0234475 ] } },
{ "type": "Feature", "properties": { "original_314": "159", "original_#1 Park Timbers Dr.": "4861 Rosalia Dr.", "original_new orleans": "new orleans", "original_Louisiana": "Louisiana", "original_": "70127", "lat": 30.023447545454545, "lon": -89.97350515, "formatted": "4861 Rosalia Drive, New Orleans East, New Orleans, LA 70127, United States of America", "name": "", "housenumber": "4861", "street": "Rosalia Drive", "postcode": "70127", "district": "", "suburb": "New Orleans East", "county_code": "", "city": "New Orleans", "county": "Orleans Parish", "state": "Louisiana", "state_code": "LA", "country": "United States", "country_code": "us", "confidence": "1", "confidence_city_level": "1", "confidence_street_level": "1", "confidence_building_level": "1" }, "geometry": { "type": "Point", "coordinates": [ -89.9735051, 30.0234475 ] } },
{ "type": "Feature", "properties": { "original_314": "166", "original_#1 Park Timbers Dr.": "5069 Willowbrook Dr.", "original_new orleans": "new orleans", "original_Louisiana": "Louisiana", "original_": "70129", "lat": 30.0407053, "lon": -89.9190408, "formatted": "Mary Queen of Viet Nam Church, 5069 Willowbrook Drive, New Orleans, LA 70129, United States of America", "name": "Mary Queen of Viet Nam Church", "housenumber": "5069", "street": "Willowbrook Drive", "postcode": "70129", "district": "", "suburb": "", "county_code": "", "city": "New Orleans", "county": "Orleans Parish", "state": "Louisiana", "state_code": "LA", "country": "United States", "country_code": "us", "confidence": "1", "confidence_city_level": "1", "confidence_street_level": "1", "confidence_building_level": "1" }, "geometry": { "type": "Point", "coordinates": [ -89.9190408, 30.0407053 ] } },
{ "type": "Feature", "properties": { "original_314": "246", "original_#1 Park Timbers Dr.": "5120 St Charles Ave.", "original_new orleans": "new orleans", "original_Louisiana": "Louisiana", "original_": "70115", "lat": 29.92725512244898, "lon": -90.10988776000001, "formatted": "5120 Saint Charles Avenue, New Orleans, LA 70115, United States of America", "name": "", "housenumber": "5120", "street": "Saint Charles Avenue", "postcode": "70115", "district": "", "suburb": "Uptown", "county_code": "", "city": "New Orleans", "county": "Orleans Parish", "state": "Louisiana", "state_code": "LA", "country": "United States", "country_code": "us", "confidence": "1", "confidence_city_level": "1", "confidence_street_level": "1", "confidence_building_level": "1" }, "geometry": { "type": "Point", "coordinates": [ -90.1098878, 29.9272551 ] } },
{ "type": "Feature", "properties": { "original_314": "297", "original_#1 Park Timbers Dr.": "5300 Berkley Dr.", "original_new orleans": "new orleans", "original_Louisiana": "Louisiana", "original_": "70131", "lat": 29.918229161073825, "lon": -89.99926402, "formatted": "5300 Berkley Drive, New Orleans, LA 70131, United States of America", "name": "", "housenumber": "5300", "street": "Berkley Drive", "postcode": "70131", "district": "", "suburb": "", "county_code": "", "city": "New Orleans", "county": "Orleans Parish", "state": "Louisiana", "state_code": "LA", "country": "United States", "country_code": "us", "confidence": "1", "confidence_city_level": "1", "confidence_street_level": "1", "confidence_building_level": "1" }, "geometry": { "type": "Point", "coordinates": [ -89.999264, 29.9182292 ] } },
{ "type": "Feature", "properties": { "original_314": "308", "original_#1 Park Timbers Dr.": "5300 Berkley Dr.", "original_new orleans": "new orleans", "original_Louisiana": "Louisiana", "original_": "70131", "lat": 29.918229161073825, "lon": -89.99926402, "formatted": "5300 Berkley Drive, New Orleans, LA 70131, United States of America", "name": "", "housenumber": "5300", "street": "Berkley Drive", "postcode": "70131", "district": "", "suburb": "", "county_code": "", "city": "New Orleans", "county": "Orleans Parish", "state": "Louisiana", "state_code": "LA", "country": "United States", "country_code": "us", "confidence": "1", "confidence_city_level": "1", "confidence_street_level": "1", "confidence_building_level": "1" }, "geometry": { "type": "Point", "coordinates": [ -89.999264, 29.9182292 ] } },
{ "type": "Feature", "properties": { "original_314": "309", "original_#1 Park Timbers Dr.": "5300 Berkley Dr.", "original_new orleans": "new orleans", "original_Louisiana": "Louisiana", "original_": "70131", "lat": 29.918229161073825, "lon": -89.99926402, "formatted": "5300 Berkley Drive, New Orleans, LA 70131, United States of America", "name": "", "housenumber": "5300", "street": "Berkley Drive", "postcode": "70131", "district": "", "suburb": "", "county_code": "", "city": "New Orleans", "county": "Orleans Parish", "state": "Louisiana", "state_code": "LA", "country": "United States", "country_code": "us", "confidence": "1", "confidence_city_level": "1", "confidence_street_level": "1", "confidence_building_level": "1" }, "geometry": { "type": "Point", "coordinates": [ -89.999264, 29.9182292 ] } },
{ "type": "Feature", "properties": { "original_314": "310", "original_#1 Park Timbers Dr.": "5300 Berkley Dr.", "original_new orleans": "new orleans", "original_Louisiana": "Louisiana", "original_": "70131", "lat": 29.918229161073825, "lon": -89.99926402, "formatted": "5300 Berkley Drive, New Orleans, LA 70131, United States of America", "name": "", "housenumber": "5300", "street": "Berkley Drive", "postcode": "70131", "district": "", "suburb": "", "county_code": "", "city": "New Orleans", "county": "Orleans Parish", "state": "Louisiana", "state_code": "LA", "country": "United States", "country_code": "us", "confidence": "1", "confidence_city_level": "1", "confidence_street_level": "1", "confidence_building_level": "1" }, "geometry": { "type": "Point", "coordinates": [ -89.999264, 29.9182292 ] } },
{ "type": "Feature", "properties": { "original_314": "164", "original_#1 Park Timbers Dr.": "5316 Michoud Blvd.", "original_new orleans": "new orleans", "original_Louisiana": "Louisiana", "original_": "70129", "lat": 30.040694735368024, "lon": -89.93011122, "formatted": "5316 Michoud Boulevard, New Orleans, LA 70129, United States of America", "name": "", "housenumber": "5316", "street": "Michoud Boulevard", "postcode": "70129", "district": "", "suburb": "", "county_code": "", "city": "New Orleans", "county": "Orleans Parish", "state": "Louisiana", "state_code": "LA", "country": "United States", "country_code": "us", "confidence": "1", "confidence_city_level": "1", "confidence_street_level": "1", "confidence_building_level": "1" }, "geometry": { "type": "Point", "coordinates": [ -89.9301112, 30.0406947 ] } },
{ "type": "Feature", "properties": { "original_314": "165", "original_#1 Park Timbers Dr.": "5316 Michoud Blvd.", "original_new orleans": "new orleans", "original_Louisiana": "Louisiana", "original_": "70129", "lat": 30.040694735368024, "lon": -89.93011122, "formatted": "5316 Michoud Boulevard, New Orleans, LA 70129, United States of America", "name": "", "housenumber": "5316", "street": "Michoud Boulevard", "postcode": "70129", "district": "", "suburb": "", "county_code": "", "city": "New Orleans", "county": "Orleans Parish", "state": "Louisiana", "state_code": "LA", "country": "United States", "country_code": "us", "confidence": "1", "confidence_city_level": "1", "confidence_street_level": "1", "confidence_building_level": "1" }, "geometry": { "type": "Point", "coordinates": [ -89.9301112, 30.0406947 ] } },
{ "type": "Feature", "properties": { "original_314": "168", "original_#1 Park Timbers Dr.": "5316 Michoud Blvd.", "original_new orleans": "new orleans", "original_Louisiana": "Louisiana", "original_": "70129", "lat": 30.040694735368024, "lon": -89.93011122, "formatted": "5316 Michoud Boulevard, New Orleans, LA 70129, United States of America", "name": "", "housenumber": "5316", "street": "Michoud Boulevard", "postcode": "70129", "district": "", "suburb": "", "county_code": "", "city": "New Orleans", "county": "Orleans Parish", "state": "Louisiana", "state_code": "LA", "country": "United States", "country_code": "us", "confidence": "1", "confidence_city_level": "1", "confidence_street_level": "1", "confidence_building_level": "1" }, "geometry": { "type": "Point", "coordinates": [ -89.9301112, 30.0406947 ] } },
{ "type": "Feature", "properties": { "original_314": "247", "original_#1 Park Timbers Dr.": "5320 Loyola St.", "original_new orleans": "new orleans", "original_Louisiana": "Louisiana", "original_": "70115", "lat": 29.932093, "lon": -90.1114127, "formatted": "5320 Loyola Avenue, New Orleans, LA 70115, United States of America", "name": "", "housenumber": "5320", "street": "Loyola Avenue", "postcode": "70115", "district": "", "suburb": "Uptown", "county_code": "", "city": "New Orleans", "county": "Orleans Parish", "state": "Louisiana", "state_code": "LA", "country": "United States", "country_code": "us", "confidence": "1", "confidence_city_level": "1", "confidence_street_level": "1", "confidence_building_level": "1" }, "geometry": { "type": "Point", "coordinates": [ -90.1114127, 29.932093 ] } },
{ "type": "Feature", "properties": { "original_314": "248", "original_#1 Park Timbers Dr.": "5320 Loyola St.", "original_new orleans": "new orleans", "original_Louisiana": "Louisiana", "original_": "70115", "lat": 29.932093, "lon": -90.1114127, "formatted": "5320 Loyola Avenue, New Orleans, LA 70115, United States of America", "name": "", "housenumber": "5320", "street": "Loyola Avenue", "postcode": "70115", "district": "", "suburb": "Uptown", "county_code": "", "city": "New Orleans", "county": "Orleans Parish", "state": "Louisiana", "state_code": "LA", "country": "United States", "country_code": "us", "confidence": "1", "confidence_city_level": "1", "confidence_street_level": "1", "confidence_building_level": "1" }, "geometry": { "type": "Point", "coordinates": [ -90.1114127, 29.932093 ] } },
{ "type": "Feature", "properties": { "original_314": "250", "original_#1 Park Timbers Dr.": "5320 Loyola St.", "original_new orleans": "new orleans", "original_Louisiana": "Louisiana", "original_": "70115", "lat": 29.932093, "lon": -90.1114127, "formatted": "5320 Loyola Avenue, New Orleans, LA 70115, United States of America", "name": "", "housenumber": "5320", "street": "Loyola Avenue", "postcode": "70115", "district": "", "suburb": "Uptown", "county_code": "", "city": "New Orleans", "county": "Orleans Parish", "state": "Louisiana", "state_code": "LA", "country": "United States", "country_code": "us", "confidence": "1", "confidence_city_level": "1", "confidence_street_level": "1", "confidence_building_level": "1" }, "geometry": { "type": "Point", "coordinates": [ -90.1114127, 29.932093 ] } },
{ "type": "Feature", "properties": { "original_314": "251", "original_#1 Park Timbers Dr.": "5320 Loyola St.", "original_new orleans": "new orleans", "original_Louisiana": "Louisiana", "original_": "70115", "lat": 29.932093, "lon": -90.1114127, "formatted": "5320 Loyola Avenue, New Orleans, LA 70115, United States of America", "name": "", "housenumber": "5320", "street": "Loyola Avenue", "postcode": "70115", "district": "", "suburb": "Uptown", "county_code": "", "city": "New Orleans", "county": "Orleans Parish", "state": "Louisiana", "state_code": "LA", "country": "United States", "country_code": "us", "confidence": "1", "confidence_city_level": "1", "confidence_street_level": "1", "confidence_building_level": "1" }, "geometry": { "type": "Point", "coordinates": [ -90.1114127, 29.932093 ] } },
{ "type": "Feature", "properties": { "original_314": "252", "original_#1 Park Timbers Dr.": "5320 Loyola St.", "original_new orleans": "new orleans", "original_Louisiana": "Louisiana", "original_": "70115", "lat": 29.932093, "lon": -90.1114127, "formatted": "5320 Loyola Avenue, New Orleans, LA 70115, United States of America", "name": "", "housenumber": "5320", "street": "Loyola Avenue", "postcode": "70115", "district": "", "suburb": "Uptown", "county_code": "", "city": "New Orleans", "county": "Orleans Parish", "state": "Louisiana", "state_code": "LA", "country": "United States", "country_code": "us", "confidence": "1", "confidence_city_level": "1", "confidence_street_level": "1", "confidence_building_level": "1" }, "geometry": { "type": "Point", "coordinates": [ -90.1114127, 29.932093 ] } },
{ "type": "Feature", "properties": { "original_314": "108", "original_#1 Park Timbers Dr.": "5420 Franklin Ave.", "original_new orleans": "new orleans", "original_Louisiana": "Louisiana", "original_": "70122", "lat": 30.0145615, "lon": -90.05189, "formatted": "5420 Franklin Avenue, New Orleans, LA 70148, United States of America", "name": "", "housenumber": "5420", "street": "Franklin Avenue", "postcode": "70148", "district": "", "suburb": "Gentilly", "county_code": "", "city": "New Orleans", "county": "Orleans Parish", "state": "Louisiana", "state_code": "LA", "country": "United States", "country_code": "us", "confidence": "1", "confidence_city_level": "1", "confidence_street_level": "1", "confidence_building_level": "1" }, "geometry": { "type": "Point", "coordinates": [ -90.05189, 30.0145615 ] } },
{ "type": "Feature", "properties": { "original_314": "109", "original_#1 Park Timbers Dr.": "5420 Franklin Ave.", "original_new orleans": "new orleans", "original_Louisiana": "Louisiana", "original_": "70122", "lat": 30.0145615, "lon": -90.05189, "formatted": "5420 Franklin Avenue, New Orleans, LA 70148, United States of America", "name": "", "housenumber": "5420", "street": "Franklin Avenue", "postcode": "70148", "district": "", "suburb": "Gentilly", "county_code": "", "city": "New Orleans", "county": "Orleans Parish", "state": "Louisiana", "state_code": "LA", "country": "United States", "country_code": "us", "confidence": "1", "confidence_city_level": "1", "confidence_street_level": "1", "confidence_building_level": "1" }, "geometry": { "type": "Point", "coordinates": [ -90.05189, 30.0145615 ] } },
{ "type": "Feature", "properties": { "original_314": "110", "original_#1 Park Timbers Dr.": "5420 Franklin Ave.", "original_new orleans": "new orleans", "original_Louisiana": "Louisiana", "original_": "70122", "lat": 30.0145615, "lon": -90.05189, "formatted": "5420 Franklin Avenue, New Orleans, LA 70148, United States of America", "name": "", "housenumber": "5420", "street": "Franklin Avenue", "postcode": "70148", "district": "", "suburb": "Gentilly", "county_code": "", "city": "New Orleans", "county": "Orleans Parish", "state": "Louisiana", "state_code": "LA", "country": "United States", "country_code": "us", "confidence": "1", "confidence_city_level": "1", "confidence_street_level": "1", "confidence_building_level": "1" }, "geometry": { "type": "Point", "coordinates": [ -90.05189, 30.0145615 ] } },
{ "type": "Feature", "properties": { "original_314": "111", "original_#1 Park Timbers Dr.": "5420 Franklin Ave.", "original_new orleans": "new orleans", "original_Louisiana": "Louisiana", "original_": "70122", "lat": 30.0145615, "lon": -90.05189, "formatted": "5420 Franklin Avenue, New Orleans, LA 70148, United States of America", "name": "", "housenumber": "5420", "street": "Franklin Avenue", "postcode": "70148", "district": "", "suburb": "Gentilly", "county_code": "", "city": "New Orleans", "county": "Orleans Parish", "state": "Louisiana", "state_code": "LA", "country": "United States", "country_code": "us", "confidence": "1", "confidence_city_level": "1", "confidence_street_level": "1", "confidence_building_level": "1" }, "geometry": { "type": "Point", "coordinates": [ -90.05189, 30.0145615 ] } },
{ "type": "Feature", "properties": { "original_314": "112", "original_#1 Park Timbers Dr.": "5420 Franklin Ave.", "original_new orleans": "new orleans", "original_Louisiana": "Louisiana", "original_": "70122", "lat": 30.0145615, "lon": -90.05189, "formatted": "5420 Franklin Avenue, New Orleans, LA 70148, United States of America", "name": "", "housenumber": "5420", "street": "Franklin Avenue", "postcode": "70148", "district": "", "suburb": "Gentilly", "county_code": "", "city": "New Orleans", "county": "Orleans Parish", "state": "Louisiana", "state_code": "LA", "country": "United States", "country_code": "us", "confidence": "1", "confidence_city_level": "1", "confidence_street_level": "1", "confidence_building_level": "1" }, "geometry": { "type": "Point", "coordinates": [ -90.05189, 30.0145615 ] } },
{ "type": "Feature", "properties": { "original_314": "113", "original_#1 Park Timbers Dr.": "5420 Franklin Ave.", "original_new orleans": "new orleans", "original_Louisiana": "Louisiana", "original_": "70122", "lat": 30.0145615, "lon": -90.05189, "formatted": "5420 Franklin Avenue, New Orleans, LA 70148, United States of America", "name": "", "housenumber": "5420", "street": "Franklin Avenue", "postcode": "70148", "district": "", "suburb": "Gentilly", "county_code": "", "city": "New Orleans", "county": "Orleans Parish", "state": "Louisiana", "state_code": "LA", "country": "United States", "country_code": "us", "confidence": "1", "confidence_city_level": "1", "confidence_street_level": "1", "confidence_building_level": "1" }, "geometry": { "type": "Point", "coordinates": [ -90.05189, 30.0145615 ] } },
{ "type": "Feature", "properties": { "original_314": "114", "original_#1 Park Timbers Dr.": "5600 Franklin Ave.", "original_new orleans": "new orleans", "original_Louisiana": "Louisiana", "original_": "70122", "lat": 30.0163241, "lon": -90.0517947, "formatted": "5600 Franklin Avenue, New Orleans, LA 70148, United States of America", "name": "", "housenumber": "5600", "street": "Franklin Avenue", "postcode": "70148", "district": "", "suburb": "Gentilly", "county_code": "", "city": "New Orleans", "county": "Orleans Parish", "state": "Louisiana", "state_code": "LA", "country": "United States", "country_code": "us", "confidence": "1", "confidence_city_level": "1", "confidence_street_level": "1", "confidence_building_level": "1" }, "geometry": { "type": "Point", "coordinates": [ -90.0517947, 30.0163241 ] } },
{ "type": "Feature", "properties": { "original_314": "119", "original_#1 Park Timbers Dr.": "5617 St. Claude Ave.", "original_new orleans": "new orleans", "original_Louisiana": "Louisiana", "original_": "70117", "lat": 29.961024295918367, "lon": -90.01556779000001, "formatted": "5617 Saint Claude Avenue, Lower Ninth Ward, New Orleans, LA 70117, United States of America", "name": "", "housenumber": "5617", "street": "Saint Claude Avenue", "postcode": "70117", "district": "", "suburb": "", "county_code": "", "city": "New Orleans", "county": "Orleans Parish", "state": "Louisiana", "state_code": "LA", "country": "United States", "country_code": "us", "confidence": "1", "confidence_city_level": "1", "confidence_street_level": "1", "confidence_building_level": "1" }, "geometry": { "type": "Point", "coordinates": [ -90.0155678, 29.9610243 ] } },
{ "type": "Feature", "properties": { "original_314": "121", "original_#1 Park Timbers Dr.": "5617 St. Claude Ave.", "original_new orleans": "new orleans", "original_Louisiana": "Louisiana", "original_": "70117", "lat": 29.961024295918367, "lon": -90.01556779000001, "formatted": "5617 Saint Claude Avenue, Lower Ninth Ward, New Orleans, LA 70117, United States of America", "name": "", "housenumber": "5617", "street": "Saint Claude Avenue", "postcode": "70117", "district": "", "suburb": "", "county_code": "", "city": "New Orleans", "county": "Orleans Parish", "state": "Louisiana", "state_code": "LA", "country": "United States", "country_code": "us", "confidence": "1", "confidence_city_level": "1", "confidence_street_level": "1", "confidence_building_level": "1" }, "geometry": { "type": "Point", "coordinates": [ -90.0155678, 29.9610243 ] } },
{ "type": "Feature", "properties": { "original_314": "124", "original_#1 Park Timbers Dr.": "5617 St. Claude Ave.", "original_new orleans": "new orleans", "original_Louisiana": "Louisiana", "original_": "70117", "lat": 29.961024295918367, "lon": -90.01556779000001, "formatted": "5617 Saint Claude Avenue, Lower Ninth Ward, New Orleans, LA 70117, United States of America", "name": "", "housenumber": "5617", "street": "Saint Claude Avenue", "postcode": "70117", "district": "", "suburb": "", "county_code": "", "city": "New Orleans", "county": "Orleans Parish", "state": "Louisiana", "state_code": "LA", "country": "United States", "country_code": "us", "confidence": "1", "confidence_city_level": "1", "confidence_street_level": "1", "confidence_building_level": "1" }, "geometry": { "type": "Point", "coordinates": [ -90.0155678, 29.9610243 ] } },
{ "type": "Feature", "properties": { "original_314": "125", "original_#1 Park Timbers Dr.": "5617 St. Claude Ave.", "original_new orleans": "new orleans", "original_Louisiana": "Louisiana", "original_": "70117", "lat": 29.961024295918367, "lon": -90.01556779000001, "formatted": "5617 Saint Claude Avenue, Lower Ninth Ward, New Orleans, LA 70117, United States of America", "name": "", "housenumber": "5617", "street": "Saint Claude Avenue", "postcode": "70117", "district": "", "suburb": "", "county_code": "", "city": "New Orleans", "county": "Orleans Parish", "state": "Louisiana", "state_code": "LA", "country": "United States", "country_code": "us", "confidence": "1", "confidence_city_level": "1", "confidence_street_level": "1", "confidence_building_level": "1" }, "geometry": { "type": "Point", "coordinates": [ -90.0155678, 29.9610243 ] } },
{ "type": "Feature", "properties": { "original_314": "267", "original_#1 Park Timbers Dr.": "5625 Loyola Ave.", "original_new orleans": "new orleans", "original_Louisiana": "Louisiana", "original_": "70115", "lat": 29.933465, "lon": -90.1149052, "formatted": "5625 Loyola Avenue, New Orleans, LA 70115, United States of America", "name": "", "housenumber": "5625", "street": "Loyola Avenue", "postcode": "70115", "district": "", "suburb": "Uptown", "county_code": "", "city": "New Orleans", "county": "Orleans Parish", "state": "Louisiana", "state_code": "LA", "country": "United States", "country_code": "us", "confidence": "1", "confidence_city_level": "1", "confidence_street_level": "1", "confidence_building_level": "1" }, "geometry": { "type": "Point", "coordinates": [ -90.1149052, 29.933465 ] } },
{ "type": "Feature", "properties": { "original_314": "268", "original_#1 Park Timbers Dr.": "5625 Loyola Ave.", "original_new orleans": "new orleans", "original_Louisiana": "Louisiana", "original_": "70115", "lat": 29.933465, "lon": -90.1149052, "formatted": "5625 Loyola Avenue, New Orleans, LA 70115, United States of America", "name": "", "housenumber": "5625", "street": "Loyola Avenue", "postcode": "70115", "district": "", "suburb": "Uptown", "county_code": "", "city": "New Orleans", "county": "Orleans Parish", "state": "Louisiana", "state_code": "LA", "country": "United States", "country_code": "us", "confidence": "1", "confidence_city_level": "1", "confidence_street_level": "1", "confidence_building_level": "1" }, "geometry": { "type": "Point", "coordinates": [ -90.1149052, 29.933465 ] } },
{ "type": "Feature", "properties": { "original_314": "269", "original_#1 Park Timbers Dr.": "5625 Loyola Ave.", "original_new orleans": "new orleans", "original_Louisiana": "Louisiana", "original_": "70115", "lat": 29.933465, "lon": -90.1149052, "formatted": "5625 Loyola Avenue, New Orleans, LA 70115, United States of America", "name": "", "housenumber": "5625", "street": "Loyola Avenue", "postcode": "70115", "district": "", "suburb": "Uptown", "county_code": "", "city": "New Orleans", "county": "Orleans Parish", "state": "Louisiana", "state_code": "LA", "country": "United States", "country_code": "us", "confidence": "1", "confidence_city_level": "1", "confidence_street_level": "1", "confidence_building_level": "1" }, "geometry": { "type": "Point", "coordinates": [ -90.1149052, 29.933465 ] } },
{ "type": "Feature", "properties": { "original_314": "270", "original_#1 Park Timbers Dr.": "5625 Loyola Ave.", "original_new orleans": "new orleans", "original_Louisiana": "Louisiana", "original_": "70115", "lat": 29.933465, "lon": -90.1149052, "formatted": "5625 Loyola Avenue, New Orleans, LA 70115, United States of America", "name": "", "housenumber": "5625", "street": "Loyola Avenue", "postcode": "70115", "district": "", "suburb": "Uptown", "county_code": "", "city": "New Orleans", "county": "Orleans Parish", "state": "Louisiana", "state_code": "LA", "country": "United States", "country_code": "us", "confidence": "1", "confidence_city_level": "1", "confidence_street_level": "1", "confidence_building_level": "1" }, "geometry": { "type": "Point", "coordinates": [ -90.1149052, 29.933465 ] } },
{ "type": "Feature", "properties": { "original_314": "237", "original_#1 Park Timbers Dr.": "5712 S. Claiborne Ave.", "original_new orleans": "new orleans", "original_Louisiana": "Louisiana", "original_": "70125", "lat": 29.942389166669255, "lon": -90.11161548, "formatted": "5712 South Claiborne Avenue, New Orleans, LA 70125, United States of America", "name": "", "housenumber": "5712", "street": "South Claiborne Avenue", "postcode": "70125", "district": "", "suburb": "Broadmoor", "county_code": "", "city": "New Orleans", "county": "Orleans Parish", "state": "Louisiana", "state_code": "LA", "country": "United States", "country_code": "us", "confidence": "1", "confidence_city_level": "1", "confidence_street_level": "1", "confidence_building_level": "1" }, "geometry": { "type": "Point", "coordinates": [ -90.1116155, 29.9423892 ] } },
{ "type": "Feature", "properties": { "original_314": "238", "original_#1 Park Timbers Dr.": "5712 S. Claiborne Ave.", "original_new orleans": "new orleans", "original_Louisiana": "Louisiana", "original_": "70125", "lat": 29.942389166669255, "lon": -90.11161548, "formatted": "5712 South Claiborne Avenue, New Orleans, LA 70125, United States of America", "name": "", "housenumber": "5712", "street": "South Claiborne Avenue", "postcode": "70125", "district": "", "suburb": "Broadmoor", "county_code": "", "city": "New Orleans", "county": "Orleans Parish", "state": "Louisiana", "state_code": "LA", "country": "United States", "country_code": "us", "confidence": "1", "confidence_city_level": "1", "confidence_street_level": "1", "confidence_building_level": "1" }, "geometry": { "type": "Point", "coordinates": [ -90.1116155, 29.9423892 ] } },
{ "type": "Feature", "properties": { "original_314": "253", "original_#1 Park Timbers Dr.": "5712 S. Claiborne Ave.", "original_new orleans": "new orleans", "original_Louisiana": "Louisiana", "original_": "70125", "lat": 29.942389166669255, "lon": -90.11161548, "formatted": "5712 South Claiborne Avenue, New Orleans, LA 70125, United States of America", "name": "", "housenumber": "5712", "street": "South Claiborne Avenue", "postcode": "70125", "district": "", "suburb": "Broadmoor", "county_code": "", "city": "New Orleans", "county": "Orleans Parish", "state": "Louisiana", "state_code": "LA", "country": "United States", "country_code": "us", "confidence": "1", "confidence_city_level": "1", "confidence_street_level": "1", "confidence_building_level": "1" }, "geometry": { "type": "Point", "coordinates": [ -90.1116155, 29.9423892 ] } },
{ "type": "Feature", "properties": { "original_314": "254", "original_#1 Park Timbers Dr.": "5712 S. Claiborne Ave.", "original_new orleans": "new orleans", "original_Louisiana": "Louisiana", "original_": "70125", "lat": 29.942389166669255, "lon": -90.11161548, "formatted": "5712 South Claiborne Avenue, New Orleans, LA 70125, United States of America", "name": "", "housenumber": "5712", "street": "South Claiborne Avenue", "postcode": "70125", "district": "", "suburb": "Broadmoor", "county_code": "", "city": "New Orleans", "county": "Orleans Parish", "state": "Louisiana", "state_code": "LA", "country": "United States", "country_code": "us", "confidence": "1", "confidence_city_level": "1", "confidence_street_level": "1", "confidence_building_level": "1" }, "geometry": { "type": "Point", "coordinates": [ -90.1116155, 29.9423892 ] } },
{ "type": "Feature", "properties": { "original_314": "271", "original_#1 Park Timbers Dr.": "5712 S. Claiborne Ave.", "original_new orleans": "new orleans", "original_Louisiana": "Louisiana", "original_": "70125", "lat": 29.942389166669255, "lon": -90.11161548, "formatted": "5712 South Claiborne Avenue, New Orleans, LA 70125, United States of America", "name": "", "housenumber": "5712", "street": "South Claiborne Avenue", "postcode": "70125", "district": "", "suburb": "Broadmoor", "county_code": "", "city": "New Orleans", "county": "Orleans Parish", "state": "Louisiana", "state_code": "LA", "country": "United States", "country_code": "us", "confidence": "1", "confidence_city_level": "1", "confidence_street_level": "1", "confidence_building_level": "1" }, "geometry": { "type": "Point", "coordinates": [ -90.1116155, 29.9423892 ] } },
{ "type": "Feature", "properties": { "original_314": "274", "original_#1 Park Timbers Dr.": "5712 S. Claiborne Ave.", "original_new orleans": "new orleans", "original_Louisiana": "Louisiana", "original_": "70125", "lat": 29.942389166669255, "lon": -90.11161548, "formatted": "5712 South Claiborne Avenue, New Orleans, LA 70125, United States of America", "name": "", "housenumber": "5712", "street": "South Claiborne Avenue", "postcode": "70125", "district": "", "suburb": "Broadmoor", "county_code": "", "city": "New Orleans", "county": "Orleans Parish", "state": "Louisiana", "state_code": "LA", "country": "United States", "country_code": "us", "confidence": "1", "confidence_city_level": "1", "confidence_street_level": "1", "confidence_building_level": "1" }, "geometry": { "type": "Point", "coordinates": [ -90.1116155, 29.9423892 ] } },
{ "type": "Feature", "properties": { "original_314": "276", "original_#1 Park Timbers Dr.": "5712 S. Claiborne Ave.", "original_new orleans": "new orleans", "original_Louisiana": "Louisiana", "original_": "70125", "lat": 29.942389166669255, "lon": -90.11161548, "formatted": "5712 South Claiborne Avenue, New Orleans, LA 70125, United States of America", "name": "", "housenumber": "5712", "street": "South Claiborne Avenue", "postcode": "70125", "district": "", "suburb": "Broadmoor", "county_code": "", "city": "New Orleans", "county": "Orleans Parish", "state": "Louisiana", "state_code": "LA", "country": "United States", "country_code": "us", "confidence": "1", "confidence_city_level": "1", "confidence_street_level": "1", "confidence_building_level": "1" }, "geometry": { "type": "Point", "coordinates": [ -90.1116155, 29.9423892 ] } },
{ "type": "Feature", "properties": { "original_314": "348", "original_#1 Park Timbers Dr.": "5885 Fleur De Lis Dr.", "original_new orleans": "new orleans", "original_Louisiana": "Louisiana", "original_": "70124", "lat": 29.997650823232323, "lon": -90.11960173, "formatted": "5885 Fleur de Lis Drive, Lakeview, New Orleans, LA 70124, United States of America", "name": "", "housenumber": "5885", "street": "Fleur de Lis Drive", "postcode": "70124", "district": "", "suburb": "", "county_code": "", "city": "New Orleans", "county": "Orleans Parish", "state": "Louisiana", "state_code": "LA", "country": "United States", "country_code": "us", "confidence": "1", "confidence_city_level": "1", "confidence_street_level": "1", "confidence_building_level": "1" }, "geometry": { "type": "Point", "coordinates": [ -90.1196017, 29.9976508 ] } },
{ "type": "Feature", "properties": { "original_314": "349", "original_#1 Park Timbers Dr.": "5885 Fleur De Lis Dr.", "original_new orleans": "new orleans", "original_Louisiana": "Louisiana", "original_": "70124", "lat": 29.997650823232323, "lon": -90.11960173, "formatted": "5885 Fleur de Lis Drive, Lakeview, New Orleans, LA 70124, United States of America", "name": "", "housenumber": "5885", "street": "Fleur de Lis Drive", "postcode": "70124", "district": "", "suburb": "", "county_code": "", "city": "New Orleans", "county": "Orleans Parish", "state": "Louisiana", "state_code": "LA", "country": "United States", "country_code": "us", "confidence": "1", "confidence_city_level": "1", "confidence_street_level": "1", "confidence_building_level": "1" }, "geometry": { "type": "Point", "coordinates": [ -90.1196017, 29.9976508 ] } },
{ "type": "Feature", "properties": { "original_314": "256", "original_#1 Park Timbers Dr.": "5951 Patton St.", "original_new orleans": "new orleans", "original_Louisiana": "Louisiana", "original_": "70115", "lat": 29.9204043, "lon": -90.1214386, "formatted": "5951 Patton Street, New Orleans, LA 70115, United States of America", "name": "", "housenumber": "5951", "street": "Patton Street", "postcode": "70115", "district": "", "suburb": "Greenville", "county_code": "", "city": "New Orleans", "county": "Orleans Parish", "state": "Louisiana", "state_code": "LA", "country": "United States", "country_code": "us", "confidence": "1", "confidence_city_level": "1", "confidence_street_level": "1", "confidence_building_level": "1" }, "geometry": { "type": "Point", "coordinates": [ -90.1214386, 29.9204043 ] } },
{ "type": "Feature", "properties": { "original_314": "257", "original_#1 Park Timbers Dr.": "5951 Patton St.", "original_new orleans": "new orleans", "original_Louisiana": "Louisiana", "original_": "70115", "lat": 29.9204043, "lon": -90.1214386, "formatted": "5951 Patton Street, New Orleans, LA 70115, United States of America", "name": "", "housenumber": "5951", "street": "Patton Street", "postcode": "70115", "district": "", "suburb": "Greenville", "county_code": "", "city": "New Orleans", "county": "Orleans Parish", "state": "Louisiana", "state_code": "LA", "country": "United States", "country_code": "us", "confidence": "1", "confidence_city_level": "1", "confidence_street_level": "1", "confidence_building_level": "1" }, "geometry": { "type": "Point", "coordinates": [ -90.1214386, 29.9204043 ] } },
{ "type": "Feature", "properties": { "original_314": "258", "original_#1 Park Timbers Dr.": "5951 Patton St.", "original_new orleans": "new orleans", "original_Louisiana": "Louisiana", "original_": "70115", "lat": 29.9204043, "lon": -90.1214386, "formatted": "5951 Patton Street, New Orleans, LA 70115, United States of America", "name": "", "housenumber": "5951", "street": "Patton Street", "postcode": "70115", "district": "", "suburb": "Greenville", "county_code": "", "city": "New Orleans", "county": "Orleans Parish", "state": "Louisiana", "state_code": "LA", "country": "United States", "country_code": "us", "confidence": "1", "confidence_city_level": "1", "confidence_street_level": "1", "confidence_building_level": "1" }, "geometry": { "type": "Point", "coordinates": [ -90.1214386, 29.9204043 ] } },
{ "type": "Feature", "properties": { "original_314": "86", "original_#1 Park Timbers Dr.": "6026 Paris Ave.", "original_new orleans": "new orleans", "original_Louisiana": "Louisiana", "original_": "70122", "lat": 30.0188963, "lon": -90.0762337, "formatted": "6026 Paris Avenue, New Orleans, LA 70122, United States of America", "name": "", "housenumber": "6026", "street": "Paris Avenue", "postcode": "70122", "district": "", "suburb": "Spanish Fort", "county_code": "", "city": "New Orleans", "county": "Orleans Parish", "state": "Louisiana", "state_code": "LA", "country": "United States", "country_code": "us", "confidence": "1", "confidence_city_level": "1", "confidence_street_level": "1", "confidence_building_level": "1" }, "geometry": { "type": "Point", "coordinates": [ -90.0762337, 30.0188963 ] } },
{ "type": "Feature", "properties": { "original_314": "87", "original_#1 Park Timbers Dr.": "6026 Paris Ave.", "original_new orleans": "new orleans", "original_Louisiana": "Louisiana", "original_": "70122", "lat": 30.0188963, "lon": -90.0762337, "formatted": "6026 Paris Avenue, New Orleans, LA 70122, United States of America", "name": "", "housenumber": "6026", "street": "Paris Avenue", "postcode": "70122", "district": "", "suburb": "Spanish Fort", "county_code": "", "city": "New Orleans", "county": "Orleans Parish", "state": "Louisiana", "state_code": "LA", "country": "United States", "country_code": "us", "confidence": "1", "confidence_city_level": "1", "confidence_street_level": "1", "confidence_building_level": "1" }, "geometry": { "type": "Point", "coordinates": [ -90.0762337, 30.0188963 ] } },
{ "type": "Feature", "properties": { "original_314": "88", "original_#1 Park Timbers Dr.": "6026 Paris Ave.", "original_new orleans": "new orleans", "original_Louisiana": "Louisiana", "original_": "70122", "lat": 30.0188963, "lon": -90.0762337, "formatted": "6026 Paris Avenue, New Orleans, LA 70122, United States of America", "name": "", "housenumber": "6026", "street": "Paris Avenue", "postcode": "70122", "district": "", "suburb": "Spanish Fort", "county_code": "", "city": "New Orleans", "county": "Orleans Parish", "state": "Louisiana", "state_code": "LA", "country": "United States", "country_code": "us", "confidence": "1", "confidence_city_level": "1", "confidence_street_level": "1", "confidence_building_level": "1" }, "geometry": { "type": "Point", "coordinates": [ -90.0762337, 30.0188963 ] } },
{ "type": "Feature", "properties": { "original_314": "89", "original_#1 Park Timbers Dr.": "6026 Paris Ave.", "original_new orleans": "new orleans", "original_Louisiana": "Louisiana", "original_": "70122", "lat": 30.0188963, "lon": -90.0762337, "formatted": "6026 Paris Avenue, New Orleans, LA 70122, United States of America", "name": "", "housenumber": "6026", "street": "Paris Avenue", "postcode": "70122", "district": "", "suburb": "Spanish Fort", "county_code": "", "city": "New Orleans", "county": "Orleans Parish", "state": "Louisiana", "state_code": "LA", "country": "United States", "country_code": "us", "confidence": "1", "confidence_city_level": "1", "confidence_street_level": "1", "confidence_building_level": "1" }, "geometry": { "type": "Point", "coordinates": [ -90.0762337, 30.0188963 ] } },
{ "type": "Feature", "properties": { "original_314": "90", "original_#1 Park Timbers Dr.": "6026 Paris Ave.", "original_new orleans": "new orleans", "original_Louisiana": "Louisiana", "original_": "70122", "lat": 30.0188963, "lon": -90.0762337, "formatted": "6026 Paris Avenue, New Orleans, LA 70122, United States of America", "name": "", "housenumber": "6026", "street": "Paris Avenue", "postcode": "70122", "district": "", "suburb": "Spanish Fort", "county_code": "", "city": "New Orleans", "county": "Orleans Parish", "state": "Louisiana", "state_code": "LA", "country": "United States", "country_code": "us", "confidence": "1", "confidence_city_level": "1", "confidence_street_level": "1", "confidence_building_level": "1" }, "geometry": { "type": "Point", "coordinates": [ -90.0762337, 30.0188963 ] } },
{ "type": "Feature", "properties": { "original_314": "94", "original_#1 Park Timbers Dr.": "6026 Paris Ave.", "original_new orleans": "new orleans", "original_Louisiana": "Louisiana", "original_": "70122", "lat": 30.0188963, "lon": -90.0762337, "formatted": "6026 Paris Avenue, New Orleans, LA 70122, United States of America", "name": "", "housenumber": "6026", "street": "Paris Avenue", "postcode": "70122", "district": "", "suburb": "Spanish Fort", "county_code": "", "city": "New Orleans", "county": "Orleans Parish", "state": "Louisiana", "state_code": "LA", "country": "United States", "country_code": "us", "confidence": "1", "confidence_city_level": "1", "confidence_street_level": "1", "confidence_building_level": "1" }, "geometry": { "type": "Point", "coordinates": [ -90.0762337, 30.0188963 ] } },
{ "type": "Feature", "properties": { "original_314": "96", "original_#1 Park Timbers Dr.": "6026 Paris Ave.", "original_new orleans": "new orleans", "original_Louisiana": "Louisiana", "original_": "70122", "lat": 30.0188963, "lon": -90.0762337, "formatted": "6026 Paris Avenue, New Orleans, LA 70122, United States of America", "name": "", "housenumber": "6026", "street": "Paris Avenue", "postcode": "70122", "district": "", "suburb": "Spanish Fort", "county_code": "", "city": "New Orleans", "county": "Orleans Parish", "state": "Louisiana", "state_code": "LA", "country": "United States", "country_code": "us", "confidence": "1", "confidence_city_level": "1", "confidence_street_level": "1", "confidence_building_level": "1" }, "geometry": { "type": "Point", "coordinates": [ -90.0762337, 30.0188963 ] } },
{ "type": "Feature", "properties": { "original_314": "95", "original_#1 Park Timbers Dr.": "6327 Cartier Dr.", "original_new orleans": "new orleans", "original_Louisiana": "Louisiana", "original_": "70122", "lat": 30.023766, "lon": -90.0793856, "formatted": "6327 Cartier Drive, New Orleans, LA 70122, United States of America", "name": "", "housenumber": "6327", "street": "Cartier Drive", "postcode": "70122", "district": "", "suburb": "Spanish Fort", "county_code": "", "city": "New Orleans", "county": "Orleans Parish", "state": "Louisiana", "state_code": "LA", "country": "United States", "country_code": "us", "confidence": "1", "confidence_city_level": "1", "confidence_street_level": "1", "confidence_building_level": "1" }, "geometry": { "type": "Point", "coordinates": [ -90.0793856, 30.023766 ] } },
{ "type": "Feature", "properties": { "original_314": "278", "original_#1 Park Timbers Dr.": "65 Fontainebleau Drive", "original_new orleans": "new orleans", "original_Louisiana": "Louisiana", "original_": "70125", "lat": 29.954681, "lon": -90.115183, "formatted": "65 Fontainebleau Drive, New Orleans, LA 70125, United States of America", "name": "", "housenumber": "65", "street": "Fontainebleau Drive", "postcode": "70125", "district": "", "suburb": "Broadmoor", "county_code": "", "city": "New Orleans", "county": "Orleans Parish", "state": "Louisiana", "state_code": "LA", "country": "United States", "country_code": "us", "confidence": "1", "confidence_city_level": "1", "confidence_street_level": "1", "confidence_building_level": "1" }, "geometry": { "type": "Point", "coordinates": [ -90.115183, 29.954681 ] } },
{ "type": "Feature", "properties": { "original_314": "328", "original_#1 Park Timbers Dr.": "65 Fontainebleau Drive", "original_new orleans": "new orleans", "original_Louisiana": "Louisiana", "original_": "70125", "lat": 29.954681, "lon": -90.115183, "formatted": "65 Fontainebleau Drive, New Orleans, LA 70125, United States of America", "name": "", "housenumber": "65", "street": "Fontainebleau Drive", "postcode": "70125", "district": "", "suburb": "Broadmoor", "county_code": "", "city": "New Orleans", "county": "Orleans Parish", "state": "Louisiana", "state_code": "LA", "country": "United States", "country_code": "us", "confidence": "1", "confidence_city_level": "1", "confidence_street_level": "1", "confidence_building_level": "1" }, "geometry": { "type": "Point", "coordinates": [ -90.115183, 29.954681 ] } },
{ "type": "Feature", "properties": { "original_314": "275", "original_#1 Park Timbers Dr.": "65 Fontainebleau Drive ", "original_new orleans": "new orleans", "original_Louisiana": "Louisiana", "original_": "70125", "lat": 29.954681, "lon": -90.115183, "formatted": "65 Fontainebleau Drive, New Orleans, LA 70125, United States of America", "name": "", "housenumber": "65", "street": "Fontainebleau Drive", "postcode": "70125", "district": "", "suburb": "Broadmoor", "county_code": "", "city": "New Orleans", "county": "Orleans Parish", "state": "Louisiana", "state_code": "LA", "country": "United States", "country_code": "us", "confidence": "1", "confidence_city_level": "1", "confidence_street_level": "1", "confidence_building_level": "1" }, "geometry": { "type": "Point", "coordinates": [ -90.115183, 29.954681 ] } },
{ "type": "Feature", "properties": { "original_314": "277", "original_#1 Park Timbers Dr.": "65 Fontainebleau Drive ", "original_new orleans": "new orleans", "original_Louisiana": "Louisiana", "original_": "70125", "lat": 29.954681, "lon": -90.115183, "formatted": "65 Fontainebleau Drive, New Orleans, LA 70125, United States of America", "name": "", "housenumber": "65", "street": "Fontainebleau Drive", "postcode": "70125", "district": "", "suburb": "Broadmoor", "county_code": "", "city": "New Orleans", "county": "Orleans Parish", "state": "Louisiana", "state_code": "LA", "country": "United States", "country_code": "us", "confidence": "1", "confidence_city_level": "1", "confidence_street_level": "1", "confidence_building_level": "1" }, "geometry": { "type": "Point", "coordinates": [ -90.115183, 29.954681 ] } },
{ "type": "Feature", "properties": { "original_314": "327", "original_#1 Park Timbers Dr.": "65 Fontainebleau Drive ", "original_new orleans": "new orleans", "original_Louisiana": "Louisiana", "original_": "70125", "lat": 29.954681, "lon": -90.115183, "formatted": "65 Fontainebleau Drive, New Orleans, LA 70125, United States of America", "name": "", "housenumber": "65", "street": "Fontainebleau Drive", "postcode": "70125", "district": "", "suburb": "Broadmoor", "county_code": "", "city": "New Orleans", "county": "Orleans Parish", "state": "Louisiana", "state_code": "LA", "country": "United States", "country_code": "us", "confidence": "1", "confidence_city_level": "1", "confidence_street_level": "1", "confidence_building_level": "1" }, "geometry": { "type": "Point", "coordinates": [ -90.115183, 29.954681 ] } },
{ "type": "Feature", "properties": { "original_314": "329", "original_#1 Park Timbers Dr.": "65 Fontainebleau Drive ", "original_new orleans": "new orleans", "original_Louisiana": "Louisiana", "original_": "70125", "lat": 29.954681, "lon": -90.115183, "formatted": "65 Fontainebleau Drive, New Orleans, LA 70125, United States of America", "name": "", "housenumber": "65", "street": "Fontainebleau Drive", "postcode": "70125", "district": "", "suburb": "Broadmoor", "county_code": "", "city": "New Orleans", "county": "Orleans Parish", "state": "Louisiana", "state_code": "LA", "country": "United States", "country_code": "us", "confidence": "1", "confidence_city_level": "1", "confidence_street_level": "1", "confidence_building_level": "1" }, "geometry": { "type": "Point", "coordinates": [ -90.115183, 29.954681 ] } },
{ "type": "Feature", "properties": { "original_314": "305", "original_#1 Park Timbers Dr.": "6600 Belgrade St.", "original_new orleans": "new orleans", "original_Louisiana": "Louisiana", "original_": "70131", "lat": 29.9235439, "lon": -89.9825251, "formatted": "6600 Belgrade Street, New Orleans, LA 70131, United States of America", "name": "", "housenumber": "6600", "street": "Belgrade Street", "postcode": "70131", "district": "", "suburb": "", "county_code": "", "city": "New Orleans", "county": "Orleans Parish", "state": "Louisiana", "state_code": "LA", "country": "United States", "country_code": "us", "confidence": "1", "confidence_city_level": "1", "confidence_street_level": "1", "confidence_building_level": "1" }, "geometry": { "type": "Point", "coordinates": [ -89.9825251, 29.9235439 ] } },
{ "type": "Feature", "properties": { "original_314": "316", "original_#1 Park Timbers Dr.": "6600 Belgrade St.", "original_new orleans": "new orleans", "original_Louisiana": "Louisiana", "original_": "70131", "lat": 29.9235439, "lon": -89.9825251, "formatted": "6600 Belgrade Street, New Orleans, LA 70131, United States of America", "name": "", "housenumber": "6600", "street": "Belgrade Street", "postcode": "70131", "district": "", "suburb": "", "county_code": "", "city": "New Orleans", "county": "Orleans Parish", "state": "Louisiana", "state_code": "LA", "country": "United States", "country_code": "us", "confidence": "1", "confidence_city_level": "1", "confidence_street_level": "1", "confidence_building_level": "1" }, "geometry": { "type": "Point", "coordinates": [ -89.9825251, 29.9235439 ] } },
{ "type": "Feature", "properties": { "original_314": "318", "original_#1 Park Timbers Dr.": "6600 Belgrade St.", "original_new orleans": "new orleans", "original_Louisiana": "Louisiana", "original_": "70131", "lat": 29.9235439, "lon": -89.9825251, "formatted": "6600 Belgrade Street, New Orleans, LA 70131, United States of America", "name": "", "housenumber": "6600", "street": "Belgrade Street", "postcode": "70131", "district": "", "suburb": "", "county_code": "", "city": "New Orleans", "county": "Orleans Parish", "state": "Louisiana", "state_code": "LA", "country": "United States", "country_code": "us", "confidence": "1", "confidence_city_level": "1", "confidence_street_level": "1", "confidence_building_level": "1" }, "geometry": { "type": "Point", "coordinates": [ -89.9825251, 29.9235439 ] } },
{ "type": "Feature", "properties": { "original_314": "319", "original_#1 Park Timbers Dr.": "6600 Belgrade St.", "original_new orleans": "new orleans", "original_Louisiana": "Louisiana", "original_": "70131", "lat": 29.9235439, "lon": -89.9825251, "formatted": "6600 Belgrade Street, New Orleans, LA 70131, United States of America", "name": "", "housenumber": "6600", "street": "Belgrade Street", "postcode": "70131", "district": "", "suburb": "", "county_code": "", "city": "New Orleans", "county": "Orleans Parish", "state": "Louisiana", "state_code": "LA", "country": "United States", "country_code": "us", "confidence": "1", "confidence_city_level": "1", "confidence_street_level": "1", "confidence_building_level": "1" }, "geometry": { "type": "Point", "coordinates": [ -89.9825251, 29.9235439 ] } },
{ "type": "Feature", "properties": { "original_314": "49", "original_#1 Park Timbers Dr.": "6645 Spanish Fort Blvd.", "original_new orleans": "new orleans", "original_Louisiana": "Louisiana", "original_": "70124", "lat": 30.0244877, "lon": -90.0898653, "formatted": "6645 Spanish Fort Boulevard, New Orleans, LA 70124, United States of America", "name": "", "housenumber": "6645", "street": "Spanish Fort Boulevard", "postcode": "70124", "district": "", "suburb": "Spanish Fort", "county_code": "", "city": "New Orleans", "county": "Orleans Parish", "state": "Louisiana", "state_code": "LA", "country": "United States", "country_code": "us", "confidence": "1", "confidence_city_level": "1", "confidence_street_level": "1", "confidence_building_level": "1" }, "geometry": { "type": "Point", "coordinates": [ -90.0898653, 30.0244877 ] } },
{ "type": "Feature", "properties": { "original_314": "50", "original_#1 Park Timbers Dr.": "6645 Spanish Fort Blvd.", "original_new orleans": "new orleans", "original_Louisiana": "Louisiana", "original_": "70124", "lat": 30.0244877, "lon": -90.0898653, "formatted": "6645 Spanish Fort Boulevard, New Orleans, LA 70124, United States of America", "name": "", "housenumber": "6645", "street": "Spanish Fort Boulevard", "postcode": "70124", "district": "", "suburb": "Spanish Fort", "county_code": "", "city": "New Orleans", "county": "Orleans Parish", "state": "Louisiana", "state_code": "LA", "country": "United States", "country_code": "us", "confidence": "1", "confidence_city_level": "1", "confidence_street_level": "1", "confidence_building_level": "1" }, "geometry": { "type": "Point", "coordinates": [ -90.0898653, 30.0244877 ] } },
{ "type": "Feature", "properties": { "original_314": "170", "original_#1 Park Timbers Dr.": "6701 Curran Blvd.", "original_new orleans": "new orleans", "original_Louisiana": "Louisiana", "original_": "70126", "lat": 30.033137, "lon": -90.016088, "formatted": "6701 Curran Boulevard, New Orleans, LA 70126, United States of America", "name": "", "housenumber": "6701", "street": "Curran Boulevard", "postcode": "70126", "district": "", "suburb": "Seabrook", "county_code": "", "city": "New Orleans", "county": "Orleans Parish", "state": "Louisiana", "state_code": "LA", "country": "United States", "country_code": "us", "confidence": "1", "confidence_city_level": "1", "confidence_street_level": "1", "confidence_building_level": "1" }, "geometry": { "type": "Point", "coordinates": [ -90.016088, 30.033137 ] } },
{ "type": "Feature", "properties": { "original_314": "171", "original_#1 Park Timbers Dr.": "6701 Curran Blvd.", "original_new orleans": "new orleans", "original_Louisiana": "Louisiana", "original_": "70126", "lat": 30.033137, "lon": -90.016088, "formatted": "6701 Curran Boulevard, New Orleans, LA 70126, United States of America", "name": "", "housenumber": "6701", "street": "Curran Boulevard", "postcode": "70126", "district": "", "suburb": "Seabrook", "county_code": "", "city": "New Orleans", "county": "Orleans Parish", "state": "Louisiana", "state_code": "LA", "country": "United States", "country_code": "us", "confidence": "1", "confidence_city_level": "1", "confidence_street_level": "1", "confidence_building_level": "1" }, "geometry": { "type": "Point", "coordinates": [ -90.016088, 30.033137 ] } },
{ "type": "Feature", "properties": { "original_314": "175", "original_#1 Park Timbers Dr.": "6701 Curran Blvd.", "original_new orleans": "new orleans", "original_Louisiana": "Louisiana", "original_": "70126", "lat": 30.033137, "lon": -90.016088, "formatted": "6701 Curran Boulevard, New Orleans, LA 70126, United States of America", "name": "", "housenumber": "6701", "street": "Curran Boulevard", "postcode": "70126", "district": "", "suburb": "Seabrook", "county_code": "", "city": "New Orleans", "county": "Orleans Parish", "state": "Louisiana", "state_code": "LA", "country": "United States", "country_code": "us", "confidence": "1", "confidence_city_level": "1", "confidence_street_level": "1", "confidence_building_level": "1" }, "geometry": { "type": "Point", "coordinates": [ -90.016088, 30.033137 ] } },
{ "type": "Feature", "properties": { "original_314": "178", "original_#1 Park Timbers Dr.": "6701 Curran Blvd.", "original_new orleans": "new orleans", "original_Louisiana": "Louisiana", "original_": "70126", "lat": 30.033137, "lon": -90.016088, "formatted": "6701 Curran Boulevard, New Orleans, LA 70126, United States of America", "name": "", "housenumber": "6701", "street": "Curran Boulevard", "postcode": "70126", "district": "", "suburb": "Seabrook", "county_code": "", "city": "New Orleans", "county": "Orleans Parish", "state": "Louisiana", "state_code": "LA", "country": "United States", "country_code": "us", "confidence": "1", "confidence_city_level": "1", "confidence_street_level": "1", "confidence_building_level": "1" }, "geometry": { "type": "Point", "coordinates": [ -90.016088, 30.033137 ] } },
{ "type": "Feature", "properties": { "original_314": "150", "original_#1 Park Timbers Dr.": "6900 Downman Rd.", "original_new orleans": "new orleans", "original_Louisiana": "Louisiana", "original_": "70126", "lat": 30.0227879, "lon": -90.0235919, "formatted": "6900 Downman Road, New Orleans, LA 70126, United States of America", "name": "", "housenumber": "6900", "street": "Downman Road", "postcode": "70126", "district": "", "suburb": "Pines Village", "county_code": "", "city": "New Orleans", "county": "Orleans Parish", "state": "Louisiana", "state_code": "LA", "country": "United States", "country_code": "us", "confidence": "1", "confidence_city_level": "1", "confidence_street_level": "1", "confidence_building_level": "1" }, "geometry": { "type": "Point", "coordinates": [ -90.0235919, 30.0227879 ] } },
{ "type": "Feature", "properties": { "original_314": "169", "original_#1 Park Timbers Dr.": "6900 Downman Rd.", "original_new orleans": "new orleans", "original_Louisiana": "Louisiana", "original_": "70126", "lat": 30.0227879, "lon": -90.0235919, "formatted": "6900 Downman Road, New Orleans, LA 70126, United States of America", "name": "", "housenumber": "6900", "street": "Downman Road", "postcode": "70126", "district": "", "suburb": "Pines Village", "county_code": "", "city": "New Orleans", "county": "Orleans Parish", "state": "Louisiana", "state_code": "LA", "country": "United States", "country_code": "us", "confidence": "1", "confidence_city_level": "1", "confidence_street_level": "1", "confidence_building_level": "1" }, "geometry": { "type": "Point", "coordinates": [ -90.0235919, 30.0227879 ] } },
{ "type": "Feature", "properties": { "original_314": "36", "original_#1 Park Timbers Dr.": "721 St. Philip St.", "original_new orleans": "new orleans", "original_Louisiana": "Louisiana", "original_": "70116", "lat": 29.9609828, "lon": -90.0629301, "formatted": "721 Saint Philip Street, New Orleans, LA 70116, United States of America", "name": "", "housenumber": "721", "street": "Saint Philip Street", "postcode": "70116", "district": "French Quarter", "suburb": "French Quarter", "county_code": "", "city": "New Orleans", "county": "Orleans Parish", "state": "Louisiana", "state_code": "LA", "country": "United States", "country_code": "us", "confidence": "1", "confidence_city_level": "1", "confidence_street_level": "1", "confidence_building_level": "1" }, "geometry": { "type": "Point", "coordinates": [ -90.0629301, 29.9609828 ] } },
{ "type": "Feature", "properties": { "original_314": "37", "original_#1 Park Timbers Dr.": "721 St. Philip St.", "original_new orleans": "new orleans", "original_Louisiana": "Louisiana", "original_": "70116", "lat": 29.9609828, "lon": -90.0629301, "formatted": "721 Saint Philip Street, New Orleans, LA 70116, United States of America", "name": "", "housenumber": "721", "street": "Saint Philip Street", "postcode": "70116", "district": "French Quarter", "suburb": "French Quarter", "county_code": "", "city": "New Orleans", "county": "Orleans Parish", "state": "Louisiana", "state_code": "LA", "country": "United States", "country_code": "us", "confidence": "1", "confidence_city_level": "1", "confidence_street_level": "1", "confidence_building_level": "1" }, "geometry": { "type": "Point", "coordinates": [ -90.0629301, 29.9609828 ] } },
{ "type": "Feature", "properties": { "original_314": "38", "original_#1 Park Timbers Dr.": "721 St. Philip St.", "original_new orleans": "new orleans", "original_Louisiana": "Louisiana", "original_": "70116", "lat": 29.9609828, "lon": -90.0629301, "formatted": "721 Saint Philip Street, New Orleans, LA 70116, United States of America", "name": "", "housenumber": "721", "street": "Saint Philip Street", "postcode": "70116", "district": "French Quarter", "suburb": "French Quarter", "county_code": "", "city": "New Orleans", "county": "Orleans Parish", "state": "Louisiana", "state_code": "LA", "country": "United States", "country_code": "us", "confidence": "1", "confidence_city_level": "1", "confidence_street_level": "1", "confidence_building_level": "1" }, "geometry": { "type": "Point", "coordinates": [ -90.0629301, 29.9609828 ] } },
{ "type": "Feature", "properties": { "original_314": "51", "original_#1 Park Timbers Dr.": "721 St. Philip St.", "original_new orleans": "new orleans", "original_Louisiana": "Louisiana", "original_": "70116", "lat": 29.9609828, "lon": -90.0629301, "formatted": "721 Saint Philip Street, New Orleans, LA 70116, United States of America", "name": "", "housenumber": "721", "street": "Saint Philip Street", "postcode": "70116", "district": "French Quarter", "suburb": "French Quarter", "county_code": "", "city": "New Orleans", "county": "Orleans Parish", "state": "Louisiana", "state_code": "LA", "country": "United States", "country_code": "us", "confidence": "1", "confidence_city_level": "1", "confidence_street_level": "1", "confidence_building_level": "1" }, "geometry": { "type": "Point", "coordinates": [ -90.0629301, 29.9609828 ] } },
{ "type": "Feature", "properties": { "original_314": "173", "original_#1 Park Timbers Dr.": "7300 Crowder Blvd.", "original_new orleans": "new orleans", "original_Louisiana": "Louisiana", "original_": "70127", "lat": 30.0362499, "lon": -89.99791, "formatted": "Saint Maria Goretti Catholic Church, 7300 Crowder Boulevard, New Orleans, LA 70127, United States of America", "name": "Saint Maria Goretti Catholic Church", "housenumber": "7300", "street": "Crowder Boulevard", "postcode": "70127", "district": "", "suburb": "", "county_code": "", "city": "New Orleans", "county": "Orleans Parish", "state": "Louisiana", "state_code": "LA", "country": "United States", "country_code": "us", "confidence": "1", "confidence_city_level": "1", "confidence_street_level": "1", "confidence_building_level": "1" }, "geometry": { "type": "Point", "coordinates": [ -89.99791, 30.0362499 ] } },
{ "type": "Feature", "properties": { "original_314": "176", "original_#1 Park Timbers Dr.": "7300 Crowder Blvd.", "original_new orleans": "new orleans", "original_Louisiana": "Louisiana", "original_": "70127", "lat": 30.0362499, "lon": -89.99791, "formatted": "Saint Maria Goretti Catholic Church, 7300 Crowder Boulevard, New Orleans, LA 70127, United States of America", "name": "Saint Maria Goretti Catholic Church", "housenumber": "7300", "street": "Crowder Boulevard", "postcode": "70127", "district": "", "suburb": "", "county_code": "", "city": "New Orleans", "county": "Orleans Parish", "state": "Louisiana", "state_code": "LA", "country": "United States", "country_code": "us", "confidence": "1", "confidence_city_level": "1", "confidence_street_level": "1", "confidence_building_level": "1" }, "geometry": { "type": "Point", "coordinates": [ -89.99791, 30.0362499 ] } },
{ "type": "Feature", "properties": { "original_314": "179", "original_#1 Park Timbers Dr.": "7300 Crowder Blvd.", "original_new orleans": "new orleans", "original_Louisiana": "Louisiana", "original_": "70127", "lat": 30.0362499, "lon": -89.99791, "formatted": "Saint Maria Goretti Catholic Church, 7300 Crowder Boulevard, New Orleans, LA 70127, United States of America", "name": "Saint Maria Goretti Catholic Church", "housenumber": "7300", "street": "Crowder Boulevard", "postcode": "70127", "district": "", "suburb": "", "county_code": "", "city": "New Orleans", "county": "Orleans Parish", "state": "Louisiana", "state_code": "LA", "country": "United States", "country_code": "us", "confidence": "1", "confidence_city_level": "1", "confidence_street_level": "1", "confidence_building_level": "1" }, "geometry": { "type": "Point", "coordinates": [ -89.99791, 30.0362499 ] } },
{ "type": "Feature", "properties": { "original_314": "180", "original_#1 Park Timbers Dr.": "7300 Crowder Blvd.", "original_new orleans": "new orleans", "original_Louisiana": "Louisiana", "original_": "70127", "lat": 30.0362499, "lon": -89.99791, "formatted": "Saint Maria Goretti Catholic Church, 7300 Crowder Boulevard, New Orleans, LA 70127, United States of America", "name": "Saint Maria Goretti Catholic Church", "housenumber": "7300", "street": "Crowder Boulevard", "postcode": "70127", "district": "", "suburb": "", "county_code": "", "city": "New Orleans", "county": "Orleans Parish", "state": "Louisiana", "state_code": "LA", "country": "United States", "country_code": "us", "confidence": "1", "confidence_city_level": "1", "confidence_street_level": "1", "confidence_building_level": "1" }, "geometry": { "type": "Point", "coordinates": [ -89.99791, 30.0362499 ] } },
{ "type": "Feature", "properties": { "original_314": "181", "original_#1 Park Timbers Dr.": "7300 Crowder Blvd.", "original_new orleans": "new orleans", "original_Louisiana": "Louisiana", "original_": "70127", "lat": 30.0362499, "lon": -89.99791, "formatted": "Saint Maria Goretti Catholic Church, 7300 Crowder Boulevard, New Orleans, LA 70127, United States of America", "name": "Saint Maria Goretti Catholic Church", "housenumber": "7300", "street": "Crowder Boulevard", "postcode": "70127", "district": "", "suburb": "", "county_code": "", "city": "New Orleans", "county": "Orleans Parish", "state": "Louisiana", "state_code": "LA", "country": "United States", "country_code": "us", "confidence": "1", "confidence_city_level": "1", "confidence_street_level": "1", "confidence_building_level": "1" }, "geometry": { "type": "Point", "coordinates": [ -89.99791, 30.0362499 ] } },
{ "type": "Feature", "properties": { "original_314": "266", "original_#1 Park Timbers Dr.": "7315 Willow St.", "original_new orleans": "new orleans", "original_Louisiana": "Louisiana", "original_": "70118", "lat": 29.9446873, "lon": -90.1227166, "formatted": "7315 Willow Street, New Orleans, LA 70118, United States of America", "name": "", "housenumber": "7315", "street": "Willow Street", "postcode": "70118", "district": "", "suburb": "Greenville", "county_code": "", "city": "New Orleans", "county": "Orleans Parish", "state": "Louisiana", "state_code": "LA", "country": "United States", "country_code": "us", "confidence": "1", "confidence_city_level": "1", "confidence_street_level": "1", "confidence_building_level": "1" }, "geometry": { "type": "Point", "coordinates": [ -90.1227166, 29.9446873 ] } },
{ "type": "Feature", "properties": { "original_314": "272", "original_#1 Park Timbers Dr.": "7315 Willow St.", "original_new orleans": "new orleans", "original_Louisiana": "Louisiana", "original_": "70118", "lat": 29.9446873, "lon": -90.1227166, "formatted": "7315 Willow Street, New Orleans, LA 70118, United States of America", "name": "", "housenumber": "7315", "street": "Willow Street", "postcode": "70118", "district": "", "suburb": "Greenville", "county_code": "", "city": "New Orleans", "county": "Orleans Parish", "state": "Louisiana", "state_code": "LA", "country": "United States", "country_code": "us", "confidence": "1", "confidence_city_level": "1", "confidence_street_level": "1", "confidence_building_level": "1" }, "geometry": { "type": "Point", "coordinates": [ -90.1227166, 29.9446873 ] } },
{ "type": "Feature", "properties": { "original_314": "273", "original_#1 Park Timbers Dr.": "7315 Willow St.", "original_new orleans": "new orleans", "original_Louisiana": "Louisiana", "original_": "70118", "lat": 29.9446873, "lon": -90.1227166, "formatted": "7315 Willow Street, New Orleans, LA 70118, United States of America", "name": "", "housenumber": "7315", "street": "Willow Street", "postcode": "70118", "district": "", "suburb": "Greenville", "county_code": "", "city": "New Orleans", "county": "Orleans Parish", "state": "Louisiana", "state_code": "LA", "country": "United States", "country_code": "us", "confidence": "1", "confidence_city_level": "1", "confidence_street_level": "1", "confidence_building_level": "1" }, "geometry": { "type": "Point", "coordinates": [ -90.1227166, 29.9446873 ] } },
{ "type": "Feature", "properties": { "original_314": "323", "original_#1 Park Timbers Dr.": "7315 Willow St.", "original_new orleans": "new orleans", "original_Louisiana": "Louisiana", "original_": "70118", "lat": 29.9446873, "lon": -90.1227166, "formatted": "7315 Willow Street, New Orleans, LA 70118, United States of America", "name": "", "housenumber": "7315", "street": "Willow Street", "postcode": "70118", "district": "", "suburb": "Greenville", "county_code": "", "city": "New Orleans", "county": "Orleans Parish", "state": "Louisiana", "state_code": "LA", "country": "United States", "country_code": "us", "confidence": "1", "confidence_city_level": "1", "confidence_street_level": "1", "confidence_building_level": "1" }, "geometry": { "type": "Point", "coordinates": [ -90.1227166, 29.9446873 ] } },
{ "type": "Feature", "properties": { "original_314": "324", "original_#1 Park Timbers Dr.": "7315 Willow St.", "original_new orleans": "new orleans", "original_Louisiana": "Louisiana", "original_": "70118", "lat": 29.9446873, "lon": -90.1227166, "formatted": "7315 Willow Street, New Orleans, LA 70118, United States of America", "name": "", "housenumber": "7315", "street": "Willow Street", "postcode": "70118", "district": "", "suburb": "Greenville", "county_code": "", "city": "New Orleans", "county": "Orleans Parish", "state": "Louisiana", "state_code": "LA", "country": "United States", "country_code": "us", "confidence": "1", "confidence_city_level": "1", "confidence_street_level": "1", "confidence_building_level": "1" }, "geometry": { "type": "Point", "coordinates": [ -90.1227166, 29.9446873 ] } },
{ "type": "Feature", "properties": { "original_314": "27", "original_#1 Park Timbers Dr.": "778 Harrison Ave.", "original_new orleans": "new orleans", "original_Louisiana": "Louisiana", "original_": "70124", "lat": 30.0041986, "lon": -90.105985, "formatted": "778 Harrison Avenue, Lakeview, New Orleans, LA 70124, United States of America", "name": "", "housenumber": "778", "street": "Harrison Avenue", "postcode": "70124", "district": "", "suburb": "West End", "county_code": "", "city": "New Orleans", "county": "Orleans Parish", "state": "Louisiana", "state_code": "LA", "country": "United States", "country_code": "us", "confidence": "1", "confidence_city_level": "1", "confidence_street_level": "1", "confidence_building_level": "1" }, "geometry": { "type": "Point", "coordinates": [ -90.105985, 30.0041986 ] } },
{ "type": "Feature", "properties": { "original_314": "9", "original_#1 Park Timbers Dr.": "7900 Stroelitz St. ", "original_new orleans": "new orleans", "original_Louisiana": "Louisiana", "original_": "70125", "lat": 29.963918, "lon": -90.109087, "formatted": "7900 Stroelitz Street, New Orleans, LA 70125, United States of America", "name": "", "housenumber": "7900", "street": "Stroelitz Street", "postcode": "70125", "district": "", "suburb": "Hollygrove", "county_code": "", "city": "New Orleans", "county": "Orleans Parish", "state": "Louisiana", "state_code": "LA", "country": "United States", "country_code": "us", "confidence": "1", "confidence_city_level": "1", "confidence_street_level": "1", "confidence_building_level": "1" }, "geometry": { "type": "Point", "coordinates": [ -90.109087, 29.963918 ] } },
{ "type": "Feature", "properties": { "original_314": "279", "original_#1 Park Timbers Dr.": "7900 Stroelitz St. ", "original_new orleans": "new orleans", "original_Louisiana": "Louisiana", "original_": "70125", "lat": 29.963918, "lon": -90.109087, "formatted": "7900 Stroelitz Street, New Orleans, LA 70125, United States of America", "name": "", "housenumber": "7900", "street": "Stroelitz Street", "postcode": "70125", "district": "", "suburb": "Hollygrove", "county_code": "", "city": "New Orleans", "county": "Orleans Parish", "state": "Louisiana", "state_code": "LA", "country": "United States", "country_code": "us", "confidence": "1", "confidence_city_level": "1", "confidence_street_level": "1", "confidence_building_level": "1" }, "geometry": { "type": "Point", "coordinates": [ -90.109087, 29.963918 ] } },
{ "type": "Feature", "properties": { "original_314": "338", "original_#1 Park Timbers Dr.": "7900 Stroelitz St. ", "original_new orleans": "new orleans", "original_Louisiana": "Louisiana", "original_": "70125", "lat": 29.963918, "lon": -90.109087, "formatted": "7900 Stroelitz Street, New Orleans, LA 70125, United States of America", "name": "", "housenumber": "7900", "street": "Stroelitz Street", "postcode": "70125", "district": "", "suburb": "Hollygrove", "county_code": "", "city": "New Orleans", "county": "Orleans Parish", "state": "Louisiana", "state_code": "LA", "country": "United States", "country_code": "us", "confidence": "1", "confidence_city_level": "1", "confidence_street_level": "1", "confidence_building_level": "1" }, "geometry": { "type": "Point", "coordinates": [ -90.109087, 29.963918 ] } },
{ "type": "Feature", "properties": { "original_314": "10", "original_#1 Park Timbers Dr.": "801 Girod St.", "original_new orleans": "new orleans", "original_Louisiana": "Louisiana", "original_": "70112", "lat": 29.947793, "lon": -90.0727434, "formatted": "801 Girod Street, New Orleans, LA 70113, United States of America", "name": "", "housenumber": "801", "street": "Girod Street", "postcode": "70113", "district": "Central Business District", "suburb": "French Quarter", "county_code": "", "city": "New Orleans", "county": "Orleans Parish", "state": "Louisiana", "state_code": "LA", "country": "United States", "country_code": "us", "confidence": "1", "confidence_city_level": "1", "confidence_street_level": "1", "confidence_building_level": "1" }, "geometry": { "type": "Point", "coordinates": [ -90.0727434, 29.947793 ] } },
{ "type": "Feature", "properties": { "original_314": "224", "original_#1 Park Timbers Dr.": "819 Austerlitz St.", "original_new orleans": "new orleans", "original_Louisiana": "Louisiana", "original_": "70115", "lat": 29.9207147, "lon": -90.0954416, "formatted": "819 Austerlitz Street, New Orleans, LA 70115, United States of America", "name": "", "housenumber": "819", "street": "Austerlitz Street", "postcode": "70115", "district": "", "suburb": "Garden District", "county_code": "", "city": "New Orleans", "county": "Orleans Parish", "state": "Louisiana", "state_code": "LA", "country": "United States", "country_code": "us", "confidence": "1", "confidence_city_level": "1", "confidence_street_level": "1", "confidence_building_level": "1" }, "geometry": { "type": "Point", "coordinates": [ -90.0954416, 29.9207147 ] } },
{ "type": "Feature", "properties": { "original_314": "226", "original_#1 Park Timbers Dr.": "819 Austerlitz St.", "original_new orleans": "new orleans", "original_Louisiana": "Louisiana", "original_": "70115", "lat": 29.9207147, "lon": -90.0954416, "formatted": "819 Austerlitz Street, New Orleans, LA 70115, United States of America", "name": "", "housenumber": "819", "street": "Austerlitz Street", "postcode": "70115", "district": "", "suburb": "Garden District", "county_code": "", "city": "New Orleans", "county": "Orleans Parish", "state": "Louisiana", "state_code": "LA", "country": "United States", "country_code": "us", "confidence": "1", "confidence_city_level": "1", "confidence_street_level": "1", "confidence_building_level": "1" }, "geometry": { "type": "Point", "coordinates": [ -90.0954416, 29.9207147 ] } },
{ "type": "Feature", "properties": { "original_314": "201", "original_#1 Park Timbers Dr.": "820 Jackson Ave.", "original_new orleans": "new orleans", "original_Louisiana": "Louisiana", "original_": "70130", "lat": 29.927324551020408, "lon": -90.0749858, "formatted": "820 Jackson Avenue, New Orleans, LA 70130, United States of America", "name": "", "housenumber": "820", "street": "Jackson Avenue", "postcode": "70130", "district": "", "suburb": "Garden District", "county_code": "", "city": "New Orleans", "county": "Orleans Parish", "state": "Louisiana", "state_code": "LA", "country": "United States", "country_code": "us", "confidence": "1", "confidence_city_level": "1", "confidence_street_level": "1", "confidence_building_level": "1" }, "geometry": { "type": "Point", "coordinates": [ -90.0749858, 29.9273246 ] } },
{ "type": "Feature", "properties": { "original_314": "202", "original_#1 Park Timbers Dr.": "820 Jackson Ave.", "original_new orleans": "new orleans", "original_Louisiana": "Louisiana", "original_": "70130", "lat": 29.927324551020408, "lon": -90.0749858, "formatted": "820 Jackson Avenue, New Orleans, LA 70130, United States of America", "name": "", "housenumber": "820", "street": "Jackson Avenue", "postcode": "70130", "district": "", "suburb": "Garden District", "county_code": "", "city": "New Orleans", "county": "Orleans Parish", "state": "Louisiana", "state_code": "LA", "country": "United States", "country_code": "us", "confidence": "1", "confidence_city_level": "1", "confidence_street_level": "1", "confidence_building_level": "1" }, "geometry": { "type": "Point", "coordinates": [ -90.0749858, 29.9273246 ] } },
{ "type": "Feature", "properties": { "original_314": "203", "original_#1 Park Timbers Dr.": "820 Jackson Ave.", "original_new orleans": "new orleans", "original_Louisiana": "Louisiana", "original_": "70130", "lat": 29.927324551020408, "lon": -90.0749858, "formatted": "820 Jackson Avenue, New Orleans, LA 70130, United States of America", "name": "", "housenumber": "820", "street": "Jackson Avenue", "postcode": "70130", "district": "", "suburb": "Garden District", "county_code": "", "city": "New Orleans", "county": "Orleans Parish", "state": "Louisiana", "state_code": "LA", "country": "United States", "country_code": "us", "confidence": "1", "confidence_city_level": "1", "confidence_street_level": "1", "confidence_building_level": "1" }, "geometry": { "type": "Point", "coordinates": [ -90.0749858, 29.9273246 ] } },
{ "type": "Feature", "properties": { "original_314": "204", "original_#1 Park Timbers Dr.": "820 Jackson Ave.", "original_new orleans": "new orleans", "original_Louisiana": "Louisiana", "original_": "70130", "lat": 29.927324551020408, "lon": -90.0749858, "formatted": "820 Jackson Avenue, New Orleans, LA 70130, United States of America", "name": "", "housenumber": "820", "street": "Jackson Avenue", "postcode": "70130", "district": "", "suburb": "Garden District", "county_code": "", "city": "New Orleans", "county": "Orleans Parish", "state": "Louisiana", "state_code": "LA", "country": "United States", "country_code": "us", "confidence": "1", "confidence_city_level": "1", "confidence_street_level": "1", "confidence_building_level": "1" }, "geometry": { "type": "Point", "coordinates": [ -90.0749858, 29.9273246 ] } },
{ "type": "Feature", "properties": { "original_314": "205", "original_#1 Park Timbers Dr.": "820 Jackson Ave.", "original_new orleans": "new orleans", "original_Louisiana": "Louisiana", "original_": "70130", "lat": 29.927324551020408, "lon": -90.0749858, "formatted": "820 Jackson Avenue, New Orleans, LA 70130, United States of America", "name": "", "housenumber": "820", "street": "Jackson Avenue", "postcode": "70130", "district": "", "suburb": "Garden District", "county_code": "", "city": "New Orleans", "county": "Orleans Parish", "state": "Louisiana", "state_code": "LA", "country": "United States", "country_code": "us", "confidence": "1", "confidence_city_level": "1", "confidence_street_level": "1", "confidence_building_level": "1" }, "geometry": { "type": "Point", "coordinates": [ -90.0749858, 29.9273246 ] } },
{ "type": "Feature", "properties": { "original_314": "211", "original_#1 Park Timbers Dr.": "820 Jackson Ave.", "original_new orleans": "new orleans", "original_Louisiana": "Louisiana", "original_": "70130", "lat": 29.927324551020408, "lon": -90.0749858, "formatted": "820 Jackson Avenue, New Orleans, LA 70130, United States of America", "name": "", "housenumber": "820", "street": "Jackson Avenue", "postcode": "70130", "district": "", "suburb": "Garden District", "county_code": "", "city": "New Orleans", "county": "Orleans Parish", "state": "Louisiana", "state_code": "LA", "country": "United States", "country_code": "us", "confidence": "1", "confidence_city_level": "1", "confidence_street_level": "1", "confidence_building_level": "1" }, "geometry": { "type": "Point", "coordinates": [ -90.0749858, 29.9273246 ] } },
{ "type": "Feature", "properties": { "original_314": "339", "original_#1 Park Timbers Dr.": "8326 Apricot St.", "original_new orleans": "new orleans", "original_Louisiana": "Louisiana", "original_": "70118", "lat": 29.9607842, "lon": -90.119898, "formatted": "8326 Apricot Street, New Orleans, LA 70118, United States of America", "name": "", "housenumber": "8326", "street": "Apricot Street", "postcode": "70118", "district": "Leonidas", "suburb": "Hollygrove", "county_code": "", "city": "New Orleans", "county": "Orleans Parish", "state": "Louisiana", "state_code": "LA", "country": "United States", "country_code": "us", "confidence": "1", "confidence_city_level": "1", "confidence_street_level": "1", "confidence_building_level": "1" }, "geometry": { "type": "Point", "coordinates": [ -90.119898, 29.9607842 ] } },
{ "type": "Feature", "properties": { "original_314": "341", "original_#1 Park Timbers Dr.": "8326 Apricot St.", "original_new orleans": "new orleans", "original_Louisiana": "Louisiana", "original_": "70118", "lat": 29.9607842, "lon": -90.119898, "formatted": "8326 Apricot Street, New Orleans, LA 70118, United States of America", "name": "", "housenumber": "8326", "street": "Apricot Street", "postcode": "70118", "district": "Leonidas", "suburb": "Hollygrove", "county_code": "", "city": "New Orleans", "county": "Orleans Parish", "state": "Louisiana", "state_code": "LA", "country": "United States", "country_code": "us", "confidence": "1", "confidence_city_level": "1", "confidence_street_level": "1", "confidence_building_level": "1" }, "geometry": { "type": "Point", "coordinates": [ -90.119898, 29.9607842 ] } },
{ "type": "Feature", "properties": { "original_314": "154", "original_#1 Park Timbers Dr.": "8358 Lakeforest Blvd.", "original_new orleans": "new orleans", "original_Louisiana": "Louisiana", "original_": "70126", "lat": 30.025825, "lon": -89.992422, "formatted": "8358 Lake Forest Boulevard, New Orleans, LA 70126, United States of America", "name": "", "housenumber": "8358", "street": "Lake Forest Boulevard", "postcode": "70126", "district": "", "suburb": "West Lake Forest", "county_code": "OR", "city": "New Orleans", "county": "Orleans Parish", "state": "Louisiana", "state_code": "LA", "country": "United States", "country_code": "us", "confidence": "1", "confidence_city_level": "1", "confidence_street_level": "1", "confidence_building_level": "1" }, "geometry": { "type": "Point", "coordinates": [ -89.992422, 30.025825 ] } },
{ "type": "Feature", "properties": { "original_314": "155", "original_#1 Park Timbers Dr.": "8358 Lakeforest Blvd.", "original_new orleans": "new orleans", "original_Louisiana": "Louisiana", "original_": "70126", "lat": 30.025825, "lon": -89.992422, "formatted": "8358 Lake Forest Boulevard, New Orleans, LA 70126, United States of America", "name": "", "housenumber": "8358", "street": "Lake Forest Boulevard", "postcode": "70126", "district": "", "suburb": "West Lake Forest", "county_code": "OR", "city": "New Orleans", "county": "Orleans Parish", "state": "Louisiana", "state_code": "LA", "country": "United States", "country_code": "us", "confidence": "1", "confidence_city_level": "1", "confidence_street_level": "1", "confidence_building_level": "1" }, "geometry": { "type": "Point", "coordinates": [ -89.992422, 30.025825 ] } },
{ "type": "Feature", "properties": { "original_314": "172", "original_#1 Park Timbers Dr.": "8358 Lakeforest Blvd.", "original_new orleans": "new orleans", "original_Louisiana": "Louisiana", "original_": "70126", "lat": 30.025825, "lon": -89.992422, "formatted": "8358 Lake Forest Boulevard, New Orleans, LA 70126, United States of America", "name": "", "housenumber": "8358", "street": "Lake Forest Boulevard", "postcode": "70126", "district": "", "suburb": "West Lake Forest", "county_code": "OR", "city": "New Orleans", "county": "Orleans Parish", "state": "Louisiana", "state_code": "LA", "country": "United States", "country_code": "us", "confidence": "1", "confidence_city_level": "1", "confidence_street_level": "1", "confidence_building_level": "1" }, "geometry": { "type": "Point", "coordinates": [ -89.992422, 30.025825 ] } },
{ "type": "Feature", "properties": { "original_314": "334", "original_#1 Park Timbers Dr.": "8540 Spruce St. ", "original_new orleans": "new orleans", "original_Louisiana": "Louisiana", "original_": "70118", "lat": 29.955979040816327, "lon": -90.12755076000001, "formatted": "8540 Spruce Street, New Orleans, LA 70118, United States of America", "name": "", "housenumber": "8540", "street": "Spruce Street", "postcode": "70118", "district": "Leonidas", "suburb": "Hollygrove", "county_code": "", "city": "New Orleans", "county": "Orleans Parish", "state": "Louisiana", "state_code": "LA", "country": "United States", "country_code": "us", "confidence": "1", "confidence_city_level": "1", "confidence_street_level": "1", "confidence_building_level": "1" }, "geometry": { "type": "Point", "coordinates": [ -90.1275508, 29.955979 ] } },
{ "type": "Feature", "properties": { "original_314": "335", "original_#1 Park Timbers Dr.": "8540 Spruce St. ", "original_new orleans": "new orleans", "original_Louisiana": "Louisiana", "original_": "70118", "lat": 29.955979040816327, "lon": -90.12755076000001, "formatted": "8540 Spruce Street, New Orleans, LA 70118, United States of America", "name": "", "housenumber": "8540", "street": "Spruce Street", "postcode": "70118", "district": "Leonidas", "suburb": "Hollygrove", "county_code": "", "city": "New Orleans", "county": "Orleans Parish", "state": "Louisiana", "state_code": "LA", "country": "United States", "country_code": "us", "confidence": "1", "confidence_city_level": "1", "confidence_street_level": "1", "confidence_building_level": "1" }, "geometry": { "type": "Point", "coordinates": [ -90.1275508, 29.955979 ] } },
{ "type": "Feature", "properties": { "original_314": "336", "original_#1 Park Timbers Dr.": "8540 Spruce St. ", "original_new orleans": "new orleans", "original_Louisiana": "Louisiana", "original_": "70118", "lat": 29.955979040816327, "lon": -90.12755076000001, "formatted": "8540 Spruce Street, New Orleans, LA 70118, United States of America", "name": "", "housenumber": "8540", "street": "Spruce Street", "postcode": "70118", "district": "Leonidas", "suburb": "Hollygrove", "county_code": "", "city": "New Orleans", "county": "Orleans Parish", "state": "Louisiana", "state_code": "LA", "country": "United States", "country_code": "us", "confidence": "1", "confidence_city_level": "1", "confidence_street_level": "1", "confidence_building_level": "1" }, "geometry": { "type": "Point", "coordinates": [ -90.1275508, 29.955979 ] } },
{ "type": "Feature", "properties": { "original_314": "322", "original_#1 Park Timbers Dr.": "919 Cambronne St.", "original_new orleans": "new orleans", "original_Louisiana": "Louisiana", "original_": "70118", "lat": 29.947438591836736, "lon": -90.13434224, "formatted": "919 Cambronne Street, New Orleans, LA 70118, United States of America", "name": "", "housenumber": "919", "street": "Cambronne Street", "postcode": "70118", "district": "Leonidas", "suburb": "Greenville", "county_code": "", "city": "New Orleans", "county": "Orleans Parish", "state": "Louisiana", "state_code": "LA", "country": "United States", "country_code": "us", "confidence": "1", "confidence_city_level": "1", "confidence_street_level": "1", "confidence_building_level": "1" }, "geometry": { "type": "Point", "coordinates": [ -90.1343422, 29.9474386 ] } },
{ "type": "Feature", "properties": { "original_314": "330", "original_#1 Park Timbers Dr.": "919 Cambronne St.", "original_new orleans": "new orleans", "original_Louisiana": "Louisiana", "original_": "70118", "lat": 29.947438591836736, "lon": -90.13434224, "formatted": "919 Cambronne Street, New Orleans, LA 70118, United States of America", "name": "", "housenumber": "919", "street": "Cambronne Street", "postcode": "70118", "district": "Leonidas", "suburb": "Greenville", "county_code": "", "city": "New Orleans", "county": "Orleans Parish", "state": "Louisiana", "state_code": "LA", "country": "United States", "country_code": "us", "confidence": "1", "confidence_city_level": "1", "confidence_street_level": "1", "confidence_building_level": "1" }, "geometry": { "type": "Point", "coordinates": [ -90.1343422, 29.9474386 ] } },
{ "type": "Feature", "properties": { "original_314": "174", "original_#1 Park Timbers Dr.": "9300 I-10 Service Rd.", "original_new orleans": "new orleans", "original_Louisiana": "Louisiana", "original_": "70127", "lat": 30.032688323232325, "lon": -89.98573244000001, "formatted": "9300 I 10 Service Road, New Orleans East, New Orleans, LA 70127, United States of America", "name": "", "housenumber": "9300", "street": "I 10 Service Road", "postcode": "70127", "district": "Lake Forest", "suburb": "New Orleans East", "county_code": "", "city": "New Orleans", "county": "Orleans Parish", "state": "Louisiana", "state_code": "LA", "country": "United States", "country_code": "us", "confidence": "1", "confidence_city_level": "1", "confidence_street_level": "1", "confidence_building_level": "1" }, "geometry": { "type": "Point", "coordinates": [ -89.9857324, 30.0326883 ] } },
{ "type": "Feature", "properties": { "original_314": "177", "original_#1 Park Timbers Dr.": "9300 I-10 Service Rd.", "original_new orleans": "new orleans", "original_Louisiana": "Louisiana", "original_": "70127", "lat": 30.032688323232325, "lon": -89.98573244000001, "formatted": "9300 I 10 Service Road, New Orleans East, New Orleans, LA 70127, United States of America", "name": "", "housenumber": "9300", "street": "I 10 Service Road", "postcode": "70127", "district": "Lake Forest", "suburb": "New Orleans East", "county_code": "", "city": "New Orleans", "county": "Orleans Parish", "state": "Louisiana", "state_code": "LA", "country": "United States", "country_code": "us", "confidence": "1", "confidence_city_level": "1", "confidence_street_level": "1", "confidence_building_level": "1" }, "geometry": { "type": "Point", "coordinates": [ -89.9857324, 30.0326883 ] } },
{ "type": "Feature", "properties": { "original_314": "182", "original_#1 Park Timbers Dr.": "9300 I-10 Service Rd.", "original_new orleans": "new orleans", "original_Louisiana": "Louisiana", "original_": "70127", "lat": 30.032688323232325, "lon": -89.98573244000001, "formatted": "9300 I 10 Service Road, New Orleans East, New Orleans, LA 70127, United States of America", "name": "", "housenumber": "9300", "street": "I 10 Service Road", "postcode": "70127", "district": "Lake Forest", "suburb": "New Orleans East", "county_code": "", "city": "New Orleans", "county": "Orleans Parish", "state": "Louisiana", "state_code": "LA", "country": "United States", "country_code": "us", "confidence": "1", "confidence_city_level": "1", "confidence_street_level": "1", "confidence_building_level": "1" }, "geometry": { "type": "Point", "coordinates": [ -89.9857324, 30.0326883 ] } },
{ "type": "Feature", "properties": { "original_314": "183", "original_#1 Park Timbers Dr.": "9300 I-10 Service Rd.", "original_new orleans": "new orleans", "original_Louisiana": "Louisiana", "original_": "70127", "lat": 30.032688323232325, "lon": -89.98573244000001, "formatted": "9300 I 10 Service Road, New Orleans East, New Orleans, LA 70127, United States of America", "name": "", "housenumber": "9300", "street": "I 10 Service Road", "postcode": "70127", "district": "Lake Forest", "suburb": "New Orleans East", "county_code": "", "city": "New Orleans", "county": "Orleans Parish", "state": "Louisiana", "state_code": "LA", "country": "United States", "country_code": "us", "confidence": "1", "confidence_city_level": "1", "confidence_street_level": "1", "confidence_building_level": "1" }, "geometry": { "type": "Point", "coordinates": [ -89.9857324, 30.0326883 ] } },
{ "type": "Feature", "properties": { "original_314": "184", "original_#1 Park Timbers Dr.": "9300 I-10 Service Rd.", "original_new orleans": "new orleans", "original_Louisiana": "Louisiana", "original_": "70127", "lat": 30.032688323232325, "lon": -89.98573244000001, "formatted": "9300 I 10 Service Road, New Orleans East, New Orleans, LA 70127, United States of America", "name": "", "housenumber": "9300", "street": "I 10 Service Road", "postcode": "70127", "district": "Lake Forest", "suburb": "New Orleans East", "county_code": "", "city": "New Orleans", "county": "Orleans Parish", "state": "Louisiana", "state_code": "LA", "country": "United States", "country_code": "us", "confidence": "1", "confidence_city_level": "1", "confidence_street_level": "1", "confidence_building_level": "1" }, "geometry": { "type": "Point", "coordinates": [ -89.9857324, 30.0326883 ] } },
{ "type": "Feature", "properties": { "original_314": "193", "original_#1 Park Timbers Dr.": "9300 I-10 Service Rd.", "original_new orleans": "new orleans", "original_Louisiana": "Louisiana", "original_": "70127", "lat": 30.032688323232325, "lon": -89.98573244000001, "formatted": "9300 I 10 Service Road, New Orleans East, New Orleans, LA 70127, United States of America", "name": "", "housenumber": "9300", "street": "I 10 Service Road", "postcode": "70127", "district": "Lake Forest", "suburb": "New Orleans East", "county_code": "", "city": "New Orleans", "county": "Orleans Parish", "state": "Louisiana", "state_code": "LA", "country": "United States", "country_code": "us", "confidence": "1", "confidence_city_level": "1", "confidence_street_level": "1", "confidence_building_level": "1" }, "geometry": { "type": "Point", "coordinates": [ -89.9857324, 30.0326883 ] } },
{ "type": "Feature", "properties": { "original_314": "194", "original_#1 Park Timbers Dr.": "9300 I-10 Service Rd.", "original_new orleans": "new orleans", "original_Louisiana": "Louisiana", "original_": "70127", "lat": 30.032688323232325, "lon": -89.98573244000001, "formatted": "9300 I 10 Service Road, New Orleans East, New Orleans, LA 70127, United States of America", "name": "", "housenumber": "9300", "street": "I 10 Service Road", "postcode": "70127", "district": "Lake Forest", "suburb": "New Orleans East", "county_code": "", "city": "New Orleans", "county": "Orleans Parish", "state": "Louisiana", "state_code": "LA", "country": "United States", "country_code": "us", "confidence": "1", "confidence_city_level": "1", "confidence_street_level": "1", "confidence_building_level": "1" }, "geometry": { "type": "Point", "coordinates": [ -89.9857324, 30.0326883 ] } },
{ "type": "Feature", "properties": { "original_314": "340", "original_#1 Park Timbers Dr.": "9330 Forshey St.", "original_new orleans": "new orleans", "original_Louisiana": "Louisiana", "original_": "70118", "lat": 29.9705869, "lon": -90.1239129, "formatted": "9330 Forshey Street, New Orleans, LA 70118, United States of America", "name": "", "housenumber": "9330", "street": "Forshey Street", "postcode": "70118", "district": "", "suburb": "Hollygrove", "county_code": "", "city": "New Orleans", "county": "Orleans Parish", "state": "Louisiana", "state_code": "LA", "country": "United States", "country_code": "us", "confidence": "1", "confidence_city_level": "1", "confidence_street_level": "1", "confidence_building_level": "1" }, "geometry": { "type": "Point", "coordinates": [ -90.1239129, 29.9705869 ] } },
{ "type": "Feature", "properties": { "original_314": "342", "original_#1 Park Timbers Dr.": "9330 Forshey St.", "original_new orleans": "new orleans", "original_Louisiana": "Louisiana", "original_": "70118", "lat": 29.9705869, "lon": -90.1239129, "formatted": "9330 Forshey Street, New Orleans, LA 70118, United States of America", "name": "", "housenumber": "9330", "street": "Forshey Street", "postcode": "70118", "district": "", "suburb": "Hollygrove", "county_code": "", "city": "New Orleans", "county": "Orleans Parish", "state": "Louisiana", "state_code": "LA", "country": "United States", "country_code": "us", "confidence": "1", "confidence_city_level": "1", "confidence_street_level": "1", "confidence_building_level": "1" }, "geometry": { "type": "Point", "coordinates": [ -90.1239129, 29.9705869 ] } },
{ "type": "Feature", "properties": { "original_314": "343", "original_#1 Park Timbers Dr.": "9330 Forshey St.", "original_new orleans": "new orleans", "original_Louisiana": "Louisiana", "original_": "70118", "lat": 29.9705869, "lon": -90.1239129, "formatted": "9330 Forshey Street, New Orleans, LA 70118, United States of America", "name": "", "housenumber": "9330", "street": "Forshey Street", "postcode": "70118", "district": "", "suburb": "Hollygrove", "county_code": "", "city": "New Orleans", "county": "Orleans Parish", "state": "Louisiana", "state_code": "LA", "country": "United States", "country_code": "us", "confidence": "1", "confidence_city_level": "1", "confidence_street_level": "1", "confidence_building_level": "1" }, "geometry": { "type": "Point", "coordinates": [ -90.1239129, 29.9705869 ] } },
{ "type": "Feature", "properties": { "original_314": "344", "original_#1 Park Timbers Dr.": "9330 Forshey St.", "original_new orleans": "new orleans", "original_Louisiana": "Louisiana", "original_": "70118", "lat": 29.9705869, "lon": -90.1239129, "formatted": "9330 Forshey Street, New Orleans, LA 70118, United States of America", "name": "", "housenumber": "9330", "street": "Forshey Street", "postcode": "70118", "district": "", "suburb": "Hollygrove", "county_code": "", "city": "New Orleans", "county": "Orleans Parish", "state": "Louisiana", "state_code": "LA", "country": "United States", "country_code": "us", "confidence": "1", "confidence_city_level": "1", "confidence_street_level": "1", "confidence_building_level": "1" }, "geometry": { "type": "Point", "coordinates": [ -90.1239129, 29.9705869 ] } },
{ "type": "Feature", "properties": { "original_314": "45", "original_#1 Park Timbers Dr.": "964 N. Carrollton Ave.", "original_new orleans": "new orleans", "original_Louisiana": "Louisiana", "original_": "70119", "lat": 29.9814124, "lon": -90.0926913, "formatted": "964 North Carrollton Avenue, New Orleans, LA 70119, United States of America", "name": "", "housenumber": "964", "street": "North Carrollton Avenue", "postcode": "70119", "district": "", "suburb": "Faubourg St. John", "county_code": "", "city": "New Orleans", "county": "Orleans Parish", "state": "Louisiana", "state_code": "LA", "country": "United States", "country_code": "us", "confidence": "1", "confidence_city_level": "1", "confidence_street_level": "1", "confidence_building_level": "1" }, "geometry": { "type": "Point", "coordinates": [ -90.0926913, 29.9814124 ] } },
{ "type": "Feature", "properties": { "original_314": "46", "original_#1 Park Timbers Dr.": "964 N. Carrollton Ave.", "original_new orleans": "new orleans", "original_Louisiana": "Louisiana", "original_": "70119", "lat": 29.9814124, "lon": -90.0926913, "formatted": "964 North Carrollton Avenue, New Orleans, LA 70119, United States of America", "name": "", "housenumber": "964", "street": "North Carrollton Avenue", "postcode": "70119", "district": "", "suburb": "Faubourg St. John", "county_code": "", "city": "New Orleans", "county": "Orleans Parish", "state": "Louisiana", "state_code": "LA", "country": "United States", "country_code": "us", "confidence": "1", "confidence_city_level": "1", "confidence_street_level": "1", "confidence_building_level": "1" }, "geometry": { "type": "Point", "coordinates": [ -90.0926913, 29.9814124 ] } },
{ "type": "Feature", "properties": { "original_314": "25", "original_#1 Park Timbers Dr.": "990 Harrison Ave. ", "original_new orleans": "new orleans", "original_Louisiana": "Louisiana", "original_": "70124", "lat": 30.003964503169875, "lon": -90.10060629, "formatted": "990 Harrison Avenue, Lakeview, New Orleans, LA 70124, United States of America", "name": "", "housenumber": "990", "street": "Harrison Avenue", "postcode": "70124", "district": "", "suburb": "West End", "county_code": "", "city": "New Orleans", "county": "Orleans Parish", "state": "Louisiana", "state_code": "LA", "country": "United States", "country_code": "us", "confidence": "1", "confidence_city_level": "1", "confidence_street_level": "1", "confidence_building_level": "1" }, "geometry": { "type": "Point", "coordinates": [ -90.1006063, 30.0039645 ] } },
{ "type": "Feature", "properties": { "original_314": "26", "original_#1 Park Timbers Dr.": "990 Harrison Ave. ", "original_new orleans": "new orleans", "original_Louisiana": "Louisiana", "original_": "70124", "lat": 30.003964503169875, "lon": -90.10060629, "formatted": "990 Harrison Avenue, Lakeview, New Orleans, LA 70124, United States of America", "name": "", "housenumber": "990", "street": "Harrison Avenue", "postcode": "70124", "district": "", "suburb": "West End", "county_code": "", "city": "New Orleans", "county": "Orleans Parish", "state": "Louisiana", "state_code": "LA", "country": "United States", "country_code": "us", "confidence": "1", "confidence_city_level": "1", "confidence_street_level": "1", "confidence_building_level": "1" }, "geometry": { "type": "Point", "coordinates": [ -90.1006063, 30.0039645 ] } },
{ "type": "Feature", "properties": { "original_314": "28", "original_#1 Park Timbers Dr.": "990 Harrison Ave. ", "original_new orleans": "new orleans", "original_Louisiana": "Louisiana", "original_": "70124", "lat": 30.003964503169875, "lon": -90.10060629, "formatted": "990 Harrison Avenue, Lakeview, New Orleans, LA 70124, United States of America", "name": "", "housenumber": "990", "street": "Harrison Avenue", "postcode": "70124", "district": "", "suburb": "West End", "county_code": "", "city": "New Orleans", "county": "Orleans Parish", "state": "Louisiana", "state_code": "LA", "country": "United States", "country_code": "us", "confidence": "1", "confidence_city_level": "1", "confidence_street_level": "1", "confidence_building_level": "1" }, "geometry": { "type": "Point", "coordinates": [ -90.1006063, 30.0039645 ] } },
{ "type": "Feature", "properties": { "original_314": "29", "original_#1 Park Timbers Dr.": "990 Harrison Ave. ", "original_new orleans": "new orleans", "original_Louisiana": "Louisiana", "original_": "70124", "lat": 30.003964503169875, "lon": -90.10060629, "formatted": "990 Harrison Avenue, Lakeview, New Orleans, LA 70124, United States of America", "name": "", "housenumber": "990", "street": "Harrison Avenue", "postcode": "70124", "district": "", "suburb": "West End", "county_code": "", "city": "New Orleans", "county": "Orleans Parish", "state": "Louisiana", "state_code": "LA", "country": "United States", "country_code": "us", "confidence": "1", "confidence_city_level": "1", "confidence_street_level": "1", "confidence_building_level": "1" }, "geometry": { "type": "Point", "coordinates": [ -90.1006063, 30.0039645 ] } },
{ "type": "Feature", "properties": { "original_314": "30", "original_#1 Park Timbers Dr.": "990 Harrison Ave. ", "original_new orleans": "new orleans", "original_Louisiana": "Louisiana", "original_": "70124", "lat": 30.003964503169875, "lon": -90.10060629, "formatted": "990 Harrison Avenue, Lakeview, New Orleans, LA 70124, United States of America", "name": "", "housenumber": "990", "street": "Harrison Avenue", "postcode": "70124", "district": "", "suburb": "West End", "county_code": "", "city": "New Orleans", "county": "Orleans Parish", "state": "Louisiana", "state_code": "LA", "country": "United States", "country_code": "us", "confidence": "1", "confidence_city_level": "1", "confidence_street_level": "1", "confidence_building_level": "1" }, "geometry": { "type": "Point", "coordinates": [ -90.1006063, 30.0039645 ] } },
{ "type": "Feature", "properties": { "original_314": "31", "original_#1 Park Timbers Dr.": "990 Harrison Ave. ", "original_new orleans": "new orleans", "original_Louisiana": "Louisiana", "original_": "70124", "lat": 30.003964503169875, "lon": -90.10060629, "formatted": "990 Harrison Avenue, Lakeview, New Orleans, LA 70124, United States of America", "name": "", "housenumber": "990", "street": "Harrison Avenue", "postcode": "70124", "district": "", "suburb": "West End", "county_code": "", "city": "New Orleans", "county": "Orleans Parish", "state": "Louisiana", "state_code": "LA", "country": "United States", "country_code": "us", "confidence": "1", "confidence_city_level": "1", "confidence_street_level": "1", "confidence_building_level": "1" }, "geometry": { "type": "Point", "coordinates": [ -90.1006063, 30.0039645 ] } },
{ "type": "Feature", "properties": { "original_314": "32", "original_#1 Park Timbers Dr.": "990 Harrison Ave. ", "original_new orleans": "new orleans", "original_Louisiana": "Louisiana", "original_": "70124", "lat": 30.003964503169875, "lon": -90.10060629, "formatted": "990 Harrison Avenue, Lakeview, New Orleans, LA 70124, United States of America", "name": "", "housenumber": "990", "street": "Harrison Avenue", "postcode": "70124", "district": "", "suburb": "West End", "county_code": "", "city": "New Orleans", "county": "Orleans Parish", "state": "Louisiana", "state_code": "LA", "country": "United States", "country_code": "us", "confidence": "1", "confidence_city_level": "1", "confidence_street_level": "1", "confidence_building_level": "1" }, "geometry": { "type": "Point", "coordinates": [ -90.1006063, 30.0039645 ] } },
{ "type": "Feature", "properties": { "original_314": "33", "original_#1 Park Timbers Dr.": "990 Harrison Ave. ", "original_new orleans": "new orleans", "original_Louisiana": "Louisiana", "original_": "70124", "lat": 30.003964503169875, "lon": -90.10060629, "formatted": "990 Harrison Avenue, Lakeview, New Orleans, LA 70124, United States of America", "name": "", "housenumber": "990", "street": "Harrison Avenue", "postcode": "70124", "district": "", "suburb": "West End", "county_code": "", "city": "New Orleans", "county": "Orleans Parish", "state": "Louisiana", "state_code": "LA", "country": "United States", "country_code": "us", "confidence": "1", "confidence_city_level": "1", "confidence_street_level": "1", "confidence_building_level": "1" }, "geometry": { "type": "Point", "coordinates": [ -90.1006063, 30.0039645 ] } },
{ "type": "Feature", "properties": { "original_314": "34", "original_#1 Park Timbers Dr.": "990 Harrison Ave. ", "original_new orleans": "new orleans", "original_Louisiana": "Louisiana", "original_": "70124", "lat": 30.003964503169875, "lon": -90.10060629, "formatted": "990 Harrison Avenue, Lakeview, New Orleans, LA 70124, United States of America", "name": "", "housenumber": "990", "street": "Harrison Avenue", "postcode": "70124", "district": "", "suburb": "West End", "county_code": "", "city": "New Orleans", "county": "Orleans Parish", "state": "Louisiana", "state_code": "LA", "country": "United States", "country_code": "us", "confidence": "1", "confidence_city_level": "1", "confidence_street_level": "1", "confidence_building_level": "1" }, "geometry": { "type": "Point", "coordinates": [ -90.1006063, 30.0039645 ] } },
{ "type": "Feature", "properties": { "original_314": "35", "original_#1 Park Timbers Dr.": "990 Harrison Ave. ", "original_new orleans": "new orleans", "original_Louisiana": "Louisiana", "original_": "70124", "lat": 30.003964503169875, "lon": -90.10060629, "formatted": "990 Harrison Avenue, Lakeview, New Orleans, LA 70124, United States of America", "name": "", "housenumber": "990", "street": "Harrison Avenue", "postcode": "70124", "district": "", "suburb": "West End", "county_code": "", "city": "New Orleans", "county": "Orleans Parish", "state": "Louisiana", "state_code": "LA", "country": "United States", "country_code": "us", "confidence": "1", "confidence_city_level": "1", "confidence_street_level": "1", "confidence_building_level": "1" }, "geometry": { "type": "Point", "coordinates": [ -90.1006063, 30.0039645 ] } },
{ "type": "Feature", "properties": { "original_314": "347", "original_#1 Park Timbers Dr.": "990 Harrison Ave. ", "original_new orleans": "new orleans", "original_Louisiana": "Louisiana", "original_": "70124", "lat": 30.003964503169875, "lon": -90.10060629, "formatted": "990 Harrison Avenue, Lakeview, New Orleans, LA 70124, United States of America", "name": "", "housenumber": "990", "street": "Harrison Avenue", "postcode": "70124", "district": "", "suburb": "West End", "county_code": "", "city": "New Orleans", "county": "Orleans Parish", "state": "Louisiana", "state_code": "LA", "country": "United States", "country_code": "us", "confidence": "1", "confidence_city_level": "1", "confidence_street_level": "1", "confidence_building_level": "1" }, "geometry": { "type": "Point", "coordinates": [ -90.1006063, 30.0039645 ] } },
{ "type": "Feature", "properties": { "original_314": "350", "original_#1 Park Timbers Dr.": "990 Harrison Ave. ", "original_new orleans": "new orleans", "original_Louisiana": "Louisiana", "original_": "70124", "lat": 30.003964503169875, "lon": -90.10060629, "formatted": "990 Harrison Avenue, Lakeview, New Orleans, LA 70124, United States of America", "name": "", "housenumber": "990", "street": "Harrison Avenue", "postcode": "70124", "district": "", "suburb": "West End", "county_code": "", "city": "New Orleans", "county": "Orleans Parish", "state": "Louisiana", "state_code": "LA", "country": "United States", "country_code": "us", "confidence": "1", "confidence_city_level": "1", "confidence_street_level": "1", "confidence_building_level": "1" }, "geometry": { "type": "Point", "coordinates": [ -90.1006063, 30.0039645 ] } },
{ "type": "Feature", "properties": { "original_314": "351", "original_#1 Park Timbers Dr.": "990 Harrison Ave. ", "original_new orleans": "new orleans", "original_Louisiana": "Louisiana", "original_": "70124", "lat": 30.003964503169875, "lon": -90.10060629, "formatted": "990 Harrison Avenue, Lakeview, New Orleans, LA 70124, United States of America", "name": "", "housenumber": "990", "street": "Harrison Avenue", "postcode": "70124", "district": "", "suburb": "West End", "county_code": "", "city": "New Orleans", "county": "Orleans Parish", "state": "Louisiana", "state_code": "LA", "country": "United States", "country_code": "us", "confidence": "1", "confidence_city_level": "1", "confidence_street_level": "1", "confidence_building_level": "1" }, "geometry": { "type": "Point", "coordinates": [ -90.1006063, 30.0039645 ] } }
]
}
