{
"type": "FeatureCollection",
"name": "Neighborhood_Statistical_Area_20260710",
"features": [
{ "type": "Feature", "properties": { "objectid": "6", "gnocdc_lab": "B. W. COOPER", "shape_starea": "8808477.0902902912", "shape_stlength": "12118.012710324232" }, "geometry": { "type": "MultiPolygon", "coordinates": [ [ [ [ -90.085207616679995, 29.950457413233 ], [ -90.085496616572996, 29.950081412839001 ], [ -90.085637615620996, 29.949898412281001 ], [ -90.085703616884004, 29.949801411721001 ], [ -90.085776616402995, 29.949704412521001 ], [ -90.085983615036994, 29.94941041289 ], [ -90.086073615610999, 29.949292412952001 ], [ -90.086636616609994, 29.948495412286999 ], [ -90.087275617398006, 29.947703411850998 ], [ -90.087741617502999, 29.946986411274999 ], [ -90.088198616056005, 29.946434411643001 ], [ -90.088249617342996, 29.946363411698002 ], [ -90.088364616435996, 29.946194411061001 ], [ -90.088698616149003, 29.94637941225 ], [ -90.089532616523996, 29.9468554115 ], [ -90.090447617934004, 29.947370411439 ], [ -90.091362618226995, 29.947893412144001 ], [ -90.092290617705004, 29.948403412394999 ], [ -90.093145617915994, 29.948896411989999 ], [ -90.093339618120993, 29.949000412181999 ], [ -90.094151618368002, 29.949462411673 ], [ -90.094743618318006, 29.949786412163 ], [ -90.095086618988006, 29.949973411413001 ], [ -90.095606618274005, 29.950262411455 ], [ -90.096012619419, 29.950476412636998 ], [ -90.097034618891996, 29.951056412027999 ], [ -90.097622619942996, 29.951385412406999 ], [ -90.097844619086999, 29.951501412150002 ], [ -90.098281620145997, 29.951729412013002 ], [ -90.098190619958999, 29.951795412772999 ], [ -90.098175619539006, 29.951806412650001 ], [ -90.098075620798994, 29.951886412608001 ], [ -90.098026619137002, 29.951976412461999 ], [ -90.098005620202997, 29.952032412266998 ], [ -90.097987620804005, 29.952131412349999 ], [ -90.097969620078999, 29.952404413004999 ], [ -90.097958620143999, 29.952442412536001 ], [ -90.097956619304995, 29.952458412772 ], [ -90.097942619546004, 29.952508412613 ], [ -90.097914618646996, 29.952562412289002 ], [ -90.097866619357006, 29.952651412801998 ], [ -90.097578619282004, 29.953046413138001 ], [ -90.097349619547998, 29.953361412726 ], [ -90.097165619885004, 29.953622412417999 ], [ -90.096961619164006, 29.953915412632998 ], [ -90.096746619463005, 29.954213413057001 ], [ -90.096186619280999, 29.954949413350999 ], [ -90.096037619748998, 29.955140412932 ], [ -90.095853620038994, 29.955383413189001 ], [ -90.095685619538003, 29.955616412731999 ], [ -90.095490619621998, 29.955886413681998 ], [ -90.094385619147999, 29.957437414101001 ], [ -90.094229619152003, 29.957662413763 ], [ -90.094122619583999, 29.957815414260001 ], [ -90.094060619977995, 29.957778413842998 ], [ -90.092340618822007, 29.956513413370001 ], [ -90.092215618658997, 29.956425413234999 ], [ -90.09210561834, 29.956339413055002 ], [ -90.091807619045994, 29.956123412970999 ], [ -90.090923618613999, 29.955544413178998 ], [ -90.090118618323004, 29.954937413307999 ], [ -90.089318617982997, 29.954347412983999 ], [ -90.087898617293007, 29.953349412977001 ], [ -90.087650617698003, 29.953097412967001 ], [ -90.087364617649996, 29.952938413264999 ], [ -90.086824616797998, 29.952641413087001 ], [ -90.086798615730004, 29.952624413317999 ], [ -90.086370615530996, 29.952291413253999 ], [ -90.086123616007995, 29.952054412953999 ], [ -90.086000616806004, 29.951894412670001 ], [ -90.085876615844001, 29.951708413214 ], [ -90.085747615450003, 29.951462412339001 ], [ -90.085677616837998, 29.951329412657 ], [ -90.085544616777995, 29.951075412382998 ], [ -90.085433615753999, 29.950877412524999 ], [ -90.085370616592002, 29.950756412804001 ], [ -90.085329615852999, 29.950691412727998 ], [ -90.085269616324993, 29.950597412585001 ], [ -90.085207616679995, 29.950457413233 ] ] ] ] } },
{ "type": "Feature", "properties": { "objectid": "32", "gnocdc_lab": "HOLY CROSS", "shape_starea": "26999609.302162763", "shape_stlength": "21187.180302661334" }, "geometry": { "type": "MultiPolygon", "coordinates": [ [ [ [ -90.006211734763994, 29.95812472059 ], [ -90.012036931449998, 29.945946709813999 ], [ -90.012107596434006, 29.94598541433 ], [ -90.013876597782996, 29.947008413997001 ], [ -90.014591596835004, 29.947354413511 ], [ -90.016336598028005, 29.948200413862001 ], [ -90.016594597765007, 29.948324414136 ], [ -90.018210598042003, 29.949107414265001 ], [ -90.020001599308003, 29.949974414822002 ], [ -90.020120598364002, 29.950032414361001 ], [ -90.022588599452007, 29.951227414832999 ], [ -90.025374599049002, 29.952577415021999 ], [ -90.025463600481999, 29.952620414996002 ], [ -90.026676599414003, 29.953208415083001 ], [ -90.027861601641007, 29.957387416726 ], [ -90.028576600913993, 29.959908416722001 ], [ -90.027435601152007, 29.963746417002 ], [ -90.027401601790004, 29.963841417415001 ], [ -90.026785601350994, 29.963707417115 ], [ -90.026397600842003, 29.963603417567001 ], [ -90.025260600029995, 29.963338416860999 ], [ -90.024113600134001, 29.963077417347002 ], [ -90.023187600918007, 29.962869417366999 ], [ -90.022297600463006, 29.962659417360001 ], [ -90.021407598444, 29.962465417762001 ], [ -90.021374599848997, 29.962534417139999 ], [ -90.020502599010996, 29.962307417607999 ], [ -90.019622598957, 29.962115417475001 ], [ -90.018487598182006, 29.961858417601 ], [ -90.016776597193996, 29.961478416677998 ], [ -90.015825598082998, 29.961251417473001 ], [ -90.014737597640007, 29.961001417525001 ], [ -90.013922596654993, 29.960816417215 ], [ -90.013003596757002, 29.96059641738 ], [ -90.012207596644998, 29.960333417672 ], [ -90.011150595551996, 29.959954417252 ], [ -90.010068596089994, 29.959565417257998 ], [ -90.009120595764003, 29.95922041707 ], [ -90.008202595396, 29.958850417074 ], [ -90.007522595618994, 29.958597416726001 ], [ -90.006556595785995, 29.958246416929001 ], [ -90.006469594435004, 29.958218416748 ], [ -90.006211734763994, 29.95812472059 ] ] ] ] } },
{ "type": "Feature", "properties": { "objectid": "7", "gnocdc_lab": "BAYOU ST. JOHN", "shape_starea": "11505360.869983528", "shape_stlength": "15653.79858480998" }, "geometry": { "type": "MultiPolygon", "coordinates": [ [ [ [ -90.078181615336007, 29.975997418957 ], [ -90.078681614158995, 29.975421418052001 ], [ -90.078946616186002, 29.975120418526 ], [ -90.079417616298997, 29.974572417775001 ], [ -90.079816614554005, 29.974133417556001 ], [ -90.080042615463, 29.973872417113999 ], [ -90.080091616025996, 29.973816417992001 ], [ -90.080798615974999, 29.973009417514 ], [ -90.081552615611002, 29.972120417700999 ], [ -90.082278616937003, 29.971287417393 ], [ -90.082725615089004, 29.970770417122001 ], [ -90.082795617667998, 29.970691416758999 ], [ -90.083139616737, 29.9703054165 ], [ -90.083822616711004, 29.969517417211001 ], [ -90.084120617105995, 29.969172416850999 ], [ -90.084301617121, 29.968894416202001 ], [ -90.084454617118993, 29.968704416072001 ], [ -90.084574616916996, 29.968563416451001 ], [ -90.084833616382994, 29.968729416521001 ], [ -90.086129616994995, 29.969562416647001 ], [ -90.087051617767003, 29.970054416977 ], [ -90.087920617563995, 29.970581417123999 ], [ -90.088761617605002, 29.971158416758001 ], [ -90.089443617246005, 29.971545417295001 ], [ -90.090385618796006, 29.972095417205999 ], [ -90.091349618989994, 29.972665417139002 ], [ -90.091245618201995, 29.972775417308998 ], [ -90.091218618734999, 29.972803417438001 ], [ -90.091317618534006, 29.972907417304 ], [ -90.091617619011004, 29.973234417154998 ], [ -90.091567618735994, 29.973313417785 ], [ -90.091461618463995, 29.973271416943 ], [ -90.091411617751007, 29.973372417336002 ], [ -90.091280617416004, 29.973320417469001 ], [ -90.091279618460007, 29.973319417399999 ], [ -90.091145619432993, 29.973640417154002 ], [ -90.090942619154006, 29.974097418033999 ], [ -90.090891618556995, 29.974582417768001 ], [ -90.090613619870993, 29.975263417910998 ], [ -90.090401618384007, 29.975779417731001 ], [ -90.090386617953996, 29.975820417464 ], [ -90.090359618882999, 29.975873418035 ], [ -90.090414619243006, 29.975936418244999 ], [ -90.090316619109004, 29.976016417663001 ], [ -90.090260618963995, 29.976273418550001 ], [ -90.090199619510997, 29.976525418078001 ], [ -90.090076618425002, 29.976766418438 ], [ -90.089700618031003, 29.977235418296999 ], [ -90.089430618717003, 29.977483417847999 ], [ -90.089215619377001, 29.977658418177999 ], [ -90.088736617451005, 29.978119418706001 ], [ -90.088471617798007, 29.978366418806001 ], [ -90.088174618167002, 29.978789418218 ], [ -90.087765619310005, 29.979450419216999 ], [ -90.087573619077006, 29.979894418591002 ], [ -90.087556618172997, 29.980145418597001 ], [ -90.087901618600995, 29.980381419301001 ], [ -90.088262617905997, 29.980638418994001 ], [ -90.088751618952003, 29.980959419225002 ], [ -90.089097619157997, 29.981187418937001 ], [ -90.090003619604005, 29.981882419622 ], [ -90.090469618699004, 29.982605419538999 ], [ -90.090348619096005, 29.982896419334001 ], [ -90.089971618703999, 29.983063420145001 ], [ -90.089610618885999, 29.983390419673999 ], [ -90.089406618976994, 29.983711419936999 ], [ -90.089397618424002, 29.983728420266001 ], [ -90.089389618821997, 29.98375141991 ], [ -90.089375618435994, 29.983777419570998 ], [ -90.089140618860995, 29.983634419185002 ], [ -90.089022619226, 29.983467419246001 ], [ -90.088415617636997, 29.983067419853001 ], [ -90.087783618822996, 29.982616419273999 ], [ -90.086675617934006, 29.981858419607001 ], [ -90.086152618528999, 29.981483418981 ], [ -90.085760616518002, 29.981229419982999 ], [ -90.085535617876005, 29.981081419256999 ], [ -90.084818617991999, 29.980589419480999 ], [ -90.084626616568002, 29.980453419370999 ], [ -90.083781616807002, 29.979860418851999 ], [ -90.083358617659997, 29.979573418944 ], [ -90.082907616349999, 29.979250419037001 ], [ -90.082415617039999, 29.978920419103002 ], [ -90.081443615051995, 29.978217418519002 ], [ -90.080461616676004, 29.977574418869001 ], [ -90.080054616346999, 29.977306418651999 ], [ -90.079477616212998, 29.976947418849001 ], [ -90.078545615584005, 29.976269418017999 ], [ -90.078386615171993, 29.976150418850999 ], [ -90.078181615336007, 29.975997418957 ] ] ] ] } },
{ "type": "Feature", "properties": { "objectid": "57", "gnocdc_lab": "SEVENTH WARD", "shape_starea": "32605301.151456382", "shape_stlength": "23675.658755813718" }, "geometry": { "type": "MultiPolygon", "coordinates": [ [ [ [ -90.056984610232007, 29.968714417622 ], [ -90.058138609744006, 29.968614417743002 ], [ -90.059268610637005, 29.968388417587001 ], [ -90.060393610928003, 29.968308417349999 ], [ -90.060738610387006, 29.968290417182001 ], [ -90.060925609541002, 29.968250417031999 ], [ -90.061079610426006, 29.968205416858002 ], [ -90.061326610635007, 29.968120417474001 ], [ -90.061528610455994, 29.968041416533001 ], [ -90.061717610808998, 29.967951416937002 ], [ -90.061903610471006, 29.967819417379999 ], [ -90.062159610034996, 29.967601416773 ], [ -90.062311611308999, 29.967448417313999 ], [ -90.062417611499001, 29.967325417289999 ], [ -90.062584610171001, 29.967148416951002 ], [ -90.062972611229995, 29.966724417081 ], [ -90.063602610364995, 29.966026417068999 ], [ -90.064517611788006, 29.966613416419001 ], [ -90.065311611400006, 29.967200416308 ], [ -90.065841611861998, 29.967582417315 ], [ -90.066864612432994, 29.968264416901999 ], [ -90.067630612292007, 29.968812417506999 ], [ -90.068370612954993, 29.969339416937 ], [ -90.068463611721, 29.969405417255999 ], [ -90.068606613387004, 29.969505417562001 ], [ -90.068719611820001, 29.969580417425998 ], [ -90.069487612990997, 29.970102417684 ], [ -90.070373614055995, 29.970688417409001 ], [ -90.071240612995993, 29.971275417927 ], [ -90.072094613014002, 29.97188641804 ], [ -90.072977614272006, 29.972512418122999 ], [ -90.073047613932999, 29.972551417708999 ], [ -90.073126612687005, 29.972616418051999 ], [ -90.073193613783999, 29.972680417484 ], [ -90.073249614402997, 29.972736417985999 ], [ -90.073509613694, 29.972879417880002 ], [ -90.073645614656996, 29.972948417263002 ], [ -90.073755613375994, 29.973007418201 ], [ -90.073850612982994, 29.973067417722 ], [ -90.073956614289997, 29.973097417897002 ], [ -90.074046614316003, 29.973128417923999 ], [ -90.074179613854994, 29.973186417869002 ], [ -90.074803614624003, 29.973590417560001 ], [ -90.075636614035005, 29.974256417561001 ], [ -90.076826615000996, 29.975090418333998 ], [ -90.078181615336007, 29.975997418957 ], [ -90.077700615002001, 29.976550418367999 ], [ -90.076992615536, 29.977330418920999 ], [ -90.076689615004, 29.977671419058002 ], [ -90.075976614062995, 29.978468419363001 ], [ -90.075264615227994, 29.979265419084999 ], [ -90.074551614826007, 29.980070418951001 ], [ -90.073843613489998, 29.980854419326 ], [ -90.073117614221999, 29.981678419634999 ], [ -90.072399613959007, 29.982462420295999 ], [ -90.071740614318998, 29.983215420080001 ], [ -90.071656614071998, 29.983310420300999 ], [ -90.071027613832001, 29.98401642032 ], [ -90.070090613017001, 29.985073420492999 ], [ -90.069106614008007, 29.986155421587 ], [ -90.069028613076, 29.986218420836 ], [ -90.068152613362997, 29.987196421537998 ], [ -90.067969613065998, 29.987400420945999 ], [ -90.067942613566998, 29.9872154211 ], [ -90.067746612391005, 29.987231420596999 ], [ -90.066559612335993, 29.987328420817999 ], [ -90.065409613259007, 29.987399420928998 ], [ -90.065327612247998, 29.986378421038001 ], [ -90.064159611687998, 29.986451421011001 ], [ -90.062993612276998, 29.986508420876 ], [ -90.062907610935994, 29.985509420936001 ], [ -90.061788611986998, 29.985574421606 ], [ -90.060656610829994, 29.985642421388 ], [ -90.059562610743995, 29.985711420683 ], [ -90.059499611998007, 29.985691421296998 ], [ -90.059436611617997, 29.984699421443 ], [ -90.058101610256003, 29.984768420696 ], [ -90.058059610241003, 29.983761420871001 ], [ -90.058064610318993, 29.983402420608002 ], [ -90.058078610281996, 29.983201420433002 ], [ -90.058112609410003, 29.98273742041 ], [ -90.058148610472998, 29.982288420299 ], [ -90.058132610491, 29.982146420090999 ], [ -90.058128610021001, 29.981991420480998 ], [ -90.058171610393003, 29.981013420290999 ], [ -90.058172609899998, 29.980677420361999 ], [ -90.058155610903995, 29.980437419699999 ], [ -90.058115610634999, 29.980297419928998 ], [ -90.058073610538997, 29.980064420078001 ], [ -90.058024610573995, 29.979788419961 ], [ -90.057986609064997, 29.979683419699999 ], [ -90.057960609809996, 29.979604419689 ], [ -90.057879609685003, 29.979359420255999 ], [ -90.057844610244999, 29.979220419779999 ], [ -90.057721609973996, 29.978677419358998 ], [ -90.057655610227997, 29.977666419045999 ], [ -90.057586610333004, 29.976650419093001 ], [ -90.057504610289001, 29.975643418939999 ], [ -90.057442609765005, 29.974620418394 ], [ -90.057350610298997, 29.973611418084001 ], [ -90.057332609802998, 29.973282417996 ], [ -90.057284609714998, 29.972599418003998 ], [ -90.057207608889996, 29.971705417995999 ], [ -90.057197609880006, 29.971589418251 ], [ -90.057125609055007, 29.970557418561999 ], [ -90.057039609453, 29.969550417156 ], [ -90.056984610232007, 29.968714417622 ] ] ] ] } },
{ "type": "Feature", "properties": { "objectid": "24", "gnocdc_lab": "FLORIDA AREA", "shape_starea": "8781457.9163004383", "shape_stlength": "15567.623832478464" }, "geometry": { "type": "MultiPolygon", "coordinates": [ [ [ [ -90.035429604547005, 29.983795421263999 ], [ -90.035462605031, 29.983644421489998 ], [ -90.034598604227995, 29.983442420957999 ], [ -90.034646604162006, 29.983215421370002 ], [ -90.034683603510004, 29.983088421680002 ], [ -90.034723604773006, 29.982951421532999 ], [ -90.034868604862993, 29.982523421524 ], [ -90.034993604120999, 29.982055421374 ], [ -90.034183604126, 29.981861421041 ], [ -90.034259604224999, 29.981674421194001 ], [ -90.034320603875997, 29.981499420851002 ], [ -90.034512603264005, 29.980834420442999 ], [ -90.033754603502999, 29.980669421013001 ], [ -90.032946602839004, 29.980480421052 ], [ -90.032055602878998, 29.980297420882 ], [ -90.031525603819006, 29.980176420347998 ], [ -90.031073603690004, 29.980069420606998 ], [ -90.030115603126006, 29.979840420843001 ], [ -90.030429602561, 29.978816421032001 ], [ -90.030734603523996, 29.977780420104001 ], [ -90.031060603032998, 29.976731420231001 ], [ -90.031372602212002, 29.975684420147999 ], [ -90.032322603294006, 29.975929419831001 ], [ -90.033307602860006, 29.976138420152999 ], [ -90.034190602514002, 29.976332419915 ], [ -90.035001602245003, 29.976526419839999 ], [ -90.035754605064994, 29.976688419243001 ], [ -90.036556604839006, 29.976862420340002 ], [ -90.037442603727001, 29.977067420436999 ], [ -90.038495605264998, 29.977307420214999 ], [ -90.039368604697998, 29.977499419912 ], [ -90.041129604974003, 29.977903419766001 ], [ -90.041961605867002, 29.978107419678 ], [ -90.042895605764002, 29.978320419856001 ], [ -90.042591605121999, 29.979330420989001 ], [ -90.042277605801999, 29.980383419940999 ], [ -90.041956606203996, 29.981412420498 ], [ -90.041650606304998, 29.982460421222999 ], [ -90.041344605098004, 29.983486421226001 ], [ -90.042229605919005, 29.983746420578001 ], [ -90.042534605585004, 29.984044421191001 ], [ -90.042891606187993, 29.984027421339999 ], [ -90.043847606306997, 29.984009421518 ], [ -90.043976606146998, 29.984007420986 ], [ -90.044451606250007, 29.984184420967001 ], [ -90.045377607115, 29.984423421304001 ], [ -90.045452607385002, 29.984442420743999 ], [ -90.045559607114001, 29.984464420952001 ], [ -90.045637607147, 29.984480421762999 ], [ -90.045487605516001, 29.985017421807999 ], [ -90.045439607418999, 29.985179421474001 ], [ -90.045390606005, 29.985343421463998 ], [ -90.045299606268003, 29.985635421613999 ], [ -90.045238605825006, 29.985823421530998 ], [ -90.045121605814998, 29.986182421749 ], [ -90.045085606658006, 29.986291421941001 ], [ -90.044875606771996, 29.986127422279999 ], [ -90.044793606328, 29.986063421330002 ], [ -90.044007606280999, 29.985738421432998 ], [ -90.043407607223003, 29.985593421316 ], [ -90.043193607239999, 29.985545421369 ], [ -90.037336604445002, 29.984229421420999 ], [ -90.036595604652007, 29.984060421589 ], [ -90.035429604547005, 29.983795421263999 ] ] ] ] } },
{ "type": "Feature", "properties": { "objectid": "9", "gnocdc_lab": "BLACK PEARL", "shape_starea": "13866533.355990605", "shape_stlength": "18633.914305320217" }, "geometry": { "type": "MultiPolygon", "coordinates": [ [ [ [ -90.12815362776, 29.938300408575 ], [ -90.128234627501996, 29.938215408487 ], [ -90.128839627386995, 29.937578408471001 ], [ -90.129440627584998, 29.936773408143001 ], [ -90.129566627475, 29.936666408651 ], [ -90.130020628436, 29.936086408118001 ], [ -90.130193628623005, 29.935892407773999 ], [ -90.130677627392004, 29.935284407183001 ], [ -90.130794629017004, 29.935124407850001 ], [ -90.13128962879, 29.934530407960999 ], [ -90.131905628157, 29.93370640717 ], [ -90.132536628592007, 29.932928406856 ], [ -90.133137629497995, 29.932153407623002 ], [ -90.132398627751996, 29.931686406676999 ], [ -90.131647627790997, 29.931241407245999 ], [ -90.132187628883003, 29.930540406797 ], [ -90.132776627617005, 29.929693406533001 ], [ -90.133432627675006, 29.928888406195998 ], [ -90.133588628160993, 29.928708406754001 ], [ -90.133723627764994, 29.928512405917001 ], [ -90.135548628592005, 29.926110405467998 ], [ -90.138891629952994, 29.921527404517001 ], [ -90.1389838252, 29.921401004303998 ], [ -90.139173907737998, 29.922936062430001 ], [ -90.139279624056996, 29.924909354665001 ], [ -90.139279625534996, 29.924909404301001 ], [ -90.139279620645993, 29.924909726351 ], [ -90.139229570688997, 29.927928939036001 ], [ -90.139142950294001, 29.930308608320001 ], [ -90.139115590417006, 29.931060240080001 ], [ -90.139114965022998, 29.931077446151001 ], [ -90.139009647368994, 29.933028098285 ], [ -90.138966698527994, 29.933823577108999 ], [ -90.138828449703993, 29.935732151968999 ], [ -90.138925092180997, 29.937443601820998 ], [ -90.138979629709993, 29.938409375856999 ], [ -90.138979632418, 29.938409409264001 ], [ -90.136075629055, 29.941150408437998 ], [ -90.135345630339003, 29.941805409480999 ], [ -90.134757629415006, 29.942332409654 ], [ -90.134658630206999, 29.942459409733001 ], [ -90.134521629651005, 29.942531409459001 ], [ -90.134412628142996, 29.942634409279002 ], [ -90.134209629235997, 29.942820408658999 ], [ -90.134111629784996, 29.942935408838999 ], [ -90.134066628978005, 29.942988409421002 ], [ -90.134016630009995, 29.943067409830999 ], [ -90.133254629237001, 29.942442409190001 ], [ -90.132900628003995, 29.942147409448001 ], [ -90.132490628767002, 29.941808409515001 ], [ -90.131711629220007, 29.941150408946001 ], [ -90.130902628740003, 29.940497409243999 ], [ -90.130156627369999, 29.939930408618999 ], [ -90.129386627772007, 29.939258408659999 ], [ -90.128545627937996, 29.938581408758001 ], [ -90.12815362776, 29.938300408575 ] ] ] ] } },
{ "type": "Feature", "properties": { "objectid": "4", "gnocdc_lab": "AUDUBON", "shape_starea": "63257823.388270602", "shape_stlength": "39015.654284619312" }, "geometry": { "type": "MultiPolygon", "coordinates": [ [ [ [ -90.109637622414994, 29.941355410147001 ], [ -90.109847623180997, 29.940595409602999 ], [ -90.110075623352003, 29.939723409435999 ], [ -90.110317622428994, 29.938759408983 ], [ -90.110550622299002, 29.937872408802999 ], [ -90.110764622869993, 29.937112408564001 ], [ -90.111004622341, 29.936189408695999 ], [ -90.111275621949005, 29.935197407966999 ], [ -90.111525622825994, 29.934269407736998 ], [ -90.111764623165996, 29.933329408049001 ], [ -90.112006622652999, 29.93238240825 ], [ -90.112261623012998, 29.931464407996 ], [ -90.112516622995003, 29.930505407262 ], [ -90.112791622437996, 29.929549407368 ], [ -90.113024622585996, 29.928633407252999 ], [ -90.113060622188996, 29.928475407482001 ], [ -90.113435621663996, 29.927160407102999 ], [ -90.113567623863005, 29.926605405979998 ], [ -90.113799622238005, 29.925794406179001 ], [ -90.113928623966999, 29.925131406304999 ], [ -90.114107622104001, 29.92445640539 ], [ -90.114300623497002, 29.923796405390998 ], [ -90.114524622781005, 29.923014406107001 ], [ -90.114800623722005, 29.921943405520999 ], [ -90.114910622718, 29.921542405118 ], [ -90.114995623130994, 29.921177404754999 ], [ -90.115034623241996, 29.920929405096 ], [ -90.116033623928999, 29.921082405018002 ], [ -90.117064624535999, 29.921201404933999 ], [ -90.117986623568001, 29.921369405593001 ], [ -90.118907623382995, 29.921562404799001 ], [ -90.119906625496995, 29.921726405832 ], [ -90.121316625294995, 29.922093404992999 ], [ -90.121528624571994, 29.922148405554001 ], [ -90.123339626133998, 29.922767405513 ], [ -90.123707625804002, 29.921888405383001 ], [ -90.124092625813006, 29.921049405541002 ], [ -90.124252625740993, 29.920652404843 ], [ -90.124505625073994, 29.920066404694001 ], [ -90.124963626169006, 29.919096404702 ], [ -90.125358625150994, 29.918206404266002 ], [ -90.126521625839999, 29.918645404107 ], [ -90.127695627129, 29.919133405027001 ], [ -90.127778627187993, 29.919169404958001 ], [ -90.128272627425005, 29.919381405100001 ], [ -90.129112626714999, 29.919742403821999 ], [ -90.129157626755003, 29.919680404219001 ], [ -90.129256626132005, 29.919596404585 ], [ -90.129584627040998, 29.919360404858999 ], [ -90.129697627550996, 29.919262404146998 ], [ -90.129781626552003, 29.919152404516002 ], [ -90.129841625995994, 29.918967404145999 ], [ -90.129864626995996, 29.918783404146001 ], [ -90.129835627614, 29.918536404017999 ], [ -90.129731625665002, 29.918266403709001 ], [ -90.129690625517, 29.918121404198999 ], [ -90.129702626088999, 29.918020404099 ], [ -90.129770627206, 29.917878404035999 ], [ -90.129960626606007, 29.917671403991999 ], [ -90.130195627546996, 29.917396403917 ], [ -90.130663626759002, 29.916489404383999 ], [ -90.131130628009004, 29.915581403392 ], [ -90.132479627216, 29.913010403403 ], [ -90.132539768702998, 29.912895779503 ], [ -90.135389533639, 29.914558687564 ], [ -90.136606505935006, 29.915708966429001 ], [ -90.137516645028995, 29.916789433360002 ], [ -90.138418380675006, 29.918573439507998 ], [ -90.138444755156002, 29.918682172747001 ], [ -90.138672909510007, 29.919622753752002 ], [ -90.138858236006001, 29.920386751333002 ], [ -90.1389838252, 29.921401004303998 ], [ -90.138891629952994, 29.921527404517001 ], [ -90.135548628592005, 29.926110405467998 ], [ -90.133723627764994, 29.928512405917001 ], [ -90.133588628160993, 29.928708406754001 ], [ -90.133432627675006, 29.928888406195998 ], [ -90.132776627617005, 29.929693406533001 ], [ -90.132187628883003, 29.930540406797 ], [ -90.131647627790997, 29.931241407245999 ], [ -90.132398627751996, 29.931686406676999 ], [ -90.133137629497995, 29.932153407623002 ], [ -90.132536628592007, 29.932928406856 ], [ -90.131905628157, 29.93370640717 ], [ -90.13128962879, 29.934530407960999 ], [ -90.130794629017004, 29.935124407850001 ], [ -90.130677627392004, 29.935284407183001 ], [ -90.130193628623005, 29.935892407773999 ], [ -90.130020628436, 29.936086408118001 ], [ -90.129566627475, 29.936666408651 ], [ -90.129440627584998, 29.936773408143001 ], [ -90.128839627386995, 29.937578408471001 ], [ -90.128234627501996, 29.938215408487 ], [ -90.12815362776, 29.938300408575 ], [ -90.127589626388001, 29.939176408906999 ], [ -90.126907627929, 29.939958409209002 ], [ -90.126336627379004, 29.940684409138001 ], [ -90.125677626547997, 29.941520409231 ], [ -90.125090626437, 29.942374409829998 ], [ -90.124442626892005, 29.943198410451 ], [ -90.123867627099003, 29.943854409842 ], [ -90.123240626485, 29.944701410343001 ], [ -90.122560627045004, 29.945560410553998 ], [ -90.121970625700001, 29.946272409978999 ], [ -90.121343626409001, 29.947132410641 ], [ -90.120696626267005, 29.947910411161001 ], [ -90.120085625691004, 29.948740410862001 ], [ -90.119429624351994, 29.949539410764999 ], [ -90.118791624682999, 29.950317411899999 ], [ -90.118124625198007, 29.951155411616998 ], [ -90.117486625677003, 29.951979411764 ], [ -90.116866625276998, 29.952798411796 ], [ -90.116823625845001, 29.952726411937 ], [ -90.116784624866, 29.952655412605999 ], [ -90.116733623537002, 29.952529411882999 ], [ -90.116589625057003, 29.952144411289002 ], [ -90.116486625267996, 29.951868412075999 ], [ -90.116459624103996, 29.951800411629002 ], [ -90.116286624449003, 29.951366411485001 ], [ -90.116150624783998, 29.951022411916 ], [ -90.116049624899006, 29.950795411668999 ], [ -90.115815624619998, 29.950230411835999 ], [ -90.115702623863996, 29.949958411849 ], [ -90.115578623592, 29.949629412046001 ], [ -90.115321624591999, 29.94901741076 ], [ -90.115249623858006, 29.948855411077002 ], [ -90.114863624031003, 29.947980411336999 ], [ -90.114776624732997, 29.947735411206999 ], [ -90.114334624028004, 29.946740411162999 ], [ -90.114142624308002, 29.946266411084 ], [ -90.113990622982996, 29.945890411177 ], [ -90.113589624528004, 29.944884410250001 ], [ -90.113510624070003, 29.944701410238999 ], [ -90.113389623591004, 29.944419411100998 ], [ -90.113228623862994, 29.944046410538999 ], [ -90.113142623697001, 29.943777410169002 ], [ -90.113055623833006, 29.943623410781001 ], [ -90.112952623764997, 29.943469409982999 ], [ -90.112766624337993, 29.943267410324999 ], [ -90.112334623224996, 29.942928409992 ], [ -90.112050623626999, 29.942754409799999 ], [ -90.111773622979001, 29.942575409770999 ], [ -90.111396622938997, 29.942370410285001 ], [ -90.110522623429006, 29.941875410098 ], [ -90.109637622414994, 29.941355410147001 ] ] ] ] } },
{ "type": "Feature", "properties": { "objectid": "8", "gnocdc_lab": "BEHRMAN", "shape_starea": "42732094.443001598", "shape_stlength": "30442.126432837296" }, "geometry": { "type": "MultiPolygon", "coordinates": [ [ [ [ -90.014601596768998, 29.937002411386999 ], [ -90.014656595833003, 29.935430411822001 ], [ -90.014476596790004, 29.935412411443 ], [ -90.014374595616999, 29.935383411434 ], [ -90.014267596401993, 29.935346411636999 ], [ -90.014178596530996, 29.935295411803001 ], [ -90.014112595194007, 29.935209412045001 ], [ -90.014026596682996, 29.935100411324001 ], [ -90.013975595649001, 29.935003412095 ], [ -90.013955596212, 29.934887411411999 ], [ -90.014045595365005, 29.933455411516 ], [ -90.014054596747997, 29.933307411541001 ], [ -90.014160595866002, 29.931545411197 ], [ -90.014161596669993, 29.931529411059 ], [ -90.014280595800003, 29.929746410240998 ], [ -90.014390596338004, 29.927974409912 ], [ -90.014437596521006, 29.927269409994 ], [ -90.014509596376996, 29.926199410091002 ], [ -90.014558595124001, 29.924616409519 ], [ -90.014578595784997, 29.924414408888001 ], [ -90.014615596986005, 29.924054408478 ], [ -90.014693595268994, 29.923492409442002 ], [ -90.014773595066004, 29.922817408996 ], [ -90.014823595981994, 29.922409408953001 ], [ -90.014840596913999, 29.922336408859 ], [ -90.014864595657002, 29.922260408591999 ], [ -90.014892596512993, 29.922184408734999 ], [ -90.014954594551, 29.921852408791 ], [ -90.014961595968003, 29.921754408521998 ], [ -90.014959596620997, 29.921688408803 ], [ -90.014943596400997, 29.921583408511001 ], [ -90.014913596073995, 29.921458408755001 ], [ -90.014490595997998, 29.921207408330002 ], [ -90.014713595938005, 29.920946408239001 ], [ -90.015091594962996, 29.921195408742999 ], [ -90.015163595209998, 29.921241409048001 ], [ -90.015440594891999, 29.921416408997999 ], [ -90.016692596276002, 29.922201408553999 ], [ -90.016828596294999, 29.922251409343001 ], [ -90.016889595074005, 29.922270409214999 ], [ -90.016921596667999, 29.922277408738001 ], [ -90.016959596806004, 29.922282408476999 ], [ -90.017257596389001, 29.922287408637999 ], [ -90.017401597247996, 29.922290409271 ], [ -90.017586597098997, 29.922299408303999 ], [ -90.017671596935998, 29.922312408917001 ], [ -90.017722597090994, 29.922325408669 ], [ -90.017777596052994, 29.922348408184 ], [ -90.017833596990997, 29.922376408868001 ], [ -90.017885596126007, 29.922416408954 ], [ -90.018009597155995, 29.922536408534 ], [ -90.018430596732003, 29.923028409017999 ], [ -90.018556595941007, 29.923158408572998 ], [ -90.018668597032004, 29.923256408330001 ], [ -90.018762597031994, 29.923334409571002 ], [ -90.018839595988993, 29.923394409054001 ], [ -90.018932596604003, 29.923454408687999 ], [ -90.019074596438998, 29.923542408814001 ], [ -90.019222597904005, 29.923627409255001 ], [ -90.019980598052001, 29.924041408952998 ], [ -90.020275597777996, 29.924202409496999 ], [ -90.020365596773004, 29.924257408616999 ], [ -90.020558597860997, 29.924366408642999 ], [ -90.020709598169006, 29.924444408886998 ], [ -90.020786598011995, 29.924484409148 ], [ -90.020905598279001, 29.924539409451999 ], [ -90.021208597644005, 29.924669409257 ], [ -90.021574597010002, 29.924818408837002 ], [ -90.021942598351998, 29.924979409035998 ], [ -90.022354598278994, 29.925160408968001 ], [ -90.022848598227, 29.925358409731 ], [ -90.023400598673007, 29.925579408562999 ], [ -90.024377599809, 29.926012409679 ], [ -90.025346598349998, 29.926413409085999 ], [ -90.026316599691, 29.926830408754999 ], [ -90.027278599870996, 29.927238409451999 ], [ -90.027674599619999, 29.927405409576998 ], [ -90.028255598982, 29.927651409450998 ], [ -90.028448599852993, 29.927729409537999 ], [ -90.029043599358999, 29.927971408912999 ], [ -90.029211600154994, 29.928039409537 ], [ -90.030185599682, 29.928447409291 ], [ -90.030647599809001, 29.928591410178999 ], [ -90.030720600430996, 29.928614409234001 ], [ -90.031088601039997, 29.928678409496001 ], [ -90.031244600498994, 29.928712409776999 ], [ -90.031453599640002, 29.928765409453 ], [ -90.031558601201993, 29.92881040904 ], [ -90.031594600267994, 29.928825409441 ], [ -90.031842600540998, 29.928929409778998 ], [ -90.031966600054005, 29.928990409552998 ], [ -90.032198600997006, 29.92912641018 ], [ -90.032470601954998, 29.929305410356001 ], [ -90.033037601581, 29.929716409792 ], [ -90.033491600608997, 29.929933409676 ], [ -90.033829601639994, 29.930034409543001 ], [ -90.034245601536995, 29.930130409922999 ], [ -90.034750601336, 29.930249410336 ], [ -90.035079602367006, 29.930287409851001 ], [ -90.035454602715006, 29.930313409741998 ], [ -90.036258602266997, 29.930341409707999 ], [ -90.037465602373004, 29.930499410048 ], [ -90.037580602185997, 29.930514410154998 ], [ -90.037745601227002, 29.930536409498998 ], [ -90.037917602359997, 29.930549410137999 ], [ -90.037966603148007, 29.930552409882001 ], [ -90.038031602957005, 29.930556409826998 ], [ -90.038396602039995, 29.930576409446999 ], [ -90.038280603060997, 29.931930409899 ], [ -90.038192601804994, 29.933128410723 ], [ -90.038169603045006, 29.933483410749002 ], [ -90.038175603165001, 29.933685410408 ], [ -90.038225603347001, 29.934186411192002 ], [ -90.038252603142993, 29.934363410962 ], [ -90.038315601877997, 29.934768410276 ], [ -90.038326603586, 29.934839410649001 ], [ -90.038394602881993, 29.935157410755998 ], [ -90.038555602605001, 29.935542411109999 ], [ -90.038724603880993, 29.935835410774001 ], [ -90.038875602931995, 29.936050410958 ], [ -90.039246602800006, 29.936506410692001 ], [ -90.039414603102998, 29.936661411145 ], [ -90.039663603259001, 29.936857411392999 ], [ -90.039991602677006, 29.937094411149999 ], [ -90.040328603860999, 29.937299410628 ], [ -90.040761604215007, 29.937518411357999 ], [ -90.041215603837003, 29.937692411417999 ], [ -90.040517603322002, 29.937675411303001 ], [ -90.039618603913993, 29.937654411 ], [ -90.039460602456998, 29.937650411233001 ], [ -90.038385603571996, 29.937624411699002 ], [ -90.037776602079006, 29.937609411633002 ], [ -90.037481603114003, 29.937585411166999 ], [ -90.037572603327007, 29.937629411652001 ], [ -90.037606602661, 29.93766941138 ], [ -90.037612601903007, 29.937706411492002 ], [ -90.037602602372004, 29.937732410999001 ], [ -90.037581602442003, 29.93778841148 ], [ -90.037497603155998, 29.937878411932999 ], [ -90.037406603451998, 29.937956411344999 ], [ -90.037322602857998, 29.938059411948998 ], [ -90.037291603059998, 29.938223411306002 ], [ -90.037291603385995, 29.938228411484001 ], [ -90.037254603090005, 29.938482411704001 ], [ -90.037243603114007, 29.938740411417001 ], [ -90.038289603541003, 29.938776411149 ], [ -90.039283603480001, 29.938829411547001 ], [ -90.039227602864003, 29.939815412394999 ], [ -90.039135603047995, 29.940830412214002 ], [ -90.039070603507994, 29.941847412455999 ], [ -90.038976603601, 29.942901412887998 ], [ -90.038910603725, 29.943977412544001 ], [ -90.038831602550999, 29.945065412813001 ], [ -90.037825603311006, 29.945002412964001 ], [ -90.036820602711998, 29.94498041268 ], [ -90.036675602282997, 29.944999412992999 ], [ -90.036625603117002, 29.945005412694002 ], [ -90.035844603331995, 29.944979413186001 ], [ -90.035521602670002, 29.944961412855001 ], [ -90.034612602967002, 29.944926413049 ], [ -90.033708601865996, 29.944871413236999 ], [ -90.033339602583993, 29.944838412791999 ], [ -90.033070602335997, 29.944784413095999 ], [ -90.032591601852005, 29.944618413388 ], [ -90.031502601396994, 29.944190413310999 ], [ -90.031350601445993, 29.944129413308001 ], [ -90.030533601491001, 29.943798413181 ], [ -90.030117602028994, 29.943649412728 ], [ -90.029686601487001, 29.943494413132001 ], [ -90.029569600011001, 29.943441413268999 ], [ -90.028445601494994, 29.943009412872001 ], [ -90.027788599889007, 29.942758412463998 ], [ -90.027653599700997, 29.942706412391999 ], [ -90.027505600509002, 29.942649412908999 ], [ -90.027352600509005, 29.942591412662999 ], [ -90.026265599593003, 29.942190412226999 ], [ -90.025861599620001, 29.941983412627 ], [ -90.025179599154001, 29.941643412306 ], [ -90.024381599858998, 29.941313412288 ], [ -90.024268599365001, 29.941263413091001 ], [ -90.023534599989006, 29.940946412458999 ], [ -90.022540599714006, 29.940511412768998 ], [ -90.021387599139004, 29.940010412227998 ], [ -90.020299598370002, 29.939516411816999 ], [ -90.019509597446003, 29.939170411804 ], [ -90.019114597181002, 29.939010412544999 ], [ -90.017901596580998, 29.938468412048 ], [ -90.016375597418005, 29.937793412327 ], [ -90.014601596768998, 29.937002411386999 ] ] ] ] } },
{ "type": "Feature", "properties": { "objectid": "65", "gnocdc_lab": "TOURO", "shape_starea": "8469884.3371000495", "shape_stlength": "12386.677031965313" }, "geometry": { "type": "MultiPolygon", "coordinates": [ [ [ [ -90.087732615264997, 29.923435406747 ], [ -90.088817616045006, 29.923024407029999 ], [ -90.088942616112007, 29.922973406402999 ], [ -90.090023615527997, 29.922580406264998 ], [ -90.090723616454994, 29.922376405916001 ], [ -90.091643616187994, 29.922096406068 ], [ -90.092544617184998, 29.921836406208001 ], [ -90.093238616967994, 29.921656405638 ], [ -90.094098617110006, 29.921463406133999 ], [ -90.094556618148005, 29.921368406296001 ], [ -90.094962617766001, 29.921305405518002 ], [ -90.095739618421007, 29.921232406251999 ], [ -90.096849618085997, 29.921154405766 ], [ -90.097960617286006, 29.921073406304998 ], [ -90.099094619575993, 29.920997405961 ], [ -90.100180618012999, 29.920908405752002 ], [ -90.101356619914995, 29.920812405526998 ], [ -90.101459618391004, 29.921800405454 ], [ -90.101560619696997, 29.922868406062999 ], [ -90.101652618329993, 29.923658405813999 ], [ -90.101708620449003, 29.924300405979 ], [ -90.101768620223993, 29.92504440618 ], [ -90.101859619026996, 29.925734406663 ], [ -90.101924620066001, 29.926405406312998 ], [ -90.100775618556, 29.926494406717001 ], [ -90.099648618198998, 29.926583406753998 ], [ -90.098888619087006, 29.926643406501 ], [ -90.098567617738993, 29.926679407091999 ], [ -90.097420619225005, 29.926747406690001 ], [ -90.096357618550002, 29.926836406943998 ], [ -90.095535618517999, 29.926923407128001 ], [ -90.094695617252, 29.927081407751999 ], [ -90.094546617524998, 29.927122406768 ], [ -90.093638616776005, 29.927389407326 ], [ -90.092744617223005, 29.92768540774 ], [ -90.092529617335998, 29.927764407382998 ], [ -90.091447616834998, 29.928160407922999 ], [ -90.091315616863994, 29.928205407284999 ], [ -90.090187615594999, 29.928637407863999 ], [ -90.089556615270993, 29.927350407287999 ], [ -90.088942616175004, 29.926113406932 ], [ -90.088616616402007, 29.925341407123 ], [ -90.088201615472997, 29.924393406819998 ], [ -90.087732615264997, 29.923435406747 ] ] ] ] } },
{ "type": "Feature", "properties": { "objectid": "17", "gnocdc_lab": "DIXON", "shape_starea": "7050618.5773059865", "shape_stlength": "13225.198240798321" }, "geometry": { "type": "MultiPolygon", "coordinates": [ [ [ [ -90.112151624874997, 29.977320417582 ], [ -90.111867624425997, 29.976639417082001 ], [ -90.111546624699002, 29.975733417366001 ], [ -90.111152625029007, 29.974596416882001 ], [ -90.111054624782, 29.974356417046 ], [ -90.110948623859002, 29.974025416873001 ], [ -90.110448624971994, 29.972554416352001 ], [ -90.110096624229996, 29.971789416810999 ], [ -90.1096576236, 29.97097841587 ], [ -90.109637622891995, 29.970935415829999 ], [ -90.109522623684001, 29.970687416284999 ], [ -90.109127623638003, 29.969981416305 ], [ -90.109093624623995, 29.969880415584001 ], [ -90.108756623236999, 29.969256415574002 ], [ -90.108613622706002, 29.969039415701999 ], [ -90.108423623994, 29.968785415645002 ], [ -90.108277623269998, 29.968617416059001 ], [ -90.107653621954, 29.968021415776999 ], [ -90.107528623064994, 29.967905415672 ], [ -90.107656622727006, 29.967798415964999 ], [ -90.107690622790997, 29.967768416117998 ], [ -90.107781622418997, 29.967692415830001 ], [ -90.107879623602003, 29.967609415367001 ], [ -90.107973623144005, 29.967515415560001 ], [ -90.108329622892001, 29.967160415517 ], [ -90.108793624460006, 29.966717415196999 ], [ -90.109270622126004, 29.966268415255001 ], [ -90.109711624281005, 29.965844415145 ], [ -90.109860623721005, 29.965707415665001 ], [ -90.110057623963002, 29.965525415428001 ], [ -90.110212622803999, 29.965671414845001 ], [ -90.110372624855003, 29.965864414969001 ], [ -90.110424624318, 29.965928415606999 ], [ -90.110712624157003, 29.966203415900999 ], [ -90.110906624261006, 29.966370415154 ], [ -90.111041623695002, 29.966476415382001 ], [ -90.111127624874996, 29.966551414754001 ], [ -90.111895623400002, 29.967180414904 ], [ -90.112722625149999, 29.967833415487 ], [ -90.113542625324996, 29.968490415742998 ], [ -90.11432862529, 29.969153415867002 ], [ -90.115135624412005, 29.969801415704001 ], [ -90.115921625512996, 29.970482416166 ], [ -90.116721625498997, 29.971145415538999 ], [ -90.116850625626995, 29.971253416639001 ], [ -90.117126625962996, 29.971471416301 ], [ -90.117293626774, 29.971618415697002 ], [ -90.118362625488999, 29.972449416158 ], [ -90.119155626780994, 29.973083416738 ], [ -90.119958627665994, 29.973743416379001 ], [ -90.119881625499005, 29.973814416795999 ], [ -90.119724626315005, 29.973961416154999 ], [ -90.119100626822998, 29.974560416911999 ], [ -90.119065626576003, 29.974585416644 ], [ -90.119022627145, 29.974598417001001 ], [ -90.118988626800999, 29.974603417375999 ], [ -90.118959627058999, 29.974602416292999 ], [ -90.118939626938001, 29.974599416819999 ], [ -90.118905625772996, 29.974589416832998 ], [ -90.118872626962002, 29.974576416276999 ], [ -90.118803626917, 29.974525416652 ], [ -90.118407626896996, 29.974197416702999 ], [ -90.118189626380996, 29.974016416904 ], [ -90.117556626376, 29.974619416191999 ], [ -90.117517625043007, 29.974650417124 ], [ -90.117493626531001, 29.974662416916001 ], [ -90.117426624916007, 29.974669417190999 ], [ -90.117354625573995, 29.974652417276001 ], [ -90.117310625361, 29.974625416862001 ], [ -90.117142626190997, 29.974480416717999 ], [ -90.116644626490995, 29.974058416378998 ], [ -90.115901625261998, 29.974729417098999 ], [ -90.115115624980007, 29.975468416679 ], [ -90.114563624753004, 29.975996417137001 ], [ -90.114402624657998, 29.976144417027001 ], [ -90.113609623659002, 29.976874418057001 ], [ -90.114433625478995, 29.977565417787002 ], [ -90.113054625109001, 29.977397417709 ], [ -90.112611624728999, 29.977343417696002 ], [ -90.112411624909001, 29.977333417295998 ], [ -90.112312624526993, 29.977328418134999 ], [ -90.112151624874997, 29.977320417582 ] ] ] ] } },
{ "type": "Feature", "properties": { "objectid": "48", "gnocdc_lab": "MILAN", "shape_starea": "14702408.289481251", "shape_stlength": "16762.463692064448" }, "geometry": { "type": "MultiPolygon", "coordinates": [ [ [ [ -90.090187615594999, 29.928637407863999 ], [ -90.091315616863994, 29.928205407284999 ], [ -90.091447616834998, 29.928160407922999 ], [ -90.092529617335998, 29.927764407382998 ], [ -90.092744617223005, 29.92768540774 ], [ -90.093638616776005, 29.927389407326 ], [ -90.094546617524998, 29.927122406768 ], [ -90.094695617252, 29.927081407751999 ], [ -90.095535618517999, 29.926923407128001 ], [ -90.096357618550002, 29.926836406943998 ], [ -90.097420619225005, 29.926747406690001 ], [ -90.098567617738993, 29.926679407091999 ], [ -90.098888619087006, 29.926643406501 ], [ -90.099648618198998, 29.926583406753998 ], [ -90.100775618556, 29.926494406717001 ], [ -90.101924620066001, 29.926405406312998 ], [ -90.101951620354995, 29.926589406958001 ], [ -90.102066619219002, 29.927579407164 ], [ -90.102192620105001, 29.928530407505999 ], [ -90.102290620901002, 29.929480407543998 ], [ -90.102350620226005, 29.930476407368001 ], [ -90.102458620581999, 29.931429408458001 ], [ -90.102568620773994, 29.932399407961 ], [ -90.102664620800994, 29.933353407879 ], [ -90.102757620765004, 29.934318408359001 ], [ -90.102842621196004, 29.935271409070001 ], [ -90.102934619972999, 29.936227409087 ], [ -90.103078619830001, 29.937285409295999 ], [ -90.103130620421993, 29.938126408683999 ], [ -90.103227621052994, 29.939104409649001 ], [ -90.103310620947994, 29.940102409990999 ], [ -90.103070620986003, 29.940117409332 ], [ -90.102187620520994, 29.940170409745999 ], [ -90.101079619882995, 29.940264409979001 ], [ -90.099857618583997, 29.940357410640999 ], [ -90.098875618497999, 29.940435409622999 ], [ -90.098544619346001, 29.940486410062 ], [ -90.098140619796993, 29.94062041043 ], [ -90.097579620017996, 29.940829410506002 ], [ -90.097456618853997, 29.940875410053 ], [ -90.096254618404998, 29.941377410493999 ], [ -90.096075618496997, 29.941473410553002 ], [ -90.096043618834003, 29.941243410636002 ], [ -90.096030617699, 29.941052410419001 ], [ -90.096031618973001, 29.940816410656002 ], [ -90.096034618969, 29.94052941052 ], [ -90.096049619591994, 29.940411410307 ], [ -90.096081619556003, 29.940284410541999 ], [ -90.096118618055002, 29.940164410339001 ], [ -90.096175618830998, 29.940001410385001 ], [ -90.096301617782004, 29.939758409953001 ], [ -90.096346619363999, 29.939637409475001 ], [ -90.096385618274994, 29.939505409426001 ], [ -90.096414618023005, 29.93930841 ], [ -90.096420618767993, 29.939185409781 ], [ -90.096423619123001, 29.939081410236 ], [ -90.096419618953007, 29.938983409647001 ], [ -90.096401619, 29.938875409769999 ], [ -90.096335619222003, 29.938606409868001 ], [ -90.096195619436998, 29.938311409303999 ], [ -90.095772618794996, 29.937391409818002 ], [ -90.095319619096998, 29.936427409029001 ], [ -90.094936618299002, 29.935636409049 ], [ -90.094878618801999, 29.935527408923001 ], [ -90.094289617949997, 29.935744409253999 ], [ -90.093790618504997, 29.935932409273999 ], [ -90.093354618697006, 29.935019409253002 ], [ -90.092888617759002, 29.934161408781002 ], [ -90.092484617191005, 29.933238408291 ], [ -90.092019618155007, 29.932376408848 ], [ -90.091588617450995, 29.931502408568999 ], [ -90.091564617100005, 29.93140440837 ], [ -90.091476617547002, 29.931209408074 ], [ -90.091178617251998, 29.930580408823001 ], [ -90.090767615961994, 29.929698408421999 ], [ -90.090575617230996, 29.929287407592 ], [ -90.090279615924999, 29.928747407302001 ], [ -90.090187615594999, 29.928637407863999 ] ] ] ] } },
{ "type": "Feature", "properties": { "objectid": "41", "gnocdc_lab": "LEONIDAS", "shape_starea": "28991002.854298253", "shape_stlength": "27419.494329115147" }, "geometry": { "type": "MultiPolygon", "coordinates": [ [ [ [ -90.118503625960003, 29.962406413951001 ], [ -90.117694626255002, 29.961772414152001 ], [ -90.116828624985999, 29.961053414346999 ], [ -90.115875624034999, 29.960320414179002 ], [ -90.115757625032998, 29.960220413475 ], [ -90.116524624812996, 29.959523413772001 ], [ -90.117257625237997, 29.958794412953001 ], [ -90.118062625921993, 29.958085413107 ], [ -90.118693624697997, 29.957469413112999 ], [ -90.118778625499999, 29.957387413271 ], [ -90.118878624611995, 29.957304413191999 ], [ -90.119551626621003, 29.956670413053999 ], [ -90.119890626876, 29.956335412383002 ], [ -90.120302625549996, 29.955927412733001 ], [ -90.120507626762006, 29.955743412743001 ], [ -90.121303626089002, 29.955050412231 ], [ -90.122074626710003, 29.954313412659001 ], [ -90.122806627398006, 29.953572412050999 ], [ -90.123566626766006, 29.952887411418999 ], [ -90.124322627294006, 29.952174411575999 ], [ -90.125098627721997, 29.951533411690999 ], [ -90.125856627220998, 29.950820411527999 ], [ -90.126631626511994, 29.950098411679001 ], [ -90.127347627389, 29.949370410806999 ], [ -90.128124627426999, 29.948638411289998 ], [ -90.128870627957994, 29.947929410747001 ], [ -90.129604628248998, 29.947209410886 ], [ -90.130399627021006, 29.946512410187001 ], [ -90.131180629228993, 29.945835409964999 ], [ -90.131905629569005, 29.945146410275001 ], [ -90.132645629110002, 29.944439409697999 ], [ -90.13332862787, 29.943794409239999 ], [ -90.134016630009995, 29.943067409830999 ], [ -90.134066628978005, 29.942988409421002 ], [ -90.134111629784996, 29.942935408838999 ], [ -90.134209629235997, 29.942820408658999 ], [ -90.134412628142996, 29.942634409279002 ], [ -90.134521629651005, 29.942531409459001 ], [ -90.134658630206999, 29.942459409733001 ], [ -90.134757629415006, 29.942332409654 ], [ -90.135345630339003, 29.941805409480999 ], [ -90.136075629055, 29.941150408437998 ], [ -90.138979632418, 29.938409409264001 ], [ -90.139013142291006, 29.938595753903002 ], [ -90.139421037700004, 29.940863916592999 ], [ -90.139491626766997, 29.942828378868999 ], [ -90.139491627436001, 29.94282840955 ], [ -90.139778629343994, 29.945314410607001 ], [ -90.139808410312, 29.945577503820001 ], [ -90.139914854018997, 29.946517878594001 ], [ -90.139944624265993, 29.946780888625 ], [ -90.140036740735994, 29.947594669478999 ], [ -90.138853485444997, 29.949674591895999 ], [ -90.136300086201004, 29.954162610148 ], [ -90.136206293602001, 29.954327457253001 ], [ -90.134471105282003, 29.957377064818001 ], [ -90.133880831718002, 29.958414424522001 ], [ -90.133829900726994, 29.958503933475001 ], [ -90.132918920064995, 29.960104861282002 ], [ -90.131209756060002, 29.963108340742998 ], [ -90.130745653766994, 29.963923860885998 ], [ -90.130503629092999, 29.963786414017001 ], [ -90.130386629667001, 29.963707414249001 ], [ -90.130088628227, 29.963483413609001 ], [ -90.129756628839999, 29.963213413719 ], [ -90.129441629509003, 29.962957413988001 ], [ -90.129165627896995, 29.962741413970001 ], [ -90.128611628246006, 29.962294413373002 ], [ -90.128125628676003, 29.961913413604002 ], [ -90.127392628327996, 29.961292413988001 ], [ -90.126520628047999, 29.960585414080001 ], [ -90.125975628841005, 29.960137413636001 ], [ -90.125715627565, 29.959923413344001 ], [ -90.12490562776, 29.959257413486998 ], [ -90.124681626824994, 29.959460413443999 ], [ -90.123897626162005, 29.96019741313 ], [ -90.123145626934999, 29.960884413485999 ], [ -90.122366626428004, 29.961609414443998 ], [ -90.121620626341993, 29.962333414587 ], [ -90.120865627300006, 29.963041414212 ], [ -90.120137627185002, 29.963714414918002 ], [ -90.119337625504997, 29.96305341383 ], [ -90.118503625960003, 29.962406413951001 ] ] ] ] } },
{ "type": "Feature", "properties": { "objectid": "13", "gnocdc_lab": "CENTRAL CITY", "shape_starea": "39210811.481079124", "shape_stlength": "32228.328674342411" }, "geometry": { "type": "MultiPolygon", "coordinates": [ [ [ [ -90.098281620145997, 29.951729412013002 ], [ -90.097844619086999, 29.951501412150002 ], [ -90.097622619942996, 29.951385412406999 ], [ -90.097034618891996, 29.951056412027999 ], [ -90.096012619419, 29.950476412636998 ], [ -90.095606618274005, 29.950262411455 ], [ -90.095086618988006, 29.949973411413001 ], [ -90.094743618318006, 29.949786412163 ], [ -90.094151618368002, 29.949462411673 ], [ -90.093339618120993, 29.949000412181999 ], [ -90.093145617915994, 29.948896411989999 ], [ -90.092290617705004, 29.948403412394999 ], [ -90.091362618226995, 29.947893412144001 ], [ -90.090447617934004, 29.947370411439 ], [ -90.089532616523996, 29.9468554115 ], [ -90.088698616149003, 29.94637941225 ], [ -90.088364616435996, 29.946194411061001 ], [ -90.088249617342996, 29.946363411698002 ], [ -90.088198616056005, 29.946434411643001 ], [ -90.087741617502999, 29.946986411274999 ], [ -90.087275617398006, 29.947703411850998 ], [ -90.086636616609994, 29.948495412286999 ], [ -90.086073615610999, 29.949292412952001 ], [ -90.085983615036994, 29.94941041289 ], [ -90.085776616402995, 29.949704412521001 ], [ -90.085703616884004, 29.949801411721001 ], [ -90.085637615620996, 29.949898412281001 ], [ -90.085496616572996, 29.950081412839001 ], [ -90.085207616679995, 29.950457413233 ], [ -90.085121616102995, 29.950293412476 ], [ -90.085098616302005, 29.950249412805999 ], [ -90.084916615810002, 29.949901413062999 ], [ -90.084735616123993, 29.949556412518 ], [ -90.084634616054004, 29.94932041297 ], [ -90.084332615996999, 29.948850411961999 ], [ -90.084258615598998, 29.948744412313001 ], [ -90.084080615198999, 29.948580411664 ], [ -90.083567615107995, 29.948159412723001 ], [ -90.083133616268995, 29.947857411975001 ], [ -90.083033615698994, 29.947765411631 ], [ -90.082964615258007, 29.947690412362 ], [ -90.082864616180004, 29.947628411876 ], [ -90.082031614886006, 29.947100412245 ], [ -90.081356614946998, 29.946632412136001 ], [ -90.080378613704994, 29.946058411317001 ], [ -90.079848614596003, 29.945724412486001 ], [ -90.079407615403994, 29.945446412020001 ], [ -90.078985613536005, 29.94522041155 ], [ -90.078193614707999, 29.944781411990999 ], [ -90.077989613905999, 29.944692411504999 ], [ -90.077845614612997, 29.944629411676999 ], [ -90.077342613472993, 29.944389411639001 ], [ -90.077024612925001, 29.944216411922 ], [ -90.076890613516994, 29.944144412050999 ], [ -90.075693613637995, 29.943483411515999 ], [ -90.074507613964997, 29.942821411628 ], [ -90.073973613063004, 29.942543411258999 ], [ -90.073344613027999, 29.942178410922999 ], [ -90.073135612125, 29.942072411036001 ], [ -90.072465612032005, 29.941656410354 ], [ -90.072061611175002, 29.941435411057 ], [ -90.071914612076, 29.941361411075999 ], [ -90.071721610618994, 29.941259411210002 ], [ -90.071049611874997, 29.940920410951001 ], [ -90.070560612151993, 29.940656411287002 ], [ -90.070628610935998, 29.940396411563999 ], [ -90.070666611152006, 29.940284410771 ], [ -90.071000612629007, 29.939315410942001 ], [ -90.071301612214995, 29.938242410268 ], [ -90.072517612452998, 29.938511410545999 ], [ -90.072725612968995, 29.938508410794999 ], [ -90.073602613275995, 29.939040410202001 ], [ -90.074077613426994, 29.938347410397 ], [ -90.074129612272003, 29.938286410317001 ], [ -90.074583612698007, 29.937660410271999 ], [ -90.074643612082994, 29.937577409877999 ], [ -90.075149613815, 29.936908409794999 ], [ -90.075653612432006, 29.936270409989 ], [ -90.076301612828999, 29.935405409142 ], [ -90.076427613369006, 29.935224409496001 ], [ -90.076824612832993, 29.935612409171998 ], [ -90.077508613633995, 29.936194410309 ], [ -90.078045614527994, 29.935745409700999 ], [ -90.078686614256995, 29.935260409167999 ], [ -90.079576613442001, 29.934648409862 ], [ -90.080528614349006, 29.934059409134999 ], [ -90.080602614415, 29.934012409322001 ], [ -90.081501614418997, 29.933442409432001 ], [ -90.081999614790007, 29.933152408698 ], [ -90.082653614362002, 29.932762408275 ], [ -90.083394615808999, 29.932300408730001 ], [ -90.084227615437996, 29.931813408977 ], [ -90.085039615081001, 29.931372408809999 ], [ -90.085904615803997, 29.930896408039001 ], [ -90.086574615700997, 29.930505408618 ], [ -90.087282616037996, 29.930131408286002 ], [ -90.088090616098995, 29.929663408284 ], [ -90.088891617458998, 29.929230407719999 ], [ -90.089263617154998, 29.929040407948001 ], [ -90.090097616853996, 29.928675408244999 ], [ -90.090187615594999, 29.928637407863999 ], [ -90.090279615924999, 29.928747407302001 ], [ -90.090575617230996, 29.929287407592 ], [ -90.090767615961994, 29.929698408421999 ], [ -90.091178617251998, 29.930580408823001 ], [ -90.091476617547002, 29.931209408074 ], [ -90.091564617100005, 29.93140440837 ], [ -90.091588617450995, 29.931502408568999 ], [ -90.092019618155007, 29.932376408848 ], [ -90.092484617191005, 29.933238408291 ], [ -90.092888617759002, 29.934161408781002 ], [ -90.093354618697006, 29.935019409253002 ], [ -90.093790618504997, 29.935932409273999 ], [ -90.094289617949997, 29.935744409253999 ], [ -90.094878618801999, 29.935527408923001 ], [ -90.094936618299002, 29.935636409049 ], [ -90.095319619096998, 29.936427409029001 ], [ -90.095772618794996, 29.937391409818002 ], [ -90.096195619436998, 29.938311409303999 ], [ -90.096335619222003, 29.938606409868001 ], [ -90.096401619, 29.938875409769999 ], [ -90.096419618953007, 29.938983409647001 ], [ -90.096423619123001, 29.939081410236 ], [ -90.096420618767993, 29.939185409781 ], [ -90.096414618023005, 29.93930841 ], [ -90.096385618274994, 29.939505409426001 ], [ -90.096346619363999, 29.939637409475001 ], [ -90.096301617782004, 29.939758409953001 ], [ -90.096175618830998, 29.940001410385001 ], [ -90.096118618055002, 29.940164410339001 ], [ -90.096081619556003, 29.940284410541999 ], [ -90.096049619591994, 29.940411410307 ], [ -90.096034618969, 29.94052941052 ], [ -90.096031618973001, 29.940816410656002 ], [ -90.096030617699, 29.941052410419001 ], [ -90.096043618834003, 29.941243410636002 ], [ -90.096075618496997, 29.941473410553002 ], [ -90.096125618675003, 29.941633409891001 ], [ -90.096174618033999, 29.941786410239999 ], [ -90.096593619119005, 29.942699410307 ], [ -90.097026618832999, 29.943569411234002 ], [ -90.097450620399002, 29.944374410813001 ], [ -90.097853619844003, 29.945236411038 ], [ -90.098214619651998, 29.946001411486002 ], [ -90.098294620510998, 29.946158410976 ], [ -90.098658619614, 29.946916411661 ], [ -90.099071620638, 29.947745411461 ], [ -90.099449619780998, 29.948550411667998 ], [ -90.099831620699007, 29.949439412031001 ], [ -90.099980619356998, 29.949727412621002 ], [ -90.100048620655997, 29.949859412329999 ], [ -90.100136620479006, 29.950030412297998 ], [ -90.100560620786993, 29.950851412447999 ], [ -90.100637621245994, 29.951004412433999 ], [ -90.100933621371993, 29.951700412169 ], [ -90.101458620214004, 29.952736412566001 ], [ -90.102000620965001, 29.953665412406998 ], [ -90.102204620080997, 29.953967413135999 ], [ -90.101922621428002, 29.953757413205999 ], [ -90.101052619534002, 29.953288412578999 ], [ -90.100170620041993, 29.952794412976001 ], [ -90.098845620494004, 29.952072412349999 ], [ -90.098499619498995, 29.951862412528001 ], [ -90.098281620145997, 29.951729412013002 ] ] ] ] } },
{ "type": "Feature", "properties": { "objectid": "15", "gnocdc_lab": "DESIRE AREA", "shape_starea": "57345224.147520319", "shape_stlength": "30435.989421725182" }, "geometry": { "type": "MultiPolygon", "coordinates": [ [ [ [ -90.021703600869003, 29.980724421226999 ], [ -90.021876599909007, 29.980677421143 ], [ -90.022007600565999, 29.980764420987999 ], [ -90.022811601051998, 29.980941421735 ], [ -90.025688601259006, 29.981576421547999 ], [ -90.026725601593995, 29.981812421549002 ], [ -90.028120602141001, 29.982124420967001 ], [ -90.028339602613002, 29.982174421423 ], [ -90.029292602336, 29.982400421390999 ], [ -90.029657603095004, 29.982479421914 ], [ -90.029798602585998, 29.982510421412002 ], [ -90.031246603080007, 29.982842421232 ], [ -90.032081603514996, 29.983032421922999 ], [ -90.033733603835998, 29.983406421032001 ], [ -90.035429604547005, 29.983795421263999 ], [ -90.036595604652007, 29.984060421589 ], [ -90.037336604445002, 29.984229421420999 ], [ -90.043193607239999, 29.985545421369 ], [ -90.043407607223003, 29.985593421316 ], [ -90.044007606280999, 29.985738421432998 ], [ -90.044793606328, 29.986063421330002 ], [ -90.044875606771996, 29.986127422279999 ], [ -90.045085606658006, 29.986291421941001 ], [ -90.045030607561998, 29.986433421843 ], [ -90.044676606812004, 29.987307421981999 ], [ -90.044845606690004, 29.989626422861999 ], [ -90.044921607457994, 29.99064442261 ], [ -90.044995607543996, 29.991655422947002 ], [ -90.045043607748994, 29.992740422665001 ], [ -90.045074606276003, 29.993190423081 ], [ -90.045141606786004, 29.993987423309001 ], [ -90.045251607015999, 29.995286423502002 ], [ -90.045252607699993, 29.995557423765 ], [ -90.045276607527995, 29.996207423798001 ], [ -90.045290606258007, 29.996330423940002 ], [ -90.045337608438999, 29.996757424118002 ], [ -90.045361606019995, 29.996997424227999 ], [ -90.045375607816993, 29.997162423835 ], [ -90.045466607790999, 29.997973424318001 ], [ -90.045529608029995, 29.998762424252 ], [ -90.04559160673, 29.999547424618999 ], [ -90.045656607501002, 30.000360424974001 ], [ -90.045717607523002, 30.001148425122 ], [ -90.045799607535997, 30.001958425548999 ], [ -90.045857608280997, 30.002628424903001 ], [ -90.045867607950996, 30.002741425187001 ], [ -90.045493608217001, 30.002756425078999 ], [ -90.045408608556002, 30.002757425062999 ], [ -90.045167607324004, 30.002765425540002 ], [ -90.044452607010996, 30.002808425026998 ], [ -90.044349607667002, 30.002816425294 ], [ -90.044137606042995, 30.002832425447998 ], [ -90.043962606983001, 30.002849425543001 ], [ -90.043569607292994, 30.002903425599001 ], [ -90.043244607953, 30.002954425135002 ], [ -90.042972606540005, 30.003004425804001 ], [ -90.042615606290994, 30.003079425972999 ], [ -90.042292606944002, 30.003168425510001 ], [ -90.041865606938998, 30.003299424813001 ], [ -90.041559605922004, 30.003411425509999 ], [ -90.041502606223006, 30.003432425749999 ], [ -90.041300607625004, 30.003511425283001 ], [ -90.040118605968004, 30.003972425364001 ], [ -90.040021605090999, 30.004009425437999 ], [ -90.038155605724, 30.004719425802001 ], [ -90.036389605899998, 30.005392425785001 ], [ -90.035755605758993, 30.005641425909001 ], [ -90.034180605618005, 30.006261426314001 ], [ -90.032960604481005, 30.006725425976001 ], [ -90.032345604916003, 30.006959426563 ], [ -90.031940604276997, 30.007106426375 ], [ -90.031661604053994, 30.007203427139 ], [ -90.031039603042004, 30.007387426946998 ], [ -90.029917603643, 30.007653426556999 ], [ -90.029783603859997, 30.007685426228001 ], [ -90.029578604121994, 30.007742427059998 ], [ -90.028246603366995, 30.008034427098 ], [ -90.027537603216004, 30.008190427132 ], [ -90.027012603279005, 30.008320427289998 ], [ -90.026971603790003, 30.008185426581999 ], [ -90.026103602912997, 30.005360426029998 ], [ -90.025917602869995, 30.004752427052999 ], [ -90.025894602920005, 30.004685425843 ], [ -90.025883602774996, 30.004652425972001 ], [ -90.025881602721995, 30.004648426393 ], [ -90.025868602116006, 30.004624426201001 ], [ -90.025839602016006, 30.004559426071999 ], [ -90.025832602297001, 30.004532426028 ], [ -90.025829602108999, 30.004520426406 ], [ -90.025348602676004, 30.003233426232999 ], [ -90.025092601660006, 30.002398425913999 ], [ -90.024286600924995, 29.999759425345999 ], [ -90.022372600362004, 29.993496423619 ], [ -90.022151599954, 29.992773424081001 ], [ -90.021276600882004, 29.989907423742 ], [ -90.020276599968994, 29.98590742216 ], [ -90.020815599233998, 29.984226421934 ], [ -90.020833600391001, 29.984170422367999 ], [ -90.021163600535999, 29.983125421255998 ], [ -90.021412600904995, 29.981828421452001 ], [ -90.021506600188005, 29.981420421309 ], [ -90.021583600054996, 29.981066421489 ], [ -90.021606600233994, 29.980999421122998 ], [ -90.021616600780007, 29.980969421527998 ], [ -90.021640600360996, 29.980900420948998 ], [ -90.021703600869003, 29.980724421226999 ] ] ] ] } },
{ "type": "Feature", "properties": { "objectid": "10", "gnocdc_lab": "BROADMOOR", "shape_starea": "15761350.308451282", "shape_stlength": "17139.71289096677" }, "geometry": { "type": "MultiPolygon", "coordinates": [ [ [ [ -90.101458620214004, 29.952736412566001 ], [ -90.100933621371993, 29.951700412169 ], [ -90.100637621245994, 29.951004412433999 ], [ -90.100560620786993, 29.950851412447999 ], [ -90.100136620479006, 29.950030412297998 ], [ -90.100048620655997, 29.949859412329999 ], [ -90.099980619356998, 29.949727412621002 ], [ -90.099831620699007, 29.949439412031001 ], [ -90.099449619780998, 29.948550411667998 ], [ -90.099071620638, 29.947745411461 ], [ -90.098658619614, 29.946916411661 ], [ -90.098294620510998, 29.946158410976 ], [ -90.098214619651998, 29.946001411486002 ], [ -90.097853619844003, 29.945236411038 ], [ -90.097450620399002, 29.944374410813001 ], [ -90.097026618832999, 29.943569411234002 ], [ -90.096593619119005, 29.942699410307 ], [ -90.096174618033999, 29.941786410239999 ], [ -90.096125618675003, 29.941633409891001 ], [ -90.096075618496997, 29.941473410553002 ], [ -90.096254618404998, 29.941377410493999 ], [ -90.097456618853997, 29.940875410053 ], [ -90.097579620017996, 29.940829410506002 ], [ -90.098140619796993, 29.94062041043 ], [ -90.098544619346001, 29.940486410062 ], [ -90.098875618497999, 29.940435409622999 ], [ -90.099857618583997, 29.940357410640999 ], [ -90.101079619882995, 29.940264409979001 ], [ -90.102187620520994, 29.940170409745999 ], [ -90.103070620986003, 29.940117409332 ], [ -90.103310620947994, 29.940102409990999 ], [ -90.103546621397001, 29.94008040944 ], [ -90.104708621086004, 29.940000409917001 ], [ -90.105813620373993, 29.939900410012999 ], [ -90.106270621530996, 29.939869409585 ], [ -90.106537622182003, 29.939864409262999 ], [ -90.106751620983005, 29.939877409918001 ], [ -90.10703362145, 29.939927409228002 ], [ -90.107216622196006, 29.939982409361001 ], [ -90.107550621269993, 29.940134409784999 ], [ -90.107777622119997, 29.940253409802999 ], [ -90.108060621324995, 29.940422409955001 ], [ -90.108359621990999, 29.940594409508002 ], [ -90.108957622394996, 29.940939409801999 ], [ -90.109519623558, 29.941283410234 ], [ -90.109637622414994, 29.941355410147001 ], [ -90.109545622786001, 29.941672409651002 ], [ -90.109334622880993, 29.942413410293 ], [ -90.109081622337996, 29.943334410832001 ], [ -90.108845622776002, 29.944288410967001 ], [ -90.108635623116996, 29.945178411421001 ], [ -90.108352621766997, 29.946109411045999 ], [ -90.108240623054002, 29.946092411493002 ], [ -90.10779862167, 29.946023410738999 ], [ -90.107780622972001, 29.946399410822998 ], [ -90.107766622422005, 29.946929411153999 ], [ -90.109049622955993, 29.947165410720999 ], [ -90.110053622940995, 29.947380411306 ], [ -90.110255623616993, 29.947434411669001 ], [ -90.109939623049002, 29.948308410841999 ], [ -90.109604623227, 29.949242411836 ], [ -90.109272623064001, 29.950122411867 ], [ -90.108952622464997, 29.951026411787002 ], [ -90.108647621824005, 29.950964412613001 ], [ -90.108115623141998, 29.950846411992998 ], [ -90.108072621066, 29.950967412291 ], [ -90.107848623560002, 29.951737411796 ], [ -90.107626623477003, 29.952634412245999 ], [ -90.107492622238993, 29.953068412642001 ], [ -90.107156621810006, 29.953498413154001 ], [ -90.106931622028995, 29.953786412279999 ], [ -90.106586621090003, 29.954370413041001 ], [ -90.106538622714993, 29.954363412687002 ], [ -90.106512623338006, 29.954363412983 ], [ -90.106477620777, 29.954373412597 ], [ -90.106379622828001, 29.954469413150999 ], [ -90.105946621071993, 29.955152412905999 ], [ -90.104908621142997, 29.954601412374998 ], [ -90.103958621683006, 29.954053412712 ], [ -90.103290621428002, 29.953686412446 ], [ -90.102393621144003, 29.953174412787 ], [ -90.101804620652999, 29.952896413074999 ], [ -90.101458620214004, 29.952736412566001 ] ] ] ] } },
{ "type": "Feature", "properties": { "objectid": "60", "gnocdc_lab": "ST. BERNARD AREA", "shape_starea": "9846139.9022955745", "shape_stlength": "13454.046445898353" }, "geometry": { "type": "MultiPolygon", "coordinates": [ [ [ [ -90.073365614074007, 29.993034421859001 ], [ -90.074548615821996, 29.992948422474001 ], [ -90.075704615603996, 29.992883421697002 ], [ -90.076113614536993, 29.992859421948999 ], [ -90.076265614472007, 29.992860422469001 ], [ -90.076414615974997, 29.992873422614 ], [ -90.076577615470001, 29.992910421824 ], [ -90.076767616468004, 29.992973421698998 ], [ -90.076885615790005, 29.993065422600001 ], [ -90.077033615713006, 29.993076422178 ], [ -90.077237616347006, 29.993084421967001 ], [ -90.077433616386998, 29.993092421798 ], [ -90.077316616670998, 29.992900422280002 ], [ -90.077225616163005, 29.992750421992 ], [ -90.077151616172003, 29.992627422283999 ], [ -90.076903616072002, 29.992155422395999 ], [ -90.077179614610003, 29.992249421844999 ], [ -90.077421616570007, 29.992327422043999 ], [ -90.077743614960994, 29.992407421806998 ], [ -90.077943615815002, 29.992448421750002 ], [ -90.078108615671994, 29.992463422113001 ], [ -90.078275616414004, 29.992475422508999 ], [ -90.078541616790005, 29.992477422475002 ], [ -90.080022616760999, 29.992432421602999 ], [ -90.082290617637995, 29.992372421591 ], [ -90.082620617860997, 29.992376421797999 ], [ -90.082990617465001, 29.992394421966999 ], [ -90.083547617258006, 29.992446422238999 ], [ -90.084504618522004, 29.992531422327001 ], [ -90.086093617841996, 29.992670422279001 ], [ -90.086202618531004, 29.992680421292999 ], [ -90.086296618391003, 29.992688421335998 ], [ -90.086286617374995, 29.992752422226001 ], [ -90.086240618130006, 29.9928674212 ], [ -90.086173617419007, 29.992984421700999 ], [ -90.086153617649998, 29.993059422466999 ], [ -90.086126617988, 29.993126421867998 ], [ -90.086099618779002, 29.993356422045 ], [ -90.085909617381006, 29.993868421544001 ], [ -90.085874619018, 29.994575422552 ], [ -90.085638617704006, 29.995355422715001 ], [ -90.085336618534996, 29.995930422844001 ], [ -90.084921617839996, 29.996595422681999 ], [ -90.084927617402997, 29.996619422727999 ], [ -90.085076618927999, 29.997228423056999 ], [ -90.085357619020996, 29.998179422715999 ], [ -90.085384618774995, 29.998682423285999 ], [ -90.085385618149999, 29.998820422946 ], [ -90.085383618123998, 29.99909342326 ], [ -90.085380618784001, 29.999325423487999 ], [ -90.085380618268005, 29.999388422860999 ], [ -90.085380617812007, 29.999450423475999 ], [ -90.085026618735, 29.999473423756001 ], [ -90.084421618617995, 29.999511423356999 ], [ -90.083253618222997, 29.999595423298 ], [ -90.082092618136002, 29.999655423509001 ], [ -90.081267617687004, 29.999711423413 ], [ -90.081006616927993, 29.999701423476001 ], [ -90.080925617941006, 29.999698423523 ], [ -90.079757617230996, 29.999758423176999 ], [ -90.078596616702995, 29.999834423258999 ], [ -90.077433615526004, 29.999905423693999 ], [ -90.076255615384994, 29.999959423461 ], [ -90.075107615811007, 30.000037424262 ], [ -90.073935615479996, 30.000101423875002 ], [ -90.073889615035995, 29.999669423141 ], [ -90.073848615488998, 29.999083423030999 ], [ -90.073757613943997, 29.998077422919 ], [ -90.073744615387994, 29.997916423326998 ], [ -90.073677615296006, 29.997058423081 ], [ -90.073599614955995, 29.996048422866998 ], [ -90.073518614853995, 29.995036423276002 ], [ -90.073442614715006, 29.99403342227 ], [ -90.073365614074007, 29.993034421859001 ] ] ] ] } },
{ "type": "Feature", "properties": { "objectid": "21", "gnocdc_lab": "FAIRGROUNDS", "shape_starea": "24316104.779835112", "shape_stlength": "20461.12513680628" }, "geometry": { "type": "MultiPolygon", "coordinates": [ [ [ [ -90.076903616072002, 29.992155422395999 ], [ -90.076674614943002, 29.991746421519 ], [ -90.076456615834999, 29.991672421301999 ], [ -90.075563614424993, 29.99137042201 ], [ -90.074990614767003, 29.991163421574999 ], [ -90.074313615278996, 29.99091942163 ], [ -90.074075614639995, 29.990841422346001 ], [ -90.073871614705993, 29.990778421706001 ], [ -90.073725614720004, 29.988954421102001 ], [ -90.073453615085, 29.988970420914001 ], [ -90.073242614592004, 29.98897342115 ], [ -90.073023614575007, 29.988972421587999 ], [ -90.072816615394004, 29.988982421911 ], [ -90.071637614612001, 29.989036421979002 ], [ -90.070481613740995, 29.989120420877001 ], [ -90.070388612545997, 29.98810442145 ], [ -90.069239613861001, 29.988189421171001 ], [ -90.06882961398, 29.988206421019001 ], [ -90.068646613427006, 29.988212421103999 ], [ -90.068514612553003, 29.988210421975001 ], [ -90.068423612385999, 29.988198421301 ], [ -90.068328613928998, 29.988168421567 ], [ -90.068182613987005, 29.988061421183001 ], [ -90.068096613522002, 29.987987421494001 ], [ -90.068044612923003, 29.987923421321 ], [ -90.068016612708007, 29.987806420626001 ], [ -90.067994612204004, 29.987619420809001 ], [ -90.067969613065998, 29.987400420945999 ], [ -90.068152613362997, 29.987196421537998 ], [ -90.069028613076, 29.986218420836 ], [ -90.069106614008007, 29.986155421587 ], [ -90.070090613017001, 29.985073420492999 ], [ -90.071027613832001, 29.98401642032 ], [ -90.071656614071998, 29.983310420300999 ], [ -90.071740614318998, 29.983215420080001 ], [ -90.072399613959007, 29.982462420295999 ], [ -90.073117614221999, 29.981678419634999 ], [ -90.073843613489998, 29.980854419326 ], [ -90.074551614826007, 29.980070418951001 ], [ -90.075264615227994, 29.979265419084999 ], [ -90.075976614062995, 29.978468419363001 ], [ -90.076689615004, 29.977671419058002 ], [ -90.076992615536, 29.977330418920999 ], [ -90.077700615002001, 29.976550418367999 ], [ -90.078181615336007, 29.975997418957 ], [ -90.078386615171993, 29.976150418850999 ], [ -90.078545615584005, 29.976269418017999 ], [ -90.079477616212998, 29.976947418849001 ], [ -90.080054616346999, 29.977306418651999 ], [ -90.080461616676004, 29.977574418869001 ], [ -90.081443615051995, 29.978217418519002 ], [ -90.082415617039999, 29.978920419103002 ], [ -90.082907616349999, 29.979250419037001 ], [ -90.083358617659997, 29.979573418944 ], [ -90.083781616807002, 29.979860418851999 ], [ -90.084626616568002, 29.980453419370999 ], [ -90.084818617991999, 29.980589419480999 ], [ -90.085535617876005, 29.981081419256999 ], [ -90.085760616518002, 29.981229419982999 ], [ -90.086152618528999, 29.981483418981 ], [ -90.086675617934006, 29.981858419607001 ], [ -90.087783618822996, 29.982616419273999 ], [ -90.088415617636997, 29.983067419853001 ], [ -90.089022619226, 29.983467419246001 ], [ -90.089140618860995, 29.983634419185002 ], [ -90.089375618435994, 29.983777419570998 ], [ -90.089193619209993, 29.984049420201998 ], [ -90.089073617634, 29.984668419535002 ], [ -90.088960619271006, 29.985404420174 ], [ -90.088856618747997, 29.985814420897999 ], [ -90.088471617902002, 29.986301420562999 ], [ -90.088038618892, 29.986634420298 ], [ -90.087709618353003, 29.987135420421001 ], [ -90.087685618262995, 29.987454420308001 ], [ -90.087845617571006, 29.987975420384 ], [ -90.087845619034994, 29.988344421152998 ], [ -90.087669618575006, 29.988698420698 ], [ -90.087380618715997, 29.989073421507001 ], [ -90.087296619040998, 29.989266420977 ], [ -90.087256617280005, 29.989570420456001 ], [ -90.087150618554006, 29.989924421503002 ], [ -90.087094618476996, 29.990318421272999 ], [ -90.087079617533007, 29.990669421322 ], [ -90.086963618715998, 29.990962421208 ], [ -90.086725617328995, 29.991352421060999 ], [ -90.086488617998, 29.991732421624 ], [ -90.086473617370004, 29.992008421662 ], [ -90.086463619227004, 29.992341421820999 ], [ -90.086387617680998, 29.992485421872999 ], [ -90.086296618391003, 29.992688421335998 ], [ -90.086202618531004, 29.992680421292999 ], [ -90.086093617841996, 29.992670422279001 ], [ -90.084504618522004, 29.992531422327001 ], [ -90.083547617258006, 29.992446422238999 ], [ -90.082990617465001, 29.992394421966999 ], [ -90.082620617860997, 29.992376421797999 ], [ -90.082290617637995, 29.992372421591 ], [ -90.080022616760999, 29.992432421602999 ], [ -90.078541616790005, 29.992477422475002 ], [ -90.078275616414004, 29.992475422508999 ], [ -90.078108615671994, 29.992463422113001 ], [ -90.077943615815002, 29.992448421750002 ], [ -90.077743614960994, 29.992407421806998 ], [ -90.077421616570007, 29.992327422043999 ], [ -90.077179614610003, 29.992249421844999 ], [ -90.076903616072002, 29.992155422395999 ] ] ] ] } },
{ "type": "Feature", "properties": { "objectid": "58", "gnocdc_lab": "TREME - LAFITTE", "shape_starea": "19235313.711867984", "shape_stlength": "18266.227616586028" }, "geometry": { "type": "MultiPolygon", "coordinates": [ [ [ [ -90.063602610364995, 29.966026417068999 ], [ -90.063706611458997, 29.965911416621001 ], [ -90.064201610224998, 29.965360416643001 ], [ -90.064880611700005, 29.964571416220998 ], [ -90.065586611441006, 29.963805415749999 ], [ -90.066289611369001, 29.963010415721001 ], [ -90.067017612007007, 29.962195415577 ], [ -90.067717612281001, 29.961408415232 ], [ -90.068108612588006, 29.960974415327001 ], [ -90.068495612204003, 29.960535415366 ], [ -90.069216613048994, 29.959723415142001 ], [ -90.069926613182005, 29.958946415555001 ], [ -90.070396611698001, 29.959277414467 ], [ -90.070654611609996, 29.959429414712002 ], [ -90.071127613184004, 29.959756414925 ], [ -90.071662612118999, 29.960123415306999 ], [ -90.072428612707995, 29.960646415323001 ], [ -90.073070613658999, 29.961089415557002 ], [ -90.073196612222006, 29.961177415517 ], [ -90.073995613719006, 29.961690415151999 ], [ -90.074355612331004, 29.961938415601001 ], [ -90.074740613329993, 29.962203414834001 ], [ -90.074842614589997, 29.962265415164001 ], [ -90.074976614186994, 29.962348415769998 ], [ -90.075107613634998, 29.962429415283001 ], [ -90.075885615058993, 29.962942415299 ], [ -90.076786614935997, 29.963536415905001 ], [ -90.077639615023003, 29.964150415578999 ], [ -90.078519614664998, 29.964724416010998 ], [ -90.079264614443005, 29.965251416333 ], [ -90.079476615532997, 29.965393416777999 ], [ -90.080264615748007, 29.965916416323001 ], [ -90.081152614733995, 29.966504416069998 ], [ -90.082022615816001, 29.967101415984999 ], [ -90.083118615824006, 29.967844416098998 ], [ -90.084454617118993, 29.968704416072001 ], [ -90.084301617121, 29.968894416202001 ], [ -90.084120617105995, 29.969172416850999 ], [ -90.083822616711004, 29.969517417211001 ], [ -90.083139616737, 29.9703054165 ], [ -90.082795617667998, 29.970691416758999 ], [ -90.082725615089004, 29.970770417122001 ], [ -90.082278616937003, 29.971287417393 ], [ -90.081552615611002, 29.972120417700999 ], [ -90.080798615974999, 29.973009417514 ], [ -90.080091616025996, 29.973816417992001 ], [ -90.080042615463, 29.973872417113999 ], [ -90.079816614554005, 29.974133417556001 ], [ -90.079417616298997, 29.974572417775001 ], [ -90.078946616186002, 29.975120418526 ], [ -90.078681614158995, 29.975421418052001 ], [ -90.078181615336007, 29.975997418957 ], [ -90.076826615000996, 29.975090418333998 ], [ -90.075636614035005, 29.974256417561001 ], [ -90.074803614624003, 29.973590417560001 ], [ -90.074179613854994, 29.973186417869002 ], [ -90.074046614316003, 29.973128417923999 ], [ -90.073956614289997, 29.973097417897002 ], [ -90.073850612982994, 29.973067417722 ], [ -90.073755613375994, 29.973007418201 ], [ -90.073645614656996, 29.972948417263002 ], [ -90.073509613694, 29.972879417880002 ], [ -90.073249614402997, 29.972736417985999 ], [ -90.073193613783999, 29.972680417484 ], [ -90.073126612687005, 29.972616418051999 ], [ -90.073047613932999, 29.972551417708999 ], [ -90.072977614272006, 29.972512418122999 ], [ -90.072094613014002, 29.97188641804 ], [ -90.071240612995993, 29.971275417927 ], [ -90.070373614055995, 29.970688417409001 ], [ -90.069487612990997, 29.970102417684 ], [ -90.068719611820001, 29.969580417425998 ], [ -90.068606613387004, 29.969505417562001 ], [ -90.068463611721, 29.969405417255999 ], [ -90.068370612954993, 29.969339416937 ], [ -90.067630612292007, 29.968812417506999 ], [ -90.066864612432994, 29.968264416901999 ], [ -90.065841611861998, 29.967582417315 ], [ -90.065311611400006, 29.967200416308 ], [ -90.064517611788006, 29.966613416419001 ], [ -90.063602610364995, 29.966026417068999 ] ] ] ] } },
{ "type": "Feature", "properties": { "objectid": "52", "gnocdc_lab": "PLUM ORCHARD", "shape_starea": "27132040.974287782", "shape_stlength": "22797.656193197807" }, "geometry": { "type": "MultiPolygon", "coordinates": [ [ [ [ -89.988871592693997, 30.014186429205999 ], [ -89.989253593452005, 30.014111429623998 ], [ -89.990105593335002, 30.013962429601001 ], [ -89.990968593106999, 30.013808429630998 ], [ -89.991997593242004, 30.013630429787 ], [ -89.993018594459997, 30.013450429589 ], [ -89.993526594844994, 30.013364429083001 ], [ -89.994454593946003, 30.01320142929 ], [ -89.995850594602999, 30.012956428886 ], [ -89.996979593606994, 30.012757428720001 ], [ -89.997234594651005, 30.012711429098001 ], [ -89.998658594595, 30.012453428562999 ], [ -89.999049594756997, 30.012386428799999 ], [ -89.999511596594004, 30.012321429265 ], [ -90.000642595848007, 30.012194428396999 ], [ -90.001609595689004, 30.012089429027 ], [ -90.002202596600995, 30.012024428701 ], [ -90.002496596325003, 30.011992428709998 ], [ -90.002866596447006, 30.011952429160001 ], [ -90.004281596154996, 30.011795428389998 ], [ -90.005868597692995, 30.011618428394002 ], [ -90.007189597492001, 30.011483428365999 ], [ -90.008249597833995, 30.011371428913002 ], [ -90.008860598135996, 30.011307427925001 ], [ -90.009762598117007, 30.011214428195998 ], [ -90.010685598948996, 30.01110942887 ], [ -90.010925599277996, 30.011075427666 ], [ -90.012048599069999, 30.010973428054001 ], [ -90.012290599449003, 30.010953428038 ], [ -90.012814598695002, 30.010894428202 ], [ -90.012876598809001, 30.010888427703001 ], [ -90.013172599715006, 30.010857428184 ], [ -90.013197599609995, 30.011519427966 ], [ -90.013386600228998, 30.013255428166001 ], [ -90.013444599069004, 30.013984428383999 ], [ -90.013727600056001, 30.016951429588001 ], [ -90.013858600367996, 30.018502429645999 ], [ -90.013979599782004, 30.019939430345001 ], [ -90.014010600201999, 30.020279430214998 ], [ -90.013702598623993, 30.020364430598999 ], [ -90.012938599367999, 30.020574430383 ], [ -90.012147598080006, 30.020625430102999 ], [ -90.011670599983006, 30.020891430390002 ], [ -90.010740600003999, 30.020751430253998 ], [ -90.009829598478007, 30.020829430444 ], [ -90.006400598164007, 30.021155430145001 ], [ -90.005529598109007, 30.021236430138998 ], [ -90.004882597012994, 30.021303430926 ], [ -90.004333597785006, 30.021367430800002 ], [ -90.003470597738996, 30.021446430051999 ], [ -90.002621596797994, 30.021539430535999 ], [ -90.001851595592001, 30.021600430349999 ], [ -90.001227597058005, 30.021669430426002 ], [ -90.000437597160001, 30.021738430818999 ], [ -89.999905595580998, 30.021790430464002 ], [ -89.999677596268, 30.021823430855999 ], [ -89.998185595180004, 30.02225143055 ], [ -89.997439596396006, 30.022464431214999 ], [ -89.996646595418994, 30.022666431499001 ], [ -89.995792595984994, 30.022931431473001 ], [ -89.995512595785996, 30.023013431348001 ], [ -89.995300594759001, 30.023091430960001 ], [ -89.994140594059004, 30.023315431415 ], [ -89.992775593047, 30.023506431760001 ], [ -89.992186594078007, 30.023578431400999 ], [ -89.990917593692004, 30.023732431858001 ], [ -89.989475593795007, 30.023906431667999 ], [ -89.989856594284007, 30.023784431940001 ], [ -89.989602594000999, 30.021368431178001 ], [ -89.989430593467006, 30.019737430715999 ], [ -89.989413592470001, 30.01957643079 ], [ -89.989406593233994, 30.019513430848999 ], [ -89.989223593069994, 30.017808430333002 ], [ -89.98904659275, 30.016032429988002 ], [ -89.988871592693997, 30.014186429205999 ] ] ] ] } },
{ "type": "Feature", "properties": { "objectid": "49", "gnocdc_lab": "MILNEBURG", "shape_starea": "20615165.106150288", "shape_stlength": "18462.795416585108" }, "geometry": { "type": "MultiPolygon", "coordinates": [ [ [ [ -90.046740608839002, 30.01326742757 ], [ -90.047260608890994, 30.013267427528 ], [ -90.047731608386002, 30.013267427864001 ], [ -90.048184609489994, 30.013263427218 ], [ -90.048859608488002, 30.013255427893998 ], [ -90.049107609415003, 30.013245428026 ], [ -90.049994609899997, 30.013224427967 ], [ -90.050990610708993, 30.013192427214001 ], [ -90.051168609759998, 30.013186427796999 ], [ -90.052083609090005, 30.013239427631 ], [ -90.052980610603001, 30.013226427195999 ], [ -90.053490610195993, 30.013218427100998 ], [ -90.053877610764999, 30.013213426955001 ], [ -90.054502611215, 30.013204427432999 ], [ -90.054764611394006, 30.013198427932 ], [ -90.055599611092006, 30.013169427377999 ], [ -90.055875611735999, 30.013160427218999 ], [ -90.056816611070005, 30.013104427083999 ], [ -90.057753611779006, 30.013045427622 ], [ -90.057897610327004, 30.013034427023001 ], [ -90.057985612167997, 30.013025427226999 ], [ -90.058066611499001, 30.013009426878 ], [ -90.058172612058002, 30.012980426719 ], [ -90.058327612167005, 30.012929427561001 ], [ -90.058651612041004, 30.012810427447 ], [ -90.059013612653999, 30.012680427260001 ], [ -90.059555612050005, 30.012595427337999 ], [ -90.060133613041998, 30.012553426755002 ], [ -90.060468611711997, 30.012540426773 ], [ -90.060506612240999, 30.012887426624001 ], [ -90.060528612812007, 30.013054427520999 ], [ -90.060570611309998, 30.013266426929999 ], [ -90.060598613210999, 30.013389426753001 ], [ -90.060610612488006, 30.013458427324998 ], [ -90.060620612586007, 30.013567426584999 ], [ -90.060703612495999, 30.014580427883999 ], [ -90.060788612338001, 30.015598427640999 ], [ -90.060874613210999, 30.016639428125 ], [ -90.060887613057005, 30.016797427924999 ], [ -90.060981612240994, 30.017858428250999 ], [ -90.061052612192995, 30.01887642821 ], [ -90.061081612888003, 30.019334428213 ], [ -90.061127612765006, 30.019883428846001 ], [ -90.061214612659001, 30.020922428744999 ], [ -90.061299613765996, 30.021917429481999 ], [ -90.061315613450006, 30.022101429374001 ], [ -90.061400612789001, 30.02314142893 ], [ -90.061491613252997, 30.024150430005999 ], [ -90.061515613081994, 30.025037429815999 ], [ -90.061521612137994, 30.025242429586001 ], [ -90.061125613352999, 30.025261429497 ], [ -90.060736613505, 30.025275429897999 ], [ -90.060403612773996, 30.025265429232999 ], [ -90.060238613017006, 30.025259430350999 ], [ -90.059926612837998, 30.025250429979 ], [ -90.059540612730004, 30.025266429011001 ], [ -90.058889611031006, 30.025335429173001 ], [ -90.056796611600006, 30.025622429929001 ], [ -90.056474610411996, 30.025664429766 ], [ -90.055522610593002, 30.025790430541001 ], [ -90.054947610251006, 30.025867430578 ], [ -90.054459611183006, 30.025939429423001 ], [ -90.053649611216002, 30.026065430671999 ], [ -90.053474610712996, 30.026092429485999 ], [ -90.053310611257004, 30.026118429787001 ], [ -90.052252609179007, 30.026393430149 ], [ -90.052074611262, 30.026425430532001 ], [ -90.049712608918, 30.026850429661 ], [ -90.049057609825994, 30.026955430305001 ], [ -90.048443609832006, 30.027070430994002 ], [ -90.048059609511995, 30.027156430061002 ], [ -90.047942609602003, 30.027192430631999 ], [ -90.047914609298999, 30.027050430235999 ], [ -90.047880609806001, 30.026876430864 ], [ -90.047849609706006, 30.026728430266999 ], [ -90.047773609502002, 30.026650430290999 ], [ -90.047731609690004, 30.026002430826001 ], [ -90.047643609239003, 30.024984429897 ], [ -90.047575610151, 30.023967429715 ], [ -90.047486608867004, 30.022948429711001 ], [ -90.047470608888005, 30.022768429264001 ], [ -90.047377609698003, 30.021706429771001 ], [ -90.047354608611002, 30.021112429060999 ], [ -90.047336608199004, 30.020709428642 ], [ -90.047273608609004, 30.019707428897998 ], [ -90.047165609196995, 30.018675429011001 ], [ -90.047083608787005, 30.017633428177 ], [ -90.047070609247996, 30.017472428743002 ], [ -90.046982608134996, 30.01642142799 ], [ -90.046918607660999, 30.015765427809999 ], [ -90.046881608552994, 30.015417427551 ], [ -90.046813608180003, 30.014409427659999 ], [ -90.046740608839002, 30.01326742757 ] ] ] ] } },
{ "type": "Feature", "properties": { "objectid": "25", "gnocdc_lab": "FLORIDA DEV", "shape_starea": "1540363.4977906127", "shape_stlength": "5959.0304314883424" }, "geometry": { "type": "MultiPolygon", "coordinates": [ [ [ [ -90.029798602585998, 29.982510421412002 ], [ -90.029631602069998, 29.982306421088001 ], [ -90.029625603400007, 29.982298421161001 ], [ -90.029447602334997, 29.982104421094999 ], [ -90.029378601529999, 29.982042421201001 ], [ -90.029630602867002, 29.982113420996001 ], [ -90.029544603174998, 29.982012420916998 ], [ -90.029495602495999, 29.981935421164 ], [ -90.029820602301001, 29.980880421327999 ], [ -90.029944603442999, 29.980468420680999 ], [ -90.030037601569006, 29.980126420855999 ], [ -90.030115603126006, 29.979840420843001 ], [ -90.031073603690004, 29.980069420606998 ], [ -90.031525603819006, 29.980176420347998 ], [ -90.032055602878998, 29.980297420882 ], [ -90.032946602839004, 29.980480421052 ], [ -90.033754603502999, 29.980669421013001 ], [ -90.034512603264005, 29.980834420442999 ], [ -90.034320603875997, 29.981499420851002 ], [ -90.034259604224999, 29.981674421194001 ], [ -90.034183604126, 29.981861421041 ], [ -90.034993604120999, 29.982055421374 ], [ -90.034868604862993, 29.982523421524 ], [ -90.034723604773006, 29.982951421532999 ], [ -90.034683603510004, 29.983088421680002 ], [ -90.034646604162006, 29.983215421370002 ], [ -90.034598604227995, 29.983442420957999 ], [ -90.035462605031, 29.983644421489998 ], [ -90.035429604547005, 29.983795421263999 ], [ -90.033733603835998, 29.983406421032001 ], [ -90.032081603514996, 29.983032421922999 ], [ -90.031246603080007, 29.982842421232 ], [ -90.029798602585998, 29.982510421412002 ] ] ] ] } },
{ "type": "Feature", "properties": { "objectid": "69", "gnocdc_lab": "FRENCH QUARTER", "shape_starea": "18566016.812355574", "shape_stlength": "19249.910449786774" }, "geometry": { "type": "MultiPolygon", "coordinates": [ [ [ [ -90.052336607702998, 29.958386415443002 ], [ -90.054477608377994, 29.958008415433 ], [ -90.056977609171, 29.956608414407999 ], [ -90.058677608875996, 29.953908414219001 ], [ -90.058646609202995, 29.953154414218002 ], [ -90.058577609224997, 29.951508413288 ], [ -90.058577609167003, 29.949984413178999 ], [ -90.062561609528004, 29.949865413451001 ], [ -90.063777610130998, 29.949808413793999 ], [ -90.064084610555, 29.950060413401999 ], [ -90.064467611319998, 29.950323413465 ], [ -90.064974610910994, 29.950642413638001 ], [ -90.065679610380997, 29.951077413583 ], [ -90.065967610889004, 29.951260413532001 ], [ -90.067007611685995, 29.951929413584999 ], [ -90.066270611562004, 29.952773413500001 ], [ -90.066656611251005, 29.953040413741999 ], [ -90.067300612135995, 29.953459413663001 ], [ -90.067713611512005, 29.953741413818001 ], [ -90.068179611697005, 29.954057413866 ], [ -90.069088612879995, 29.954683413651999 ], [ -90.069974611782996, 29.955295413641 ], [ -90.070938612548005, 29.955927413910999 ], [ -90.071867612307003, 29.956564414403001 ], [ -90.071974611876001, 29.956639414666999 ], [ -90.072453613044999, 29.956950414501001 ], [ -90.072685613285998, 29.957121414341 ], [ -90.072030612681004, 29.957909415397001 ], [ -90.071305614061998, 29.958713414160002 ], [ -90.070654611609996, 29.959429414712002 ], [ -90.070396611698001, 29.959277414467 ], [ -90.069926613182005, 29.958946415555001 ], [ -90.069216613048994, 29.959723415142001 ], [ -90.068495612204003, 29.960535415366 ], [ -90.068108612588006, 29.960974415327001 ], [ -90.067717612281001, 29.961408415232 ], [ -90.067017612007007, 29.962195415577 ], [ -90.066289611369001, 29.963010415721001 ], [ -90.065586611441006, 29.963805415749999 ], [ -90.064880611700005, 29.964571416220998 ], [ -90.064201610224998, 29.965360416643001 ], [ -90.063706611458997, 29.965911416621001 ], [ -90.063602610364995, 29.966026417068999 ], [ -90.063491611008999, 29.965938416457998 ], [ -90.062576611123006, 29.965321416169001 ], [ -90.061660611161997, 29.964684416255 ], [ -90.060817610835002, 29.964056416203 ], [ -90.059867610278999, 29.963439416316 ], [ -90.058970609485002, 29.962821415943001 ], [ -90.057955609749996, 29.962114416675998 ], [ -90.057591609583994, 29.961878415733 ], [ -90.056858609016004, 29.961359415699999 ], [ -90.056813607863006, 29.961278415593998 ], [ -90.056697608660997, 29.961073415542 ], [ -90.056263607814003, 29.960389415828999 ], [ -90.052336607702998, 29.958386415443002 ] ] ] ] } },
{ "type": "Feature", "properties": { "objectid": "39", "gnocdc_lab": "LAKEWOOD", "shape_starea": "25188837.497219782", "shape_stlength": "25084.41108945186" }, "geometry": { "type": "MultiPolygon", "coordinates": [ [ [ [ -90.116240626679996, 29.999696422397999 ], [ -90.116241627223005, 29.999565422343 ], [ -90.116244627851998, 29.999344421949001 ], [ -90.116203627201003, 29.999048422032999 ], [ -90.116149626744004, 29.998753422446999 ], [ -90.116001626794002, 29.998358421471 ], [ -90.115902626771998, 29.998025421897999 ], [ -90.115858625648002, 29.997822421803001 ], [ -90.115853626985, 29.997663421812 ], [ -90.115837625585996, 29.997356422073999 ], [ -90.115907626524006, 29.996441421305001 ], [ -90.115908627017006, 29.996107421969999 ], [ -90.115912626623995, 29.995726422200001 ], [ -90.115922625303995, 29.995429421231002 ], [ -90.115955625875998, 29.994708421373002 ], [ -90.115969625790996, 29.994271421246001 ], [ -90.116061626225999, 29.993744421569001 ], [ -90.116215626404994, 29.993210420935 ], [ -90.116357626406, 29.992802421347001 ], [ -90.116511627023002, 29.992422421021001 ], [ -90.116355626426994, 29.992041420656001 ], [ -90.116273625176007, 29.991817420086001 ], [ -90.116142626621993, 29.991324420805999 ], [ -90.116090626572998, 29.990944420468001 ], [ -90.116031626551006, 29.990230420454001 ], [ -90.116087625396005, 29.989416419887 ], [ -90.116116627192, 29.988504419464 ], [ -90.116053625833999, 29.987928419117001 ], [ -90.115652626024996, 29.986270419433001 ], [ -90.115492625575001, 29.985799419300999 ], [ -90.115175625654999, 29.984978418491 ], [ -90.114384625552006, 29.982914418096001 ], [ -90.114190625827007, 29.982380418485 ], [ -90.113954625614994, 29.981730418849999 ], [ -90.113704625644004, 29.981156418379001 ], [ -90.113675625306001, 29.981082418351001 ], [ -90.113479624912998, 29.980585417971 ], [ -90.113188625077996, 29.979837418353 ], [ -90.112430625664999, 29.978016418237001 ], [ -90.112151624874997, 29.977320417582 ], [ -90.112312624526993, 29.977328418134999 ], [ -90.112411624909001, 29.977333417295998 ], [ -90.112611624728999, 29.977343417696002 ], [ -90.113054625109001, 29.977397417709 ], [ -90.114433625478995, 29.977565417787002 ], [ -90.113609623659002, 29.976874418057001 ], [ -90.114402624657998, 29.976144417027001 ], [ -90.114563624753004, 29.975996417137001 ], [ -90.115115624980007, 29.975468416679 ], [ -90.115901625261998, 29.974729417098999 ], [ -90.116644626490995, 29.974058416378998 ], [ -90.117142626190997, 29.974480416717999 ], [ -90.117310625361, 29.974625416862001 ], [ -90.117354625573995, 29.974652417276001 ], [ -90.117426624916007, 29.974669417190999 ], [ -90.117493626531001, 29.974662416916001 ], [ -90.117517625043007, 29.974650417124 ], [ -90.117556626376, 29.974619416191999 ], [ -90.118189626380996, 29.974016416904 ], [ -90.118407626896996, 29.974197416702999 ], [ -90.118803626917, 29.974525416652 ], [ -90.118872626962002, 29.974576416276999 ], [ -90.118905625772996, 29.974589416832998 ], [ -90.118939626938001, 29.974599416819999 ], [ -90.118959627058999, 29.974602416292999 ], [ -90.118988626800999, 29.974603417375999 ], [ -90.119022627145, 29.974598417001001 ], [ -90.119065626576003, 29.974585416644 ], [ -90.119100626822998, 29.974560416911999 ], [ -90.119724626315005, 29.973961416154999 ], [ -90.119881625499005, 29.973814416795999 ], [ -90.119958627665994, 29.973743416379001 ], [ -90.120781627279001, 29.974404416234002 ], [ -90.121016627377998, 29.974596416575999 ], [ -90.121615627617004, 29.975065416425998 ], [ -90.122214627814003, 29.975543416729 ], [ -90.122300627355997, 29.975593416115 ], [ -90.122364626923002, 29.975617416723001 ], [ -90.122454626071004, 29.975637416971001 ], [ -90.122598626352996, 29.975659417037001 ], [ -90.123086627337003, 29.975695417238001 ], [ -90.123487626880006, 29.975720417190999 ], [ -90.123910628005007, 29.975764416773 ], [ -90.124218628530997, 29.975783417212 ], [ -90.124260626579996, 29.975786416771999 ], [ -90.124780628582002, 29.975796416651001 ], [ -90.124860448622002, 29.975797951659999 ], [ -90.124820738880004, 29.976282021795999 ], [ -90.123880625764002, 29.987740862530998 ], [ -90.122775886325996, 29.999982013888999 ], [ -90.122768776073997, 30.000063699348001 ], [ -90.122124627437003, 30.000021422243002 ], [ -90.121977627792006, 30.000014421799001 ], [ -90.119317626571004, 29.999866422857998 ], [ -90.119038627473003, 29.999850421950999 ], [ -90.116240626679996, 29.999696422397999 ] ] ] ] } },
{ "type": "Feature", "properties": { "objectid": "16", "gnocdc_lab": "DILLARD", "shape_starea": "26475755.999231946", "shape_stlength": "20830.351663806021" }, "geometry": { "type": "MultiPolygon", "coordinates": [ [ [ [ -90.058735610745003, 29.990869422768998 ], [ -90.059926611232001, 29.990782421553 ], [ -90.061045611382994, 29.990696422494999 ], [ -90.062183612362006, 29.990629421434001 ], [ -90.063187612243993, 29.990582421827 ], [ -90.063440612647994, 29.990573421737999 ], [ -90.064469612267999, 29.990513421526 ], [ -90.064676612141, 29.990508421792999 ], [ -90.064743611175004, 29.990496421936999 ], [ -90.064806611782004, 29.990472422732999 ], [ -90.064855613023994, 29.990444421662001 ], [ -90.064908612284995, 29.990407421522999 ], [ -90.064978611539999, 29.990340422020001 ], [ -90.065202613135995, 29.990301421677 ], [ -90.065659612467996, 29.990428421366001 ], [ -90.066145612745004, 29.990397421530002 ], [ -90.066810612227997, 29.990357422081001 ], [ -90.067279613083997, 29.990325421746999 ], [ -90.067518613936002, 29.990308421712999 ], [ -90.067875612066999, 29.990283421569 ], [ -90.067978613213995, 29.990278421881001 ], [ -90.068234613577999, 29.990266421685 ], [ -90.069403613584996, 29.990204421767 ], [ -90.069426614541996, 29.990594421207 ], [ -90.069439613328001, 29.990822422394999 ], [ -90.069552614618999, 29.990813422296998 ], [ -90.069729614153999, 29.990809422177001 ], [ -90.069992612790998, 29.990806422254 ], [ -90.070258614436995, 29.990815422221999 ], [ -90.070403613663998, 29.990832421941999 ], [ -90.070723614274996, 29.990868422005001 ], [ -90.070847614699005, 29.990886422477999 ], [ -90.071273614595, 29.990956421273001 ], [ -90.071420614662998, 29.990987421707999 ], [ -90.071532614068005, 29.991020421426999 ], [ -90.071705615338004, 29.991079422264001 ], [ -90.072557614816006, 29.991416422314 ], [ -90.072788615262994, 29.991510422282001 ], [ -90.072914614083004, 29.991549422030001 ], [ -90.073021615106995, 29.991585422122 ], [ -90.073267615014998, 29.991669422059001 ], [ -90.073265613632003, 29.991690421988999 ], [ -90.073286615729003, 29.991854421608998 ], [ -90.073298614685001, 29.992020421882 ], [ -90.073365614074007, 29.993034421859001 ], [ -90.073442614715006, 29.99403342227 ], [ -90.073518614853995, 29.995036423276002 ], [ -90.073599614955995, 29.996048422866998 ], [ -90.073677615296006, 29.997058423081 ], [ -90.073744615387994, 29.997916423326998 ], [ -90.073757613943997, 29.998077422919 ], [ -90.073848615488998, 29.999083423030999 ], [ -90.073889615035995, 29.999669423141 ], [ -90.073935615479996, 30.000101423875002 ], [ -90.073970615576997, 30.000603423760001 ], [ -90.07398261502, 30.000767424412999 ], [ -90.074016615049999, 30.001116424041999 ], [ -90.074089615489996, 30.002139424159001 ], [ -90.073866615599002, 30.002170424098999 ], [ -90.073861615796005, 30.002172424308998 ], [ -90.073789615615993, 30.002196424756001 ], [ -90.073727615574995, 30.002224423855001 ], [ -90.073622614079, 30.002284423767001 ], [ -90.072675615026, 30.003045423738001 ], [ -90.071426614882, 30.004160425079998 ], [ -90.070978613408997, 30.004523424439 ], [ -90.070691613723, 30.004768424893001 ], [ -90.070022614720997, 30.005282425407 ], [ -90.069500613973005, 30.005390424880002 ], [ -90.069695614747999, 30.007543425862998 ], [ -90.069705613113996, 30.007655425212999 ], [ -90.069404614765006, 30.00767542613 ], [ -90.068581613120003, 30.007731425907998 ], [ -90.067038614021001, 30.007837425744 ], [ -90.065863613171999, 30.007917425634002 ], [ -90.064799613496007, 30.007998425983001 ], [ -90.064594612069001, 30.008011425652999 ], [ -90.063577611365005, 30.008075425505002 ], [ -90.062441613556004, 30.008134426306 ], [ -90.061314613069996, 30.008194426319001 ], [ -90.060146612238, 30.00825642553 ], [ -90.060133612217996, 30.008115425989001 ], [ -90.060035611968999, 30.007061425518 ], [ -90.059963612304003, 30.006054425812 ], [ -90.059866611809994, 30.005029425623999 ], [ -90.059782611082994, 30.004017424752998 ], [ -90.059716611669003, 30.003001425029002 ], [ -90.059635612285007, 30.001988424221999 ], [ -90.059550610599004, 30.000974424502999 ], [ -90.059460611171005, 29.999976424035999 ], [ -90.059429611219002, 29.999609423609002 ], [ -90.059415611502004, 29.999451423450001 ], [ -90.059370611579993, 29.998956423526 ], [ -90.059358611407006, 29.998786424178999 ], [ -90.059296611210996, 29.99791942365 ], [ -90.059209610943995, 29.996926423678001 ], [ -90.059132611143994, 29.995910423358001 ], [ -90.059061610246005, 29.994909422620999 ], [ -90.058981610851006, 29.993905423091999 ], [ -90.058887609736999, 29.992887423311 ], [ -90.058799611683995, 29.991860423083001 ], [ -90.058806610472004, 29.991685422358 ], [ -90.058803611094007, 29.9915814228 ], [ -90.058792611708, 29.991433421895 ], [ -90.058770611637001, 29.991214422195 ], [ -90.058735610745003, 29.990869422768998 ] ] ] ] } },
{ "type": "Feature", "properties": { "objectid": "3", "gnocdc_lab": "WHITNEY", "shape_starea": "18421692.194459207", "shape_stlength": "25858.258960419495" }, "geometry": { "type": "MultiPolygon", "coordinates": [ [ [ [ -90.038076602572005, 29.956708416007 ], [ -90.038388603553997, 29.953698414982998 ], [ -90.038249604051998, 29.953319414584001 ], [ -90.038271603666004, 29.953001415130998 ], [ -90.038283604035996, 29.952943415126999 ], [ -90.038302602727001, 29.952878415017999 ], [ -90.038315603068, 29.952738414753998 ], [ -90.038395602707993, 29.951615414559999 ], [ -90.038483604177998, 29.950425414714001 ], [ -90.038521602854004, 29.949831413957 ], [ -90.038542603007002, 29.949559413781 ], [ -90.038574603458997, 29.949253413880001 ], [ -90.038615602489003, 29.948323413606001 ], [ -90.038622603131998, 29.948166412993 ], [ -90.038670603773994, 29.947167412925001 ], [ -90.038744603107006, 29.946116413062001 ], [ -90.038742603353001, 29.946061413180999 ], [ -90.038831602550999, 29.945065412813001 ], [ -90.038910603725, 29.943977412544001 ], [ -90.038976603601, 29.942901412887998 ], [ -90.039070603507994, 29.941847412455999 ], [ -90.039135603047995, 29.940830412214002 ], [ -90.039227602864003, 29.939815412394999 ], [ -90.039283603480001, 29.938829411547001 ], [ -90.038289603541003, 29.938776411149 ], [ -90.037243603114007, 29.938740411417001 ], [ -90.037254603090005, 29.938482411704001 ], [ -90.037291603385995, 29.938228411484001 ], [ -90.037291603059998, 29.938223411306002 ], [ -90.037322602857998, 29.938059411948998 ], [ -90.037406603451998, 29.937956411344999 ], [ -90.037497603155998, 29.937878411932999 ], [ -90.037581602442003, 29.93778841148 ], [ -90.037602602372004, 29.937732410999001 ], [ -90.037612601903007, 29.937706411492002 ], [ -90.037606602661, 29.93766941138 ], [ -90.037572603327007, 29.937629411652001 ], [ -90.037481603114003, 29.937585411166999 ], [ -90.037776602079006, 29.937609411633002 ], [ -90.038385603571996, 29.937624411699002 ], [ -90.039460602456998, 29.937650411233001 ], [ -90.039618603913993, 29.937654411 ], [ -90.040517603322002, 29.937675411303001 ], [ -90.041215603837003, 29.937692411417999 ], [ -90.041385604541006, 29.937748411603 ], [ -90.041394604691007, 29.937470411132999 ], [ -90.041615604092001, 29.937534411184 ], [ -90.041882604402005, 29.937590411218 ], [ -90.042195605049002, 29.937633411678 ], [ -90.042426604884, 29.937652411308999 ], [ -90.042555603948003, 29.937654411431001 ], [ -90.042731603665004, 29.937641410948999 ], [ -90.042827604606003, 29.937604411091002 ], [ -90.043081603988995, 29.937427410434001 ], [ -90.043152603859994, 29.937361410994999 ], [ -90.043205603548998, 29.937312410804999 ], [ -90.043365604431003, 29.937116411561 ], [ -90.043480604267003, 29.936911411449 ], [ -90.043544604076999, 29.936622411430001 ], [ -90.043570605127002, 29.936433411325002 ], [ -90.043575604444001, 29.936229410509 ], [ -90.043590604127999, 29.936061411171998 ], [ -90.043618603747007, 29.935610410542999 ], [ -90.043631604262004, 29.935351410445001 ], [ -90.043665604875997, 29.934701410784001 ], [ -90.043705604278003, 29.93406941077 ], [ -90.043753604594002, 29.933316410366999 ], [ -90.043872604260997, 29.931446409540001 ], [ -90.043977604263006, 29.931509410381 ], [ -90.043977603485004, 29.931411409809002 ], [ -90.043977605039998, 29.931109409826998 ], [ -90.043977605045995, 29.930798870181 ], [ -90.048202733129003, 29.934805531934 ], [ -90.047796606180995, 29.934827410265999 ], [ -90.046515605154994, 29.934896410413 ], [ -90.046383604686, 29.937212411050002 ], [ -90.046319605202996, 29.937978410784002 ], [ -90.046301605715996, 29.938246411476999 ], [ -90.046284604197993, 29.938493410742002 ], [ -90.046282604677003, 29.938529410992999 ], [ -90.046274605487994, 29.938642411290999 ], [ -90.046262605820999, 29.938810411313 ], [ -90.046196605041999, 29.939778411829 ], [ -90.046152604672002, 29.940752411653001 ], [ -90.046106604, 29.941212411993 ], [ -90.045690605125003, 29.941197411608002 ], [ -90.045608604877003, 29.942194412425 ], [ -90.045529605761999, 29.943284412905001 ], [ -90.045505605341006, 29.943678412579999 ], [ -90.045465604567994, 29.944331412585999 ], [ -90.045399605753005, 29.945380412643001 ], [ -90.045317605547993, 29.946442413128 ], [ -90.045249605088998, 29.947498412601998 ], [ -90.045221604673998, 29.948107413317 ], [ -90.045203605842005, 29.948481413059 ], [ -90.045196605154999, 29.948625413666999 ], [ -90.046143606388, 29.948658413758 ], [ -90.046082604556005, 29.949605413770001 ], [ -90.046006605181006, 29.950790413397002 ], [ -90.045928606185001, 29.951980414154001 ], [ -90.045854606152005, 29.953149414708001 ], [ -90.045793606594003, 29.954282414255001 ], [ -90.045757605860999, 29.954913414695 ], [ -90.045577605752996, 29.955108415196001 ], [ -90.045582605796, 29.955884414482998 ], [ -90.045377605517999, 29.958108415016 ], [ -90.041658604830005, 29.957521415510001 ], [ -90.041576604781994, 29.957508416022002 ], [ -90.038076602572005, 29.956708416007 ] ] ] ] } },
{ "type": "Feature", "properties": { "objectid": "26", "gnocdc_lab": "FRERET", "shape_starea": "5464057.664126521", "shape_stlength": "9710.4516001680731" }, "geometry": { "type": "MultiPolygon", "coordinates": [ [ [ [ -90.103310620947994, 29.940102409990999 ], [ -90.103227621052994, 29.939104409649001 ], [ -90.103130620421993, 29.938126408683999 ], [ -90.103078619830001, 29.937285409295999 ], [ -90.102934619972999, 29.936227409087 ], [ -90.102842621196004, 29.935271409070001 ], [ -90.102757620765004, 29.934318408359001 ], [ -90.102976620712994, 29.934299408617001 ], [ -90.104116620929005, 29.934199408851999 ], [ -90.105231621005004, 29.934131408757001 ], [ -90.106361621990004, 29.934033408346 ], [ -90.107330621838997, 29.933948408467 ], [ -90.108419621474994, 29.933959408781 ], [ -90.109376622802998, 29.934045408471999 ], [ -90.110298621620998, 29.934078408278001 ], [ -90.110524621113001, 29.934101408305999 ], [ -90.111376621692003, 29.934244408045 ], [ -90.111525622825994, 29.934269407736998 ], [ -90.111275621949005, 29.935197407966999 ], [ -90.111004622341, 29.936189408695999 ], [ -90.110764622869993, 29.937112408564001 ], [ -90.110550622299002, 29.937872408802999 ], [ -90.110317622428994, 29.938759408983 ], [ -90.110075623352003, 29.939723409435999 ], [ -90.109847623180997, 29.940595409602999 ], [ -90.109637622414994, 29.941355410147001 ], [ -90.109519623558, 29.941283410234 ], [ -90.108957622394996, 29.940939409801999 ], [ -90.108359621990999, 29.940594409508002 ], [ -90.108060621324995, 29.940422409955001 ], [ -90.107777622119997, 29.940253409802999 ], [ -90.107550621269993, 29.940134409784999 ], [ -90.107216622196006, 29.939982409361001 ], [ -90.10703362145, 29.939927409228002 ], [ -90.106751620983005, 29.939877409918001 ], [ -90.106537622182003, 29.939864409262999 ], [ -90.106270621530996, 29.939869409585 ], [ -90.105813620373993, 29.939900410012999 ], [ -90.104708621086004, 29.940000409917001 ], [ -90.103546621397001, 29.94008040944 ], [ -90.103310620947994, 29.940102409990999 ] ] ] ] } },
{ "type": "Feature", "properties": { "objectid": "54", "gnocdc_lab": "READ BLVD EAST", "shape_starea": "102556391.07292993", "shape_stlength": "43344.501376723587" }, "geometry": { "type": "MultiPolygon", "coordinates": [ [ [ [ -89.939622579694003, 30.027001434700999 ], [ -89.940182580382, 30.026788434455 ], [ -89.941200579026003, 30.026435433347 ], [ -89.942004579810003, 30.026156433499999 ], [ -89.943202580700003, 30.025737434128001 ], [ -89.945158581339001, 30.025052433344001 ], [ -89.946771581953996, 30.024476433042 ], [ -89.947073582130002, 30.024368432793999 ], [ -89.947405581531996, 30.024249432746998 ], [ -89.947546582293995, 30.024199432801002 ], [ -89.947664582870999, 30.024157433439999 ], [ -89.949291582458997, 30.023601433149 ], [ -89.950062582360005, 30.023329432253998 ], [ -89.950105582776999, 30.02331443329 ], [ -89.950560582704995, 30.023151432677 ], [ -89.951190582964998, 30.022942432223999 ], [ -89.951668583992998, 30.022790432842999 ], [ -89.952111582097999, 30.022649432666999 ], [ -89.952303583611993, 30.022591432957 ], [ -89.953317583238004, 30.022287432325001 ], [ -89.954410583636999, 30.021986431967999 ], [ -89.955422584184006, 30.021730432599998 ], [ -89.955480584138002, 30.021716432441998 ], [ -89.955736583445997, 30.021654432001 ], [ -89.956119584362, 30.021558431787 ], [ -89.957181585116004, 30.021297432023001 ], [ -89.957419584289994, 30.021236432045999 ], [ -89.957863585694994, 30.021123431932999 ], [ -89.958022585598997, 30.021083432339999 ], [ -89.959046585997001, 30.020833432096001 ], [ -89.959207585038001, 30.020796432009 ], [ -89.959271584367002, 30.020780432108001 ], [ -89.959791585486997, 30.020648431815999 ], [ -89.960172584440997, 30.020553432048999 ], [ -89.961007584567994, 30.020339432033001 ], [ -89.961659585095006, 30.020183432111001 ], [ -89.962356586271, 30.020014431772001 ], [ -89.963054586347994, 30.019834431867 ], [ -89.963117587046995, 30.019818431442999 ], [ -89.963774586759996, 30.019656431803998 ], [ -89.964454586524994, 30.019484431333002 ], [ -89.965163586716002, 30.019328431106 ], [ -89.965887587401994, 30.019138431702 ], [ -89.966592586133004, 30.018959431367001 ], [ -89.967234588118998, 30.018796431537002 ], [ -89.967947587099999, 30.018625431267999 ], [ -89.968128586774, 30.018582431226999 ], [ -89.968156587413006, 30.018875431607999 ], [ -89.968238588163999, 30.019745431095 ], [ -89.968331587660003, 30.020835431916002 ], [ -89.968404588373005, 30.021526432144999 ], [ -89.968485586721997, 30.022218431811002 ], [ -89.968563587771996, 30.022890432162001 ], [ -89.968628587593997, 30.023600432106999 ], [ -89.968707587281997, 30.024271432058001 ], [ -89.968756587447004, 30.024952432557001 ], [ -89.968825587347993, 30.025620432494001 ], [ -89.968883587815995, 30.026109432776 ], [ -89.968911586633993, 30.026331432688998 ], [ -89.968959587586994, 30.026749433128 ], [ -89.968999586970995, 30.026952432820998 ], [ -89.969101587175004, 30.027144433408001 ], [ -89.969191588307993, 30.027295433289002 ], [ -89.969504588112002, 30.027735433758 ], [ -89.970003589333999, 30.028482432948 ], [ -89.970233589466005, 30.028822433677 ], [ -89.970411589147005, 30.029085433839001 ], [ -89.970991588638, 30.029863433241999 ], [ -89.971149587808, 30.030091433736001 ], [ -89.971351588302994, 30.030385434094999 ], [ -89.971554589554003, 30.030679433641001 ], [ -89.971565588052002, 30.030695433784999 ], [ -89.971982587786002, 30.031245434559001 ], [ -89.972060589793998, 30.031348433403998 ], [ -89.972380590078004, 30.031782434086999 ], [ -89.973006589858002, 30.032628433688998 ], [ -89.973183590291001, 30.032867433791999 ], [ -89.973710589613006, 30.033547434262001 ], [ -89.973963588651998, 30.033896434131002 ], [ -89.974453589318003, 30.034572434261001 ], [ -89.974562590321, 30.034716434549001 ], [ -89.974778589178996, 30.035002434686 ], [ -89.975086588601997, 30.035429434943001 ], [ -89.975127590046995, 30.035487435154 ], [ -89.975345590572999, 30.035801434753999 ], [ -89.975390589208004, 30.035870435429 ], [ -89.975685590341001, 30.036254434503999 ], [ -89.975918590598994, 30.03656843524 ], [ -89.976035590920006, 30.036734435332999 ], [ -89.976187590769001, 30.036947435636002 ], [ -89.976316590546006, 30.037129434672998 ], [ -89.976111590873003, 30.037225434616001 ], [ -89.975228590198995, 30.037636434732001 ], [ -89.974526588892999, 30.037993435341999 ], [ -89.973999589577005, 30.038280435091998 ], [ -89.973467588771001, 30.038562435107998 ], [ -89.972748589584995, 30.039064436000999 ], [ -89.971798589206998, 30.03962343581 ], [ -89.970553588814994, 30.040408436239002 ], [ -89.969388589079003, 30.041133435446 ], [ -89.968193588841999, 30.041880436328999 ], [ -89.967040587301, 30.042617436057 ], [ -89.965783587174002, 30.043444436407 ], [ -89.964961588047998, 30.043966436771999 ], [ -89.964242587426, 30.044410437172001 ], [ -89.964132587752005, 30.044479437159001 ], [ -89.961321585763997, 30.046224437176999 ], [ -89.961125586343002, 30.046353437172002 ], [ -89.960240585950004, 30.046932438403999 ], [ -89.959219586407997, 30.047579437551999 ], [ -89.958560585819001, 30.048004438644998 ], [ -89.957812585675995, 30.048454438777998 ], [ -89.957638585869006, 30.048564438766 ], [ -89.956217584805998, 30.049460437661001 ], [ -89.954976585094997, 30.050244438042998 ], [ -89.953701584914995, 30.051072439432001 ], [ -89.952833583784994, 30.051618438771001 ], [ -89.950868584082002, 30.052839438846998 ], [ -89.948871584141997, 30.054118439374999 ], [ -89.947530582696004, 30.054954439385 ], [ -89.946032582203003, 30.055901439584002 ], [ -89.944548582378999, 30.056851439588002 ], [ -89.943730582664003, 30.057385440594999 ], [ -89.943378581985996, 30.057600440506999 ], [ -89.943251581751994, 30.057667440264002 ], [ -89.943047582678005, 30.057770440715998 ], [ -89.941228582383005, 30.058923440880001 ], [ -89.940084580944998, 30.059654440957999 ], [ -89.939491581457006, 30.060056440638999 ], [ -89.939470580236005, 30.059787440973 ], [ -89.939451580433001, 30.059550440946001 ], [ -89.939296580418002, 30.058166441396999 ], [ -89.939132581734, 30.056353440494 ], [ -89.939099581, 30.056021440148999 ], [ -89.939096581178006, 30.055771440369998 ], [ -89.939102581913005, 30.055496440433 ], [ -89.939156580097006, 30.055076440206999 ], [ -89.939191581488004, 30.053987439318998 ], [ -89.939175581152, 30.053496439903 ], [ -89.939167579919996, 30.053049439178 ], [ -89.939145580900998, 30.052612440301001 ], [ -89.939097581640993, 30.052136439897001 ], [ -89.939015580252999, 30.051465439425002 ], [ -89.938872581303997, 30.050073438883999 ], [ -89.938734580193994, 30.048311438669 ], [ -89.938730579563995, 30.047794438158999 ], [ -89.938739580977, 30.047662438378001 ], [ -89.938762581006998, 30.047317438324001 ], [ -89.938822580847997, 30.046721438782001 ], [ -89.938879580773005, 30.046252438322 ], [ -89.938947580115993, 30.045783437872 ], [ -89.939070579944001, 30.044978438196001 ], [ -89.939237580074007, 30.044008437310001 ], [ -89.939346580830005, 30.043269437644 ], [ -89.939383581365007, 30.043001437224 ], [ -89.93946358062, 30.042006437171 ], [ -89.939511579946, 30.040569436793 ], [ -89.939489580401997, 30.039077436119001 ], [ -89.939489580781995, 30.037593436108001 ], [ -89.939489580680004, 30.03689343652 ], [ -89.939576578897004, 30.033986435308002 ], [ -89.939578579292998, 30.033857434994001 ], [ -89.939598580269006, 30.032755435527001 ], [ -89.939597579757006, 30.032597435547 ], [ -89.939590580244996, 30.031126435015999 ], [ -89.939580580593002, 30.029648434458 ], [ -89.939596579460002, 30.028793434192998 ], [ -89.939604579172993, 30.028209434099001 ], [ -89.939622579694003, 30.027001434700999 ] ] ] ] } },
{ "type": "Feature", "properties": { "objectid": "27", "gnocdc_lab": "GARDEN DISTRICT", "shape_starea": "6045987.4760121377", "shape_stlength": "10078.857701743622" }, "geometry": { "type": "MultiPolygon", "coordinates": [ [ [ [ -90.079214613885995, 29.928045408094 ], [ -90.080018613613007, 29.927576407806001 ], [ -90.080833613235001, 29.927141407788 ], [ -90.081596614364997, 29.926684407829999 ], [ -90.082483613291004, 29.92621640702 ], [ -90.082990614549999, 29.925931407179998 ], [ -90.083054614114005, 29.925895407483001 ], [ -90.083768614283002, 29.925496407360999 ], [ -90.084629615826998, 29.92500540724 ], [ -90.085366615723004, 29.924596407208 ], [ -90.086176615005002, 29.924134406185999 ], [ -90.086373614924995, 29.924036406816001 ], [ -90.087243616737993, 29.923634406089 ], [ -90.087732615264997, 29.923435406747 ], [ -90.088201615472997, 29.924393406819998 ], [ -90.088616616402007, 29.925341407123 ], [ -90.088942616175004, 29.926113406932 ], [ -90.089556615270993, 29.927350407287999 ], [ -90.090187615594999, 29.928637407863999 ], [ -90.090097616853996, 29.928675408244999 ], [ -90.089263617154998, 29.929040407948001 ], [ -90.088891617458998, 29.929230407719999 ], [ -90.088090616098995, 29.929663408284 ], [ -90.087282616037996, 29.930131408286002 ], [ -90.086574615700997, 29.930505408618 ], [ -90.085904615803997, 29.930896408039001 ], [ -90.085039615081001, 29.931372408809999 ], [ -90.084227615437996, 29.931813408977 ], [ -90.083394615808999, 29.932300408730001 ], [ -90.082653614362002, 29.932762408275 ], [ -90.081829615426003, 29.931563408588001 ], [ -90.080994615025006, 29.930425408478001 ], [ -90.080461614193993, 29.929747408640001 ], [ -90.079847614314005, 29.928909408225 ], [ -90.079214613885995, 29.928045408094 ] ] ] ] } },
{ "type": "Feature", "properties": { "objectid": "12", "gnocdc_lab": "CENTRAL BUSINESS DISTRICT", "shape_starea": "32707578.274974659", "shape_stlength": "30013.061215436523" }, "geometry": { "type": "MultiPolygon", "coordinates": [ [ [ [ -90.072685613285998, 29.957121414341 ], [ -90.072453613044999, 29.956950414501001 ], [ -90.071974611876001, 29.956639414666999 ], [ -90.071867612307003, 29.956564414403001 ], [ -90.070938612548005, 29.955927413910999 ], [ -90.069974611782996, 29.955295413641 ], [ -90.069088612879995, 29.954683413651999 ], [ -90.068179611697005, 29.954057413866 ], [ -90.067713611512005, 29.953741413818001 ], [ -90.067300612135995, 29.953459413663001 ], [ -90.066656611251005, 29.953040413741999 ], [ -90.066270611562004, 29.952773413500001 ], [ -90.067007611685995, 29.951929413584999 ], [ -90.065967610889004, 29.951260413532001 ], [ -90.065679610380997, 29.951077413583 ], [ -90.064974610910994, 29.950642413638001 ], [ -90.064467611319998, 29.950323413465 ], [ -90.064084610555, 29.950060413401999 ], [ -90.063777610130998, 29.949808413793999 ], [ -90.062561609528004, 29.949865413451001 ], [ -90.058577609167003, 29.949984413178999 ], [ -90.058577607866994, 29.946510412363001 ], [ -90.058552608602, 29.945339411985 ], [ -90.058494294726003, 29.944563028207 ], [ -90.058663553151007, 29.944723480488999 ], [ -90.05856736989, 29.944257606792 ], [ -90.058423005456007, 29.943311520428999 ], [ -90.058378289980993, 29.943018470323999 ], [ -90.058377604577998, 29.943013978694999 ], [ -90.058204216716007, 29.941877653199999 ], [ -90.058145613220006, 29.941382273033 ], [ -90.057891729920996, 29.939236022206 ], [ -90.057938033794997, 29.938021204647999 ], [ -90.057987607260003, 29.938020411267999 ], [ -90.060920608456996, 29.937973410458 ], [ -90.062018609621006, 29.937929410578999 ], [ -90.062516610366998, 29.937922410849001 ], [ -90.062481610488007, 29.938610410734999 ], [ -90.062043609008001, 29.938593410681001 ], [ -90.062048609458003, 29.939027411205998 ], [ -90.062057608353001, 29.939866411122001 ], [ -90.062777609367998, 29.940309410737999 ], [ -90.062829608512004, 29.941144411038 ], [ -90.063023610301997, 29.943956411835 ], [ -90.063571610739999, 29.944089411402 ], [ -90.064073610731995, 29.944187411310999 ], [ -90.064180609356995, 29.944206412296001 ], [ -90.064536610182998, 29.944274412148001 ], [ -90.065239611631, 29.944440412464999 ], [ -90.065833610148999, 29.944580412303001 ], [ -90.066586611616003, 29.944745411900001 ], [ -90.067457610491005, 29.944941411702999 ], [ -90.068305611740001, 29.945120412143002 ], [ -90.069185612379002, 29.945317411767999 ], [ -90.069638610511007, 29.943817411514999 ], [ -90.069957611296999, 29.942762411635002 ], [ -90.070194611573996, 29.94195141118 ], [ -90.070440612279, 29.941187410779001 ], [ -90.070453612674996, 29.941130410896999 ], [ -90.070485612023006, 29.940986410924999 ], [ -90.070530611954993, 29.940788410966999 ], [ -90.070560612151993, 29.940656411287002 ], [ -90.071049611874997, 29.940920410951001 ], [ -90.071721610618994, 29.941259411210002 ], [ -90.071914612076, 29.941361411075999 ], [ -90.072061611175002, 29.941435411057 ], [ -90.072465612032005, 29.941656410354 ], [ -90.073135612125, 29.942072411036001 ], [ -90.073344613027999, 29.942178410922999 ], [ -90.073973613063004, 29.942543411258999 ], [ -90.074507613964997, 29.942821411628 ], [ -90.075693613637995, 29.943483411515999 ], [ -90.076890613516994, 29.944144412050999 ], [ -90.077024612925001, 29.944216411922 ], [ -90.077342613472993, 29.944389411639001 ], [ -90.077845614612997, 29.944629411676999 ], [ -90.077989613905999, 29.944692411504999 ], [ -90.078193614707999, 29.944781411990999 ], [ -90.078985613536005, 29.94522041155 ], [ -90.079407615403994, 29.945446412020001 ], [ -90.079848614596003, 29.945724412486001 ], [ -90.080378613704994, 29.946058411317001 ], [ -90.081356614946998, 29.946632412136001 ], [ -90.082031614886006, 29.947100412245 ], [ -90.082864616180004, 29.947628411876 ], [ -90.082964615258007, 29.947690412362 ], [ -90.083033615698994, 29.947765411631 ], [ -90.083133616268995, 29.947857411975001 ], [ -90.083567615107995, 29.948159412723001 ], [ -90.084080615198999, 29.948580411664 ], [ -90.084258615598998, 29.948744412313001 ], [ -90.084332615996999, 29.948850411961999 ], [ -90.084634616054004, 29.94932041297 ], [ -90.084735616123993, 29.949556412518 ], [ -90.084916615810002, 29.949901413062999 ], [ -90.085098616302005, 29.950249412805999 ], [ -90.085121616102995, 29.950293412476 ], [ -90.085207616679995, 29.950457413233 ], [ -90.085112616193001, 29.950534413052001 ], [ -90.085046615915005, 29.950618413133999 ], [ -90.084894615964998, 29.950803412675999 ], [ -90.084480616543999, 29.951317412906 ], [ -90.084370616005003, 29.951465413147002 ], [ -90.083914616371999, 29.95198241252 ], [ -90.083466615570003, 29.952499412319 ], [ -90.082681616119999, 29.953411413110999 ], [ -90.082506615341998, 29.953582413378001 ], [ -90.082438615973004, 29.953650413807999 ], [ -90.081552615587, 29.954585413555002 ], [ -90.080572614824007, 29.955661413836999 ], [ -90.079630614954993, 29.956744413825 ], [ -90.079553615660004, 29.956830413971002 ], [ -90.079210615264003, 29.957212414322001 ], [ -90.078481614984995, 29.958062413994998 ], [ -90.078252613841997, 29.958289414580001 ], [ -90.077685614575003, 29.958897415009002 ], [ -90.077539614640997, 29.959060414726999 ], [ -90.076798614623996, 29.959899415165001 ], [ -90.076046613732004, 29.959390415522002 ], [ -90.075271613631998, 29.958855414963001 ], [ -90.074476613441007, 29.958330414458 ], [ -90.073740613327999, 29.957803414189002 ], [ -90.073173612663993, 29.957436415166999 ], [ -90.072685613285998, 29.957121414341 ] ] ] ] } },
{ "type": "Feature", "properties": { "objectid": "64", "gnocdc_lab": "TALL TIMBERS - BRECHTEL", "shape_starea": "89389328.267607719", "shape_stlength": "52393.911223658237" }, "geometry": { "type": "MultiPolygon", "coordinates": [ [ [ [ -90.014713595938005, 29.920946408239001 ], [ -90.014554596259003, 29.920848408407 ], [ -90.013283594894006, 29.920068408677 ], [ -90.013187594298998, 29.920009407910001 ], [ -90.012713595473997, 29.919685408534999 ], [ -90.012426595213995, 29.919484408068001 ], [ -90.012178594575005, 29.919289407888002 ], [ -90.012028594848999, 29.919171407911001 ], [ -90.011529594031998, 29.918725407779 ], [ -90.011378593944002, 29.918591408432 ], [ -90.011254595154995, 29.918489408389998 ], [ -90.010701593473996, 29.918094407965999 ], [ -90.009878594591996, 29.917585407695999 ], [ -90.009742595104001, 29.917495407905999 ], [ -90.009550593091006, 29.917302407884002 ], [ -90.009409594548998, 29.917143408407998 ], [ -90.009184594407003, 29.916945407509999 ], [ -90.008947593580004, 29.916774407556002 ], [ -90.008716593347998, 29.916619407433 ], [ -90.008490594392995, 29.916476407411999 ], [ -90.008265594023996, 29.916347408059998 ], [ -90.007614593170999, 29.915959408069 ], [ -90.007328593536002, 29.915810407662999 ], [ -90.007129593920993, 29.915733407297999 ], [ -90.006851593516998, 29.915639407541999 ], [ -90.006359592427998, 29.915433407178 ], [ -90.005601593045, 29.91502640809 ], [ -90.005278591727006, 29.914855407486002 ], [ -90.004949593413997, 29.914681407819 ], [ -90.004255592025999, 29.914313406733999 ], [ -90.004165591643996, 29.914255407212 ], [ -90.003567592699994, 29.913912407276001 ], [ -90.00301959267, 29.913585407132999 ], [ -90.002862592598007, 29.913491407279 ], [ -90.002066591678997, 29.912980407028002 ], [ -90.001278591540995, 29.912491407285 ], [ -90.000914591691995, 29.912248406791999 ], [ -89.998894592011993, 29.910902407218 ], [ -89.998167590665005, 29.910417406903001 ], [ -89.997049590052001, 29.90969940682 ], [ -89.996421589901999, 29.909330406447001 ], [ -89.995972589838999, 29.909166406819001 ], [ -89.995685591281998, 29.909053406811001 ], [ -89.995495589792, 29.908996406040998 ], [ -89.995377589113005, 29.908960406291001 ], [ -89.995061590163999, 29.908880406156001 ], [ -89.994411590294007, 29.908817406937999 ], [ -89.993861589301005, 29.908729406866001 ], [ -89.993381589072996, 29.908652405921 ], [ -89.993219589532004, 29.908729406359001 ], [ -89.992535588059994, 29.909052406966001 ], [ -89.992053587911002, 29.909069405975 ], [ -89.991611588680996, 29.909052407059999 ], [ -89.991253589139006, 29.909054406988002 ], [ -89.990894588738996, 29.909028406421001 ], [ -89.990630589266999, 29.909018406091999 ], [ -89.990403588334004, 29.909001406298 ], [ -89.990195588833004, 29.908960406578998 ], [ -89.989954589400995, 29.908905406839001 ], [ -89.989732588633998, 29.908842406592001 ], [ -89.989588587811994, 29.908790406346998 ], [ -89.989554588442005, 29.908778406536999 ], [ -89.989333588612993, 29.908681406776001 ], [ -89.989098588787002, 29.908560406501 ], [ -89.988850588534007, 29.908417406194001 ], [ -89.988519587620004, 29.908162406993998 ], [ -89.988364588948997, 29.908030405820998 ], [ -89.988217587921, 29.907873406663001 ], [ -89.987949587752993, 29.907592406220001 ], [ -89.987837588754005, 29.907476406109001 ], [ -89.987240588259994, 29.906856406104001 ], [ -89.986348586689999, 29.905941406158 ], [ -89.986231586513995, 29.905821406091 ], [ -89.985813587441001, 29.905374405867999 ], [ -89.985291587638002, 29.904832405931 ], [ -89.985325587397, 29.904380405708 ], [ -89.985329976051005, 29.904322050398999 ], [ -89.987332872514997, 29.904696526197 ], [ -89.987707928421003, 29.904766645506999 ], [ -89.989408759138001, 29.889538292160001 ], [ -89.989434633201995, 29.889306589071001 ], [ -90.002039558476994, 29.897593319515 ], [ -90.002334792777006, 29.892158614064002 ], [ -90.007853153235004, 29.895295468943999 ], [ -90.007850109694999, 29.895429642025999 ], [ -90.007823964042004, 29.896582147596 ], [ -90.007972741288, 29.896722150018 ], [ -90.008922330572005, 29.897615726363998 ], [ -90.010145061364994, 29.898766298929999 ], [ -90.018289853726003, 29.906429456834001 ], [ -90.018319518132003, 29.906457608244999 ], [ -90.039605721097004, 29.926652557909001 ], [ -90.039496603019003, 29.926863408675 ], [ -90.039422602545997, 29.927006409412002 ], [ -90.039289602549999, 29.927263408948999 ], [ -90.039123602904994, 29.927584408468 ], [ -90.038853602673996, 29.928204408793999 ], [ -90.038819602912994, 29.928281409206999 ], [ -90.038693603018999, 29.928660409422999 ], [ -90.038544602944, 29.92927740987 ], [ -90.038462603217994, 29.930017408923 ], [ -90.038445602281996, 29.930167409372999 ], [ -90.038412602611999, 29.930441409625999 ], [ -90.038396602039995, 29.930576409446999 ], [ -90.038031602957005, 29.930556409826998 ], [ -90.037966603148007, 29.930552409882001 ], [ -90.037917602359997, 29.930549410137999 ], [ -90.037745601227002, 29.930536409498998 ], [ -90.037580602185997, 29.930514410154998 ], [ -90.037465602373004, 29.930499410048 ], [ -90.036258602266997, 29.930341409707999 ], [ -90.035454602715006, 29.930313409741998 ], [ -90.035079602367006, 29.930287409851001 ], [ -90.034750601336, 29.930249410336 ], [ -90.034245601536995, 29.930130409922999 ], [ -90.033829601639994, 29.930034409543001 ], [ -90.033491600608997, 29.929933409676 ], [ -90.033037601581, 29.929716409792 ], [ -90.032470601954998, 29.929305410356001 ], [ -90.032198600997006, 29.92912641018 ], [ -90.031966600054005, 29.928990409552998 ], [ -90.031842600540998, 29.928929409778998 ], [ -90.031594600267994, 29.928825409441 ], [ -90.031558601201993, 29.92881040904 ], [ -90.031453599640002, 29.928765409453 ], [ -90.031244600498994, 29.928712409776999 ], [ -90.031088601039997, 29.928678409496001 ], [ -90.030720600430996, 29.928614409234001 ], [ -90.030647599809001, 29.928591410178999 ], [ -90.030185599682, 29.928447409291 ], [ -90.029211600154994, 29.928039409537 ], [ -90.029043599358999, 29.927971408912999 ], [ -90.028448599852993, 29.927729409537999 ], [ -90.028255598982, 29.927651409450998 ], [ -90.027674599619999, 29.927405409576998 ], [ -90.027278599870996, 29.927238409451999 ], [ -90.026316599691, 29.926830408754999 ], [ -90.025346598349998, 29.926413409085999 ], [ -90.024377599809, 29.926012409679 ], [ -90.023400598673007, 29.925579408562999 ], [ -90.022848598227, 29.925358409731 ], [ -90.022354598278994, 29.925160408968001 ], [ -90.021942598351998, 29.924979409035998 ], [ -90.021574597010002, 29.924818408837002 ], [ -90.021208597644005, 29.924669409257 ], [ -90.020905598279001, 29.924539409451999 ], [ -90.020786598011995, 29.924484409148 ], [ -90.020709598169006, 29.924444408886998 ], [ -90.020558597860997, 29.924366408642999 ], [ -90.020365596773004, 29.924257408616999 ], [ -90.020275597777996, 29.924202409496999 ], [ -90.019980598052001, 29.924041408952998 ], [ -90.019222597904005, 29.923627409255001 ], [ -90.019074596438998, 29.923542408814001 ], [ -90.018932596604003, 29.923454408687999 ], [ -90.018839595988993, 29.923394409054001 ], [ -90.018762597031994, 29.923334409571002 ], [ -90.018668597032004, 29.923256408330001 ], [ -90.018556595941007, 29.923158408572998 ], [ -90.018430596732003, 29.923028409017999 ], [ -90.018009597155995, 29.922536408534 ], [ -90.017885596126007, 29.922416408954 ], [ -90.017833596990997, 29.922376408868001 ], [ -90.017777596052994, 29.922348408184 ], [ -90.017722597090994, 29.922325408669 ], [ -90.017671596935998, 29.922312408917001 ], [ -90.017586597098997, 29.922299408303999 ], [ -90.017401597247996, 29.922290409271 ], [ -90.017257596389001, 29.922287408637999 ], [ -90.016959596806004, 29.922282408476999 ], [ -90.016921596667999, 29.922277408738001 ], [ -90.016889595074005, 29.922270409214999 ], [ -90.016828596294999, 29.922251409343001 ], [ -90.016692596276002, 29.922201408553999 ], [ -90.015440594891999, 29.921416408997999 ], [ -90.015163595209998, 29.921241409048001 ], [ -90.015091594962996, 29.921195408742999 ], [ -90.014713595938005, 29.920946408239001 ] ] ] ] } },
{ "type": "Feature", "properties": { "objectid": "43", "gnocdc_lab": "LOWER NINTH WARD", "shape_starea": "45731663.162643388", "shape_stlength": "27415.332409649294" }, "geometry": { "type": "MultiPolygon", "coordinates": [ [ [ [ -89.998756475120999, 29.973705757282001 ], [ -89.999083365708998, 29.973022686076 ], [ -90.006211734763994, 29.95812472059 ], [ -90.006469594435004, 29.958218416748 ], [ -90.006556595785995, 29.958246416929001 ], [ -90.007522595618994, 29.958597416726001 ], [ -90.008202595396, 29.958850417074 ], [ -90.009120595764003, 29.95922041707 ], [ -90.010068596089994, 29.959565417257998 ], [ -90.011150595551996, 29.959954417252 ], [ -90.012207596644998, 29.960333417672 ], [ -90.013003596757002, 29.96059641738 ], [ -90.013922596654993, 29.960816417215 ], [ -90.014737597640007, 29.961001417525001 ], [ -90.015825598082998, 29.961251417473001 ], [ -90.016776597193996, 29.961478416677998 ], [ -90.018487598182006, 29.961858417601 ], [ -90.019622598957, 29.962115417475001 ], [ -90.020502599010996, 29.962307417607999 ], [ -90.021374599848997, 29.962534417139999 ], [ -90.021407598444, 29.962465417762001 ], [ -90.022297600463006, 29.962659417360001 ], [ -90.023187600918007, 29.962869417366999 ], [ -90.024113600134001, 29.963077417347002 ], [ -90.025260600029995, 29.963338416860999 ], [ -90.026397600842003, 29.963603417567001 ], [ -90.026785601350994, 29.963707417115 ], [ -90.027401601790004, 29.963841417415001 ], [ -90.027376600316998, 29.963908417064999 ], [ -90.027269600081993, 29.964275417433999 ], [ -90.026531601692, 29.966471418182 ], [ -90.025738601322999, 29.968746418483001 ], [ -90.025650601096004, 29.969000418697998 ], [ -90.025620601076, 29.969086418911001 ], [ -90.024782599711997, 29.971764418707 ], [ -90.024147600469007, 29.973709419902001 ], [ -90.021876599909007, 29.980677421143 ], [ -90.021703600869003, 29.980724421226999 ], [ -90.020997599219996, 29.980554421330002 ], [ -90.020562599119998, 29.979949420655998 ], [ -90.020439599358994, 29.979902420986999 ], [ -90.020275599835003, 29.979856421463001 ], [ -90.019740598707003, 29.979728421345001 ], [ -90.019664600577997, 29.979713421141 ], [ -90.019490598293999, 29.979672421095 ], [ -90.018620600367001, 29.979467421134 ], [ -90.017659599040996, 29.979247421012001 ], [ -90.016750599218, 29.979049421517999 ], [ -90.015867597937998, 29.978837421622 ], [ -90.014993599356004, 29.978643421514001 ], [ -90.014152598517001, 29.978451420841001 ], [ -90.013067597396002, 29.978211420973 ], [ -90.012385597594999, 29.978057421433 ], [ -90.011461596084004, 29.977855420872 ], [ -90.010529597249999, 29.977636421092999 ], [ -90.010404597008005, 29.977606421448002 ], [ -90.0094275955, 29.977374420451 ], [ -90.008605595093996, 29.977194421499 ], [ -90.008156597237999, 29.977094421076998 ], [ -90.007887596024005, 29.977026421481 ], [ -90.007711596972001, 29.976975421405999 ], [ -90.007534597143007, 29.976919420775001 ], [ -90.006865595582994, 29.976666420524001 ], [ -90.005806595549004, 29.976300421053001 ], [ -90.004758596341006, 29.975900420576998 ], [ -90.003863596241999, 29.975582420948999 ], [ -90.003696595462003, 29.975521420300002 ], [ -90.003178594432001, 29.975336420956001 ], [ -90.002625594565004, 29.975139420582 ], [ -90.00164059507, 29.974782420577998 ], [ -90.000740593583998, 29.974453420121002 ], [ -89.999864594930003, 29.974139420754 ], [ -89.998744130858, 29.973731549621 ], [ -89.998756475120999, 29.973705757282001 ] ] ] ] } },
{ "type": "Feature", "properties": { "objectid": "36", "gnocdc_lab": "LAKE TERRACE & OAKS", "shape_starea": "41831829.154636674", "shape_stlength": "38150.521375232929" }, "geometry": { "type": "MultiPolygon", "coordinates": [ [ [ [ -90.035253321672002, 30.031685962320999 ], [ -90.035247605080002, 30.031665431876 ], [ -90.035678607113994, 30.031547431522 ], [ -90.035922606956007, 30.031481432031999 ], [ -90.037843607523996, 30.031023431344 ], [ -90.038856607376999, 30.030805431708998 ], [ -90.040553607855003, 30.030378430978999 ], [ -90.041064607196006, 30.030250431317 ], [ -90.042077607539994, 30.029995431332001 ], [ -90.042979606952002, 30.029856431525001 ], [ -90.044043608083996, 30.029711431327001 ], [ -90.044311609163998, 30.029667430957002 ], [ -90.044410609072003, 30.029644430718999 ], [ -90.044531608838994, 30.029611430787 ], [ -90.044696608210998, 30.029556431227999 ], [ -90.044881607722004, 30.029479430734 ], [ -90.044993607867994, 30.029425430663998 ], [ -90.045104608504005, 30.029362431001001 ], [ -90.045319609033996, 30.029213431190001 ], [ -90.045628608768993, 30.028974430828999 ], [ -90.045746609583006, 30.02888243045 ], [ -90.045892608442003, 30.028768430589999 ], [ -90.046138607996994, 30.028578430684998 ], [ -90.046340609276001, 30.028418430397998 ], [ -90.046509608196004, 30.028273430611002 ], [ -90.046666608983003, 30.028124431121999 ], [ -90.046927608725994, 30.027864430501999 ], [ -90.047109609906997, 30.027692430815002 ], [ -90.047339609231003, 30.027513430153 ], [ -90.047679610198998, 30.027305431224001 ], [ -90.047942609602003, 30.027192430631999 ], [ -90.048059609511995, 30.027156430061002 ], [ -90.048443609832006, 30.027070430994002 ], [ -90.049057609825994, 30.026955430305001 ], [ -90.049712608918, 30.026850429661 ], [ -90.052074611262, 30.026425430532001 ], [ -90.052252609179007, 30.026393430149 ], [ -90.053310611257004, 30.026118429787001 ], [ -90.053474610712996, 30.026092429485999 ], [ -90.053649611216002, 30.026065430671999 ], [ -90.054459611183006, 30.025939429423001 ], [ -90.054947610251006, 30.025867430578 ], [ -90.055522610593002, 30.025790430541001 ], [ -90.056474610411996, 30.025664429766 ], [ -90.056796611600006, 30.025622429929001 ], [ -90.058889611031006, 30.025335429173001 ], [ -90.059540612730004, 30.025266429011001 ], [ -90.059926612837998, 30.025250429979 ], [ -90.060238613017006, 30.025259430350999 ], [ -90.060403612773996, 30.025265429232999 ], [ -90.060736613505, 30.025275429897999 ], [ -90.061125613352999, 30.025261429497 ], [ -90.061521612137994, 30.025242429586001 ], [ -90.061956613500001, 30.025204429909 ], [ -90.062177612124003, 30.025172429840001 ], [ -90.062381613480994, 30.025135429451002 ], [ -90.062501613354996, 30.025106429146 ], [ -90.062712613781002, 30.025056428953 ], [ -90.062909613412003, 30.024997429942999 ], [ -90.063230611988999, 30.02488942906 ], [ -90.063531613956002, 30.024777429911001 ], [ -90.063691613147995, 30.024699429472001 ], [ -90.063863613231007, 30.024603429780001 ], [ -90.064093612893004, 30.024476429309001 ], [ -90.064456613638995, 30.024281429630001 ], [ -90.064506613530995, 30.024260429594001 ], [ -90.064841613821002, 30.024120429900002 ], [ -90.065182614823996, 30.024004429341002 ], [ -90.065324614139001, 30.023969429276999 ], [ -90.065587614804997, 30.023919429020999 ], [ -90.065770615264, 30.023892429829001 ], [ -90.065859614760996, 30.023884429452 ], [ -90.066075613430002, 30.023865428954998 ], [ -90.066947614203002, 30.023814428744 ], [ -90.067788614625997, 30.023767429313001 ], [ -90.068621614709997, 30.023718428656998 ], [ -90.069644616077994, 30.023621429388999 ], [ -90.070289615, 30.023511429180999 ], [ -90.070546615881, 30.023457428731 ], [ -90.070985615555003, 30.023364429390998 ], [ -90.070973616060002, 30.023272428784999 ], [ -90.070959614697998, 30.023165428544001 ], [ -90.070897615690001, 30.022199428377998 ], [ -90.070854615336003, 30.021801428050999 ], [ -90.070804615889003, 30.021413428435 ], [ -90.071642615450003, 30.021463428408001 ], [ -90.072263616534002, 30.021468429123999 ], [ -90.072540616474001, 30.021451428696 ], [ -90.072804615967001, 30.021440428395 ], [ -90.072948616147997, 30.021441428820999 ], [ -90.073193615321003, 30.021447427723999 ], [ -90.073364616359996, 30.021464428009999 ], [ -90.073538617040001, 30.021480429145001 ], [ -90.073595616830005, 30.021487428053 ], [ -90.073623615336999, 30.021491428394999 ], [ -90.073776615862002, 30.021503428159999 ], [ -90.073891615324996, 30.021504428021 ], [ -90.074048616434993, 30.021496428357999 ], [ -90.074225615564998, 30.021479428835999 ], [ -90.074424615978998, 30.021446428362999 ], [ -90.074833616774001, 30.021356428878999 ], [ -90.074919616138004, 30.021335427943999 ], [ -90.075071617446994, 30.021310428397001 ], [ -90.075237616878994, 30.021293428867999 ], [ -90.075384617300998, 30.021282428723001 ], [ -90.075631617298001, 30.021263428194999 ], [ -90.076480616995994, 30.021223428542999 ], [ -90.077497617768003, 30.021173428729 ], [ -90.078445617548994, 30.021104428603 ], [ -90.079429616740001, 30.021044427585998 ], [ -90.079802617205004, 30.021020428048999 ], [ -90.081107617542997, 30.020941427966999 ], [ -90.081567619029997, 30.020917427977 ], [ -90.081817618312996, 30.020888427951 ], [ -90.082006618386998, 30.020864427989999 ], [ -90.082362618548004, 30.020840428368 ], [ -90.083042619043994, 30.020870428605999 ], [ -90.082994619074995, 30.020981427424001 ], [ -90.082956618763006, 30.021049427638999 ], [ -90.082955618137007, 30.021082427589 ], [ -90.082959618500993, 30.021098428521 ], [ -90.082931618914998, 30.021113428162 ], [ -90.082873619094997, 30.021108428529999 ], [ -90.082872617671001, 30.021107428385001 ], [ -90.082707618157002, 30.021465428603999 ], [ -90.082714619358001, 30.022114428011001 ], [ -90.082834618820996, 30.023405428819 ], [ -90.082909618908005, 30.024242428267002 ], [ -90.082797619066994, 30.024840429005 ], [ -90.082519618557001, 30.025229429464002 ], [ -90.082549618111997, 30.025560429458999 ], [ -90.082539619128994, 30.025993429518 ], [ -90.082512617579994, 30.026119429333999 ], [ -90.082517619624994, 30.026216429125999 ], [ -90.082517522768995, 30.026228695655 ], [ -90.082517164883996, 30.026228627296 ], [ -90.082445993228006, 30.026249918411999 ], [ -90.082356777707005, 30.0262772345 ], [ -90.082328099403995, 30.026289186193001 ], [ -90.082289776064997, 30.026318113492 ], [ -90.082279168856999, 30.026337072057999 ], [ -90.082264052989999, 30.026366401179999 ], [ -90.082257154493007, 30.026398334581 ], [ -90.082251153393997, 30.026442784850001 ], [ -90.082249503030994, 30.026464495466001 ], [ -90.082251693409006, 30.026495270159 ], [ -90.082257139495994, 30.026571736101001 ], [ -90.082278046493997, 30.026865226632999 ], [ -90.082276352427002, 30.026896452519001 ], [ -90.082274793945004, 30.026917368250999 ], [ -90.082265531439006, 30.027041767286999 ], [ -90.082263509642999, 30.027057464702999 ], [ -90.082260410263999, 30.02707731832 ], [ -90.082245263043006, 30.027174333282002 ], [ -90.082239717009998, 30.027193172116998 ], [ -90.082201325163993, 30.027288344039 ], [ -90.082152883297994, 30.027356650771001 ], [ -90.082039474829003, 30.027487099293001 ], [ -90.081915156022006, 30.027566029380999 ], [ -90.081685232970003, 30.027688446654 ], [ -90.081417015932004, 30.027816861904999 ], [ -90.081258853823002, 30.027900642934998 ], [ -90.081214484786997, 30.0279389785 ], [ -90.081101466525993, 30.028027804335 ], [ -90.081017935966003, 30.028110443414999 ], [ -90.080880626653993, 30.028246681433 ], [ -90.080631668308001, 30.028527217057 ], [ -90.080611277103003, 30.028550195619999 ], [ -90.080458401111997, 30.028719624741001 ], [ -90.080341386073002, 30.028849307600002 ], [ -90.080069121969998, 30.029161547160001 ], [ -90.079934475181005, 30.029396139471999 ], [ -90.079870633422004, 30.029493799480999 ], [ -90.079841301520005, 30.029538672634001 ], [ -90.079801422789004, 30.029608355596999 ], [ -90.079655579374005, 30.029863095808999 ], [ -90.079637727500995, 30.029894276994 ], [ -90.079426633715997, 30.030253258605001 ], [ -90.079196890784004, 30.030607497047001 ], [ -90.078957886349002, 30.030960542549 ], [ -90.078719721796006, 30.031287166975002 ], [ -90.078490096349, 30.031526146175 ], [ -90.078414491326001, 30.031591358825999 ], [ -90.078148090338004, 30.031749200665001 ], [ -90.078012033603997, 30.031812665796998 ], [ -90.077799634732997, 30.031915989179002 ], [ -90.077638613831994, 30.031971764502 ], [ -90.077563614031007, 30.031997745024 ], [ -90.077210351722002, 30.032061566654999 ], [ -90.077144346935, 30.032065148590998 ], [ -90.076952351662996, 30.032075567281002 ], [ -90.076693350905003, 30.032057567944999 ], [ -90.076209351927005, 30.032030567159001 ], [ -90.075915349916002, 30.031989567558998 ], [ -90.075637351295001, 30.031937567838 ], [ -90.075193350754006, 30.031859567653999 ], [ -90.075060349899999, 30.031820566175998 ], [ -90.074913184349995, 30.031774983763 ], [ -90.074768604791998, 30.031701812639 ], [ -90.074671525157996, 30.031634883991 ], [ -90.074603016992995, 30.031544631782001 ], [ -90.074565549710996, 30.031467799904998 ], [ -90.074531078888, 30.031388108661002 ], [ -90.074523208743003, 30.031370960772001 ], [ -90.074509474600006, 30.031341035562999 ], [ -90.074502045418001, 30.031324850943999 ], [ -90.074478765193007, 30.031289878597999 ], [ -90.074466104229998, 30.031278760437999 ], [ -90.074422571018999, 30.031270363257999 ], [ -90.074387349983994, 30.031263566667999 ], [ -90.074263534411003, 30.031266891291999 ], [ -90.074238349354005, 30.031267567145001 ], [ -90.074141091320996, 30.031325167645001 ], [ -90.074125274585001, 30.031338724693999 ], [ -90.074107487149007, 30.031353972599 ], [ -90.074078169987999, 30.031428789218999 ], [ -90.074076230814001, 30.031444649699999 ], [ -90.074069759360995, 30.031497621955001 ], [ -90.074067498470995, 30.031513258316998 ], [ -90.074051970390997, 30.031594918383 ], [ -90.074048233124998, 30.031611363448 ], [ -90.074015211244998, 30.031702336719 ], [ -90.073930161668997, 30.031838930157999 ], [ -90.073803161140006, 30.031972261376001 ], [ -90.073698535418004, 30.032067012056 ], [ -90.073463490661993, 30.032259551376001 ], [ -90.073189248057005, 30.032437755187001 ], [ -90.073070350392996, 30.032484852625998 ], [ -90.072988350100999, 30.032500567603002 ], [ -90.072706351015995, 30.032495569531001 ], [ -90.071814350558995, 30.032458568012 ], [ -90.071684129445998, 30.032458129771001 ], [ -90.071517350036999, 30.032457568470001 ], [ -90.071190347368997, 30.032464564872999 ], [ -90.070847349434999, 30.032504567219 ], [ -90.070582348494995, 30.032549567855 ], [ -90.070470466816005, 30.032580728505 ], [ -90.070126348041001, 30.032676567298001 ], [ -90.069941551518994, 30.032764103234001 ], [ -90.069571001466002, 30.032974350730999 ], [ -90.069442381515998, 30.033032326185001 ], [ -90.069348346683995, 30.033056567548002 ], [ -90.069232348661004, 30.033082569362001 ], [ -90.068934349081999, 30.03313656804 ], [ -90.067865345125995, 30.033343566401001 ], [ -90.067617345323001, 30.033361566818002 ], [ -90.067496347154005, 30.033360568007001 ], [ -90.067375345829007, 30.033343567323001 ], [ -90.067244347411005, 30.033303567617999 ], [ -90.066683346036001, 30.033106567958001 ], [ -90.066470765538, 30.033048967220001 ], [ -90.066063345716998, 30.032938568323001 ], [ -90.065956346123002, 30.032922567197001 ], [ -90.065793346443996, 30.032884567728001 ], [ -90.065714346362, 30.032864568413 ], [ -90.065637522798994, 30.032848235865998 ], [ -90.065620205293996, 30.032887072937999 ], [ -90.065638740018002, 30.032913727848001 ], [ -90.065651461192999, 30.032932282617999 ], [ -90.065644570502002, 30.032966490639001 ], [ -90.065632301, 30.032982708083999 ], [ -90.065605487902999, 30.033007326817 ], [ -90.065569882861993, 30.033052172535999 ], [ -90.065537756584007, 30.033113164444998 ], [ -90.065498547201997, 30.033200003457999 ], [ -90.065445849677999, 30.033326798133999 ], [ -90.065438824078001, 30.033343395357001 ], [ -90.065393499948001, 30.033450450103 ], [ -90.065253093007996, 30.033668823372 ], [ -90.065047818707001, 30.03386614647 ], [ -90.064914680314004, 30.033994124907 ], [ -90.064826344156998, 30.034017568056001 ], [ -90.064767343428997, 30.034015568800001 ], [ -90.064707233768004, 30.033995516284001 ], [ -90.064687545655005, 30.033967751235 ], [ -90.064683331287, 30.033952297147 ], [ -90.064706344456994, 30.033903568117001 ], [ -90.064740841130003, 30.033871727348 ], [ -90.064850344635005, 30.033787568600999 ], [ -90.064927346424994, 30.033676567905999 ], [ -90.064950202543002, 30.033593793034001 ], [ -90.064947575299001, 30.033535739786 ], [ -90.064922758799995, 30.033465420089001 ], [ -90.064878230100007, 30.033415039897999 ], [ -90.064701631958997, 30.033327746249999 ], [ -90.064620344996001, 30.033287567801001 ], [ -90.064440346490002, 30.033248569241 ], [ -90.064168344931005, 30.033223568570001 ], [ -90.064043345309997, 30.033230567684001 ], [ -90.063870345330997, 30.033262569074999 ], [ -90.063760023260997, 30.033295442469999 ], [ -90.063664837122005, 30.033335619001001 ], [ -90.063560724601999, 30.033385614844999 ], [ -90.063537446721995, 30.033408849863999 ], [ -90.063510484180995, 30.033445884862999 ], [ -90.063505345159996, 30.033505569355999 ], [ -90.063544128098997, 30.033698476624 ], [ -90.063538637578006, 30.033807986319001 ], [ -90.063537299903999, 30.033834450809 ], [ -90.063532933434999, 30.033918229259001 ], [ -90.063539344966003, 30.033987569684999 ], [ -90.063546462261002, 30.034009312292 ], [ -90.063592531115006, 30.034150008059999 ], [ -90.063596837503994, 30.034169134195999 ], [ -90.063593988784007, 30.034185524386999 ], [ -90.063589721683996, 30.034210047026999 ], [ -90.063586747490007, 30.034227170413001 ], [ -90.063567340191995, 30.034253175575 ], [ -90.063551354698006, 30.034267701427002 ], [ -90.063513922132998, 30.034281539595 ], [ -90.063443820624997, 30.034250433623001 ], [ -90.063411052942996, 30.034187438762 ], [ -90.063411358894001, 30.034142172029998 ], [ -90.063412211645996, 30.034119671721999 ], [ -90.063412022552995, 30.034088929530999 ], [ -90.063411538563997, 30.034062778589998 ], [ -90.063415089106996, 30.033937318831999 ], [ -90.063412537093996, 30.033915434385001 ], [ -90.063408246204006, 30.033878651085001 ], [ -90.063405216657003, 30.033852658746 ], [ -90.063398095859995, 30.033824274871002 ], [ -90.063392249135006, 30.033800961114999 ], [ -90.063379502013007, 30.033749300795002 ], [ -90.063347015697005, 30.033568016122999 ], [ -90.063342324576993, 30.033541654088001 ], [ -90.063332515189998, 30.033528242749998 ], [ -90.063313433567004, 30.033502150636 ], [ -90.063299269751994, 30.0334923576 ], [ -90.063262341824995, 30.033471567122 ], [ -90.063184346954998, 30.033453568984999 ], [ -90.063089344518005, 30.033443568216999 ], [ -90.062858342940999, 30.033432567563999 ], [ -90.062533343802997, 30.033428569209999 ], [ -90.062120343814001, 30.033457569117001 ], [ -90.061904840769998, 30.033458776349001 ], [ -90.061763344897003, 30.033459568272001 ], [ -90.061506345192001, 30.033474568757999 ], [ -90.061179344004003, 30.033505568229 ], [ -90.061007344729006, 30.033542568411999 ], [ -90.060825751110002, 30.033607980344001 ], [ -90.060736164586999, 30.033661986653001 ], [ -90.060691182162998, 30.033704902633001 ], [ -90.060669344572005, 30.033847567763999 ], [ -90.060671107931995, 30.033864253285 ], [ -90.060690818469993, 30.034050606554 ], [ -90.060693270971001, 30.034090800613999 ], [ -90.060702343265007, 30.034256569813 ], [ -90.060725304914001, 30.034343798009999 ], [ -90.060738454854999, 30.034362742648 ], [ -90.060750753232, 30.034378133337999 ], [ -90.060759961117, 30.034396649219001 ], [ -90.060756638933, 30.034419550595999 ], [ -90.060746337216003, 30.034454478760001 ], [ -90.060689344232003, 30.034476568258 ], [ -90.060630942838998, 30.034471140906 ], [ -90.060583150772004, 30.034426432440998 ], [ -90.060590673825004, 30.034410900385001 ], [ -90.060600523809001, 30.034390568462001 ], [ -90.060609447413995, 30.034371243483001 ], [ -90.060614670470997, 30.034355151475001 ], [ -90.060620313201994, 30.034322510528 ], [ -90.060584983688997, 30.034092785546001 ], [ -90.060575003077005, 30.034058859515 ], [ -90.060567269372001, 30.034032575333999 ], [ -90.060551807777003, 30.033982070398999 ], [ -90.060548910159994, 30.033965701418001 ], [ -90.060540228746007, 30.033900835543001 ], [ -90.060530778159006, 30.033818003579 ], [ -90.060534264596001, 30.033741627518001 ], [ -90.060529344437995, 30.033705567022999 ], [ -90.06051337225, 30.033678330764999 ], [ -90.060498245454994, 30.033656431175999 ], [ -90.060443345533997, 30.033618568550001 ], [ -90.060276343943002, 30.033581569237001 ], [ -90.060117340963998, 30.033570568676001 ], [ -90.059795343537004, 30.033584568386999 ], [ -90.059371343226999, 30.033651568418001 ], [ -90.059205344451996, 30.033707568181999 ], [ -90.059100345285003, 30.033780403329001 ], [ -90.059015516958993, 30.033852266109999 ], [ -90.058962779408006, 30.033934710236 ], [ -90.058952152355005, 30.034006402319001 ], [ -90.058957342265003, 30.034094568591001 ], [ -90.058979357184, 30.034136653579001 ], [ -90.058991343410995, 30.034159568623 ], [ -90.059035571215006, 30.034204404682999 ], [ -90.059064341999004, 30.034233565790998 ], [ -90.059133477591999, 30.034295683023998 ], [ -90.059186870190004, 30.034343650888999 ], [ -90.059196951774993, 30.034362907034001 ], [ -90.059208696582004, 30.034399445020998 ], [ -90.059204479846002, 30.034417669629999 ], [ -90.059188816629998, 30.034452686550001 ], [ -90.059164418845995, 30.034469090102998 ], [ -90.059136372533999, 30.034483515872999 ], [ -90.059072342026994, 30.034496567632001 ], [ -90.058915342790996, 30.034495568969 ], [ -90.058827967732995, 30.034466635524002 ], [ -90.058766343287004, 30.034427417850999 ], [ -90.058669018792003, 30.034262986698 ], [ -90.058650067949003, 30.034230966690998 ], [ -90.058607052797001, 30.034156664962001 ], [ -90.058598412224995, 30.034141740734999 ], [ -90.058374637295003, 30.033810247619002 ], [ -90.058328269393002, 30.033741684822001 ], [ -90.058231431921996, 30.033664219249999 ], [ -90.058128391866006, 30.033588290469002 ], [ -90.058065581185005, 30.033542490112001 ], [ -90.057999341279995, 30.033513568598998 ], [ -90.057923340949003, 30.033496567364999 ], [ -90.057863341360999, 30.033502567940001 ], [ -90.057778036938004, 30.033528437444001 ], [ -90.057733970518996, 30.033547317178002 ], [ -90.057563269181003, 30.033620450276 ], [ -90.057173860752997, 30.033825223221999 ], [ -90.056983109327007, 30.033925530973001 ], [ -90.056856613936006, 30.033985099997 ], [ -90.056695340836001, 30.034029569664 ], [ -90.056523338426004, 30.034056568303999 ], [ -90.056349341159006, 30.034051569144999 ], [ -90.056324091788994, 30.034051693310001 ], [ -90.055331342242994, 30.034056568676 ], [ -90.055015350339005, 30.034081159229999 ], [ -90.054939116132005, 30.034087092010999 ], [ -90.054560339529004, 30.034116567386 ], [ -90.054306548553001, 30.034142774322 ], [ -90.053853338362998, 30.034189569995 ], [ -90.052823339745999, 30.034372569445001 ], [ -90.052360562277002, 30.034471896997999 ], [ -90.052257661029998, 30.034493981998001 ], [ -90.052208339852001, 30.034504568812999 ], [ -90.051701609947997, 30.034655789750001 ], [ -90.051320337928999, 30.034769568259001 ], [ -90.051075338705999, 30.034833570031001 ], [ -90.050464335205007, 30.034906568025999 ], [ -90.049811158883998, 30.034944226368999 ], [ -90.049111337772004, 30.034984569045999 ], [ -90.048594337479997, 30.035047568123002 ], [ -90.048306581671, 30.035108564586 ], [ -90.048127457145995, 30.035146533178999 ], [ -90.047792336246999, 30.035217569000999 ], [ -90.047249338417004, 30.03535256776 ], [ -90.046485337847997, 30.035513570393999 ], [ -90.046060336284, 30.035548569448999 ], [ -90.045287337245995, 30.035558569306001 ], [ -90.044697300908993, 30.035543631349 ], [ -90.044418335950994, 30.035536567961 ], [ -90.043654334878994, 30.035494568392 ], [ -90.043410335689998, 30.035449569531 ], [ -90.042776335656995, 30.035245568903001 ], [ -90.042265067252998, 30.035085305425 ], [ -90.041462811862004, 30.034724666378001 ], [ -90.040410754627999, 30.034171226043 ], [ -90.039936300237002, 30.033886226551001 ], [ -90.039168959514996, 30.033331824291 ], [ -90.039048603875003, 30.033204091542999 ], [ -90.038893091809001, 30.033021211356999 ], [ -90.038632383050995, 30.032631082603999 ], [ -90.038500021358999, 30.032389201466 ], [ -90.038456877639007, 30.032310361667001 ], [ -90.038217270375995, 30.031891314022001 ], [ -90.038041476274003, 30.031735880026002 ], [ -90.037868388858001, 30.031489004396999 ], [ -90.037810826319003, 30.031432566304002 ], [ -90.037790741015002, 30.031429675577002 ], [ -90.037748331863, 30.031423568040001 ], [ -90.037643058029005, 30.031448521636001 ], [ -90.037613331173006, 30.031455568708999 ], [ -90.036278329791003, 30.031802568408001 ], [ -90.036124331058005, 30.031827567766999 ], [ -90.035996331139998, 30.031834567549001 ], [ -90.035820329947995, 30.031800568312001 ], [ -90.035674332138001, 30.031770568113998 ], [ -90.035253506792998, 30.031685999333 ], [ -90.035253321672002, 30.031685962320999 ] ] ] ] } },
{ "type": "Feature", "properties": { "objectid": "47", "gnocdc_lab": "MID-CITY", "shape_starea": "45080507.150158793", "shape_stlength": "28884.280242746721" }, "geometry": { "type": "MultiPolygon", "coordinates": [ [ [ [ -90.090414619243006, 29.975936418244999 ], [ -90.090359618882999, 29.975873418035 ], [ -90.090386617953996, 29.975820417464 ], [ -90.090401618384007, 29.975779417731001 ], [ -90.090613619870993, 29.975263417910998 ], [ -90.090891618556995, 29.974582417768001 ], [ -90.090942619154006, 29.974097418033999 ], [ -90.091145619432993, 29.973640417154002 ], [ -90.091279618460007, 29.973319417399999 ], [ -90.091280617416004, 29.973320417469001 ], [ -90.091411617751007, 29.973372417336002 ], [ -90.091461618463995, 29.973271416943 ], [ -90.091567618735994, 29.973313417785 ], [ -90.091617619011004, 29.973234417154998 ], [ -90.091317618534006, 29.972907417304 ], [ -90.091218618734999, 29.972803417438001 ], [ -90.091245618201995, 29.972775417308998 ], [ -90.091349618989994, 29.972665417139002 ], [ -90.090385618796006, 29.972095417205999 ], [ -90.089443617246005, 29.971545417295001 ], [ -90.088761617605002, 29.971158416758001 ], [ -90.087920617563995, 29.970581417123999 ], [ -90.087051617767003, 29.970054416977 ], [ -90.086129616994995, 29.969562416647001 ], [ -90.084833616382994, 29.968729416521001 ], [ -90.084574616916996, 29.968563416451001 ], [ -90.085046617160003, 29.968040416602999 ], [ -90.085627617363997, 29.967416415904999 ], [ -90.085793617240995, 29.967238416170002 ], [ -90.086476618039995, 29.966459416399001 ], [ -90.087236618177997, 29.965591415927001 ], [ -90.087364617399999, 29.965442415504 ], [ -90.087879617593998, 29.964843415836999 ], [ -90.088098617911001, 29.964588415457001 ], [ -90.088502617805005, 29.964132414969001 ], [ -90.088821616714, 29.963771414913001 ], [ -90.089085618542995, 29.963460415107001 ], [ -90.089560618358007, 29.962899414949 ], [ -90.089632618172999, 29.962816414938999 ], [ -90.090063618342995, 29.962334415510998 ], [ -90.090198617781994, 29.962183415089999 ], [ -90.090373617794995, 29.961988415501999 ], [ -90.090511617369998, 29.961821415065 ], [ -90.090586617488, 29.961732415103999 ], [ -90.090910619376999, 29.961362415151001 ], [ -90.091272618215996, 29.960949414803999 ], [ -90.091531617716996, 29.960654414387001 ], [ -90.092503618791, 29.95957641431 ], [ -90.093106618853994, 29.958875414539001 ], [ -90.093514619060002, 29.958481413918001 ], [ -90.093623618275004, 29.958370414211 ], [ -90.093704619472007, 29.958288413447001 ], [ -90.093742618853, 29.958251413862001 ], [ -90.093854619092994, 29.958130413997999 ], [ -90.094023618159994, 29.957939413971999 ], [ -90.094122619583999, 29.957815414260001 ], [ -90.094176619326007, 29.957847413161002 ], [ -90.095534620408003, 29.958830414135999 ], [ -90.095581620138006, 29.958866413831998 ], [ -90.095620619320997, 29.958916413876999 ], [ -90.095637619231994, 29.958958414474001 ], [ -90.095791619514003, 29.959079414030001 ], [ -90.096136619133006, 29.959314414535001 ], [ -90.097272618676996, 29.960124414656001 ], [ -90.100725621634993, 29.962573415196999 ], [ -90.100790621437, 29.962626414380999 ], [ -90.102455621597002, 29.963759414948999 ], [ -90.103254622102, 29.964312415672001 ], [ -90.103899621577995, 29.964762414849002 ], [ -90.104966621974995, 29.965506414522999 ], [ -90.105983623091007, 29.966417415155998 ], [ -90.106118623444999, 29.966537414878001 ], [ -90.106981622817003, 29.967356416028 ], [ -90.107132623365004, 29.967502415174 ], [ -90.107289622362998, 29.967665415578999 ], [ -90.107528623064994, 29.967905415672 ], [ -90.107653621954, 29.968021415776999 ], [ -90.108277623269998, 29.968617416059001 ], [ -90.108423623994, 29.968785415645002 ], [ -90.108613622706002, 29.969039415701999 ], [ -90.108756623236999, 29.969256415574002 ], [ -90.109093624623995, 29.969880415584001 ], [ -90.109127623638003, 29.969981416305 ], [ -90.109522623684001, 29.970687416284999 ], [ -90.109637622891995, 29.970935415829999 ], [ -90.1096576236, 29.97097841587 ], [ -90.110096624229996, 29.971789416810999 ], [ -90.110448624971994, 29.972554416352001 ], [ -90.110948623859002, 29.974025416873001 ], [ -90.111054624782, 29.974356417046 ], [ -90.111152625029007, 29.974596416882001 ], [ -90.111546624699002, 29.975733417366001 ], [ -90.111867624425997, 29.976639417082001 ], [ -90.112151624874997, 29.977320417582 ], [ -90.112430625664999, 29.978016418237001 ], [ -90.113188625077996, 29.979837418353 ], [ -90.113479624912998, 29.980585417971 ], [ -90.113675625306001, 29.981082418351001 ], [ -90.113704625644004, 29.981156418379001 ], [ -90.113593625443997, 29.981190418499001 ], [ -90.113397626001998, 29.981258418561001 ], [ -90.112837624248002, 29.981446418598001 ], [ -90.112100624465, 29.981694418368999 ], [ -90.111563623533996, 29.981874418924001 ], [ -90.111291624797005, 29.981965418045998 ], [ -90.111032624996, 29.982069418334 ], [ -90.110416625200997, 29.98226841848 ], [ -90.108726623920006, 29.982820419166 ], [ -90.107433624061002, 29.983214418416999 ], [ -90.106223623215996, 29.983518419008998 ], [ -90.105832623430004, 29.98361541956 ], [ -90.105394622226001, 29.983707418847001 ], [ -90.105091623495994, 29.983796418945001 ], [ -90.105016623788003, 29.983740419212999 ], [ -90.104375621887002, 29.983267418912 ], [ -90.103427621899996, 29.982621418781001 ], [ -90.102494622563995, 29.982023419299001 ], [ -90.101956622128, 29.981668418906999 ], [ -90.101578620867002, 29.981408419076001 ], [ -90.100686621595003, 29.980788418656001 ], [ -90.099760621008002, 29.980162418386001 ], [ -90.098802620892997, 29.979544418054999 ], [ -90.097879620789001, 29.978916418600999 ], [ -90.096807621260993, 29.978202418540999 ], [ -90.096678620671995, 29.978108418323998 ], [ -90.095893620835994, 29.978842419170999 ], [ -90.095537620157998, 29.979176419022 ], [ -90.095678620811, 29.979269418937999 ], [ -90.095402620374998, 29.979523419039001 ], [ -90.095255621115001, 29.979423417997001 ], [ -90.094530620544006, 29.978928417849001 ], [ -90.094335620411002, 29.978789418283 ], [ -90.093781620398005, 29.978422418646002 ], [ -90.093705620617996, 29.978370418703999 ], [ -90.092976619563998, 29.977893418364001 ], [ -90.092224619258999, 29.977390418687001 ], [ -90.092169619925997, 29.977353417740002 ], [ -90.091731619455004, 29.977057418200999 ], [ -90.091469619196005, 29.97688041843 ], [ -90.091440619221999, 29.976861418245001 ], [ -90.091276618056, 29.976740418074002 ], [ -90.091206619169, 29.976679417665999 ], [ -90.091151617875994, 29.976617418359002 ], [ -90.090953619128001, 29.976387417765 ], [ -90.090894619267004, 29.976313418019 ], [ -90.090820619246003, 29.976223418250999 ], [ -90.090414619243006, 29.975936418244999 ] ] ] ] } },
{ "type": "Feature", "properties": { "objectid": "46", "gnocdc_lab": "McDONOGH", "shape_starea": "13992654.681691585", "shape_stlength": "15823.713315300774" }, "geometry": { "type": "MultiPolygon", "coordinates": [ [ [ [ -90.046143606388, 29.948658413758 ], [ -90.045196605154999, 29.948625413666999 ], [ -90.045203605842005, 29.948481413059 ], [ -90.045221604673998, 29.948107413317 ], [ -90.045249605088998, 29.947498412601998 ], [ -90.045317605547993, 29.946442413128 ], [ -90.045399605753005, 29.945380412643001 ], [ -90.045465604567994, 29.944331412585999 ], [ -90.045505605341006, 29.943678412579999 ], [ -90.045529605761999, 29.943284412905001 ], [ -90.045608604877003, 29.942194412425 ], [ -90.045690605125003, 29.941197411608002 ], [ -90.046106604, 29.941212411993 ], [ -90.046152604672002, 29.940752411653001 ], [ -90.046196605041999, 29.939778411829 ], [ -90.046262605820999, 29.938810411313 ], [ -90.046274605487994, 29.938642411290999 ], [ -90.046282604677003, 29.938529410992999 ], [ -90.046284604197993, 29.938493410742002 ], [ -90.046301605715996, 29.938246411476999 ], [ -90.046319605202996, 29.937978410784002 ], [ -90.046383604686, 29.937212411050002 ], [ -90.046515605154994, 29.934896410413 ], [ -90.047796606180995, 29.934827410265999 ], [ -90.048202733129003, 29.934805531934 ], [ -90.054484563190002, 29.940761698725002 ], [ -90.058494294726003, 29.944563028207 ], [ -90.058552608602, 29.945339411985 ], [ -90.058577607866994, 29.946510412363001 ], [ -90.055470608367003, 29.948283412818999 ], [ -90.055058607578005, 29.948453413111 ], [ -90.054730607921996, 29.948461412892001 ], [ -90.054634607810996, 29.948521412979002 ], [ -90.054045607486998, 29.948887412695999 ], [ -90.053845607857994, 29.949011413005 ], [ -90.053547606666001, 29.948639413336998 ], [ -90.053418606731, 29.948603412754 ], [ -90.053351606609993, 29.948583413561 ], [ -90.053283607257001, 29.948567413223 ], [ -90.052720607658003, 29.948544413497 ], [ -90.052397607722995, 29.948533413654999 ], [ -90.052369606257997, 29.948617412971 ], [ -90.052326607712999, 29.948687413426001 ], [ -90.052160607822998, 29.948691413550002 ], [ -90.051198607421995, 29.948715413696 ], [ -90.050710606495997, 29.948726413140001 ], [ -90.050552606642995, 29.948730413435001 ], [ -90.049852606225997, 29.948761413031999 ], [ -90.049214606809002, 29.948734413244001 ], [ -90.048185606485006, 29.948704412927 ], [ -90.047070604965, 29.948663412852 ], [ -90.046143606388, 29.948658413758 ] ] ] ] } },
{ "type": "Feature", "properties": { "objectid": "62", "gnocdc_lab": "ST. ROCH", "shape_starea": "35609169.691943213", "shape_stlength": "38502.295125701297" }, "geometry": { "type": "MultiPolygon", "coordinates": [ [ [ [ -90.045085606658006, 29.986291421941001 ], [ -90.045121605814998, 29.986182421749 ], [ -90.045238605825006, 29.985823421530998 ], [ -90.045299606268003, 29.985635421613999 ], [ -90.045390606005, 29.985343421463998 ], [ -90.045439607418999, 29.985179421474001 ], [ -90.045487605516001, 29.985017421807999 ], [ -90.045637607147, 29.984480421762999 ], [ -90.045935606814993, 29.983447421211 ], [ -90.046262607393004, 29.982423420793001 ], [ -90.046370607399993, 29.982066421001999 ], [ -90.046426607750007, 29.981881420236 ], [ -90.046586606567999, 29.981369419966001 ], [ -90.046892607410996, 29.980327420588999 ], [ -90.047229607163004, 29.979276420455001 ], [ -90.047553606454997, 29.978252420524999 ], [ -90.047863607837996, 29.977207418991 ], [ -90.04791260719, 29.977025419416002 ], [ -90.047952606725005, 29.976922419350998 ], [ -90.047997606704001, 29.976853418916001 ], [ -90.048125607735997, 29.97681141975 ], [ -90.04804960653, 29.976163419789 ], [ -90.048295607756998, 29.976178419722 ], [ -90.048281608308997, 29.976050419391999 ], [ -90.048279607666998, 29.975949419879999 ], [ -90.048291607292995, 29.975837419066998 ], [ -90.048331606953994, 29.975641419999 ], [ -90.048493607349997, 29.975158418932001 ], [ -90.048830607095994, 29.974116418476999 ], [ -90.049140607398002, 29.972992419025001 ], [ -90.049448607670001, 29.972031418223001 ], [ -90.049779607039, 29.971000417846 ], [ -90.050087606665002, 29.969939417866001 ], [ -90.050335607527003, 29.969125417038999 ], [ -90.051013607284006, 29.969089418294001 ], [ -90.052039608637998, 29.969029417557 ], [ -90.052293607804998, 29.969014417716 ], [ -90.053285609176996, 29.968942417729 ], [ -90.054394607632005, 29.968877418121 ], [ -90.055552608724994, 29.968813417290999 ], [ -90.056742608755997, 29.968730418044998 ], [ -90.056984610232007, 29.968714417622 ], [ -90.057039609453, 29.969550417156 ], [ -90.057125609055007, 29.970557418561999 ], [ -90.057197609880006, 29.971589418251 ], [ -90.057207608889996, 29.971705417995999 ], [ -90.057284609714998, 29.972599418003998 ], [ -90.057332609802998, 29.973282417996 ], [ -90.057350610298997, 29.973611418084001 ], [ -90.057442609765005, 29.974620418394 ], [ -90.057504610289001, 29.975643418939999 ], [ -90.057586610333004, 29.976650419093001 ], [ -90.057655610227997, 29.977666419045999 ], [ -90.057721609973996, 29.978677419358998 ], [ -90.057844610244999, 29.979220419779999 ], [ -90.057879609685003, 29.979359420255999 ], [ -90.057960609809996, 29.979604419689 ], [ -90.057986609064997, 29.979683419699999 ], [ -90.058024610573995, 29.979788419961 ], [ -90.058073610538997, 29.980064420078001 ], [ -90.058115610634999, 29.980297419928998 ], [ -90.058155610903995, 29.980437419699999 ], [ -90.058172609899998, 29.980677420361999 ], [ -90.058171610393003, 29.981013420290999 ], [ -90.058128610021001, 29.981991420480998 ], [ -90.058132610491, 29.982146420090999 ], [ -90.058148610472998, 29.982288420299 ], [ -90.058112609410003, 29.98273742041 ], [ -90.058078610281996, 29.983201420433002 ], [ -90.058064610318993, 29.983402420608002 ], [ -90.058059610241003, 29.983761420871001 ], [ -90.058101610256003, 29.984768420696 ], [ -90.059436611617997, 29.984699421443 ], [ -90.059499611998007, 29.985691421296998 ], [ -90.059562610743995, 29.985711420683 ], [ -90.060656610829994, 29.985642421388 ], [ -90.061788611986998, 29.985574421606 ], [ -90.062907610935994, 29.985509420936001 ], [ -90.062993612276998, 29.986508420876 ], [ -90.064159611687998, 29.986451421011001 ], [ -90.065327612247998, 29.986378421038001 ], [ -90.065409613259007, 29.987399420928998 ], [ -90.066559612335993, 29.987328420817999 ], [ -90.067746612391005, 29.987231420596999 ], [ -90.067942613566998, 29.9872154211 ], [ -90.067969613065998, 29.987400420945999 ], [ -90.067994612204004, 29.987619420809001 ], [ -90.068016612708007, 29.987806420626001 ], [ -90.068044612923003, 29.987923421321 ], [ -90.068096613522002, 29.987987421494001 ], [ -90.068182613987005, 29.988061421183001 ], [ -90.068328613928998, 29.988168421567 ], [ -90.068423612385999, 29.988198421301 ], [ -90.068514612553003, 29.988210421975001 ], [ -90.068646613427006, 29.988212421103999 ], [ -90.06882961398, 29.988206421019001 ], [ -90.069239613861001, 29.988189421171001 ], [ -90.070388612545997, 29.98810442145 ], [ -90.070481613740995, 29.989120420877001 ], [ -90.071637614612001, 29.989036421979002 ], [ -90.072816615394004, 29.988982421911 ], [ -90.073023614575007, 29.988972421587999 ], [ -90.073242614592004, 29.98897342115 ], [ -90.073453615085, 29.988970420914001 ], [ -90.073725614720004, 29.988954421102001 ], [ -90.073871614705993, 29.990778421706001 ], [ -90.074075614639995, 29.990841422346001 ], [ -90.074313615278996, 29.99091942163 ], [ -90.074990614767003, 29.991163421574999 ], [ -90.075563614424993, 29.99137042201 ], [ -90.076456615834999, 29.991672421301999 ], [ -90.076674614943002, 29.991746421519 ], [ -90.076903616072002, 29.992155422395999 ], [ -90.077151616172003, 29.992627422283999 ], [ -90.077225616163005, 29.992750421992 ], [ -90.077316616670998, 29.992900422280002 ], [ -90.077433616386998, 29.993092421798 ], [ -90.077237616347006, 29.993084421967001 ], [ -90.077033615713006, 29.993076422178 ], [ -90.076885615790005, 29.993065422600001 ], [ -90.076767616468004, 29.992973421698998 ], [ -90.076577615470001, 29.992910421824 ], [ -90.076414615974997, 29.992873422614 ], [ -90.076265614472007, 29.992860422469001 ], [ -90.076113614536993, 29.992859421948999 ], [ -90.075704615603996, 29.992883421697002 ], [ -90.074548615821996, 29.992948422474001 ], [ -90.073365614074007, 29.993034421859001 ], [ -90.073298614685001, 29.992020421882 ], [ -90.073286615729003, 29.991854421608998 ], [ -90.073265613632003, 29.991690421988999 ], [ -90.073267615014998, 29.991669422059001 ], [ -90.073021615106995, 29.991585422122 ], [ -90.072914614083004, 29.991549422030001 ], [ -90.072788615262994, 29.991510422282001 ], [ -90.072557614816006, 29.991416422314 ], [ -90.071705615338004, 29.991079422264001 ], [ -90.071532614068005, 29.991020421426999 ], [ -90.071420614662998, 29.990987421707999 ], [ -90.071273614595, 29.990956421273001 ], [ -90.070847614699005, 29.990886422477999 ], [ -90.070723614274996, 29.990868422005001 ], [ -90.070403613663998, 29.990832421941999 ], [ -90.070258614436995, 29.990815422221999 ], [ -90.069992612790998, 29.990806422254 ], [ -90.069729614153999, 29.990809422177001 ], [ -90.069552614618999, 29.990813422296998 ], [ -90.069439613328001, 29.990822422394999 ], [ -90.069426614541996, 29.990594421207 ], [ -90.069403613584996, 29.990204421767 ], [ -90.068234613577999, 29.990266421685 ], [ -90.067978613213995, 29.990278421881001 ], [ -90.067875612066999, 29.990283421569 ], [ -90.067518613936002, 29.990308421712999 ], [ -90.067279613083997, 29.990325421746999 ], [ -90.066810612227997, 29.990357422081001 ], [ -90.066145612745004, 29.990397421530002 ], [ -90.065659612467996, 29.990428421366001 ], [ -90.065202613135995, 29.990301421677 ], [ -90.064978611539999, 29.990340422020001 ], [ -90.064908612284995, 29.990407421522999 ], [ -90.064855613023994, 29.990444421662001 ], [ -90.064806611782004, 29.990472422732999 ], [ -90.064743611175004, 29.990496421936999 ], [ -90.064676612141, 29.990508421792999 ], [ -90.064469612267999, 29.990513421526 ], [ -90.063440612647994, 29.990573421737999 ], [ -90.063187612243993, 29.990582421827 ], [ -90.062183612362006, 29.990629421434001 ], [ -90.061045611382994, 29.990696422494999 ], [ -90.059926611232001, 29.990782421553 ], [ -90.058735610745003, 29.990869422768998 ], [ -90.058439611040995, 29.990882421883001 ], [ -90.057290611021998, 29.990930422098 ], [ -90.056171609664005, 29.991005421836999 ], [ -90.055044609972001, 29.991075422695999 ], [ -90.054016609149997, 29.991144422796999 ], [ -90.053782608798997, 29.991153422577 ], [ -90.052764608318, 29.991193422397 ], [ -90.051640608457006, 29.991263423338999 ], [ -90.050992608065002, 29.991299422984 ], [ -90.050778608778998, 29.991308422808 ], [ -90.050650609059005, 29.991308422465 ], [ -90.050232607108995, 29.991287422883001 ], [ -90.049841607751006, 29.991388422492999 ], [ -90.049690609083996, 29.991363422765001 ], [ -90.049631608861006, 29.991342422829 ], [ -90.049568608345993, 29.991308422486998 ], [ -90.049439608520004, 29.991229423210001 ], [ -90.049275607351007, 29.991124423091001 ], [ -90.049252607453994, 29.991109422085 ], [ -90.048299607306006, 29.992153423042001 ], [ -90.047675608890003, 29.992858422302 ], [ -90.046058607339006, 29.994668423373 ], [ -90.045252607699993, 29.995557423765 ], [ -90.045251607015999, 29.995286423502002 ], [ -90.045141606786004, 29.993987423309001 ], [ -90.045074606276003, 29.993190423081 ], [ -90.045043607748994, 29.992740422665001 ], [ -90.044995607543996, 29.991655422947002 ], [ -90.044921607457994, 29.99064442261 ], [ -90.044845606690004, 29.989626422861999 ], [ -90.044676606812004, 29.987307421981999 ], [ -90.045030607561998, 29.986433421843 ], [ -90.045085606658006, 29.986291421941001 ] ] ] ] } },
{ "type": "Feature", "properties": { "objectid": "31", "gnocdc_lab": "HOLLYGROVE", "shape_starea": "17541142.799883142", "shape_stlength": "18537.398215223944" }, "geometry": { "type": "MultiPolygon", "coordinates": [ [ [ [ -90.119958627665994, 29.973743416379001 ], [ -90.119155626780994, 29.973083416738 ], [ -90.118362625488999, 29.972449416158 ], [ -90.117293626774, 29.971618415697002 ], [ -90.117126625962996, 29.971471416301 ], [ -90.116850625626995, 29.971253416639001 ], [ -90.116721625498997, 29.971145415538999 ], [ -90.115921625512996, 29.970482416166 ], [ -90.115135624412005, 29.969801415704001 ], [ -90.11432862529, 29.969153415867002 ], [ -90.113542625324996, 29.968490415742998 ], [ -90.112722625149999, 29.967833415487 ], [ -90.113213625165997, 29.967349415899999 ], [ -90.113985624910995, 29.966657415244001 ], [ -90.114716625678, 29.9659404151 ], [ -90.115537624835994, 29.966595414854002 ], [ -90.116290625001994, 29.965892414553998 ], [ -90.117031625634993, 29.965197415464001 ], [ -90.116219625607002, 29.964569415109001 ], [ -90.116963625105001, 29.963849414626999 ], [ -90.117752626040996, 29.963129414248002 ], [ -90.117861624358, 29.963020413908001 ], [ -90.117902624525996, 29.962979413947 ], [ -90.117951624982993, 29.962926414314001 ], [ -90.118503625960003, 29.962406413951001 ], [ -90.119337625504997, 29.96305341383 ], [ -90.120137627185002, 29.963714414918002 ], [ -90.120865627300006, 29.963041414212 ], [ -90.121620626341993, 29.962333414587 ], [ -90.122366626428004, 29.961609414443998 ], [ -90.123145626934999, 29.960884413485999 ], [ -90.123897626162005, 29.96019741313 ], [ -90.124681626824994, 29.959460413443999 ], [ -90.12490562776, 29.959257413486998 ], [ -90.125715627565, 29.959923413344001 ], [ -90.125975628841005, 29.960137413636001 ], [ -90.126520628047999, 29.960585414080001 ], [ -90.127392628327996, 29.961292413988001 ], [ -90.128125628676003, 29.961913413604002 ], [ -90.128611628246006, 29.962294413373002 ], [ -90.129165627896995, 29.962741413970001 ], [ -90.129441629509003, 29.962957413988001 ], [ -90.129756628839999, 29.963213413719 ], [ -90.130088628227, 29.963483413609001 ], [ -90.130386629667001, 29.963707414249001 ], [ -90.130503629092999, 29.963786414017001 ], [ -90.130745653766994, 29.963923860885998 ], [ -90.130742218609001, 29.963929897838 ], [ -90.130670837262997, 29.964055329187001 ], [ -90.125033679916001, 29.973686175598999 ], [ -90.124860448622002, 29.975797951659999 ], [ -90.124780628582002, 29.975796416651001 ], [ -90.124260626579996, 29.975786416771999 ], [ -90.124218628530997, 29.975783417212 ], [ -90.123910628005007, 29.975764416773 ], [ -90.123487626880006, 29.975720417190999 ], [ -90.123086627337003, 29.975695417238001 ], [ -90.122598626352996, 29.975659417037001 ], [ -90.122454626071004, 29.975637416971001 ], [ -90.122364626923002, 29.975617416723001 ], [ -90.122300627355997, 29.975593416115 ], [ -90.122214627814003, 29.975543416729 ], [ -90.121615627617004, 29.975065416425998 ], [ -90.121016627377998, 29.974596416575999 ], [ -90.120781627279001, 29.974404416234002 ], [ -90.119958627665994, 29.973743416379001 ] ] ] ] } },
{ "type": "Feature", "properties": { "objectid": "2", "gnocdc_lab": "ALGIERS POINT", "shape_starea": "13750799.312051808", "shape_stlength": "15434.791434680927" }, "geometry": { "type": "MultiPolygon", "coordinates": [ [ [ [ -90.045377605517999, 29.958108415016 ], [ -90.045582605796, 29.955884414482998 ], [ -90.045577605752996, 29.955108415196001 ], [ -90.045757605860999, 29.954913414695 ], [ -90.045793606594003, 29.954282414255001 ], [ -90.045854606152005, 29.953149414708001 ], [ -90.045928606185001, 29.951980414154001 ], [ -90.046006605181006, 29.950790413397002 ], [ -90.046082604556005, 29.949605413770001 ], [ -90.046143606388, 29.948658413758 ], [ -90.047070604965, 29.948663412852 ], [ -90.048185606485006, 29.948704412927 ], [ -90.049214606809002, 29.948734413244001 ], [ -90.049852606225997, 29.948761413031999 ], [ -90.050552606642995, 29.948730413435001 ], [ -90.050710606495997, 29.948726413140001 ], [ -90.051198607421995, 29.948715413696 ], [ -90.052160607822998, 29.948691413550002 ], [ -90.052326607712999, 29.948687413426001 ], [ -90.052369606257997, 29.948617412971 ], [ -90.052397607722995, 29.948533413654999 ], [ -90.052720607658003, 29.948544413497 ], [ -90.053283607257001, 29.948567413223 ], [ -90.053351606609993, 29.948583413561 ], [ -90.053418606731, 29.948603412754 ], [ -90.053547606666001, 29.948639413336998 ], [ -90.053845607857994, 29.949011413005 ], [ -90.054045607486998, 29.948887412695999 ], [ -90.054634607810996, 29.948521412979002 ], [ -90.054730607921996, 29.948461412892001 ], [ -90.055058607578005, 29.948453413111 ], [ -90.055470608367003, 29.948283412818999 ], [ -90.058577607866994, 29.946510412363001 ], [ -90.058577609167003, 29.949984413178999 ], [ -90.058577609224997, 29.951508413288 ], [ -90.058646609202995, 29.953154414218002 ], [ -90.058677608875996, 29.953908414219001 ], [ -90.056977609171, 29.956608414407999 ], [ -90.054477608377994, 29.958008415433 ], [ -90.052336607702998, 29.958386415443002 ], [ -90.051906606642007, 29.958369415288001 ], [ -90.047436605984004, 29.958190415987001 ], [ -90.045377605517999, 29.958108415016 ] ] ] ] } },
{ "type": "Feature", "properties": { "objectid": "37", "gnocdc_lab": "LAKESHORE - LAKE VISTA", "shape_starea": "31376084.80268139", "shape_stlength": "27091.095104661745" }, "geometry": { "type": "MultiPolygon", "coordinates": [ [ [ [ -90.082517522768995, 30.026228695655 ], [ -90.082517619624994, 30.026216429125999 ], [ -90.082512617579994, 30.026119429333999 ], [ -90.082539619128994, 30.025993429518 ], [ -90.082549618111997, 30.025560429458999 ], [ -90.082519618557001, 30.025229429464002 ], [ -90.082797619066994, 30.024840429005 ], [ -90.082909618908005, 30.024242428267002 ], [ -90.082834618820996, 30.023405428819 ], [ -90.082714619358001, 30.022114428011001 ], [ -90.082707618157002, 30.021465428603999 ], [ -90.082872617671001, 30.021107428385001 ], [ -90.082873619094997, 30.021108428529999 ], [ -90.082931618914998, 30.021113428162 ], [ -90.082959618500993, 30.021098428521 ], [ -90.082955618137007, 30.021082427589 ], [ -90.082956618763006, 30.021049427638999 ], [ -90.082994619074995, 30.020981427424001 ], [ -90.083042619043994, 30.020870428605999 ], [ -90.083579618249999, 30.020873427996001 ], [ -90.083671619377995, 30.020873427832001 ], [ -90.083934618976997, 30.020856428483 ], [ -90.084043619713, 30.020848427899001 ], [ -90.084364619827994, 30.020825427877 ], [ -90.084595618986995, 30.020798428435 ], [ -90.084773618824997, 30.020777428328 ], [ -90.085216619232, 30.020717428224 ], [ -90.085375619526005, 30.020688427686999 ], [ -90.085673618805998, 30.020625427696 ], [ -90.085958619498996, 30.020535427727001 ], [ -90.086025619129998, 30.02051242792 ], [ -90.086259619857998, 30.020433427608999 ], [ -90.086826619877002, 30.020189427974 ], [ -90.087381620456, 30.019950427042001 ], [ -90.087414619333998, 30.019935427754 ], [ -90.087894619826997, 30.019719427068001 ], [ -90.088383619718002, 30.019518427004002 ], [ -90.088489619783999, 30.019473427813001 ], [ -90.088818619655001, 30.019332427487999 ], [ -90.089398619872995, 30.019102427566001 ], [ -90.089841619791997, 30.018951427828 ], [ -90.090051619581999, 30.018895428067001 ], [ -90.090401620769995, 30.018802427926001 ], [ -90.090758620778004, 30.018741427805999 ], [ -90.091084621456005, 30.018685427571 ], [ -90.091625620657993, 30.018623427213999 ], [ -90.092079621443006, 30.018571426632001 ], [ -90.092758621786999, 30.018562426782999 ], [ -90.093116621038007, 30.018540427156001 ], [ -90.093636620354005, 30.018541427403001 ], [ -90.093777622201003, 30.018547427472999 ], [ -90.094267622256993, 30.018620426664999 ], [ -90.094793621700006, 30.018677427107001 ], [ -90.095511621097998, 30.018721426980001 ], [ -90.095989621742007, 30.018761427432 ], [ -90.096279622167998, 30.018786427177002 ], [ -90.096598621311003, 30.018829427229001 ], [ -90.096741622720003, 30.018839427090999 ], [ -90.096872622611002, 30.018846427002 ], [ -90.097049622529994, 30.018839426829999 ], [ -90.097406622915003, 30.018831426615002 ], [ -90.097528621669994, 30.018836426878998 ], [ -90.097908622934995, 30.018861427748 ], [ -90.098161622074002, 30.018879427725 ], [ -90.098524623133997, 30.018906427245 ], [ -90.098689623515995, 30.018914427178 ], [ -90.099766624018997, 30.019018427018999 ], [ -90.101070623203, 30.019129427233999 ], [ -90.102031623090994, 30.019214427369999 ], [ -90.103067623751997, 30.019313427157002 ], [ -90.104027624150007, 30.019405427106999 ], [ -90.105036624918, 30.019493426518 ], [ -90.106052624220993, 30.019595427163001 ], [ -90.106460624807994, 30.019628426943999 ], [ -90.107559624806001, 30.019718426531998 ], [ -90.108578625777, 30.019812427512001 ], [ -90.109385626003998, 30.019883426679002 ], [ -90.110808626017999, 30.020007426797001 ], [ -90.111738625358996, 30.020083426667 ], [ -90.112474626129995, 30.020170426497 ], [ -90.113133626557996, 30.020231426776999 ], [ -90.113551627663, 30.020261426971999 ], [ -90.113602627240994, 30.020222426577 ], [ -90.113652627126996, 30.020187427250001 ], [ -90.113698627397994, 30.020163426759002 ], [ -90.113854627402006, 30.020121426355001 ], [ -90.113889627142001, 30.020100426635 ], [ -90.114721627424004, 30.019493426438999 ], [ -90.114591626744001, 30.019977426634 ], [ -90.114544627133995, 30.020152426508002 ], [ -90.114400626407999, 30.021631427828002 ], [ -90.114291627398998, 30.023123427047999 ], [ -90.114192314950003, 30.023309142509 ], [ -90.114191626351996, 30.023310428106001 ], [ -90.113970625996004, 30.023860427311 ], [ -90.113853627414002, 30.024332427476999 ], [ -90.113781626836996, 30.026603428383002 ], [ -90.113560627257996, 30.027536428516999 ], [ -90.113365627351001, 30.027940428250002 ], [ -90.112829717956998, 30.027986030468 ], [ -90.113185274626005, 30.027205342529001 ], [ -90.113139374024996, 30.027092481419999 ], [ -90.113107697203006, 30.026981367061001 ], [ -90.113094727204995, 30.026928013502999 ], [ -90.113056474125997, 30.026844580386999 ], [ -90.113032989355005, 30.026837338109999 ], [ -90.112991370456996, 30.026833564600999 ], [ -90.112834481668003, 30.026862497145999 ], [ -90.112417516388007, 30.026939394454001 ], [ -90.112362369204007, 30.026949564451002 ], [ -90.111172444510999, 30.027181770207999 ], [ -90.111151929382004, 30.027186700773001 ], [ -90.110130567523996, 30.027443711615 ], [ -90.109944366399006, 30.027490567920001 ], [ -90.108733366845001, 30.027835566469999 ], [ -90.108532366868005, 30.027889565841999 ], [ -90.108432364815002, 30.027905566632001 ], [ -90.108345367675994, 30.027913564784001 ], [ -90.107452367117006, 30.027811564918998 ], [ -90.106557557106996, 30.027707024041 ], [ -90.106151364485001, 30.027659565718 ], [ -90.105507363788007, 30.027585564363999 ], [ -90.105027364191002, 30.027538566482999 ], [ -90.104134363483993, 30.027496564825 ], [ -90.103693364419996, 30.027495566489002 ], [ -90.103539363964003, 30.027507565040999 ], [ -90.103148053287001, 30.027662706184 ], [ -90.102726971869998, 30.027951140046 ], [ -90.102605489325995, 30.028034353723001 ], [ -90.101913456560993, 30.028476673958 ], [ -90.101723476781999, 30.028553717489999 ], [ -90.101625362885997, 30.028569566582 ], [ -90.101415360857004, 30.028577565311 ], [ -90.101195362888006, 30.028565564596999 ], [ -90.100712200649994, 30.028448154934999 ], [ -90.100623361749996, 30.028426565153001 ], [ -90.100433363495, 30.028389565716999 ], [ -90.100113361208997, 30.028353566218001 ], [ -90.099934362902005, 30.028355565390001 ], [ -90.099684360195994, 30.028388566010999 ], [ -90.099171913822005, 30.028531070797001 ], [ -90.098598360184994, 30.028690565874001 ], [ -90.098306360756993, 30.028746566353998 ], [ -90.098202360513, 30.028751567196998 ], [ -90.098073360035002, 30.028743565288 ], [ -90.097892540380002, 30.028717855608001 ], [ -90.097793332720002, 30.028676984627001 ], [ -90.097639354766997, 30.028559205413 ], [ -90.097577904605004, 30.028502832129998 ], [ -90.097533330096994, 30.028447393998 ], [ -90.097514314714999, 30.028406786354001 ], [ -90.097489803791007, 30.028350305875001 ], [ -90.097413360993997, 30.028061565967999 ], [ -90.097141248601005, 30.028106510705001 ], [ -90.097116184379999, 30.028110651155 ], [ -90.096892283260004, 30.028147633905999 ], [ -90.096856625656997, 30.028153521675002 ], [ -90.096858184444997, 30.028201730877999 ], [ -90.096871636328004, 30.028557418637 ], [ -90.096872360039995, 30.028576565941002 ], [ -90.096817860694003, 30.028684697220001 ], [ -90.096670106969995, 30.028887680539 ], [ -90.096551261363004, 30.028967028499999 ], [ -90.096411596085005, 30.029040060162 ], [ -90.096183360775001, 30.029089564366998 ], [ -90.095624360551, 30.029140566418999 ], [ -90.095602324346999, 30.029140222159999 ], [ -90.094539359441995, 30.029123567536001 ], [ -90.094341853882995, 30.029128557206 ], [ -90.094064358668007, 30.029135567240001 ], [ -90.093894359851006, 30.029152567366001 ], [ -90.093682360271998, 30.029204565825001 ], [ -90.093354435939005, 30.029449035631998 ], [ -90.093261967391001, 30.029508163151998 ], [ -90.092901414153999, 30.029738703812999 ], [ -90.092427824701005, 30.02998770052 ], [ -90.092099359924006, 30.030077566523001 ], [ -90.091683356348, 30.030161567465999 ], [ -90.091506358784997, 30.030160566993999 ], [ -90.091034358879995, 30.030088567048999 ], [ -90.090333927288, 30.029885340159002 ], [ -90.090005328024006, 30.029736086229999 ], [ -90.089795631941996, 30.029543271200001 ], [ -90.089735533096999, 30.0294880095 ], [ -90.089412293590001, 30.029018116391001 ], [ -90.089397338699001, 30.028998610852 ], [ -90.089083940898007, 30.028599851265 ], [ -90.088547294226998, 30.028063751085 ], [ -90.088380120720004, 30.027905859868 ], [ -90.088238356752001, 30.027832565941999 ], [ -90.088034707681004, 30.027757216927 ], [ -90.087838356719004, 30.027684566582 ], [ -90.087120355352994, 30.027520564945 ], [ -90.086767353566003, 30.027482566869999 ], [ -90.086002195641001, 30.02746444324 ], [ -90.085611743808997, 30.027455191931999 ], [ -90.085585354714993, 30.027454565660001 ], [ -90.084481354499999, 30.027454568509999 ], [ -90.084044353657006, 30.027435565611999 ], [ -90.083782354294001, 30.027401567074001 ], [ -90.083702355293994, 30.027384568016 ], [ -90.083563187728998, 30.027344429380001 ], [ -90.083391083069998, 30.027268803215001 ], [ -90.083142318810005, 30.027136382550999 ], [ -90.082969079592004, 30.026985592166 ], [ -90.082957531074996, 30.026972382314 ], [ -90.082870226946994, 30.026862463497 ], [ -90.08283321703, 30.026779634947999 ], [ -90.082829744904998, 30.026763743701999 ], [ -90.082810352978001, 30.026630565503002 ], [ -90.082811344377006, 30.026614512744001 ], [ -90.082821774538999, 30.026445565147 ], [ -90.082823211488005, 30.026422260084001 ], [ -90.082825046657007, 30.026386630906 ], [ -90.082813882791001, 30.026352679106999 ], [ -90.082808232909997, 30.026335499563 ], [ -90.082768692862004, 30.026291234794002 ], [ -90.082746757164003, 30.026280035656999 ], [ -90.082674768591005, 30.026258914923002 ], [ -90.082546224531001, 30.026234211073 ], [ -90.082517522768995, 30.026228695655 ] ] ] ] } },
{ "type": "Feature", "properties": { "objectid": "51", "gnocdc_lab": "PINES VILLAGE", "shape_starea": "38048657.046289101", "shape_stlength": "29310.458700132662" }, "geometry": { "type": "MultiPolygon", "coordinates": [ [ [ [ -90.009959600075007, 30.026428431631 ], [ -90.010538598495003, 30.026292431428001 ], [ -90.010792599116002, 30.026232431596 ], [ -90.011095598967003, 30.026147430973001 ], [ -90.011456599613993, 30.026019431809001 ], [ -90.011772600154998, 30.025888431255002 ], [ -90.012139599349993, 30.025711431121 ], [ -90.012536600567998, 30.025434430707001 ], [ -90.012851599273006, 30.025175431697001 ], [ -90.013164600012999, 30.024888431246001 ], [ -90.013372599986994, 30.024647431219002 ], [ -90.013688600316001, 30.024267431312001 ], [ -90.013985600507993, 30.023617431160002 ], [ -90.014057600021999, 30.023405430735998 ], [ -90.014159601276006, 30.022972430669999 ], [ -90.014202598848001, 30.02266143089 ], [ -90.014211599980001, 30.022318430567999 ], [ -90.014203599661002, 30.022133430596 ], [ -90.014168600586999, 30.021728430692999 ], [ -90.014130599696003, 30.021425430493 ], [ -90.014041599311994, 30.020508430301 ], [ -90.014010600201999, 30.020279430214998 ], [ -90.013979599782004, 30.019939430345001 ], [ -90.013858600367996, 30.018502429645999 ], [ -90.013727600056001, 30.016951429588001 ], [ -90.013444599069004, 30.013984428383999 ], [ -90.013386600228998, 30.013255428166001 ], [ -90.013197599609995, 30.011519427966 ], [ -90.013172599715006, 30.010857428184 ], [ -90.013344598371006, 30.010834428134 ], [ -90.014419599793996, 30.010711427648001 ], [ -90.014485599693998, 30.010703428334001 ], [ -90.015305599304995, 30.010615428344 ], [ -90.017600599936998, 30.010362427968001 ], [ -90.019301600169001, 30.010186427343999 ], [ -90.019581600110996, 30.010152427984 ], [ -90.01995659984, 30.010097427320002 ], [ -90.020177601469996, 30.010056427824999 ], [ -90.020460601142005, 30.009983427163998 ], [ -90.020891601184999, 30.009842427298 ], [ -90.024192602512002, 30.009003427302002 ], [ -90.024338603082001, 30.008959427611 ], [ -90.026511602613994, 30.008456426997 ], [ -90.027012603279005, 30.008320427289998 ], [ -90.027054602972996, 30.008457427309999 ], [ -90.027114603360005, 30.008652426783001 ], [ -90.028350602941003, 30.012644427878001 ], [ -90.029576603861003, 30.016606428753001 ], [ -90.029675604961994, 30.016907428959001 ], [ -90.030175604869001, 30.018429428967 ], [ -90.030663603677993, 30.019913429811002 ], [ -90.030674605013999, 30.019946429183001 ], [ -90.032202603577005, 30.024593430315001 ], [ -90.032301604783001, 30.024896430041 ], [ -90.032353604034995, 30.025054430253 ], [ -90.033989605738995, 30.030028431241 ], [ -90.034338606549994, 30.031088431071002 ], [ -90.034379605363995, 30.031305431650001 ], [ -90.034205605311001, 30.031353432079001 ], [ -90.033802606402006, 30.031438431872001 ], [ -90.033692606112993, 30.031452432339002 ], [ -90.033513605758003, 30.031416431756998 ], [ -90.033181604323005, 30.031370431429 ], [ -90.033029606293994, 30.031354431960999 ], [ -90.032898604547995, 30.031372432348 ], [ -90.031581604956003, 30.031679432472 ], [ -90.029261605686003, 30.032284432428 ], [ -90.028705604695006, 30.032433432489 ], [ -90.028399604786998, 30.032521432915001 ], [ -90.028184603471999, 30.032563432576001 ], [ -90.027883604748993, 30.032592431897999 ], [ -90.02766960404, 30.032608432307999 ], [ -90.027466603738006, 30.032643432164999 ], [ -90.027136603985994, 30.032720432687999 ], [ -90.026959604702995, 30.032769432298998 ], [ -90.026804604044003, 30.032370432691 ], [ -90.026716602582994, 30.032143432207999 ], [ -90.026341603296999, 30.031181432558 ], [ -90.026253603705996, 30.030973431604 ], [ -90.025943602466, 30.030195432420999 ], [ -90.025752603331995, 30.029625432195001 ], [ -90.025657603902005, 30.029353431619999 ], [ -90.025373602138998, 30.028569432070999 ], [ -90.025072603078996, 30.027769430704002 ], [ -90.024783601905, 30.026963431561001 ], [ -90.024519601934998, 30.026238430848 ], [ -90.023730603149005, 30.026479431012 ], [ -90.022892602420001, 30.026735430898 ], [ -90.022391602414999, 30.026882431655 ], [ -90.021394602841994, 30.027173431400001 ], [ -90.020801602784005, 30.027355431505999 ], [ -90.020349601649002, 30.027494432034999 ], [ -90.019530602117996, 30.027732432055998 ], [ -90.018425601342003, 30.028066431614 ], [ -90.017951600244004, 30.028069431481001 ], [ -90.017232600528999, 30.028019432381001 ], [ -90.017077600974005, 30.027988431876999 ], [ -90.016930601317, 30.027955431540001 ], [ -90.016800600267999, 30.027912432032998 ], [ -90.016605601376, 30.027847431373001 ], [ -90.016093600339005, 30.027613431168 ], [ -90.015905600793005, 30.027527431663 ], [ -90.015798600817007, 30.027471431072001 ], [ -90.015717599973001, 30.027431431631999 ], [ -90.015660601145996, 30.027383431415 ], [ -90.015603600136004, 30.027291431534 ], [ -90.015512599800005, 30.027301431445999 ], [ -90.015394599920995, 30.027291432157998 ], [ -90.015306600711, 30.027275431023 ], [ -90.014810600445003, 30.027104431165 ], [ -90.014117599691005, 30.026908432111998 ], [ -90.013528600113005, 30.026756432073999 ], [ -90.013227599165006, 30.026696431325 ], [ -90.012604598677001, 30.026596431457001 ], [ -90.012201599701996, 30.026545431696999 ], [ -90.011572599028995, 30.026483431538001 ], [ -90.011356600377994, 30.026472432266999 ], [ -90.011326598438998, 30.026472431504001 ], [ -90.010712599333004, 30.02645243109 ], [ -90.010186598934993, 30.026442431747999 ], [ -90.009959600075007, 30.026428431631 ] ] ] ] } },
{ "type": "Feature", "properties": { "objectid": "28", "gnocdc_lab": "GENTILLY TERRACE", "shape_starea": "33902152.527158871", "shape_stlength": "23830.637257665709" }, "geometry": { "type": "MultiPolygon", "coordinates": [ [ [ [ -90.046710609323, 30.012898427718 ], [ -90.046677608139007, 30.012517427814 ], [ -90.046509607703001, 30.010769426779 ], [ -90.046376607598006, 30.008985426496999 ], [ -90.046223608519, 30.007225425847999 ], [ -90.046092608207999, 30.005486425914 ], [ -90.046030607841999, 30.004675426273 ], [ -90.045978607630005, 30.003813425036 ], [ -90.045867607950996, 30.002741425187001 ], [ -90.045857608280997, 30.002628424903001 ], [ -90.045799607535997, 30.001958425548999 ], [ -90.045717607523002, 30.001148425122 ], [ -90.045656607501002, 30.000360424974001 ], [ -90.04559160673, 29.999547424618999 ], [ -90.045529608029995, 29.998762424252 ], [ -90.045466607790999, 29.997973424318001 ], [ -90.045375607816993, 29.997162423835 ], [ -90.045361606019995, 29.996997424227999 ], [ -90.045337608438999, 29.996757424118002 ], [ -90.045290606258007, 29.996330423940002 ], [ -90.045276607527995, 29.996207423798001 ], [ -90.045252607699993, 29.995557423765 ], [ -90.046058607339006, 29.994668423373 ], [ -90.047675608890003, 29.992858422302 ], [ -90.048299607306006, 29.992153423042001 ], [ -90.049252607453994, 29.991109422085 ], [ -90.049275607351007, 29.991124423091001 ], [ -90.049439608520004, 29.991229423210001 ], [ -90.049568608345993, 29.991308422486998 ], [ -90.049631608861006, 29.991342422829 ], [ -90.049690609083996, 29.991363422765001 ], [ -90.049841607751006, 29.991388422492999 ], [ -90.050232607108995, 29.991287422883001 ], [ -90.050650609059005, 29.991308422465 ], [ -90.050778608778998, 29.991308422808 ], [ -90.050992608065002, 29.991299422984 ], [ -90.051640608457006, 29.991263423338999 ], [ -90.052764608318, 29.991193422397 ], [ -90.053782608798997, 29.991153422577 ], [ -90.054016609149997, 29.991144422796999 ], [ -90.055044609972001, 29.991075422695999 ], [ -90.056171609664005, 29.991005421836999 ], [ -90.057290611021998, 29.990930422098 ], [ -90.058439611040995, 29.990882421883001 ], [ -90.058735610745003, 29.990869422768998 ], [ -90.058770611637001, 29.991214422195 ], [ -90.058792611708, 29.991433421895 ], [ -90.058803611094007, 29.9915814228 ], [ -90.058806610472004, 29.991685422358 ], [ -90.058799611683995, 29.991860423083001 ], [ -90.058887609736999, 29.992887423311 ], [ -90.058981610851006, 29.993905423091999 ], [ -90.059061610246005, 29.994909422620999 ], [ -90.059132611143994, 29.995910423358001 ], [ -90.059209610943995, 29.996926423678001 ], [ -90.059296611210996, 29.99791942365 ], [ -90.059358611407006, 29.998786424178999 ], [ -90.059370611579993, 29.998956423526 ], [ -90.059415611502004, 29.999451423450001 ], [ -90.059429611219002, 29.999609423609002 ], [ -90.059460611171005, 29.999976424035999 ], [ -90.059550610599004, 30.000974424502999 ], [ -90.059635612285007, 30.001988424221999 ], [ -90.059716611669003, 30.003001425029002 ], [ -90.059782611082994, 30.004017424752998 ], [ -90.059866611809994, 30.005029425623999 ], [ -90.059963612304003, 30.006054425812 ], [ -90.060035611968999, 30.007061425518 ], [ -90.060133612217996, 30.008115425989001 ], [ -90.060146612238, 30.00825642553 ], [ -90.060219611917006, 30.009300425519999 ], [ -90.060272611135005, 30.009929426506002 ], [ -90.060292612514999, 30.010314426429002 ], [ -90.060376611972004, 30.011343426436 ], [ -90.060455612501997, 30.012371426938 ], [ -90.060468611711997, 30.012540426773 ], [ -90.060133613041998, 30.012553426755002 ], [ -90.059555612050005, 30.012595427337999 ], [ -90.059013612653999, 30.012680427260001 ], [ -90.058651612041004, 30.012810427447 ], [ -90.058327612167005, 30.012929427561001 ], [ -90.058172612058002, 30.012980426719 ], [ -90.058066611499001, 30.013009426878 ], [ -90.057985612167997, 30.013025427226999 ], [ -90.057897610327004, 30.013034427023001 ], [ -90.057753611779006, 30.013045427622 ], [ -90.056816611070005, 30.013104427083999 ], [ -90.055875611735999, 30.013160427218999 ], [ -90.055599611092006, 30.013169427377999 ], [ -90.054764611394006, 30.013198427932 ], [ -90.054502611215, 30.013204427432999 ], [ -90.053877610764999, 30.013213426955001 ], [ -90.053490610195993, 30.013218427100998 ], [ -90.052980610603001, 30.013226427195999 ], [ -90.052083609090005, 30.013239427631 ], [ -90.051168609759998, 30.013186427796999 ], [ -90.050990610708993, 30.013192427214001 ], [ -90.049994609899997, 30.013224427967 ], [ -90.049107609415003, 30.013245428026 ], [ -90.048859608488002, 30.013255427893998 ], [ -90.048184609489994, 30.013263427218 ], [ -90.047731608386002, 30.013267427864001 ], [ -90.047260608890994, 30.013267427528 ], [ -90.046740608839002, 30.01326742757 ], [ -90.046710609323, 30.012898427718 ] ] ] ] } },
{ "type": "Feature", "properties": { "objectid": "66", "gnocdc_lab": "TULANE - GRAVIER", "shape_starea": "19669962.687399365", "shape_stlength": "18239.223590052607" }, "geometry": { "type": "MultiPolygon", "coordinates": [ [ [ [ -90.074740613329993, 29.962203414834001 ], [ -90.075393614267995, 29.961488415030001 ], [ -90.076119614326998, 29.960671415290001 ], [ -90.076798614623996, 29.959899415165001 ], [ -90.077539614640997, 29.959060414726999 ], [ -90.077685614575003, 29.958897415009002 ], [ -90.078252613841997, 29.958289414580001 ], [ -90.078481614984995, 29.958062413994998 ], [ -90.079210615264003, 29.957212414322001 ], [ -90.079553615660004, 29.956830413971002 ], [ -90.079630614954993, 29.956744413825 ], [ -90.080572614824007, 29.955661413836999 ], [ -90.081552615587, 29.954585413555002 ], [ -90.082438615973004, 29.953650413807999 ], [ -90.082506615341998, 29.953582413378001 ], [ -90.082681616119999, 29.953411413110999 ], [ -90.083466615570003, 29.952499412319 ], [ -90.083914616371999, 29.95198241252 ], [ -90.084370616005003, 29.951465413147002 ], [ -90.084480616543999, 29.951317412906 ], [ -90.084894615964998, 29.950803412675999 ], [ -90.085046615915005, 29.950618413133999 ], [ -90.085112616193001, 29.950534413052001 ], [ -90.085207616679995, 29.950457413233 ], [ -90.085269616324993, 29.950597412585001 ], [ -90.085329615852999, 29.950691412727998 ], [ -90.085370616592002, 29.950756412804001 ], [ -90.085433615753999, 29.950877412524999 ], [ -90.085544616777995, 29.951075412382998 ], [ -90.085677616837998, 29.951329412657 ], [ -90.085747615450003, 29.951462412339001 ], [ -90.085876615844001, 29.951708413214 ], [ -90.086000616806004, 29.951894412670001 ], [ -90.086123616007995, 29.952054412953999 ], [ -90.086370615530996, 29.952291413253999 ], [ -90.086798615730004, 29.952624413317999 ], [ -90.086824616797998, 29.952641413087001 ], [ -90.087364617649996, 29.952938413264999 ], [ -90.087650617698003, 29.953097412967001 ], [ -90.087898617293007, 29.953349412977001 ], [ -90.089318617982997, 29.954347412983999 ], [ -90.090118618323004, 29.954937413307999 ], [ -90.090923618613999, 29.955544413178998 ], [ -90.091807619045994, 29.956123412970999 ], [ -90.09210561834, 29.956339413055002 ], [ -90.092215618658997, 29.956425413234999 ], [ -90.092340618822007, 29.956513413370001 ], [ -90.094060619977995, 29.957778413842998 ], [ -90.094122619583999, 29.957815414260001 ], [ -90.094023618159994, 29.957939413971999 ], [ -90.093854619092994, 29.958130413997999 ], [ -90.093742618853, 29.958251413862001 ], [ -90.093704619472007, 29.958288413447001 ], [ -90.093623618275004, 29.958370414211 ], [ -90.093514619060002, 29.958481413918001 ], [ -90.093106618853994, 29.958875414539001 ], [ -90.092503618791, 29.95957641431 ], [ -90.091531617716996, 29.960654414387001 ], [ -90.091272618215996, 29.960949414803999 ], [ -90.090910619376999, 29.961362415151001 ], [ -90.090586617488, 29.961732415103999 ], [ -90.090511617369998, 29.961821415065 ], [ -90.090373617794995, 29.961988415501999 ], [ -90.090198617781994, 29.962183415089999 ], [ -90.090063618342995, 29.962334415510998 ], [ -90.089632618172999, 29.962816414938999 ], [ -90.089560618358007, 29.962899414949 ], [ -90.089085618542995, 29.963460415107001 ], [ -90.088821616714, 29.963771414913001 ], [ -90.088502617805005, 29.964132414969001 ], [ -90.088098617911001, 29.964588415457001 ], [ -90.087879617593998, 29.964843415836999 ], [ -90.087364617399999, 29.965442415504 ], [ -90.087236618177997, 29.965591415927001 ], [ -90.086476618039995, 29.966459416399001 ], [ -90.085793617240995, 29.967238416170002 ], [ -90.085627617363997, 29.967416415904999 ], [ -90.085046617160003, 29.968040416602999 ], [ -90.084574616916996, 29.968563416451001 ], [ -90.084454617118993, 29.968704416072001 ], [ -90.083118615824006, 29.967844416098998 ], [ -90.082022615816001, 29.967101415984999 ], [ -90.081152614733995, 29.966504416069998 ], [ -90.080264615748007, 29.965916416323001 ], [ -90.079476615532997, 29.965393416777999 ], [ -90.079264614443005, 29.965251416333 ], [ -90.078519614664998, 29.964724416010998 ], [ -90.077639615023003, 29.964150415578999 ], [ -90.076786614935997, 29.963536415905001 ], [ -90.075885615058993, 29.962942415299 ], [ -90.075107613634998, 29.962429415283001 ], [ -90.074976614186994, 29.962348415769998 ], [ -90.074842614589997, 29.962265415164001 ], [ -90.074740613329993, 29.962203414834001 ] ] ] ] } },
{ "type": "Feature", "properties": { "objectid": "22", "gnocdc_lab": "FILMORE", "shape_starea": "34127888.733414441", "shape_stlength": "24166.543235825888" }, "geometry": { "type": "MultiPolygon", "coordinates": [ [ [ [ -90.070804615889003, 30.021413428435 ], [ -90.070808614754, 30.021173427783999 ], [ -90.070795615356005, 30.020925428363999 ], [ -90.070756615326999, 30.020440428284999 ], [ -90.070732616133, 30.020051428283001 ], [ -90.070686615528004, 30.019594428122002 ], [ -90.070666615376993, 30.019089428354999 ], [ -90.070517615086004, 30.017305427427001 ], [ -90.070468615850004, 30.016262427215999 ], [ -90.070079613299995, 30.011867425822 ], [ -90.069705613113996, 30.007655425212999 ], [ -90.069695614747999, 30.007543425862998 ], [ -90.069500613973005, 30.005390424880002 ], [ -90.070022614720997, 30.005282425407 ], [ -90.070691613723, 30.004768424893001 ], [ -90.070978613408997, 30.004523424439 ], [ -90.071426614882, 30.004160425079998 ], [ -90.072675615026, 30.003045423738001 ], [ -90.073622614079, 30.002284423767001 ], [ -90.073727615574995, 30.002224423855001 ], [ -90.073789615615993, 30.002196424756001 ], [ -90.073861615796005, 30.002172424308998 ], [ -90.073866615599002, 30.002170424098999 ], [ -90.074089615489996, 30.002139424159001 ], [ -90.074016615049999, 30.001116424041999 ], [ -90.07398261502, 30.000767424412999 ], [ -90.073970615576997, 30.000603423760001 ], [ -90.073935615479996, 30.000101423875002 ], [ -90.075107615811007, 30.000037424262 ], [ -90.076255615384994, 29.999959423461 ], [ -90.077433615526004, 29.999905423693999 ], [ -90.078596616702995, 29.999834423258999 ], [ -90.079757617230996, 29.999758423176999 ], [ -90.080925617941006, 29.999698423523 ], [ -90.081006616927993, 29.999701423476001 ], [ -90.081267617687004, 29.999711423413 ], [ -90.082092618136002, 29.999655423509001 ], [ -90.083253618222997, 29.999595423298 ], [ -90.084421618617995, 29.999511423356999 ], [ -90.085026618735, 29.999473423756001 ], [ -90.085380617812007, 29.999450423475999 ], [ -90.085766618169998, 29.999426423614 ], [ -90.085055618186004, 29.999729423322002 ], [ -90.085355618852006, 30.002718423956999 ], [ -90.085313618506007, 30.003855424324001 ], [ -90.085304618400997, 30.006656424696001 ], [ -90.084997617965001, 30.008476424805998 ], [ -90.084895618494997, 30.010929426093 ], [ -90.084887618723997, 30.011110425651999 ], [ -90.084301618780003, 30.015147426224001 ], [ -90.084089619298993, 30.018110427322998 ], [ -90.084068618909996, 30.018776427900001 ], [ -90.083130618023006, 30.020690428083999 ], [ -90.083042619043994, 30.020870428605999 ], [ -90.082362618548004, 30.020840428368 ], [ -90.082006618386998, 30.020864427989999 ], [ -90.081817618312996, 30.020888427951 ], [ -90.081567619029997, 30.020917427977 ], [ -90.081107617542997, 30.020941427966999 ], [ -90.079802617205004, 30.021020428048999 ], [ -90.079429616740001, 30.021044427585998 ], [ -90.078445617548994, 30.021104428603 ], [ -90.077497617768003, 30.021173428729 ], [ -90.076480616995994, 30.021223428542999 ], [ -90.075631617298001, 30.021263428194999 ], [ -90.075384617300998, 30.021282428723001 ], [ -90.075237616878994, 30.021293428867999 ], [ -90.075071617446994, 30.021310428397001 ], [ -90.074919616138004, 30.021335427943999 ], [ -90.074833616774001, 30.021356428878999 ], [ -90.074424615978998, 30.021446428362999 ], [ -90.074225615564998, 30.021479428835999 ], [ -90.074048616434993, 30.021496428357999 ], [ -90.073891615324996, 30.021504428021 ], [ -90.073776615862002, 30.021503428159999 ], [ -90.073623615336999, 30.021491428394999 ], [ -90.073595616830005, 30.021487428053 ], [ -90.073538617040001, 30.021480429145001 ], [ -90.073364616359996, 30.021464428009999 ], [ -90.073193615321003, 30.021447427723999 ], [ -90.072948616147997, 30.021441428820999 ], [ -90.072804615967001, 30.021440428395 ], [ -90.072540616474001, 30.021451428696 ], [ -90.072263616534002, 30.021468429123999 ], [ -90.071642615450003, 30.021463428408001 ], [ -90.070804615889003, 30.021413428435 ] ] ] ] } },
{ "type": "Feature", "properties": { "objectid": "61", "gnocdc_lab": "ST. CLAUDE", "shape_starea": "28282127.070348036", "shape_stlength": "25060.104340543894" }, "geometry": { "type": "MultiPolygon", "coordinates": [ [ [ [ -90.031372602212002, 29.975684420147999 ], [ -90.030454602719004, 29.975502419923998 ], [ -90.029460603044996, 29.975274419880002 ], [ -90.029768603093004, 29.974240419946 ], [ -90.029936602483005, 29.973742419419001 ], [ -90.030122602834993, 29.973189419276999 ], [ -90.030434602040003, 29.972145419004001 ], [ -90.030729602926002, 29.971113418925 ], [ -90.031055602066999, 29.970073418912001 ], [ -90.031347602813, 29.969026418687001 ], [ -90.031665603026994, 29.968002418289998 ], [ -90.031994602723003, 29.966957418141 ], [ -90.032304602463, 29.965911417238999 ], [ -90.032530602186, 29.965125417227 ], [ -90.032578603019005, 29.964967417692002 ], [ -90.032940603213007, 29.963770416692 ], [ -90.033234601858993, 29.96279441714 ], [ -90.034215602195005, 29.963014417008999 ], [ -90.035100603459995, 29.963222417386 ], [ -90.036068603201997, 29.963432416423998 ], [ -90.037036604421004, 29.963652417647999 ], [ -90.037922604863994, 29.963848416318999 ], [ -90.038717603768006, 29.964034416583001 ], [ -90.039471604390997, 29.964203416918998 ], [ -90.040269605090998, 29.964382417008 ], [ -90.041155605132005, 29.964591416542 ], [ -90.042269605515997, 29.964829417154998 ], [ -90.043131605311004, 29.965035417835999 ], [ -90.044879605527996, 29.965434416767 ], [ -90.044577605954998, 29.966408417368001 ], [ -90.044232605993997, 29.967607417831999 ], [ -90.044187605561007, 29.967761417818998 ], [ -90.045034607049999, 29.967965418195 ], [ -90.045956606275993, 29.968177417817 ], [ -90.047028605302003, 29.968415417757001 ], [ -90.047258607150994, 29.968465417874999 ], [ -90.048227606645, 29.968677417784001 ], [ -90.049159606230006, 29.968896417970001 ], [ -90.049685607414006, 29.969017418244 ], [ -90.050088607304005, 29.969109417641999 ], [ -90.050162608044005, 29.969119417704999 ], [ -90.050241607057998, 29.969123417921999 ], [ -90.050335607527003, 29.969125417038999 ], [ -90.050087606665002, 29.969939417866001 ], [ -90.049779607039, 29.971000417846 ], [ -90.049448607670001, 29.972031418223001 ], [ -90.049140607398002, 29.972992419025001 ], [ -90.048830607095994, 29.974116418476999 ], [ -90.048493607349997, 29.975158418932001 ], [ -90.048331606953994, 29.975641419999 ], [ -90.048291607292995, 29.975837419066998 ], [ -90.048279607666998, 29.975949419879999 ], [ -90.048281608308997, 29.976050419391999 ], [ -90.048295607756998, 29.976178419722 ], [ -90.04804960653, 29.976163419789 ], [ -90.048125607735997, 29.97681141975 ], [ -90.047997606704001, 29.976853418916001 ], [ -90.047952606725005, 29.976922419350998 ], [ -90.04791260719, 29.977025419416002 ], [ -90.047863607837996, 29.977207418991 ], [ -90.047553606454997, 29.978252420524999 ], [ -90.047229607163004, 29.979276420455001 ], [ -90.046892607410996, 29.980327420588999 ], [ -90.046586606567999, 29.981369419966001 ], [ -90.046426607750007, 29.981881420236 ], [ -90.046370607399993, 29.982066421001999 ], [ -90.046262607393004, 29.982423420793001 ], [ -90.045935606814993, 29.983447421211 ], [ -90.045637607147, 29.984480421762999 ], [ -90.045559607114001, 29.984464420952001 ], [ -90.045452607385002, 29.984442420743999 ], [ -90.045377607115, 29.984423421304001 ], [ -90.044451606250007, 29.984184420967001 ], [ -90.043976606146998, 29.984007420986 ], [ -90.043847606306997, 29.984009421518 ], [ -90.042891606187993, 29.984027421339999 ], [ -90.042534605585004, 29.984044421191001 ], [ -90.042229605919005, 29.983746420578001 ], [ -90.041344605098004, 29.983486421226001 ], [ -90.041650606304998, 29.982460421222999 ], [ -90.041956606203996, 29.981412420498 ], [ -90.042277605801999, 29.980383419940999 ], [ -90.042591605121999, 29.979330420989001 ], [ -90.042895605764002, 29.978320419856001 ], [ -90.041961605867002, 29.978107419678 ], [ -90.041129604974003, 29.977903419766001 ], [ -90.039368604697998, 29.977499419912 ], [ -90.038495605264998, 29.977307420214999 ], [ -90.037442603727001, 29.977067420436999 ], [ -90.036556604839006, 29.976862420340002 ], [ -90.035754605064994, 29.976688419243001 ], [ -90.035001602245003, 29.976526419839999 ], [ -90.034190602514002, 29.976332419915 ], [ -90.033307602860006, 29.976138420152999 ], [ -90.032322603294006, 29.975929419831001 ], [ -90.031372602212002, 29.975684420147999 ] ] ] ] } },
{ "type": "Feature", "properties": { "objectid": "55", "gnocdc_lab": "READ BLVD WEST", "shape_starea": "21611271.600015007", "shape_stlength": "19968.898385056767" }, "geometry": { "type": "MultiPolygon", "coordinates": [ [ [ [ -89.968128586774, 30.018582431226999 ], [ -89.968562586792999, 30.018460431655001 ], [ -89.969385586561998, 30.018256430659999 ], [ -89.969858588517994, 30.018144430568 ], [ -89.970126587764994, 30.018080431592001 ], [ -89.970507587669999, 30.017989431450001 ], [ -89.971081588657, 30.017837430861 ], [ -89.972900588759998, 30.017391430579 ], [ -89.975064588522997, 30.016861430573002 ], [ -89.975532588818993, 30.016746430880001 ], [ -89.976439589194996, 30.016511430670999 ], [ -89.976929589785001, 30.016397430484002 ], [ -89.977827590562995, 30.016192429995002 ], [ -89.978516590354005, 30.016046429618999 ], [ -89.978639589097, 30.016020430769 ], [ -89.978788590720001, 30.015988430638 ], [ -89.979860591291995, 30.015777430006001 ], [ -89.980208589624993, 30.015708430730001 ], [ -89.980454589782994, 30.015664430754001 ], [ -89.981029590191, 30.015560430118999 ], [ -89.981771591172006, 30.015447430131999 ], [ -89.982512590249996, 30.015315430118999 ], [ -89.983021592089997, 30.015220430006 ], [ -89.983468590995997, 30.015137429778999 ], [ -89.983906591361006, 30.015055430217 ], [ -89.984645591063, 30.014920430332001 ], [ -89.984690590322998, 30.014912429277 ], [ -89.986110590891002, 30.014657429899 ], [ -89.987888593511002, 30.014358429291001 ], [ -89.988233592081002, 30.014300429628001 ], [ -89.988871592693997, 30.014186429205999 ], [ -89.98904659275, 30.016032429988002 ], [ -89.989223593069994, 30.017808430333002 ], [ -89.989406593233994, 30.019513430848999 ], [ -89.989413592470001, 30.01957643079 ], [ -89.989430593467006, 30.019737430715999 ], [ -89.989602594000999, 30.021368431178001 ], [ -89.989856594284007, 30.023784431940001 ], [ -89.989475593795007, 30.023906431667999 ], [ -89.988936593307002, 30.023990432266 ], [ -89.988680594190001, 30.024024431533 ], [ -89.987193592712003, 30.024218431919 ], [ -89.987013593411007, 30.024242431404002 ], [ -89.986083592411006, 30.024351432197999 ], [ -89.985604592737005, 30.024427431264002 ], [ -89.984905591610001, 30.024499431864001 ], [ -89.983776591010994, 30.024564432106001 ], [ -89.982975592046003, 30.024606431837999 ], [ -89.982239591934004, 30.024631432566999 ], [ -89.981811590031, 30.024654431883999 ], [ -89.981417591861003, 30.024660431817001 ], [ -89.981039591096007, 30.024662431989999 ], [ -89.980102591483998, 30.024709432329999 ], [ -89.979776591431005, 30.024731432426002 ], [ -89.979187590874005, 30.024770431958 ], [ -89.978736590628998, 30.024804431940002 ], [ -89.978430590900004, 30.024839432545001 ], [ -89.977939590400993, 30.024936432131 ], [ -89.977155590471, 30.025088432057998 ], [ -89.976522589124997, 30.025213432346 ], [ -89.975887589492999, 30.025336432225 ], [ -89.975218590587005, 30.025466432447001 ], [ -89.974232589371994, 30.025659432665002 ], [ -89.973442589515003, 30.025821432851998 ], [ -89.972872589437998, 30.025945432362001 ], [ -89.972173589687998, 30.026105432887 ], [ -89.971118588294004, 30.026323432660998 ], [ -89.970564587767001, 30.026421433075001 ], [ -89.969485588389006, 30.026636433204999 ], [ -89.968959587586994, 30.026749433128 ], [ -89.968911586633993, 30.026331432688998 ], [ -89.968883587815995, 30.026109432776 ], [ -89.968825587347993, 30.025620432494001 ], [ -89.968756587447004, 30.024952432557001 ], [ -89.968707587281997, 30.024271432058001 ], [ -89.968628587593997, 30.023600432106999 ], [ -89.968563587771996, 30.022890432162001 ], [ -89.968485586721997, 30.022218431811002 ], [ -89.968404588373005, 30.021526432144999 ], [ -89.968331587660003, 30.020835431916002 ], [ -89.968238588163999, 30.019745431095 ], [ -89.968156587413006, 30.018875431607999 ], [ -89.968128586774, 30.018582431226999 ] ] ] ] } },
{ "type": "Feature", "properties": { "objectid": "1", "gnocdc_lab": "U.S. NAVAL BASE", "shape_starea": "29654240.718158308", "shape_stlength": "24814.675953493981" }, "geometry": { "type": "MultiPolygon", "coordinates": [ [ [ [ -90.026676599414003, 29.953208415083001 ], [ -90.025463600481999, 29.952620414996002 ], [ -90.025374599049002, 29.952577415021999 ], [ -90.022588599452007, 29.951227414832999 ], [ -90.020120598364002, 29.950032414361001 ], [ -90.020001599308003, 29.949974414822002 ], [ -90.018210598042003, 29.949107414265001 ], [ -90.016594597765007, 29.948324414136 ], [ -90.016336598028005, 29.948200413862001 ], [ -90.014591596835004, 29.947354413511 ], [ -90.013876597782996, 29.947008413997001 ], [ -90.014919596694, 29.942988412702999 ], [ -90.014261596869005, 29.942406412842001 ], [ -90.014358596704994, 29.940984412517 ], [ -90.014423597459995, 29.940035412491 ], [ -90.014601596768998, 29.937002411386999 ], [ -90.016375597418005, 29.937793412327 ], [ -90.017901596580998, 29.938468412048 ], [ -90.019114597181002, 29.939010412544999 ], [ -90.019509597446003, 29.939170411804 ], [ -90.020299598370002, 29.939516411816999 ], [ -90.021387599139004, 29.940010412227998 ], [ -90.022540599714006, 29.940511412768998 ], [ -90.023534599989006, 29.940946412458999 ], [ -90.024268599365001, 29.941263413091001 ], [ -90.024381599858998, 29.941313412288 ], [ -90.025179599154001, 29.941643412306 ], [ -90.025861599620001, 29.941983412627 ], [ -90.026265599593003, 29.942190412226999 ], [ -90.027352600509005, 29.942591412662999 ], [ -90.027505600509002, 29.942649412908999 ], [ -90.027653599700997, 29.942706412391999 ], [ -90.027788599889007, 29.942758412463998 ], [ -90.028445601494994, 29.943009412872001 ], [ -90.029569600011001, 29.943441413268999 ], [ -90.029686601487001, 29.943494413132001 ], [ -90.030117602028994, 29.943649412728 ], [ -90.030533601491001, 29.943798413181 ], [ -90.031350601445993, 29.944129413308001 ], [ -90.031502601396994, 29.944190413310999 ], [ -90.032591601852005, 29.944618413388 ], [ -90.033070602335997, 29.944784413095999 ], [ -90.033339602583993, 29.944838412791999 ], [ -90.033708601865996, 29.944871413236999 ], [ -90.034612602967002, 29.944926413049 ], [ -90.035521602670002, 29.944961412855001 ], [ -90.035844603331995, 29.944979413186001 ], [ -90.036625603117002, 29.945005412694002 ], [ -90.036675602282997, 29.944999412992999 ], [ -90.036820602711998, 29.94498041268 ], [ -90.037825603311006, 29.945002412964001 ], [ -90.038831602550999, 29.945065412813001 ], [ -90.038742603353001, 29.946061413180999 ], [ -90.038744603107006, 29.946116413062001 ], [ -90.038670603773994, 29.947167412925001 ], [ -90.038622603131998, 29.948166412993 ], [ -90.038615602489003, 29.948323413606001 ], [ -90.038574603458997, 29.949253413880001 ], [ -90.038542603007002, 29.949559413781 ], [ -90.038521602854004, 29.949831413957 ], [ -90.038483604177998, 29.950425414714001 ], [ -90.038395602707993, 29.951615414559999 ], [ -90.038315603068, 29.952738414753998 ], [ -90.038302602727001, 29.952878415017999 ], [ -90.038283604035996, 29.952943415126999 ], [ -90.038271603666004, 29.953001415130998 ], [ -90.038249604051998, 29.953319414584001 ], [ -90.038388603553997, 29.953698414982998 ], [ -90.038076602572005, 29.956708416007 ], [ -90.036769603215006, 29.956307415371999 ], [ -90.032749602010995, 29.955073414861999 ], [ -90.026676599414003, 29.953208415083001 ] ] ] ] } },
{ "type": "Feature", "properties": { "objectid": "19", "gnocdc_lab": "EAST RIVERSIDE", "shape_starea": "6908365.0511930492", "shape_stlength": "12713.022999105175" }, "geometry": { "type": "MultiPolygon", "coordinates": [ [ [ [ -90.100964618831995, 29.917152404519001 ], [ -90.101079618216005, 29.917961405258001 ], [ -90.101156618869993, 29.918790405048 ], [ -90.101274618619996, 29.919788405500999 ], [ -90.101356619914995, 29.920812405526998 ], [ -90.100180618012999, 29.920908405752002 ], [ -90.099094619575993, 29.920997405961 ], [ -90.097960617286006, 29.921073406304998 ], [ -90.096849618085997, 29.921154405766 ], [ -90.095739618421007, 29.921232406251999 ], [ -90.094962617766001, 29.921305405518002 ], [ -90.094556618148005, 29.921368406296001 ], [ -90.094098617110006, 29.921463406133999 ], [ -90.093238616967994, 29.921656405638 ], [ -90.092544617184998, 29.921836406208001 ], [ -90.091643616187994, 29.922096406068 ], [ -90.090723616454994, 29.922376405916001 ], [ -90.090023615527997, 29.922580406264998 ], [ -90.088942616112007, 29.922973406402999 ], [ -90.088817616045006, 29.923024407029999 ], [ -90.087732615264997, 29.923435406747 ], [ -90.087226616009005, 29.922508405913 ], [ -90.086786615245003, 29.921581405849999 ], [ -90.086352615444, 29.920653405406998 ], [ -90.085709614568998, 29.919482406410001 ], [ -90.085766615132997, 29.919456406119 ], [ -90.085590615493999, 29.919123405952 ], [ -90.085353614143003, 29.918559405989001 ], [ -90.086574615187004, 29.918412406058 ], [ -90.086674615186993, 29.918407405460002 ], [ -90.087947616137001, 29.918260404759 ], [ -90.089085616497997, 29.918164405401999 ], [ -90.090035616277007, 29.918081405993 ], [ -90.091116616598001, 29.917985405185 ], [ -90.092235617729003, 29.917889405812002 ], [ -90.093082616749001, 29.917820404903999 ], [ -90.094022617194, 29.917741404766002 ], [ -90.095361616532003, 29.917636405467 ], [ -90.095941617221996, 29.917598404382002 ], [ -90.096462616604995, 29.917555405167001 ], [ -90.097616618580005, 29.917430405547002 ], [ -90.098722617232994, 29.917340404710998 ], [ -90.099830619697997, 29.917247404447998 ], [ -90.100964618831995, 29.917152404519001 ] ] ] ] } },
{ "type": "Feature", "properties": { "objectid": "34", "gnocdc_lab": "IRISH CHANNEL", "shape_starea": "23457800.971835759", "shape_stlength": "26507.693697635299" }, "geometry": { "type": "MultiPolygon", "coordinates": [ [ [ [ -90.076089613072995, 29.923812406688 ], [ -90.075734612706, 29.923333407421001 ], [ -90.075624612762994, 29.923189407098999 ], [ -90.075351612587994, 29.922833406988001 ], [ -90.074638612252002, 29.921863406391001 ], [ -90.074530611745004, 29.921768406382999 ], [ -90.074454611505004, 29.921680407097998 ], [ -90.074280612419003, 29.921481406554001 ], [ -90.073924610899994, 29.921073407173999 ], [ -90.072577610978996, 29.919009406391002 ], [ -90.072453363494006, 29.918819016463999 ], [ -90.074385099023004, 29.917976153219001 ], [ -90.076539515383999, 29.917241717745 ], [ -90.078209311687999, 29.916672457158999 ], [ -90.082147954578005, 29.915436751571001 ], [ -90.085701098545997, 29.914264284127999 ], [ -90.089061039274, 29.913156906977999 ], [ -90.089619768424996, 29.913010577761 ], [ -90.091530586543996, 29.912510123640001 ], [ -90.093705835156996, 29.911870721408 ], [ -90.093828161926993, 29.911834762796001 ], [ -90.094708716439996, 29.911575915676 ], [ -90.094891807370004, 29.911522093915998 ], [ -90.095506526269006, 29.911341385861 ], [ -90.099210703069005, 29.910371013043999 ], [ -90.100541371996997, 29.909877367854001 ], [ -90.100892480536004, 29.909747112880002 ], [ -90.100878619005002, 29.910010403678001 ], [ -90.100737618059995, 29.912688403914 ], [ -90.100716618961002, 29.912762403843001 ], [ -90.100603618906007, 29.913151403364999 ], [ -90.100623618428003, 29.913914403974001 ], [ -90.100626618392994, 29.914028404522998 ], [ -90.100681617728995, 29.914622404294999 ], [ -90.100709618178001, 29.915105404942 ], [ -90.100742619531005, 29.915243404443999 ], [ -90.100806618750994, 29.915317404195999 ], [ -90.100918619001007, 29.915359404073001 ], [ -90.101015619020004, 29.915406405127001 ], [ -90.101079619003997, 29.915473404345999 ], [ -90.10110261909, 29.915582404401999 ], [ -90.101099618510005, 29.915629405032 ], [ -90.101089618054999, 29.915766404294001 ], [ -90.101085618067998, 29.915863404364998 ], [ -90.101091619512999, 29.915946404397001 ], [ -90.101109618508005, 29.916180404862001 ], [ -90.100870619475003, 29.916224404042001 ], [ -90.100964618831995, 29.917152404519001 ], [ -90.099830619697997, 29.917247404447998 ], [ -90.098722617232994, 29.917340404710998 ], [ -90.097616618580005, 29.917430405547002 ], [ -90.096462616604995, 29.917555405167001 ], [ -90.095941617221996, 29.917598404382002 ], [ -90.095361616532003, 29.917636405467 ], [ -90.094022617194, 29.917741404766002 ], [ -90.093082616749001, 29.917820404903999 ], [ -90.092235617729003, 29.917889405812002 ], [ -90.091116616598001, 29.917985405185 ], [ -90.090035616277007, 29.918081405993 ], [ -90.089085616497997, 29.918164405401999 ], [ -90.087947616137001, 29.918260404759 ], [ -90.086674615186993, 29.918407405460002 ], [ -90.086574615187004, 29.918412406058 ], [ -90.085353614143003, 29.918559405989001 ], [ -90.085590615493999, 29.919123405952 ], [ -90.085766615132997, 29.919456406119 ], [ -90.085709614568998, 29.919482406410001 ], [ -90.086352615444, 29.920653405406998 ], [ -90.086786615245003, 29.921581405849999 ], [ -90.087226616009005, 29.922508405913 ], [ -90.087732615264997, 29.923435406747 ], [ -90.087243616737993, 29.923634406089 ], [ -90.086373614924995, 29.924036406816001 ], [ -90.086176615005002, 29.924134406185999 ], [ -90.085366615723004, 29.924596407208 ], [ -90.084629615826998, 29.92500540724 ], [ -90.083768614283002, 29.925496407360999 ], [ -90.083054614114005, 29.925895407483001 ], [ -90.082990614549999, 29.925931407179998 ], [ -90.082483613291004, 29.92621640702 ], [ -90.081596614364997, 29.926684407829999 ], [ -90.080833613235001, 29.927141407788 ], [ -90.080018613613007, 29.927576407806001 ], [ -90.079214613885995, 29.928045408094 ], [ -90.078575613492006, 29.927182407606999 ], [ -90.077953613434005, 29.926352407254999 ], [ -90.077321612573996, 29.925517407366002 ], [ -90.076706613126007, 29.924656407375998 ], [ -90.076089613072995, 29.923812406688 ] ] ] ] } },
{ "type": "Feature", "properties": { "objectid": "72", "gnocdc_lab": "WEST RIVERSIDE", "shape_starea": "38787567.140417024", "shape_stlength": "27484.829815900106" }, "geometry": { "type": "MultiPolygon", "coordinates": [ [ [ [ -90.115034623241996, 29.920929405096 ], [ -90.113771621910999, 29.920721405266001 ], [ -90.112702621701999, 29.920524405411001 ], [ -90.11206062219, 29.920456404580001 ], [ -90.111004621923001, 29.920450405097 ], [ -90.110025621567004, 29.920365404957 ], [ -90.109088621010002, 29.920328405349998 ], [ -90.108002621329007, 29.920296405258 ], [ -90.107205621158997, 29.920339405861998 ], [ -90.106097619715996, 29.92039940539 ], [ -90.104993619094998, 29.920520405603 ], [ -90.103831620720996, 29.920610405144 ], [ -90.102716620082006, 29.920706405402001 ], [ -90.101600619484003, 29.920787405346001 ], [ -90.101356619914995, 29.920812405526998 ], [ -90.101274618619996, 29.919788405500999 ], [ -90.101156618869993, 29.918790405048 ], [ -90.101079618216005, 29.917961405258001 ], [ -90.100964618831995, 29.917152404519001 ], [ -90.100870619475003, 29.916224404042001 ], [ -90.101109618508005, 29.916180404862001 ], [ -90.101091619512999, 29.915946404397001 ], [ -90.101085618067998, 29.915863404364998 ], [ -90.101089618054999, 29.915766404294001 ], [ -90.101099618510005, 29.915629405032 ], [ -90.10110261909, 29.915582404401999 ], [ -90.101079619003997, 29.915473404345999 ], [ -90.101015619020004, 29.915406405127001 ], [ -90.100918619001007, 29.915359404073001 ], [ -90.100806618750994, 29.915317404195999 ], [ -90.100742619531005, 29.915243404443999 ], [ -90.100709618178001, 29.915105404942 ], [ -90.100681617728995, 29.914622404294999 ], [ -90.100626618392994, 29.914028404522998 ], [ -90.100623618428003, 29.913914403974001 ], [ -90.100603618906007, 29.913151403364999 ], [ -90.100716618961002, 29.912762403843001 ], [ -90.100737618059995, 29.912688403914 ], [ -90.100878619005002, 29.910010403678001 ], [ -90.100892480536004, 29.909747112880002 ], [ -90.101412994035996, 29.909554009207 ], [ -90.104268566298998, 29.908776577727998 ], [ -90.107079468544995, 29.908501261851999 ], [ -90.110579667397005, 29.908466839009002 ], [ -90.113848313467003, 29.908497186683 ], [ -90.117459792760997, 29.908798671664002 ], [ -90.121872745752, 29.909610029629 ], [ -90.122019975683003, 29.909640251584001 ], [ -90.125632434707001, 29.910381736809001 ], [ -90.129005602939998, 29.911317327527001 ], [ -90.132181312148006, 29.912686603670998 ], [ -90.132539768702998, 29.912895779503 ], [ -90.132479627216, 29.913010403403 ], [ -90.131130628009004, 29.915581403392 ], [ -90.130663626759002, 29.916489404383999 ], [ -90.130195627546996, 29.917396403917 ], [ -90.129960626606007, 29.917671403991999 ], [ -90.129770627206, 29.917878404035999 ], [ -90.129702626088999, 29.918020404099 ], [ -90.129690625517, 29.918121404198999 ], [ -90.129731625665002, 29.918266403709001 ], [ -90.129835627614, 29.918536404017999 ], [ -90.129864626995996, 29.918783404146001 ], [ -90.129841625995994, 29.918967404145999 ], [ -90.129781626552003, 29.919152404516002 ], [ -90.129697627550996, 29.919262404146998 ], [ -90.129584627040998, 29.919360404858999 ], [ -90.129256626132005, 29.919596404585 ], [ -90.129157626755003, 29.919680404219001 ], [ -90.129112626714999, 29.919742403821999 ], [ -90.128272627425005, 29.919381405100001 ], [ -90.127778627187993, 29.919169404958001 ], [ -90.127695627129, 29.919133405027001 ], [ -90.126521625839999, 29.918645404107 ], [ -90.125358625150994, 29.918206404266002 ], [ -90.124963626169006, 29.919096404702 ], [ -90.124505625073994, 29.920066404694001 ], [ -90.124252625740993, 29.920652404843 ], [ -90.124092625813006, 29.921049405541002 ], [ -90.123707625804002, 29.921888405383001 ], [ -90.123339626133998, 29.922767405513 ], [ -90.121528624571994, 29.922148405554001 ], [ -90.121316625294995, 29.922093404992999 ], [ -90.119906625496995, 29.921726405832 ], [ -90.118907623382995, 29.921562404799001 ], [ -90.117986623568001, 29.921369405593001 ], [ -90.117064624535999, 29.921201404933999 ], [ -90.116033623928999, 29.921082405018002 ], [ -90.115034623241996, 29.920929405096 ] ] ] ] } },
{ "type": "Feature", "properties": { "objectid": "40", "gnocdc_lab": "WEST END", "shape_starea": "22149539.40250564", "shape_stlength": "26260.704582616698" }, "geometry": { "type": "MultiPolygon", "coordinates": [ [ [ [ -90.112829717956998, 30.027986030468 ], [ -90.113365627351001, 30.027940428250002 ], [ -90.113560627257996, 30.027536428516999 ], [ -90.113781626836996, 30.026603428383002 ], [ -90.113853627414002, 30.024332427476999 ], [ -90.113970625996004, 30.023860427311 ], [ -90.114191626351996, 30.023310428106001 ], [ -90.114192314950003, 30.023309142509 ], [ -90.114291627398998, 30.023123427047999 ], [ -90.114400626407999, 30.021631427828002 ], [ -90.114544627133995, 30.020152426508002 ], [ -90.114591626744001, 30.019977426634 ], [ -90.114721627424004, 30.019493426438999 ], [ -90.114765626004001, 30.019252426906 ], [ -90.114787627831006, 30.019040426699998 ], [ -90.114858627939, 30.018283426467999 ], [ -90.114871627645996, 30.018049426287 ], [ -90.114914627277003, 30.017469426053999 ], [ -90.114979627954, 30.016652425939998 ], [ -90.115057628120994, 30.015817425874001 ], [ -90.115174626260995, 30.014356425563001 ], [ -90.115195626602002, 30.014005425846001 ], [ -90.115264627703993, 30.013065425141999 ], [ -90.115322627059001, 30.012179425719999 ], [ -90.115442627080995, 30.010374424296 ], [ -90.115529626791002, 30.009193424163001 ], [ -90.115581626695004, 30.008561423949001 ], [ -90.115630627868995, 30.008028424178001 ], [ -90.115679625598005, 30.007225424087 ], [ -90.115757627375999, 30.006423423826998 ], [ -90.115809626689995, 30.005608423805999 ], [ -90.115863626801001, 30.004757422941001 ], [ -90.115925625767005, 30.003939423256 ], [ -90.115983626569999, 30.003134422622001 ], [ -90.116061627679002, 30.002309423288999 ], [ -90.116112626252004, 30.001503422972998 ], [ -90.116172627088005, 30.000695422558 ], [ -90.116185627115001, 30.000291422113001 ], [ -90.116240626679996, 29.999696422397999 ], [ -90.119038627473003, 29.999850421950999 ], [ -90.119317626571004, 29.999866422857998 ], [ -90.121977627792006, 30.000014421799001 ], [ -90.122124627437003, 30.000021422243002 ], [ -90.122768776073997, 30.000063699348001 ], [ -90.120762801032996, 30.023108512827001 ], [ -90.120582463621005, 30.025158444344001 ], [ -90.120181395035004, 30.029717145042 ], [ -90.120098617151996, 30.029723457580999 ], [ -90.119891877352998, 30.029739224351001 ], [ -90.119622301332996, 30.029759783444 ], [ -90.119604273304006, 30.029613632787999 ], [ -90.119504766315004, 30.029556957891 ], [ -90.119462757847998, 30.029535420066001 ], [ -90.119406265329005, 30.029513471729 ], [ -90.119373429077996, 30.029543189285999 ], [ -90.119356222332996, 30.029548729946001 ], [ -90.119318560067995, 30.029560856745999 ], [ -90.119268283156003, 30.029554777849999 ], [ -90.119208872599003, 30.029554230102001 ], [ -90.119151616690999, 30.029567896723002 ], [ -90.119059290801005, 30.029591375411002 ], [ -90.119018596847994, 30.029610556548 ], [ -90.119001287645006, 30.029618718049999 ], [ -90.118988725267002, 30.029631640097001 ], [ -90.118955861941998, 30.029665439818999 ], [ -90.118881891553997, 30.029712405367999 ], [ -90.118825579600994, 30.029744327827999 ], [ -90.118736636155006, 30.029776962475999 ], [ -90.118622882148003, 30.029790316158 ], [ -90.118602527776005, 30.029792592345999 ], [ -90.118532463906007, 30.029800421417999 ], [ -90.118434523169995, 30.029806615590001 ], [ -90.118317953068001, 30.029811622812002 ], [ -90.118190999258999, 30.029808423212 ], [ -90.118096762370996, 30.029797416318999 ], [ -90.117976946588996, 30.029782117836 ], [ -90.117854275729002, 30.029731744589 ], [ -90.117835515349995, 30.029724041548 ], [ -90.117690837639998, 30.029645658782002 ], [ -90.117607493441994, 30.029601296197001 ], [ -90.117541706132002, 30.02958238471 ], [ -90.117517114047999, 30.029575314367001 ], [ -90.117500172370001, 30.029569737446 ], [ -90.117425568117, 30.029545176029998 ], [ -90.117376886022001, 30.029529148889999 ], [ -90.117287370683997, 30.029511564566999 ], [ -90.117154368529, 30.029498566002999 ], [ -90.117105369572997, 30.029489564984999 ], [ -90.117078301359996, 30.029480808007001 ], [ -90.116997400103998, 30.029431540602999 ], [ -90.116882795476002, 30.029317376826 ], [ -90.116682647641994, 30.029203531446001 ], [ -90.116608369573996, 30.029171566300001 ], [ -90.116532370154999, 30.029158565082 ], [ -90.116297369652003, 30.029126566199999 ], [ -90.116091369832006, 30.029106566463 ], [ -90.115920370488993, 30.029074566641999 ], [ -90.115777370942993, 30.029044565859 ], [ -90.115657369093, 30.029033567092998 ], [ -90.115541369899006, 30.029019566576 ], [ -90.115240369209999, 30.029015564636001 ], [ -90.114843369271, 30.029025565697001 ], [ -90.114424366877998, 30.029067566439 ], [ -90.114199369245995, 30.029076566396999 ], [ -90.114139629918995, 30.029073589968 ], [ -90.114114872475, 30.029072355682999 ], [ -90.114082825675993, 30.029062833826998 ], [ -90.113957368927004, 30.029025565558999 ], [ -90.113856502624998, 30.029010990031999 ], [ -90.113784367624007, 30.029000564547999 ], [ -90.113721370221, 30.028999565182001 ], [ -90.113664098133995, 30.029001548303999 ], [ -90.113228369967004, 30.028974564906001 ], [ -90.113064180094, 30.028936518270999 ], [ -90.113016412646004, 30.028914968312002 ], [ -90.112965367461996, 30.028875565616001 ], [ -90.112861369038995, 30.028839566087001 ], [ -90.112659375657003, 30.028769864432 ], [ -90.112622745965993, 30.028731822240001 ], [ -90.112601863522002, 30.028693903463001 ], [ -90.112596178461999, 30.028670699938001 ], [ -90.112591209309997, 30.028645170826 ], [ -90.112587562791006, 30.028619504205999 ], [ -90.112588698550994, 30.028602194924002 ], [ -90.112591369230003, 30.028561565899 ], [ -90.112615868605999, 30.028455565379002 ], [ -90.112829717956998, 30.027986030468 ] ] ] ] } },
{ "type": "Feature", "properties": { "objectid": "71", "gnocdc_lab": "WEST LAKE FOREST", "shape_starea": "37390226.529927589", "shape_stlength": "33317.438035457715" }, "geometry": { "type": "MultiPolygon", "coordinates": [ [ [ [ -89.968959587586994, 30.026749433128 ], [ -89.969485588389006, 30.026636433204999 ], [ -89.970564587767001, 30.026421433075001 ], [ -89.971118588294004, 30.026323432660998 ], [ -89.972173589687998, 30.026105432887 ], [ -89.972872589437998, 30.025945432362001 ], [ -89.973442589515003, 30.025821432851998 ], [ -89.974232589371994, 30.025659432665002 ], [ -89.975218590587005, 30.025466432447001 ], [ -89.975887589492999, 30.025336432225 ], [ -89.976522589124997, 30.025213432346 ], [ -89.977155590471, 30.025088432057998 ], [ -89.977939590400993, 30.024936432131 ], [ -89.978430590900004, 30.024839432545001 ], [ -89.978736590628998, 30.024804431940002 ], [ -89.979187590874005, 30.024770431958 ], [ -89.979776591431005, 30.024731432426002 ], [ -89.980102591483998, 30.024709432329999 ], [ -89.981039591096007, 30.024662431989999 ], [ -89.981417591861003, 30.024660431817001 ], [ -89.981811590031, 30.024654431883999 ], [ -89.982239591934004, 30.024631432566999 ], [ -89.982975592046003, 30.024606431837999 ], [ -89.983776591010994, 30.024564432106001 ], [ -89.984905591610001, 30.024499431864001 ], [ -89.985604592737005, 30.024427431264002 ], [ -89.986083592411006, 30.024351432197999 ], [ -89.987013593411007, 30.024242431404002 ], [ -89.987193592712003, 30.024218431919 ], [ -89.988680594190001, 30.024024431533 ], [ -89.988936593307002, 30.023990432266 ], [ -89.989475593795007, 30.023906431667999 ], [ -89.990917593692004, 30.023732431858001 ], [ -89.992186594078007, 30.023578431400999 ], [ -89.992775593047, 30.023506431760001 ], [ -89.994140594059004, 30.023315431415 ], [ -89.995300594759001, 30.023091430960001 ], [ -89.995512595785996, 30.023013431348001 ], [ -89.995792595984994, 30.022931431473001 ], [ -89.996646595418994, 30.022666431499001 ], [ -89.997439596396006, 30.022464431214999 ], [ -89.998185595180004, 30.02225143055 ], [ -89.999677596268, 30.021823430855999 ], [ -89.999905595580998, 30.021790430464002 ], [ -90.000437597160001, 30.021738430818999 ], [ -90.001227597058005, 30.021669430426002 ], [ -90.001851595592001, 30.021600430349999 ], [ -90.002621596797994, 30.021539430535999 ], [ -90.003470597738996, 30.021446430051999 ], [ -90.004333597785006, 30.021367430800002 ], [ -90.004882597012994, 30.021303430926 ], [ -90.005529598109007, 30.021236430138998 ], [ -90.006400598164007, 30.021155430145001 ], [ -90.009829598478007, 30.020829430444 ], [ -90.010740600003999, 30.020751430253998 ], [ -90.011670599983006, 30.020891430390002 ], [ -90.012147598080006, 30.020625430102999 ], [ -90.012938599367999, 30.020574430383 ], [ -90.013702598623993, 30.020364430598999 ], [ -90.014010600201999, 30.020279430214998 ], [ -90.014041599311994, 30.020508430301 ], [ -90.014130599696003, 30.021425430493 ], [ -90.014168600586999, 30.021728430692999 ], [ -90.014203599661002, 30.022133430596 ], [ -90.014211599980001, 30.022318430567999 ], [ -90.014202598848001, 30.02266143089 ], [ -90.014159601276006, 30.022972430669999 ], [ -90.014057600021999, 30.023405430735998 ], [ -90.013985600507993, 30.023617431160002 ], [ -90.013688600316001, 30.024267431312001 ], [ -90.013372599986994, 30.024647431219002 ], [ -90.013164600012999, 30.024888431246001 ], [ -90.012851599273006, 30.025175431697001 ], [ -90.012536600567998, 30.025434430707001 ], [ -90.012139599349993, 30.025711431121 ], [ -90.011772600154998, 30.025888431255002 ], [ -90.011456599613993, 30.026019431809001 ], [ -90.011095598967003, 30.026147430973001 ], [ -90.010792599116002, 30.026232431596 ], [ -90.010538598495003, 30.026292431428001 ], [ -90.009959600075007, 30.026428431631 ], [ -90.009196598035999, 30.026510431504999 ], [ -90.008549598377996, 30.026619431966001 ], [ -90.008007598866996, 30.026715431258999 ], [ -90.007754598657002, 30.026751431246002 ], [ -90.007426597945994, 30.026808431806 ], [ -90.006462598572, 30.026974431547998 ], [ -90.003919597988002, 30.027425432099999 ], [ -90.002936596140998, 30.027588431828999 ], [ -90.001318596196995, 30.027895432158001 ], [ -90.000021596297998, 30.028117432058 ], [ -89.999252596245995, 30.028265432392999 ], [ -89.998765597173005, 30.028372432146 ], [ -89.998091594800997, 30.028535432504 ], [ -89.997914596453995, 30.028584431984001 ], [ -89.997481596208999, 30.028704432531999 ], [ -89.996527594748002, 30.029001432708 ], [ -89.996076595838005, 30.029132432629002 ], [ -89.995800596324003, 30.029230432384999 ], [ -89.995313594880002, 30.029407432953999 ], [ -89.993802595212998, 30.030005433355001 ], [ -89.993608594763003, 30.030084433549 ], [ -89.989989594304006, 30.031563433694998 ], [ -89.989593592605004, 30.031722433601999 ], [ -89.988946593917007, 30.031956433514001 ], [ -89.987164592202006, 30.032689434203999 ], [ -89.985382592031002, 30.033446434521998 ], [ -89.983479591711998, 30.034191434206999 ], [ -89.982483591632999, 30.034591434071999 ], [ -89.981523590703006, 30.035019434761999 ], [ -89.981182592178996, 30.035156434775999 ], [ -89.981013591497003, 30.035224434221 ], [ -89.979525591606006, 30.035829434591001 ], [ -89.976316590546006, 30.037129434672998 ], [ -89.976187590769001, 30.036947435636002 ], [ -89.976035590920006, 30.036734435332999 ], [ -89.975918590598994, 30.03656843524 ], [ -89.975685590341001, 30.036254434503999 ], [ -89.975390589208004, 30.035870435429 ], [ -89.975345590572999, 30.035801434753999 ], [ -89.975127590046995, 30.035487435154 ], [ -89.975086588601997, 30.035429434943001 ], [ -89.974778589178996, 30.035002434686 ], [ -89.974562590321, 30.034716434549001 ], [ -89.974453589318003, 30.034572434261001 ], [ -89.973963588651998, 30.033896434131002 ], [ -89.973710589613006, 30.033547434262001 ], [ -89.973183590291001, 30.032867433791999 ], [ -89.973006589858002, 30.032628433688998 ], [ -89.972380590078004, 30.031782434086999 ], [ -89.972060589793998, 30.031348433403998 ], [ -89.971982587786002, 30.031245434559001 ], [ -89.971565588052002, 30.030695433784999 ], [ -89.971554589554003, 30.030679433641001 ], [ -89.971351588302994, 30.030385434094999 ], [ -89.971149587808, 30.030091433736001 ], [ -89.970991588638, 30.029863433241999 ], [ -89.970411589147005, 30.029085433839001 ], [ -89.970233589466005, 30.028822433677 ], [ -89.970003589333999, 30.028482432948 ], [ -89.969504588112002, 30.027735433758 ], [ -89.969191588307993, 30.027295433289002 ], [ -89.969101587175004, 30.027144433408001 ], [ -89.968999586970995, 30.026952432820998 ], [ -89.968959587586994, 30.026749433128 ] ] ] ] } },
{ "type": "Feature", "properties": { "objectid": "18", "gnocdc_lab": "EAST CARROLLTON", "shape_starea": "10568424.676537296", "shape_stlength": "14138.164410929818" }, "geometry": { "type": "MultiPolygon", "coordinates": [ [ [ [ -90.119429624351994, 29.949539410764999 ], [ -90.120085625691004, 29.948740410862001 ], [ -90.120696626267005, 29.947910411161001 ], [ -90.121343626409001, 29.947132410641 ], [ -90.121970625700001, 29.946272409978999 ], [ -90.122560627045004, 29.945560410553998 ], [ -90.123240626485, 29.944701410343001 ], [ -90.123867627099003, 29.943854409842 ], [ -90.124442626892005, 29.943198410451 ], [ -90.125090626437, 29.942374409829998 ], [ -90.125677626547997, 29.941520409231 ], [ -90.126336627379004, 29.940684409138001 ], [ -90.126907627929, 29.939958409209002 ], [ -90.127589626388001, 29.939176408906999 ], [ -90.12815362776, 29.938300408575 ], [ -90.128545627937996, 29.938581408758001 ], [ -90.129386627772007, 29.939258408659999 ], [ -90.130156627369999, 29.939930408618999 ], [ -90.130902628740003, 29.940497409243999 ], [ -90.131711629220007, 29.941150408946001 ], [ -90.132490628767002, 29.941808409515001 ], [ -90.132900628003995, 29.942147409448001 ], [ -90.133254629237001, 29.942442409190001 ], [ -90.134016630009995, 29.943067409830999 ], [ -90.13332862787, 29.943794409239999 ], [ -90.132645629110002, 29.944439409697999 ], [ -90.131905629569005, 29.945146410275001 ], [ -90.131180629228993, 29.945835409964999 ], [ -90.130399627021006, 29.946512410187001 ], [ -90.129604628248998, 29.947209410886 ], [ -90.128870627957994, 29.947929410747001 ], [ -90.128124627426999, 29.948638411289998 ], [ -90.127347627389, 29.949370410806999 ], [ -90.126631626511994, 29.950098411679001 ], [ -90.125856627220998, 29.950820411527999 ], [ -90.125098627721997, 29.951533411690999 ], [ -90.124322627294006, 29.952174411575999 ], [ -90.123566626766006, 29.952887411418999 ], [ -90.122785626720002, 29.952227411898999 ], [ -90.122000626103002, 29.951619411942001 ], [ -90.121198625789006, 29.951002411470999 ], [ -90.120399625085994, 29.950328411238999 ], [ -90.119664626255002, 29.949730411497001 ], [ -90.119429624351994, 29.949539410764999 ] ] ] ] } },
{ "type": "Feature", "properties": { "objectid": "30", "gnocdc_lab": "GERT TOWN", "shape_starea": "21377298.22703756", "shape_stlength": "23477.620198961104" }, "geometry": { "type": "MultiPolygon", "coordinates": [ [ [ [ -90.094122619583999, 29.957815414260001 ], [ -90.094229619152003, 29.957662413763 ], [ -90.094385619147999, 29.957437414101001 ], [ -90.095490619621998, 29.955886413681998 ], [ -90.095685619538003, 29.955616412731999 ], [ -90.095853620038994, 29.955383413189001 ], [ -90.096037619748998, 29.955140412932 ], [ -90.096186619280999, 29.954949413350999 ], [ -90.096746619463005, 29.954213413057001 ], [ -90.096961619164006, 29.953915412632998 ], [ -90.097165619885004, 29.953622412417999 ], [ -90.097349619547998, 29.953361412726 ], [ -90.097578619282004, 29.953046413138001 ], [ -90.097866619357006, 29.952651412801998 ], [ -90.097914618646996, 29.952562412289002 ], [ -90.097942619546004, 29.952508412613 ], [ -90.097956619304995, 29.952458412772 ], [ -90.097958620143999, 29.952442412536001 ], [ -90.097969620078999, 29.952404413004999 ], [ -90.097987620804005, 29.952131412349999 ], [ -90.098005620202997, 29.952032412266998 ], [ -90.098026619137002, 29.951976412461999 ], [ -90.098075620798994, 29.951886412608001 ], [ -90.098175619539006, 29.951806412650001 ], [ -90.098190619958999, 29.951795412772999 ], [ -90.098281620145997, 29.951729412013002 ], [ -90.098499619498995, 29.951862412528001 ], [ -90.098845620494004, 29.952072412349999 ], [ -90.100170620041993, 29.952794412976001 ], [ -90.101052619534002, 29.953288412578999 ], [ -90.101922621428002, 29.953757413205999 ], [ -90.102204620080997, 29.953967413135999 ], [ -90.102000620965001, 29.953665412406998 ], [ -90.101458620214004, 29.952736412566001 ], [ -90.101804620652999, 29.952896413074999 ], [ -90.102393621144003, 29.953174412787 ], [ -90.103290621428002, 29.953686412446 ], [ -90.103958621683006, 29.954053412712 ], [ -90.104908621142997, 29.954601412374998 ], [ -90.105946621071993, 29.955152412905999 ], [ -90.105465621806005, 29.955797412757001 ], [ -90.105336622916994, 29.955970413250999 ], [ -90.105851622751999, 29.956199413105001 ], [ -90.106148622983, 29.956373412916001 ], [ -90.106388621362996, 29.956504412838999 ], [ -90.106676622904999, 29.956664413418 ], [ -90.106849623157004, 29.956745413665999 ], [ -90.107021622963998, 29.956827413045001 ], [ -90.107278623165001, 29.956931413704002 ], [ -90.108157623140002, 29.957340414006001 ], [ -90.108202622011007, 29.957364413508 ], [ -90.108684623743002, 29.957631413247 ], [ -90.109431622667998, 29.958033413831 ], [ -90.110222624320002, 29.958482413567999 ], [ -90.110311623545002, 29.958373413935 ], [ -90.110953622669996, 29.957618413651002 ], [ -90.111642624436001, 29.958140413498 ], [ -90.112258624397995, 29.958643413484999 ], [ -90.112722623964004, 29.958989413952999 ], [ -90.113485624644994, 29.959648413554 ], [ -90.114206624255004, 29.960260414206001 ], [ -90.114348624572997, 29.960128413521002 ], [ -90.114610625039006, 29.960343414063999 ], [ -90.115142624192998, 29.960782414175998 ], [ -90.115757625032998, 29.960220413475 ], [ -90.115875624034999, 29.960320414179002 ], [ -90.116828624985999, 29.961053414346999 ], [ -90.117694626255002, 29.961772414152001 ], [ -90.118503625960003, 29.962406413951001 ], [ -90.117951624982993, 29.962926414314001 ], [ -90.117902624525996, 29.962979413947 ], [ -90.117861624358, 29.963020413908001 ], [ -90.117752626040996, 29.963129414248002 ], [ -90.116963625105001, 29.963849414626999 ], [ -90.116219625607002, 29.964569415109001 ], [ -90.117031625634993, 29.965197415464001 ], [ -90.116290625001994, 29.965892414553998 ], [ -90.115537624835994, 29.966595414854002 ], [ -90.114716625678, 29.9659404151 ], [ -90.113985624910995, 29.966657415244001 ], [ -90.113213625165997, 29.967349415899999 ], [ -90.112722625149999, 29.967833415487 ], [ -90.111895623400002, 29.967180414904 ], [ -90.111127624874996, 29.966551414754001 ], [ -90.111041623695002, 29.966476415382001 ], [ -90.110906624261006, 29.966370415154 ], [ -90.110712624157003, 29.966203415900999 ], [ -90.110424624318, 29.965928415606999 ], [ -90.110372624855003, 29.965864414969001 ], [ -90.110212622803999, 29.965671414845001 ], [ -90.110057623963002, 29.965525415428001 ], [ -90.109860623721005, 29.965707415665001 ], [ -90.109711624281005, 29.965844415145 ], [ -90.109270622126004, 29.966268415255001 ], [ -90.108793624460006, 29.966717415196999 ], [ -90.108329622892001, 29.967160415517 ], [ -90.107973623144005, 29.967515415560001 ], [ -90.107879623602003, 29.967609415367001 ], [ -90.107781622418997, 29.967692415830001 ], [ -90.107690622790997, 29.967768416117998 ], [ -90.107656622727006, 29.967798415964999 ], [ -90.107528623064994, 29.967905415672 ], [ -90.107289622362998, 29.967665415578999 ], [ -90.107132623365004, 29.967502415174 ], [ -90.106981622817003, 29.967356416028 ], [ -90.106118623444999, 29.966537414878001 ], [ -90.105983623091007, 29.966417415155998 ], [ -90.104966621974995, 29.965506414522999 ], [ -90.103899621577995, 29.964762414849002 ], [ -90.103254622102, 29.964312415672001 ], [ -90.102455621597002, 29.963759414948999 ], [ -90.100790621437, 29.962626414380999 ], [ -90.100725621634993, 29.962573415196999 ], [ -90.097272618676996, 29.960124414656001 ], [ -90.096136619133006, 29.959314414535001 ], [ -90.095791619514003, 29.959079414030001 ], [ -90.095637619231994, 29.958958414474001 ], [ -90.095620619320997, 29.958916413876999 ], [ -90.095581620138006, 29.958866413831998 ], [ -90.095534620408003, 29.958830414135999 ], [ -90.094176619326007, 29.957847413161002 ], [ -90.094122619583999, 29.957815414260001 ] ] ] ] } },
{ "type": "Feature", "properties": { "objectid": "67", "gnocdc_lab": "UPTOWN", "shape_starea": "17723834.546101585", "shape_stlength": "17062.085504944844" }, "geometry": { "type": "MultiPolygon", "coordinates": [ [ [ [ -90.101924620066001, 29.926405406312998 ], [ -90.101859619026996, 29.925734406663 ], [ -90.101768620223993, 29.92504440618 ], [ -90.101708620449003, 29.924300405979 ], [ -90.101652618329993, 29.923658405813999 ], [ -90.101560619696997, 29.922868406062999 ], [ -90.101459618391004, 29.921800405454 ], [ -90.101356619914995, 29.920812405526998 ], [ -90.101600619484003, 29.920787405346001 ], [ -90.102716620082006, 29.920706405402001 ], [ -90.103831620720996, 29.920610405144 ], [ -90.104993619094998, 29.920520405603 ], [ -90.106097619715996, 29.92039940539 ], [ -90.107205621158997, 29.920339405861998 ], [ -90.108002621329007, 29.920296405258 ], [ -90.109088621010002, 29.920328405349998 ], [ -90.110025621567004, 29.920365404957 ], [ -90.111004621923001, 29.920450405097 ], [ -90.11206062219, 29.920456404580001 ], [ -90.112702621701999, 29.920524405411001 ], [ -90.113771621910999, 29.920721405266001 ], [ -90.115034623241996, 29.920929405096 ], [ -90.114995623130994, 29.921177404754999 ], [ -90.114910622718, 29.921542405118 ], [ -90.114800623722005, 29.921943405520999 ], [ -90.114524622781005, 29.923014406107001 ], [ -90.114300623497002, 29.923796405390998 ], [ -90.114107622104001, 29.92445640539 ], [ -90.113928623966999, 29.925131406304999 ], [ -90.113799622238005, 29.925794406179001 ], [ -90.113567623863005, 29.926605405979998 ], [ -90.113435621663996, 29.927160407102999 ], [ -90.113060622188996, 29.928475407482001 ], [ -90.113024622585996, 29.928633407252999 ], [ -90.112791622437996, 29.929549407368 ], [ -90.112516622995003, 29.930505407262 ], [ -90.112261623012998, 29.931464407996 ], [ -90.112006622652999, 29.93238240825 ], [ -90.111764623165996, 29.933329408049001 ], [ -90.111525622825994, 29.934269407736998 ], [ -90.111376621692003, 29.934244408045 ], [ -90.110524621113001, 29.934101408305999 ], [ -90.110298621620998, 29.934078408278001 ], [ -90.109376622802998, 29.934045408471999 ], [ -90.108419621474994, 29.933959408781 ], [ -90.107330621838997, 29.933948408467 ], [ -90.106361621990004, 29.934033408346 ], [ -90.105231621005004, 29.934131408757001 ], [ -90.104116620929005, 29.934199408851999 ], [ -90.102976620712994, 29.934299408617001 ], [ -90.102757620765004, 29.934318408359001 ], [ -90.102664620800994, 29.933353407879 ], [ -90.102568620773994, 29.932399407961 ], [ -90.102458620581999, 29.931429408458001 ], [ -90.102350620226005, 29.930476407368001 ], [ -90.102290620901002, 29.929480407543998 ], [ -90.102192620105001, 29.928530407505999 ], [ -90.102066619219002, 29.927579407164 ], [ -90.101951620354995, 29.926589406958001 ], [ -90.101924620066001, 29.926405406312998 ] ] ] ] } },
{ "type": "Feature", "properties": { "objectid": "59", "gnocdc_lab": "ST.  ANTHONY", "shape_starea": "17854664.54245678", "shape_stlength": "18068.188689946077" }, "geometry": { "type": "MultiPolygon", "coordinates": [ [ [ [ -90.060468611711997, 30.012540426773 ], [ -90.060455612501997, 30.012371426938 ], [ -90.060376611972004, 30.011343426436 ], [ -90.060292612514999, 30.010314426429002 ], [ -90.060272611135005, 30.009929426506002 ], [ -90.060219611917006, 30.009300425519999 ], [ -90.060146612238, 30.00825642553 ], [ -90.061314613069996, 30.008194426319001 ], [ -90.062441613556004, 30.008134426306 ], [ -90.063577611365005, 30.008075425505002 ], [ -90.064594612069001, 30.008011425652999 ], [ -90.064799613496007, 30.007998425983001 ], [ -90.065863613171999, 30.007917425634002 ], [ -90.067038614021001, 30.007837425744 ], [ -90.068581613120003, 30.007731425907998 ], [ -90.069404614765006, 30.00767542613 ], [ -90.069705613113996, 30.007655425212999 ], [ -90.070079613299995, 30.011867425822 ], [ -90.070468615850004, 30.016262427215999 ], [ -90.070517615086004, 30.017305427427001 ], [ -90.070666615376993, 30.019089428354999 ], [ -90.070686615528004, 30.019594428122002 ], [ -90.070732616133, 30.020051428283001 ], [ -90.070756615326999, 30.020440428284999 ], [ -90.070795615356005, 30.020925428363999 ], [ -90.070808614754, 30.021173427783999 ], [ -90.070804615889003, 30.021413428435 ], [ -90.070854615336003, 30.021801428050999 ], [ -90.070897615690001, 30.022199428377998 ], [ -90.070959614697998, 30.023165428544001 ], [ -90.070973616060002, 30.023272428784999 ], [ -90.070985615555003, 30.023364429390998 ], [ -90.070546615881, 30.023457428731 ], [ -90.070289615, 30.023511429180999 ], [ -90.069644616077994, 30.023621429388999 ], [ -90.068621614709997, 30.023718428656998 ], [ -90.067788614625997, 30.023767429313001 ], [ -90.066947614203002, 30.023814428744 ], [ -90.066075613430002, 30.023865428954998 ], [ -90.065859614760996, 30.023884429452 ], [ -90.065770615264, 30.023892429829001 ], [ -90.065587614804997, 30.023919429020999 ], [ -90.065324614139001, 30.023969429276999 ], [ -90.065182614823996, 30.024004429341002 ], [ -90.064841613821002, 30.024120429900002 ], [ -90.064506613530995, 30.024260429594001 ], [ -90.064456613638995, 30.024281429630001 ], [ -90.064093612893004, 30.024476429309001 ], [ -90.063863613231007, 30.024603429780001 ], [ -90.063691613147995, 30.024699429472001 ], [ -90.063531613956002, 30.024777429911001 ], [ -90.063230611988999, 30.02488942906 ], [ -90.062909613412003, 30.024997429942999 ], [ -90.062712613781002, 30.025056428953 ], [ -90.062501613354996, 30.025106429146 ], [ -90.062381613480994, 30.025135429451002 ], [ -90.062177612124003, 30.025172429840001 ], [ -90.061956613500001, 30.025204429909 ], [ -90.061521612137994, 30.025242429586001 ], [ -90.061515613081994, 30.025037429815999 ], [ -90.061491613252997, 30.024150430005999 ], [ -90.061400612789001, 30.02314142893 ], [ -90.061315613450006, 30.022101429374001 ], [ -90.061299613765996, 30.021917429481999 ], [ -90.061214612659001, 30.020922428744999 ], [ -90.061127612765006, 30.019883428846001 ], [ -90.061081612888003, 30.019334428213 ], [ -90.061052612192995, 30.01887642821 ], [ -90.060981612240994, 30.017858428250999 ], [ -90.060887613057005, 30.016797427924999 ], [ -90.060874613210999, 30.016639428125 ], [ -90.060788612338001, 30.015598427640999 ], [ -90.060703612495999, 30.014580427883999 ], [ -90.060620612586007, 30.013567426584999 ], [ -90.060610612488006, 30.013458427324998 ], [ -90.060598613210999, 30.013389426753001 ], [ -90.060570611309998, 30.013266426929999 ], [ -90.060528612812007, 30.013054427520999 ], [ -90.060506612240999, 30.012887426624001 ], [ -90.060468611711997, 30.012540426773 ] ] ] ] } },
{ "type": "Feature", "properties": { "objectid": "23", "gnocdc_lab": "FISCHER DEV", "shape_starea": "5379861.6052046949", "shape_stlength": "9784.055000600807" }, "geometry": { "type": "MultiPolygon", "coordinates": [ [ [ [ -90.041215603837003, 29.937692411417999 ], [ -90.040761604215007, 29.937518411357999 ], [ -90.040328603860999, 29.937299410628 ], [ -90.039991602677006, 29.937094411149999 ], [ -90.039663603259001, 29.936857411392999 ], [ -90.039414603102998, 29.936661411145 ], [ -90.039246602800006, 29.936506410692001 ], [ -90.038875602931995, 29.936050410958 ], [ -90.038724603880993, 29.935835410774001 ], [ -90.038555602605001, 29.935542411109999 ], [ -90.038394602881993, 29.935157410755998 ], [ -90.038326603586, 29.934839410649001 ], [ -90.038315601877997, 29.934768410276 ], [ -90.038252603142993, 29.934363410962 ], [ -90.038225603347001, 29.934186411192002 ], [ -90.038175603165001, 29.933685410408 ], [ -90.038169603045006, 29.933483410749002 ], [ -90.038192601804994, 29.933128410723 ], [ -90.038280603060997, 29.931930409899 ], [ -90.038396602039995, 29.930576409446999 ], [ -90.038412602611999, 29.930441409625999 ], [ -90.038445602281996, 29.930167409372999 ], [ -90.038462603217994, 29.930017408923 ], [ -90.038544602944, 29.92927740987 ], [ -90.038693603018999, 29.928660409422999 ], [ -90.038819602912994, 29.928281409206999 ], [ -90.038853602673996, 29.928204408793999 ], [ -90.039123602904994, 29.927584408468 ], [ -90.039289602549999, 29.927263408948999 ], [ -90.039422602545997, 29.927006409412002 ], [ -90.039496603019003, 29.926863408675 ], [ -90.039605721097004, 29.926652557909001 ], [ -90.043977605045995, 29.930798870181 ], [ -90.043977605039998, 29.931109409826998 ], [ -90.043977603485004, 29.931411409809002 ], [ -90.043977604263006, 29.931509410381 ], [ -90.043872604260997, 29.931446409540001 ], [ -90.043753604594002, 29.933316410366999 ], [ -90.043705604278003, 29.93406941077 ], [ -90.043665604875997, 29.934701410784001 ], [ -90.043631604262004, 29.935351410445001 ], [ -90.043618603747007, 29.935610410542999 ], [ -90.043590604127999, 29.936061411171998 ], [ -90.043575604444001, 29.936229410509 ], [ -90.043570605127002, 29.936433411325002 ], [ -90.043544604076999, 29.936622411430001 ], [ -90.043480604267003, 29.936911411449 ], [ -90.043365604431003, 29.937116411561 ], [ -90.043205603548998, 29.937312410804999 ], [ -90.043152603859994, 29.937361410994999 ], [ -90.043081603988995, 29.937427410434001 ], [ -90.042827604606003, 29.937604411091002 ], [ -90.042731603665004, 29.937641410948999 ], [ -90.042555603948003, 29.937654411431001 ], [ -90.042426604884, 29.937652411308999 ], [ -90.042195605049002, 29.937633411678 ], [ -90.041882604402005, 29.937590411218 ], [ -90.041615604092001, 29.937534411184 ], [ -90.041394604691007, 29.937470411132999 ], [ -90.041385604541006, 29.937748411603 ], [ -90.041215603837003, 29.937692411417999 ] ] ] ] } },
{ "type": "Feature", "properties": { "objectid": "53", "gnocdc_lab": "PONTCHARTRAIN PARK", "shape_starea": "27855902.834087618", "shape_stlength": "21228.780481699796" }, "geometry": { "type": "MultiPolygon", "coordinates": [ [ [ [ -90.034379605363995, 30.031305431650001 ], [ -90.034338606549994, 30.031088431071002 ], [ -90.033989605738995, 30.030028431241 ], [ -90.032353604034995, 30.025054430253 ], [ -90.032301604783001, 30.024896430041 ], [ -90.032202603577005, 30.024593430315001 ], [ -90.030674605013999, 30.019946429183001 ], [ -90.030663603677993, 30.019913429811002 ], [ -90.030175604869001, 30.018429428967 ], [ -90.029675604961994, 30.016907428959001 ], [ -90.029576603861003, 30.016606428753001 ], [ -90.030088604211002, 30.016464428841999 ], [ -90.030309603215002, 30.016403428911001 ], [ -90.031711604866004, 30.016070428382999 ], [ -90.032208604036001, 30.015952429001999 ], [ -90.032476604950006, 30.015906428344 ], [ -90.032797603994993, 30.015948428403 ], [ -90.032987605260999, 30.015975428320001 ], [ -90.033160604735002, 30.015977428186002 ], [ -90.033374604634005, 30.015946428726998 ], [ -90.034765605524001, 30.015623428196001 ], [ -90.037776606660998, 30.014966428238999 ], [ -90.038881605886004, 30.014722427694998 ], [ -90.041516606935005, 30.014135427426002 ], [ -90.041888607749996, 30.014053427894002 ], [ -90.042304607324994, 30.013976427610999 ], [ -90.042639607970003, 30.013929427573999 ], [ -90.042804607174006, 30.013924428056999 ], [ -90.043205607234995, 30.013933427537001 ], [ -90.043665608168993, 30.013938427662001 ], [ -90.043992606874994, 30.013914427366 ], [ -90.044251607926, 30.013888427946 ], [ -90.044534608320006, 30.013841428233 ], [ -90.046262608229, 30.013392427627998 ], [ -90.046366607571997, 30.013359426845 ], [ -90.046438608573993, 30.013325427537001 ], [ -90.046514609056004, 30.013271428018999 ], [ -90.046598607906006, 30.013176427541001 ], [ -90.046710609323, 30.012898427718 ], [ -90.046740608839002, 30.01326742757 ], [ -90.046813608180003, 30.014409427659999 ], [ -90.046881608552994, 30.015417427551 ], [ -90.046918607660999, 30.015765427809999 ], [ -90.046982608134996, 30.01642142799 ], [ -90.047070609247996, 30.017472428743002 ], [ -90.047083608787005, 30.017633428177 ], [ -90.047165609196995, 30.018675429011001 ], [ -90.047273608609004, 30.019707428897998 ], [ -90.047336608199004, 30.020709428642 ], [ -90.047354608611002, 30.021112429060999 ], [ -90.047377609698003, 30.021706429771001 ], [ -90.047470608888005, 30.022768429264001 ], [ -90.047486608867004, 30.022948429711001 ], [ -90.047575610151, 30.023967429715 ], [ -90.047643609239003, 30.024984429897 ], [ -90.047731609690004, 30.026002430826001 ], [ -90.047773609502002, 30.026650430290999 ], [ -90.047849609706006, 30.026728430266999 ], [ -90.047880609806001, 30.026876430864 ], [ -90.047914609298999, 30.027050430235999 ], [ -90.047942609602003, 30.027192430631999 ], [ -90.047679610198998, 30.027305431224001 ], [ -90.047339609231003, 30.027513430153 ], [ -90.047109609906997, 30.027692430815002 ], [ -90.046927608725994, 30.027864430501999 ], [ -90.046666608983003, 30.028124431121999 ], [ -90.046509608196004, 30.028273430611002 ], [ -90.046340609276001, 30.028418430397998 ], [ -90.046138607996994, 30.028578430684998 ], [ -90.045892608442003, 30.028768430589999 ], [ -90.045746609583006, 30.02888243045 ], [ -90.045628608768993, 30.028974430828999 ], [ -90.045319609033996, 30.029213431190001 ], [ -90.045104608504005, 30.029362431001001 ], [ -90.044993607867994, 30.029425430663998 ], [ -90.044881607722004, 30.029479430734 ], [ -90.044696608210998, 30.029556431227999 ], [ -90.044531608838994, 30.029611430787 ], [ -90.044410609072003, 30.029644430718999 ], [ -90.044311609163998, 30.029667430957002 ], [ -90.044043608083996, 30.029711431327001 ], [ -90.042979606952002, 30.029856431525001 ], [ -90.042077607539994, 30.029995431332001 ], [ -90.041064607196006, 30.030250431317 ], [ -90.040553607855003, 30.030378430978999 ], [ -90.038856607376999, 30.030805431708998 ], [ -90.037843607523996, 30.031023431344 ], [ -90.035922606956007, 30.031481432031999 ], [ -90.035678607113994, 30.031547431522 ], [ -90.035247605080002, 30.031665431876 ], [ -90.034478605483002, 30.031441431811 ], [ -90.034494605239004, 30.031346431488 ], [ -90.034379605363995, 30.031305431650001 ] ] ] ] } },
{ "type": "Feature", "properties": { "objectid": "44", "gnocdc_lab": "MARIGNY", "shape_starea": "9104274.3871031068", "shape_stlength": "13230.201235707464" }, "geometry": { "type": "MultiPolygon", "coordinates": [ [ [ [ -90.050088607304005, 29.969109417641999 ], [ -90.050148607386006, 29.968942418347002 ], [ -90.050456607556995, 29.967941417270001 ], [ -90.050520607644998, 29.967746417339001 ], [ -90.050781607792999, 29.966923417082999 ], [ -90.050823606647, 29.966780417218999 ], [ -90.051074608223999, 29.965943417342 ], [ -90.051105608317002, 29.965824417747001 ], [ -90.051377606341006, 29.964908416979 ], [ -90.051715607784004, 29.963903416590998 ], [ -90.052011608176997, 29.962901416729999 ], [ -90.052271608534994, 29.962131415715 ], [ -90.052474607178993, 29.961876416270002 ], [ -90.052477607355002, 29.961708416206001 ], [ -90.052477607233001, 29.961308415807 ], [ -90.052336607702998, 29.958386415443002 ], [ -90.056263607814003, 29.960389415828999 ], [ -90.056697608660997, 29.961073415542 ], [ -90.056813607863006, 29.961278415593998 ], [ -90.056858609016004, 29.961359415699999 ], [ -90.057591609583994, 29.961878415733 ], [ -90.057955609749996, 29.962114416675998 ], [ -90.058970609485002, 29.962821415943001 ], [ -90.059867610278999, 29.963439416316 ], [ -90.060817610835002, 29.964056416203 ], [ -90.061660611161997, 29.964684416255 ], [ -90.062576611123006, 29.965321416169001 ], [ -90.063491611008999, 29.965938416457998 ], [ -90.063602610364995, 29.966026417068999 ], [ -90.062972611229995, 29.966724417081 ], [ -90.062584610171001, 29.967148416951002 ], [ -90.062417611499001, 29.967325417289999 ], [ -90.062311611308999, 29.967448417313999 ], [ -90.062159610034996, 29.967601416773 ], [ -90.061903610471006, 29.967819417379999 ], [ -90.061717610808998, 29.967951416937002 ], [ -90.061528610455994, 29.968041416533001 ], [ -90.061326610635007, 29.968120417474001 ], [ -90.061079610426006, 29.968205416858002 ], [ -90.060925609541002, 29.968250417031999 ], [ -90.060738610387006, 29.968290417182001 ], [ -90.060393610928003, 29.968308417349999 ], [ -90.059268610637005, 29.968388417587001 ], [ -90.058138609744006, 29.968614417743002 ], [ -90.056984610232007, 29.968714417622 ], [ -90.056742608755997, 29.968730418044998 ], [ -90.055552608724994, 29.968813417290999 ], [ -90.054394607632005, 29.968877418121 ], [ -90.053285609176996, 29.968942417729 ], [ -90.052293607804998, 29.969014417716 ], [ -90.052039608637998, 29.969029417557 ], [ -90.051013607284006, 29.969089418294001 ], [ -90.050335607527003, 29.969125417038999 ], [ -90.050241607057998, 29.969123417921999 ], [ -90.050162608044005, 29.969119417704999 ], [ -90.050088607304005, 29.969109417641999 ] ] ] ] } },
{ "type": "Feature", "properties": { "objectid": "14", "gnocdc_lab": "CITY PARK", "shape_starea": "69446846.19720836", "shape_stlength": "42648.249050573271" }, "geometry": { "type": "MultiPolygon", "coordinates": [ [ [ [ -90.085380617812007, 29.999450423475999 ], [ -90.085380618268005, 29.999388422860999 ], [ -90.085380618784001, 29.999325423487999 ], [ -90.085383618123998, 29.99909342326 ], [ -90.085385618149999, 29.998820422946 ], [ -90.085384618774995, 29.998682423285999 ], [ -90.085357619020996, 29.998179422715999 ], [ -90.085076618927999, 29.997228423056999 ], [ -90.084927617402997, 29.996619422727999 ], [ -90.084921617839996, 29.996595422681999 ], [ -90.085336618534996, 29.995930422844001 ], [ -90.085638617704006, 29.995355422715001 ], [ -90.085874619018, 29.994575422552 ], [ -90.085909617381006, 29.993868421544001 ], [ -90.086099618779002, 29.993356422045 ], [ -90.086126617988, 29.993126421867998 ], [ -90.086153617649998, 29.993059422466999 ], [ -90.086173617419007, 29.992984421700999 ], [ -90.086240618130006, 29.9928674212 ], [ -90.086286617374995, 29.992752422226001 ], [ -90.086296618391003, 29.992688421335998 ], [ -90.086387617680998, 29.992485421872999 ], [ -90.086463619227004, 29.992341421820999 ], [ -90.086473617370004, 29.992008421662 ], [ -90.086488617998, 29.991732421624 ], [ -90.086725617328995, 29.991352421060999 ], [ -90.086963618715998, 29.990962421208 ], [ -90.087079617533007, 29.990669421322 ], [ -90.087094618476996, 29.990318421272999 ], [ -90.087150618554006, 29.989924421503002 ], [ -90.087256617280005, 29.989570420456001 ], [ -90.087296619040998, 29.989266420977 ], [ -90.087380618715997, 29.989073421507001 ], [ -90.087669618575006, 29.988698420698 ], [ -90.087845619034994, 29.988344421152998 ], [ -90.087845617571006, 29.987975420384 ], [ -90.087685618262995, 29.987454420308001 ], [ -90.087709618353003, 29.987135420421001 ], [ -90.088038618892, 29.986634420298 ], [ -90.088471617902002, 29.986301420562999 ], [ -90.088856618747997, 29.985814420897999 ], [ -90.088960619271006, 29.985404420174 ], [ -90.089073617634, 29.984668419535002 ], [ -90.089193619209993, 29.984049420201998 ], [ -90.089375618435994, 29.983777419570998 ], [ -90.089389618821997, 29.98375141991 ], [ -90.089397618424002, 29.983728420266001 ], [ -90.089406618976994, 29.983711419936999 ], [ -90.089610618885999, 29.983390419673999 ], [ -90.089971618703999, 29.983063420145001 ], [ -90.090348619096005, 29.982896419334001 ], [ -90.090469618699004, 29.982605419538999 ], [ -90.090003619604005, 29.981882419622 ], [ -90.089097619157997, 29.981187418937001 ], [ -90.088751618952003, 29.980959419225002 ], [ -90.088262617905997, 29.980638418994001 ], [ -90.087901618600995, 29.980381419301001 ], [ -90.087556618172997, 29.980145418597001 ], [ -90.087573619077006, 29.979894418591002 ], [ -90.087765619310005, 29.979450419216999 ], [ -90.088174618167002, 29.978789418218 ], [ -90.088471617798007, 29.978366418806001 ], [ -90.088736617451005, 29.978119418706001 ], [ -90.089215619377001, 29.977658418177999 ], [ -90.089430618717003, 29.977483417847999 ], [ -90.089700618031003, 29.977235418296999 ], [ -90.090076618425002, 29.976766418438 ], [ -90.090199619510997, 29.976525418078001 ], [ -90.090260618963995, 29.976273418550001 ], [ -90.090316619109004, 29.976016417663001 ], [ -90.090414619243006, 29.975936418244999 ], [ -90.090820619246003, 29.976223418250999 ], [ -90.090894619267004, 29.976313418019 ], [ -90.090953619128001, 29.976387417765 ], [ -90.091151617875994, 29.976617418359002 ], [ -90.091206619169, 29.976679417665999 ], [ -90.091276618056, 29.976740418074002 ], [ -90.091440619221999, 29.976861418245001 ], [ -90.091469619196005, 29.97688041843 ], [ -90.091731619455004, 29.977057418200999 ], [ -90.092169619925997, 29.977353417740002 ], [ -90.092224619258999, 29.977390418687001 ], [ -90.092976619563998, 29.977893418364001 ], [ -90.093705620617996, 29.978370418703999 ], [ -90.093781620398005, 29.978422418646002 ], [ -90.094335620411002, 29.978789418283 ], [ -90.094530620544006, 29.978928417849001 ], [ -90.095255621115001, 29.979423417997001 ], [ -90.095402620374998, 29.979523419039001 ], [ -90.095678620811, 29.979269418937999 ], [ -90.095537620157998, 29.979176419022 ], [ -90.095893620835994, 29.978842419170999 ], [ -90.096678620671995, 29.978108418323998 ], [ -90.096807621260993, 29.978202418540999 ], [ -90.097879620789001, 29.978916418600999 ], [ -90.098802620892997, 29.979544418054999 ], [ -90.099760621008002, 29.980162418386001 ], [ -90.100686621595003, 29.980788418656001 ], [ -90.101578620867002, 29.981408419076001 ], [ -90.101956622128, 29.981668418906999 ], [ -90.102494622563995, 29.982023419299001 ], [ -90.103427621899996, 29.982621418781001 ], [ -90.104375621887002, 29.983267418912 ], [ -90.105016623788003, 29.983740419212999 ], [ -90.105091623495994, 29.983796418945001 ], [ -90.103898622586001, 29.984100418863999 ], [ -90.103844622088999, 29.984114418571 ], [ -90.102739622618003, 29.984126419471998 ], [ -90.102558622575998, 29.985595420138999 ], [ -90.102454622406, 29.98643742 ], [ -90.102400622274004, 29.986878419644999 ], [ -90.102117621456998, 29.989170420335999 ], [ -90.101983622847001, 29.990200420592 ], [ -90.101954621966996, 29.990471419995998 ], [ -90.101922622635996, 29.990778420613999 ], [ -90.101911623575006, 29.990878420902 ], [ -90.101889621582004, 29.991127421036001 ], [ -90.101859622394002, 29.99137942111 ], [ -90.101856622948006, 29.99141442086 ], [ -90.101814622706996, 29.991773421162002 ], [ -90.101654621129001, 29.993229420654 ], [ -90.101592622412994, 29.993705422171001 ], [ -90.101543622679998, 29.994026421133 ], [ -90.101488622915994, 29.994579422164001 ], [ -90.101460622920996, 29.994864422302999 ], [ -90.101462622200998, 29.995029421885 ], [ -90.101268622372004, 29.996723422624001 ], [ -90.101056621401995, 29.998576421991999 ], [ -90.100847622106002, 30.000345423174998 ], [ -90.100644621444005, 30.002155423399 ], [ -90.100419622136997, 30.004034424275002 ], [ -90.100157623171995, 30.006143424099999 ], [ -90.099962623471995, 30.007963424848 ], [ -90.099752623406999, 30.009752424845001 ], [ -90.099550622283999, 30.011560424867 ], [ -90.099315622803005, 30.013363426039 ], [ -90.099114623302995, 30.015120426136999 ], [ -90.098918623866993, 30.016974426461999 ], [ -90.098695622574994, 30.018432427052002 ], [ -90.098677622707996, 30.018609426638001 ], [ -90.098666622229004, 30.018687427515999 ], [ -90.098680623161002, 30.018821427060001 ], [ -90.098689623515995, 30.018914427178 ], [ -90.098524623133997, 30.018906427245 ], [ -90.098161622074002, 30.018879427725 ], [ -90.097908622934995, 30.018861427748 ], [ -90.097528621669994, 30.018836426878998 ], [ -90.097406622915003, 30.018831426615002 ], [ -90.097049622529994, 30.018839426829999 ], [ -90.096872622611002, 30.018846427002 ], [ -90.096741622720003, 30.018839427090999 ], [ -90.096598621311003, 30.018829427229001 ], [ -90.096279622167998, 30.018786427177002 ], [ -90.095989621742007, 30.018761427432 ], [ -90.095511621097998, 30.018721426980001 ], [ -90.094793621700006, 30.018677427107001 ], [ -90.094267622256993, 30.018620426664999 ], [ -90.093777622201003, 30.018547427472999 ], [ -90.093636620354005, 30.018541427403001 ], [ -90.093116621038007, 30.018540427156001 ], [ -90.092758621786999, 30.018562426782999 ], [ -90.092079621443006, 30.018571426632001 ], [ -90.091625620657993, 30.018623427213999 ], [ -90.091084621456005, 30.018685427571 ], [ -90.090758620778004, 30.018741427805999 ], [ -90.090401620769995, 30.018802427926001 ], [ -90.090051619581999, 30.018895428067001 ], [ -90.089841619791997, 30.018951427828 ], [ -90.089398619872995, 30.019102427566001 ], [ -90.088818619655001, 30.019332427487999 ], [ -90.088489619783999, 30.019473427813001 ], [ -90.088383619718002, 30.019518427004002 ], [ -90.087894619826997, 30.019719427068001 ], [ -90.087414619333998, 30.019935427754 ], [ -90.087381620456, 30.019950427042001 ], [ -90.086826619877002, 30.020189427974 ], [ -90.086259619857998, 30.020433427608999 ], [ -90.086025619129998, 30.02051242792 ], [ -90.085958619498996, 30.020535427727001 ], [ -90.085673618805998, 30.020625427696 ], [ -90.085375619526005, 30.020688427686999 ], [ -90.085216619232, 30.020717428224 ], [ -90.084773618824997, 30.020777428328 ], [ -90.084595618986995, 30.020798428435 ], [ -90.084364619827994, 30.020825427877 ], [ -90.084043619713, 30.020848427899001 ], [ -90.083934618976997, 30.020856428483 ], [ -90.083671619377995, 30.020873427832001 ], [ -90.083579618249999, 30.020873427996001 ], [ -90.083042619043994, 30.020870428605999 ], [ -90.083130618023006, 30.020690428083999 ], [ -90.084068618909996, 30.018776427900001 ], [ -90.084089619298993, 30.018110427322998 ], [ -90.084301618780003, 30.015147426224001 ], [ -90.084887618723997, 30.011110425651999 ], [ -90.084895618494997, 30.010929426093 ], [ -90.084997617965001, 30.008476424805998 ], [ -90.085304618400997, 30.006656424696001 ], [ -90.085313618506007, 30.003855424324001 ], [ -90.085355618852006, 30.002718423956999 ], [ -90.085055618186004, 29.999729423322002 ], [ -90.085766618169998, 29.999426423614 ], [ -90.085380617812007, 29.999450423475999 ] ] ] ] } },
{ "type": "Feature", "properties": { "objectid": "38", "gnocdc_lab": "LAKEVIEW", "shape_starea": "44877411.036702141", "shape_stlength": "28408.642223875922" }, "geometry": { "type": "MultiPolygon", "coordinates": [ [ [ [ -90.098689623515995, 30.018914427178 ], [ -90.098680623161002, 30.018821427060001 ], [ -90.098666622229004, 30.018687427515999 ], [ -90.098677622707996, 30.018609426638001 ], [ -90.098695622574994, 30.018432427052002 ], [ -90.098918623866993, 30.016974426461999 ], [ -90.099114623302995, 30.015120426136999 ], [ -90.099315622803005, 30.013363426039 ], [ -90.099550622283999, 30.011560424867 ], [ -90.099752623406999, 30.009752424845001 ], [ -90.099962623471995, 30.007963424848 ], [ -90.100157623171995, 30.006143424099999 ], [ -90.100419622136997, 30.004034424275002 ], [ -90.100644621444005, 30.002155423399 ], [ -90.100847622106002, 30.000345423174998 ], [ -90.101056621401995, 29.998576421991999 ], [ -90.101268622372004, 29.996723422624001 ], [ -90.101462622200998, 29.995029421885 ], [ -90.101460622920996, 29.994864422302999 ], [ -90.101488622915994, 29.994579422164001 ], [ -90.101543622679998, 29.994026421133 ], [ -90.101592622412994, 29.993705422171001 ], [ -90.101654621129001, 29.993229420654 ], [ -90.102612622322994, 29.993295421978001 ], [ -90.103044623789003, 29.993326421281999 ], [ -90.103736623245993, 29.993411420739999 ], [ -90.104542623693007, 29.993495420999 ], [ -90.104801623743001, 29.993485421190002 ], [ -90.104917623188001, 29.993622421375999 ], [ -90.105211622553, 29.993620420742999 ], [ -90.105297622872996, 29.993619421335001 ], [ -90.106041623582001, 29.993618421379999 ], [ -90.106371623122001, 29.993646421489998 ], [ -90.107028624741005, 29.993706421515 ], [ -90.107266624220998, 29.993728421438 ], [ -90.108102624737995, 29.993811421568001 ], [ -90.109064625437, 29.993907420892999 ], [ -90.109497625111999, 29.993937421228999 ], [ -90.109462624513995, 29.994170421528999 ], [ -90.109366624369002, 29.994798421963999 ], [ -90.109321624838003, 29.995092421216999 ], [ -90.109297623543, 29.995367421882001 ], [ -90.109564624517006, 29.995394421213 ], [ -90.110386624054996, 29.995477421768999 ], [ -90.113040624693994, 29.995734422127001 ], [ -90.113751626045001, 29.99577442124 ], [ -90.114579624840005, 29.995790421677999 ], [ -90.115148626020996, 29.995773421656001 ], [ -90.115606626843999, 29.995745421997 ], [ -90.115912626623995, 29.995726422200001 ], [ -90.115908627017006, 29.996107421969999 ], [ -90.115907626524006, 29.996441421305001 ], [ -90.115837625585996, 29.997356422073999 ], [ -90.115853626985, 29.997663421812 ], [ -90.115858625648002, 29.997822421803001 ], [ -90.115902626771998, 29.998025421897999 ], [ -90.116001626794002, 29.998358421471 ], [ -90.116149626744004, 29.998753422446999 ], [ -90.116203627201003, 29.999048422032999 ], [ -90.116244627851998, 29.999344421949001 ], [ -90.116241627223005, 29.999565422343 ], [ -90.116240626679996, 29.999696422397999 ], [ -90.116185627115001, 30.000291422113001 ], [ -90.116172627088005, 30.000695422558 ], [ -90.116112626252004, 30.001503422972998 ], [ -90.116061627679002, 30.002309423288999 ], [ -90.115983626569999, 30.003134422622001 ], [ -90.115925625767005, 30.003939423256 ], [ -90.115863626801001, 30.004757422941001 ], [ -90.115809626689995, 30.005608423805999 ], [ -90.115757627375999, 30.006423423826998 ], [ -90.115679625598005, 30.007225424087 ], [ -90.115630627868995, 30.008028424178001 ], [ -90.115581626695004, 30.008561423949001 ], [ -90.115529626791002, 30.009193424163001 ], [ -90.115442627080995, 30.010374424296 ], [ -90.115322627059001, 30.012179425719999 ], [ -90.115264627703993, 30.013065425141999 ], [ -90.115195626602002, 30.014005425846001 ], [ -90.115174626260995, 30.014356425563001 ], [ -90.115057628120994, 30.015817425874001 ], [ -90.114979627954, 30.016652425939998 ], [ -90.114914627277003, 30.017469426053999 ], [ -90.114871627645996, 30.018049426287 ], [ -90.114858627939, 30.018283426467999 ], [ -90.114787627831006, 30.019040426699998 ], [ -90.114765626004001, 30.019252426906 ], [ -90.114721627424004, 30.019493426438999 ], [ -90.113889627142001, 30.020100426635 ], [ -90.113854627402006, 30.020121426355001 ], [ -90.113698627397994, 30.020163426759002 ], [ -90.113652627126996, 30.020187427250001 ], [ -90.113602627240994, 30.020222426577 ], [ -90.113551627663, 30.020261426971999 ], [ -90.113133626557996, 30.020231426776999 ], [ -90.112474626129995, 30.020170426497 ], [ -90.111738625358996, 30.020083426667 ], [ -90.110808626017999, 30.020007426797001 ], [ -90.109385626003998, 30.019883426679002 ], [ -90.108578625777, 30.019812427512001 ], [ -90.107559624806001, 30.019718426531998 ], [ -90.106460624807994, 30.019628426943999 ], [ -90.106052624220993, 30.019595427163001 ], [ -90.105036624918, 30.019493426518 ], [ -90.104027624150007, 30.019405427106999 ], [ -90.103067623751997, 30.019313427157002 ], [ -90.102031623090994, 30.019214427369999 ], [ -90.101070623203, 30.019129427233999 ], [ -90.099766624018997, 30.019018427018999 ], [ -90.098689623515995, 30.018914427178 ] ] ] ] } },
{ "type": "Feature", "properties": { "objectid": "63", "gnocdc_lab": "ST. THOMAS DEV", "shape_starea": "10077792.134836998", "shape_stlength": "14721.102887219777" }, "geometry": { "type": "MultiPolygon", "coordinates": [ [ [ [ -90.062614522435993, 29.926044726307001 ], [ -90.063024465492006, 29.925584076732001 ], [ -90.063447836129995, 29.925108333053 ], [ -90.066095503905998, 29.922587403531999 ], [ -90.068695242711001, 29.920803094082 ], [ -90.071755120814004, 29.919123666371998 ], [ -90.072453363494006, 29.918819016463999 ], [ -90.072577610978996, 29.919009406391002 ], [ -90.073924610899994, 29.921073407173999 ], [ -90.074280612419003, 29.921481406554001 ], [ -90.074454611505004, 29.921680407097998 ], [ -90.074530611745004, 29.921768406382999 ], [ -90.074638612252002, 29.921863406391001 ], [ -90.075351612587994, 29.922833406988001 ], [ -90.075624612762994, 29.923189407098999 ], [ -90.075734612706, 29.923333407421001 ], [ -90.076089613072995, 29.923812406688 ], [ -90.075211612486001, 29.924360407310999 ], [ -90.075888612816996, 29.925152407239 ], [ -90.074967612015996, 29.925759408034999 ], [ -90.074004611950002, 29.926361408024 ], [ -90.073915612270994, 29.926423407199 ], [ -90.074612613018999, 29.927235407992999 ], [ -90.075318612361002, 29.928002408287 ], [ -90.075989613301005, 29.928810408507999 ], [ -90.074982612040003, 29.929424407963001 ], [ -90.073896613016004, 29.930214408533999 ], [ -90.073071612663995, 29.930816408359 ], [ -90.073380612001998, 29.931096408030001 ], [ -90.073065611215995, 29.932185409098 ], [ -90.072104611170005, 29.931241408999 ], [ -90.071512611673995, 29.930783408540002 ], [ -90.071002611785005, 29.930312408827 ], [ -90.070266611042001, 29.929723408920999 ], [ -90.070177611237995, 29.929652408612998 ], [ -90.069875610021001, 29.929335408404 ], [ -90.069068611364003, 29.928616408278 ], [ -90.068712610877995, 29.928289408375001 ], [ -90.068316610847006, 29.927928408391999 ], [ -90.068124611371999, 29.927743408026998 ], [ -90.067294609585005, 29.927006407734002 ], [ -90.066629609575998, 29.926849408132998 ], [ -90.066468610610002, 29.926852408584001 ], [ -90.066438610545006, 29.926853408050999 ], [ -90.066266610363996, 29.926856407864999 ], [ -90.065338610039007, 29.926747407625999 ], [ -90.062614522435993, 29.926044726307001 ] ] ] ] } },
{ "type": "Feature", "properties": { "objectid": "68", "gnocdc_lab": "VIAVANT - VENETIAN ISLES", "shape_starea": "966328338.20110404", "shape_stlength": "192094.1661619861" }, "geometry": { "type": "MultiPolygon", "coordinates": [ [ [ [ -89.820467231226999, 30.043413039733 ], [ -89.820706708201001, 30.042999858813999 ], [ -89.821698305626995, 30.040896018517 ], [ -89.821765648213997, 30.040674136684 ], [ -89.822350633365005, 30.040068547169 ], [ -89.822702238513997, 30.040086496903001 ], [ -89.822927178371998, 30.040019497959999 ], [ -89.823090675546993, 30.039784800254001 ], [ -89.823096155718005, 30.039423049515001 ], [ -89.823919313900007, 30.038931511573001 ], [ -89.824404743792002, 30.038561341982 ], [ -89.825556130364006, 30.037516918207999 ], [ -89.825734349410993, 30.037365881797999 ], [ -89.826007884564007, 30.037257685509001 ], [ -89.826347487088995, 30.037011084997001 ], [ -89.826688138243, 30.036694915765001 ], [ -89.826913274899994, 30.036613996195001 ], [ -89.826914536339999, 30.036530513719999 ], [ -89.826868034998, 30.03643257053 ], [ -89.827014688968006, 30.036253339015001 ], [ -89.82733451112, 30.036256996841001 ], [ -89.827883460105994, 30.035915375047999 ], [ -89.828624087771004, 30.035589856525 ], [ -89.829815395531, 30.035074656732 ], [ -89.830088290589003, 30.035008193189999 ], [ -89.830523819760998, 30.034762677901 ], [ -89.831444310910001, 30.034174791083 ], [ -89.831783889473996, 30.033928177332001 ], [ -89.831978502637995, 30.0337494881 ], [ -89.832159009698998, 30.033445394242001 ], [ -89.832484478249, 30.033073374312 ], [ -89.832857913566997, 30.032701897433999 ], [ -89.833181285631994, 30.032469010701 ], [ -89.833408500684996, 30.032248945025 ], [ -89.833602480818996, 30.032111993754 ], [ -89.833827809745003, 30.032017148525 ], [ -89.834330419062994, 30.031563643262999 ], [ -89.835108408463, 30.030876699457 ], [ -89.835577562303996, 30.030520220993001 ], [ -89.836046289690003, 30.030191569229 ], [ -89.836384383088998, 30.030042337200001 ], [ -89.836658929886994, 30.02986454977 ], [ -89.836917483326005, 30.029686581833001 ], [ -89.837095880993004, 30.029521616994 ], [ -89.837130993448994, 30.029313276402 ], [ -89.837342413277, 30.029079106581001 ], [ -89.837891914514998, 30.028695702238 ], [ -89.838571834120998, 30.028146783215 ], [ -89.838977417809005, 30.027761739736999 ], [ -89.839841131476007, 30.026686093321 ], [ -89.840068530145004, 30.026452102195002 ], [ -89.840294256860005, 30.026329416433001 ], [ -89.840518319571004, 30.026318040642 ], [ -89.840976647160005, 30.025613522006001 ], [ -89.841774075352006, 30.024690187617001 ], [ -89.841728395439006, 30.024536595181001 ], [ -89.841746050034004, 30.024425467739 ], [ -89.841890578372997, 30.024385356381 ], [ -89.842701481473, 30.023629161984999 ], [ -89.843445144062997, 30.022956631679001 ], [ -89.843674129945995, 30.02274954632 ], [ -89.843741826051001, 30.022499825887 ], [ -89.843728331267002, 30.022332680255001 ], [ -89.843682444677995, 30.022193001377001 ], [ -89.844026936701994, 30.021612428727 ], [ -89.844237078328007, 30.021461728599 ], [ -89.844271341882006, 30.021309041064999 ], [ -89.844567031967998, 30.020783578812999 ], [ -89.844966750289004, 30.019716567050001 ], [ -89.845145116802996, 30.019551591046 ], [ -89.845402385748997, 30.019457087267 ], [ -89.846134938610007, 30.018588656275 ], [ -89.846417944067994, 30.017840391596 ], [ -89.846484387266997, 30.01767414979 ], [ -89.846694514779998, 30.017523447426999 ], [ -89.846873288292002, 30.017330642274999 ], [ -89.847705057447996, 30.016240667672001 ], [ -89.848551346159994, 30.015248264720999 ], [ -89.848762294021995, 30.015041903688999 ], [ -89.848908876118998, 30.014862648977999 ], [ -89.848912190063004, 30.014640031319001 ], [ -89.849058773398994, 30.014460774648999 ], [ -89.849301485058007, 30.014268687005 ], [ -89.849465916236994, 30.01396438918 ], [ -89.849630138353007, 30.013674004955998 ], [ -89.849921434162994, 30.013440715175999 ], [ -89.850117423477997, 30.013164604427001 ], [ -89.850347038147007, 30.012777542809001 ], [ -89.850576449314005, 30.012404395564001 ], [ -89.851031539602005, 30.011908545257 ], [ -89.851272175484993, 30.011855588707999 ], [ -89.851498683388996, 30.01167723172 ], [ -89.851503025214996, 30.011385045586 ], [ -89.851617830101006, 30.011191514042999 ], [ -89.851909319672004, 30.010944305921999 ], [ -89.852027015743005, 30.010555982002 ], [ -89.852142645290002, 30.010306796405999 ], [ -89.852402156666997, 30.010059226528 ], [ -89.853459064785994, 30.008874336626 ], [ -89.853702168270999, 30.008654414820999 ], [ -89.853944033288997, 30.008517973871001 ], [ -89.854104313167994, 30.008491941587 ], [ -89.854484280953002, 30.008746698584002 ], [ -89.854883329770004, 30.00879292802 ], [ -89.855282792427005, 30.008811329455 ], [ -89.855781265185001, 30.008622100204999 ], [ -89.856471787036995, 30.008421109219 ], [ -89.856891972276003, 30.008119670041001 ], [ -89.857195712860005, 30.007878681472 ], [ -89.857393531510994, 30.007721731374001 ], [ -89.857587221962007, 30.007598659873 ], [ -89.857830932929005, 30.007336987043999 ], [ -89.858044111084993, 30.006977560258999 ], [ -89.858370422537007, 30.006535904566999 ], [ -89.858598964245999, 30.006218397510001 ], [ -89.858764177734002, 30.005858433154 ], [ -89.858930418569003, 30.005428899247001 ], [ -89.859048697838006, 30.004998828927999 ], [ -89.859020015134007, 30.004775852613001 ], [ -89.858831884240999, 30.004523256371002 ], [ -89.858738434249005, 30.004355218326001 ], [ -89.858613634527998, 30.004145081419001 ], [ -89.858584337883997, 30.003963844801 ], [ -89.858428385607994, 30.003697694022001 ], [ -89.858273468294996, 30.003361975568001 ], [ -89.858260157531006, 30.003180917963 ], [ -89.858344819831004, 30.002861798144998 ], [ -89.85852724707, 30.002418532471001 ], [ -89.858691630604, 30.002114219863 ], [ -89.859034117860006, 30.001658830132001 ], [ -89.859327823230998, 30.00125855532 ], [ -89.859751257916002, 30.000734488277001 ], [ -89.860172221919996, 30.000377382756 ], [ -89.86046365867, 30.000130156189002 ], [ -89.860721479329001, 29.999993881462 ], [ -89.861542480889995, 29.999613414538999 ], [ -89.861894496054006, 29.999477931676999 ], [ -89.862360457624007, 29.999298589237 ], [ -89.863149419959001, 29.999060815619998 ], [ -89.863951373126994, 29.998731701326999 ], [ -89.864062883071995, 29.998684325959999 ], [ -89.864171843576997, 29.998638034511 ], [ -89.864237674181993, 29.998610067979001 ], [ -89.864285898431007, 29.998589579404999 ], [ -89.864369718134995, 29.998553969467999 ], [ -89.864484594762004, 29.99850516427 ], [ -89.864759003589, 29.998327319179001 ], [ -89.864991013245003, 29.998105384435998 ], [ -89.864992719922995, 29.998100985196 ], [ -89.865135466789994, 29.997733131048001 ], [ -89.865235677989006, 29.997442013505001 ], [ -89.865178088747001, 29.997009975179001 ], [ -89.865039345881996, 29.996660527795001 ], [ -89.864756944055998, 29.996295561450001 ], [ -89.864241386608001, 29.995738631862999 ], [ -89.864213243899997, 29.995719122583999 ], [ -89.863255415184994, 29.995123773732999 ], [ -89.862468238995007, 29.994697705067999 ], [ -89.862413376315999, 29.994668008251999 ], [ -89.862408307750002, 29.994665264737002 ], [ -89.861732804712005, 29.994299634609 ], [ -89.860591170790002, 29.993660646441999 ], [ -89.859958167882994, 29.993222166245001 ], [ -89.859595670858994, 29.992870207984001 ], [ -89.859345269425006, 29.992505588648999 ], [ -89.859175202629004, 29.992114035198998 ], [ -89.859088140034004, 29.991514671790998 ], [ -89.859201459629006, 29.991071872168 ], [ -89.859240840035994, 29.990917994413 ], [ -89.859471193592, 29.990475260922 ], [ -89.859975117044002, 29.989910346346999 ], [ -89.860222529021996, 29.989694178017 ], [ -89.861060198936002, 29.988962281456001 ], [ -89.861641046721004, 29.988452049688 ], [ -89.862272510622006, 29.988057379202001 ], [ -89.863076398955002, 29.987746293836999 ], [ -89.863653236532997, 29.987655323317998 ], [ -89.864169555725994, 29.987597426825001 ], [ -89.864804448246005, 29.987640341609001 ], [ -89.865393989921003, 29.987772160748001 ], [ -89.865933536355996, 29.988042580921 ], [ -89.866042585317999, 29.988119559712 ], [ -89.866362558757004, 29.988345427982001 ], [ -89.866801373680005, 29.988817632610999 ], [ -89.867114705811005, 29.989252519718001 ], [ -89.867377840545004, 29.989839920543002 ], [ -89.867656345879993, 29.990469244075001 ], [ -89.867871735867993, 29.991042198622999 ], [ -89.868026467136005, 29.99139181947 ], [ -89.868167466515999, 29.991651509651 ], [ -89.868182148231, 29.991678547254999 ], [ -89.868353342519995, 29.991993847362 ], [ -89.868698251525998, 29.992456911386999 ], [ -89.869093157566994, 29.992781373315999 ], [ -89.869221685011993, 29.992837157608999 ], [ -89.869369668249007, 29.992901384795001 ], [ -89.869553837715998, 29.992981320744999 ], [ -89.869646284531001, 29.993005910777999 ], [ -89.869936031451999, 29.993082983472998 ], [ -89.870122470454007, 29.993063450036999 ], [ -89.870416373631002, 29.99303265795 ], [ -89.870914742953005, 29.992843371900001 ], [ -89.871478472410004, 29.992557396618999 ], [ -89.871710850873001, 29.992416776005999 ], [ -89.871930108475993, 29.992284092500999 ], [ -89.872319434315997, 29.991898765858 ], [ -89.872562164719994, 29.991556579659001 ], [ -89.872579389251001, 29.991532295692998 ], [ -89.872591599312003, 29.991515083789 ], [ -89.872711202176006, 29.991346474661 ], [ -89.873041066322997, 29.990654335588999 ], [ -89.873306788414993, 29.989975398601 ], [ -89.873473956273003, 29.989476278382998 ], [ -89.873637866655997, 29.989199775279001 ], [ -89.874013022140005, 29.988689044499999 ], [ -89.874434903858003, 29.988262324032998 ], [ -89.874954307077005, 29.987725357834002 ], [ -89.875423725664007, 29.987326992372999 ], [ -89.875852154995997, 29.987167481164001 ], [ -89.876048901795997, 29.987094227637002 ], [ -89.877994863991006, 29.986409159015 ], [ -89.878573506555, 29.986192899488 ], [ -89.879215470427994, 29.986019087334 ], [ -89.879839421292999, 29.985984230416999 ], [ -89.880478138059999, 29.986033030588999 ], [ -89.880970374582006, 29.986261118116001 ], [ -89.881444603614995, 29.98662816597 ], [ -89.881695881034005, 29.986937088727 ], [ -89.881976695636993, 29.987413327106999 ], [ -89.882288672635994, 29.987945574842001 ], [ -89.882506167108005, 29.988379368114 ], [ -89.882741064770002, 29.988715940502999 ], [ -89.882927403446004, 29.989093724071001 ], [ -89.883178084779004, 29.989444386595 ], [ -89.883539238953006, 29.989893675859999 ], [ -89.883995893239003, 29.990371848849001 ], [ -89.884437174162997, 29.990808099768 ], [ -89.884624536686005, 29.991116315688998 ], [ -89.884700412883006, 29.991395469408999 ], [ -89.884680995321006, 29.991631825891002 ], [ -89.884383782802004, 29.992282605020002 ], [ -89.884219290683006, 29.992600863170001 ], [ -89.884070580884, 29.992933208320999 ], [ -89.884018381706994, 29.99322486837 ], [ -89.883981157920005, 29.993586274049999 ], [ -89.884057035219001, 29.993865428951999 ], [ -89.884306923975998, 29.994271742079999 ], [ -89.884509666868993, 29.994621873892999 ], [ -89.884616711757999, 29.994957035140999 ], [ -89.884660824305001, 29.995221922965001 ], [ -89.884589207009995, 29.995749943981 ], [ -89.884568573658996, 29.996069779306001 ], [ -89.884675414018005, 29.996418857018 ], [ -89.884927331249003, 29.996686032275999 ], [ -89.885212230172002, 29.996883990023999 ], [ -89.885594454843996, 29.996985605426001 ], [ -89.885992460398995, 29.997101310264 ], [ -89.886471203233995, 29.997162234021999 ], [ -89.886885600263, 29.997250286718 ], [ -89.887283406661993, 29.997379899769001 ], [ -89.887729172812996, 29.997510040087999 ], [ -89.888141757927997, 29.997723308746 ], [ -89.888426264074994, 29.997949087371001 ], [ -89.888617797997995, 29.998242524403999 ], [ -89.888766246540001, 29.998759944694999 ], [ -89.888902658366007, 29.999276331354 ], [ -89.888963575743006, 29.99948573907 ], [ -89.889118189447004, 29.999849248564999 ], [ -89.889273812596002, 30.000143190959999 ], [ -89.889589695306995, 30.000411058558001 ], [ -89.889939160053004, 30.000567965434001 ], [ -89.890415504200007, 30.000795841868001 ], [ -89.892098107463994, 30.00163531343 ], [ -89.892621213368997, 30.001947192218999 ], [ -89.893143643979002, 30.002192211051 ], [ -89.893557740321, 30.002416662921998 ], [ -89.894146001801005, 30.002645750465 ], [ -89.894512070841998, 30.002761079950002 ], [ -89.894990842886003, 30.002821976248001 ], [ -89.895310960486995, 30.002797641150998 ], [ -89.895600110784997, 30.002703387395002 ], [ -89.895826519690999, 30.002524951215999 ], [ -89.896264551963995, 30.002084425907999 ], [ -89.896621852324998, 30.001698678075002 ], [ -89.896944170248005, 30.001521288465 ], [ -89.897185558084004, 30.001412594902 ], [ -89.897538443553003, 30.001332949241 ], [ -89.897858356521994, 30.001322521889001 ], [ -89.898242010492993, 30.001326704747999 ], [ -89.898641252095004, 30.001358888599 ], [ -89.898943778390006, 30.001445680130001 ], [ -89.899341018041, 30.001616998477999 ], [ -89.899818187600005, 30.001789186907999 ], [ -89.900518360419994, 30.002019464458002 ], [ -89.901155792365003, 30.002165560839 ], [ -89.901777839355006, 30.002269737580999 ], [ -89.902319358629001, 30.002414783468002 ], [ -89.902924625127994, 30.002574436780002 ], [ -89.903577650261994, 30.002748521179999 ], [ -89.904055630163995, 30.002865039366998 ], [ -89.904534609945003, 30.002911987040001 ], [ -89.904965631858005, 30.002958410826999 ], [ -89.905350288527003, 30.00289300507 ], [ -89.905735143876996, 30.002813683343 ], [ -89.906056456691005, 30.002705839398001 ], [ -89.90663572903, 30.002447716107 ], [ -89.907247365160003, 30.002162109581999 ], [ -89.908052421993006, 30.001767266573001 ], [ -89.909339424194997, 30.001210641334001 ], [ -89.909853745258999, 30.001021381017999 ], [ -89.910126493750994, 30.000954750382 ], [ -89.910543309418003, 30.000875759315001 ], [ -89.910975119026006, 30.000866511236001 ], [ -89.911455278545006, 30.000829949972001 ], [ -89.911792564538999, 30.000722265558 ], [ -89.912050513821001, 30.000571976368001 ], [ -89.912260901690004, 30.000393340171001 ], [ -89.912455107983007, 30.000228445988 ], [ -89.912570375342995, 29.999993119107 ], [ -89.912800118806999, 29.999578121791 ], [ -89.912846788901007, 29.999457337713999 ], [ -89.912966114358994, 29.999148520169999 ], [ -89.913279939732007, 29.998442193799999 ], [ -89.913460133922001, 29.998137987791999 ], [ -89.913576386840006, 29.997833090132001 ], [ -89.913675465436, 29.997611505561999 ], [ -89.913775137737005, 29.997348177208 ], [ -89.913944295651007, 29.996695954362998 ], [ -89.914129040397995, 29.996071731512998 ], [ -89.914228907950005, 29.995794487882002 ], [ -89.914376331772999, 29.995545589913 ], [ -89.914587102753998, 29.995339124649 ], [ -89.914796091848004, 29.995257882987001 ], [ -89.915132758796005, 29.995191928198999 ], [ -89.915372924639996, 29.995166683219001 ], [ -89.915646246745993, 29.995058300071001 ], [ -89.915872404652006, 29.994893745894998 ], [ -89.916114348971007, 29.994743273788998 ], [ -89.916374056338, 29.994467752028001 ], [ -89.916648955444998, 29.994248056768001 ], [ -89.916858926520007, 29.994097241910001 ], [ -89.917163817358997, 29.994017024838001 ], [ -89.917419963496997, 29.993991949879 ], [ -89.917723472234997, 29.994009128470001 ], [ -89.918026389754004, 29.994068051016001 ], [ -89.918344894464994, 29.994154971714998 ], [ -89.918711946019002, 29.994200663246001 ], [ -89.918804294460998, 29.99419844638 ], [ -89.919228989410001, 29.994188250591002 ], [ -89.919663404401007, 29.994144507095999 ], [ -89.920366102345, 29.994006820452 ], [ -89.920701111705, 29.993913596081001 ], [ -89.920913923566005, 29.993809376057001 ], [ -89.921150347733999, 29.993608590891998 ], [ -89.921364804006998, 29.993388204965999 ], [ -89.921591063389997, 29.993119533965 ], [ -89.921783272566003, 29.992898908766001 ], [ -89.922008573952994, 29.992698001899001 ], [ -89.922311715822005, 29.992497928169001 ], [ -89.922580405597003, 29.992374940638001 ], [ -89.922969917928, 29.992359750782001 ], [ -89.923335408219003, 29.992470168080999 ], [ -89.923667397561005, 29.992589909302001 ], [ -89.924011470316003, 29.992642003939999 ], [ -89.924212333417998, 29.992595743906001 ], [ -89.924448029944003, 29.992472941637001 ], [ -89.924684343538004, 29.992252243871 ], [ -89.924854164701003, 29.992041055664 ], [ -89.925101698674993, 29.991840380551 ], [ -89.925416093381997, 29.991630737324002 ], [ -89.925741471972003, 29.991430895415998 ], [ -89.926033896652001, 29.991201651990998 ], [ -89.926225137366004, 29.991048784238 ], [ -89.926406351216002, 29.990818352032999 ], [ -89.926520699158999, 29.990596887765001 ], [ -89.926680078637006, 29.990337175219999 ], [ -89.926839730281998, 29.990058102489002 ], [ -89.926965334566006, 29.989827076204001 ], [ -89.927146543451002, 29.989596642927001 ], [ -89.927372231801002, 29.989366684503999 ], [ -89.927732872731994, 29.989031666845001 ], [ -89.927984326602001, 29.988814889915002 ], [ -89.928313259278994, 29.988624760663999 ], [ -89.928730432755003, 29.988487210858999 ], [ -89.929072373069999, 29.988426311449999 ], [ -89.929473081363, 29.988404766456998 ], [ -89.929829122795994, 29.988395654089 ], [ -89.930140501671005, 29.98839897385 ], [ -89.930496544058002, 29.988389859687 ], [ -89.930941371922998, 29.988394599730999 ], [ -89.931223818839996, 29.988345970981999 ], [ -89.931536285983, 29.988271843844998 ], [ -89.931849477084995, 29.988146084179998 ], [ -89.932103539642, 29.988006786044998 ], [ -89.932327040537999, 29.987931708127 ], [ -89.932550720289001, 29.987843722537001 ], [ -89.932937865701007, 29.987731659211999 ], [ -89.933176010333995, 29.987669645758 ], [ -89.933443627949003, 29.987620853627 ], [ -89.933712514118994, 29.987481710968002 ], [ -89.933907442749998, 29.987328869582001 ], [ -89.934132569268996, 29.987137622231 ], [ -89.934371075868, 29.987049792086999 ], [ -89.934623502117006, 29.987026655411999 ], [ -89.935115700409995, 29.986825334037 ], [ -89.935383857472004, 29.986737817937001 ], [ -89.935608618108006, 29.986572381693001 ], [ -89.935789438366996, 29.986367752751999 ], [ -89.936032098314996, 29.985983046796001 ], [ -89.936243476512999, 29.985714194743 ], [ -89.936528262996006, 29.985497756369998 ], [ -89.936811604601004, 29.985384579238001 ], [ -89.937138887283993, 29.985310594299001 ], [ -89.937659277787006, 29.985212838824999 ], [ -89.938239519372999, 29.985076984490998 ], [ -89.938657025248006, 29.984913589493001 ], [ -89.939045412295002, 29.984711153534999 ], [ -89.939331364503005, 29.984446400446998 ], [ -89.939530786294, 29.984214976644001 ], [ -89.939604650147999, 29.983955422158999 ], [ -89.939653462487001, 29.983646113811002 ], [ -89.939598666722006, 29.983322799174001 ], [ -89.939528677857993, 29.983025142001999 ], [ -89.939356890189998, 29.982584403691 ], [ -89.939272980134007, 29.982222052903001 ], [ -89.939188168716001, 29.981924238489 ], [ -89.939177312151998, 29.981640116579001 ], [ -89.939210030460004, 29.981421004024 ], [ -89.939256495690998, 29.981279492266001 ], [ -89.939348882543996, 29.981035192347999 ], [ -89.939574345113002, 29.980818120932 ], [ -89.939798001483993, 29.980730122924999 ], [ -89.940034504617003, 29.980784266257999 ], [ -89.940315665900997, 29.980825969015001 ], [ -89.940788849542002, 29.980921341546999 ], [ -89.941113769609998, 29.981015145061999 ], [ -89.941439592869997, 29.981044411328 ], [ -89.941750768111007, 29.981060609107001 ], [ -89.942076049576002, 29.981128595657001 ], [ -89.942226733376998, 29.981144784737001 ], [ -89.942232761228993, 29.981145432192999 ], [ -89.942342566392995, 29.981157230969 ], [ -89.942771813465001, 29.981213404397 ], [ -89.943156223469003, 29.981294920340002 ], [ -89.943629412036998, 29.981390283555999 ], [ -89.943924864493994, 29.981470859748999 ], [ -89.944412163123005, 29.981618005853999 ], [ -89.944929117974993, 29.981765462974 ], [ -89.945254224308002, 29.981846348057999 ], [ -89.945505376777007, 29.981913542470998 ], [ -89.945831205294994, 29.981942797872001 ], [ -89.946083255907993, 29.981945454691999 ], [ -89.946396229344998, 29.981832567599 ], [ -89.946784231904005, 29.981655926043 ], [ -89.947216355430001, 29.981505564586001 ], [ -89.947634008918001, 29.981329231 ], [ -89.947976990761006, 29.981190838631001 ], [ -89.948453409020004, 29.981053847649001 ], [ -89.948854800038006, 29.980980617126001 ], [ -89.949122392038007, 29.980931793071999 ], [ -89.949553611561996, 29.980845961330001 ], [ -89.949805482556002, 29.980861518348998 ], [ -89.950099684519998, 29.981032432715999 ], [ -89.950320112968001, 29.981176751963002 ], [ -89.95055608509, 29.981269596489 ], [ -89.950837252102005, 29.981311279473999 ], [ -89.951089481154995, 29.981301018509999 ], [ -89.951342065711998, 29.981264943328998 ], [ -89.951669860422001, 29.981152201198 ], [ -89.951997831078998, 29.981026549113999 ], [ -89.952355097047999, 29.980927021965002 ], [ -89.952667701845996, 29.980839935453002 ], [ -89.952920108108998, 29.980816765475002 ], [ -89.953231464089995, 29.980820030617998 ], [ -89.953585692001994, 29.980939927999 ], [ -89.953866502363994, 29.981007419135 ], [ -89.954189828926999, 29.981217357066999 ], [ -89.954423131487999, 29.981503807054999 ], [ -89.954641780141003, 29.981777194831 ], [ -89.954816132242996, 29.982037208207 ], [ -89.955034250167998, 29.982349318162001 ], [ -89.955237188409995, 29.982687085340999 ], [ -89.955366171446002, 29.983011169670998 ], [ -89.955436026152, 29.983321725696001 ], [ -89.955519993745995, 29.983684067900001 ], [ -89.955588960070003, 29.984059162175001 ], [ -89.955642205695995, 29.984498636801 ], [ -89.955682765207996, 29.984783065824999 ], [ -89.955678308459994, 29.985105755686 ], [ -89.955733337666004, 29.985416155355999 ], [ -89.955773539201999, 29.985726400705001 ], [ -89.955814457125001, 29.985985015038999 ], [ -89.955900925790999, 29.986166652826999 ], [ -89.956076178909996, 29.986362126936999 ], [ -89.956354511681994, 29.986610314959002 ], [ -89.956589966771006, 29.986741871393999 ], [ -89.956767004613994, 29.986808268838999 ], [ -89.957048367924997, 29.986837031217998 ], [ -89.957360096887996, 29.986814470157999 ], [ -89.957657176561995, 29.986778848798 ], [ -89.957896018585998, 29.986665161426 ], [ -89.958091086495003, 29.986499378710999 ], [ -89.958302048437005, 29.986256303145002 ], [ -89.958467284983001, 29.986103118307 ], [ -89.958676822106, 29.985963302392999 ], [ -89.958960851284004, 29.985798447459 ], [ -89.959228807900999, 29.985723789188999 ], [ -89.959467110191, 29.985648821757 ], [ -89.959764008964001, 29.985626101152 ], [ -89.960030720575006, 29.985641793319001 ], [ -89.960371389418, 29.985671164669 ], [ -89.960710461936998, 29.985816704565998 ], [ -89.960930383529004, 29.985999728776999 ], [ -89.961311275949996, 29.986339343261999 ], [ -89.961720404229993, 29.986782525921001 ], [ -89.962437363418999, 29.987487101342001 ], [ -89.962789321534004, 29.987774769773999 ], [ -89.963390513830007, 29.988271583319001 ], [ -89.964005827650993, 29.988820177537001 ], [ -89.964328492236007, 29.989081721361998 ], [ -89.964592734085997, 29.989278109316 ], [ -89.964842682818997, 29.989435617965999 ], [ -89.965093160362997, 29.989554406882998 ], [ -89.965329695045, 29.98960850376 ], [ -89.965596772186998, 29.989598368216999 ], [ -89.965863848200996, 29.989588234827 ], [ -89.966027306193993, 29.989564113650001 ], [ -89.966369586363001, 29.989477303703001 ], [ -89.966576819183004, 29.989505273932998 ], [ -89.966783700491007, 29.989559060285998 ], [ -89.966974515727003, 29.989703044475998 ], [ -89.967253592033003, 29.989899580984002 ], [ -89.967738669975006, 29.990214436506999 ], [ -89.968018103600002, 29.990385157668999 ], [ -89.968312717128001, 29.990530214646 ], [ -89.968607333560001, 29.990675272787001 ], [ -89.968975912993002, 29.990834006044 ], [ -89.969300889788002, 29.990927738915001 ], [ -89.969669473330001, 29.991086470245001 ], [ -89.969993570498005, 29.991244738879001 ], [ -89.970316966246003, 29.9914546378 ], [ -89.970566747912997, 29.991625044593 ], [ -89.970934101904007, 29.991874124456999 ], [ -89.971123693598003, 29.992108453770999 ], [ -89.971268628073005, 29.992355230754999 ], [ -89.971279931820007, 29.992613534052001 ], [ -89.97121744479, 29.992845257323999 ], [ -89.971169611381995, 29.993090038626999 ], [ -89.971151257670002, 29.99334803591 ], [ -89.971207397217995, 29.993580983966002 ], [ -89.971264067909999, 29.993775209180001 ], [ -89.971380580382998, 29.993931328826999 ], [ -89.971541577958007, 29.994087904968001 ], [ -89.971791370385006, 29.994258309391999 ], [ -89.972012387937994, 29.994363871000999 ], [ -89.972263239731006, 29.994456829773998 ], [ -89.972469781144, 29.994536419955999 ], [ -89.972691679429005, 29.994577442055 ], [ -89.973017909383998, 29.994580813677999 ], [ -89.973285174002001, 29.994557757027 ], [ -89.973581567194998, 29.994573728110002 ], [ -89.973893495604997, 29.994538222447002 ], [ -89.974131631011005, 29.994476134965002 ], [ -89.974385120953997, 29.994375478182999 ], [ -89.974608780124001, 29.994287420336001 ], [ -89.974848321951995, 29.994122072155001 ], [ -89.975102692248996, 29.993956875643001 ], [ -89.975327928381006, 29.993752651605 ], [ -89.975553342446005, 29.993535517184 ], [ -89.975809464793997, 29.993241244301 ], [ -89.976020225236994, 29.993011050642 ], [ -89.976292401158005, 29.992626577549999 ], [ -89.976638894532002, 29.992229958943 ], [ -89.976805337505994, 29.991986398131999 ], [ -89.976986437229002, 29.991755896362999 ], [ -89.977226667897, 29.991538913570999 ], [ -89.977615882734995, 29.991271828338 ], [ -89.978020274076997, 29.99097907726 ], [ -89.978349295914001, 29.990775914852001 ], [ -89.978589346969997, 29.990571837779999 ], [ -89.978918542608994, 29.990355766621001 ], [ -89.979143589654996, 29.990164441488002 ], [ -89.979443300612004, 29.989935157466 ], [ -89.979608334592001, 29.989794851688998 ], [ -89.979714581197001, 29.989615213787999 ], [ -89.979836705870994, 29.989358283382 ], [ -89.979931234196002, 29.989232289697 ], [ -89.980004715511001, 29.988998550677 ], [ -89.980097010745993, 29.988754222461999 ], [ -89.980279670762002, 29.988407547337001 ], [ -89.980401964454003, 29.988137709899 ], [ -89.980509259276005, 29.987880625519001 ], [ -89.980690164831003, 29.987663026718 ], [ -89.980989164722004, 29.987485369331001 ], [ -89.981377129078993, 29.98730862236 ], [ -89.981720084640003, 29.987170143095 ], [ -89.982049911581001, 29.987063582655001 ], [ -89.982107347037996, 29.987045026015998 ], [ -89.982072699788006, 29.986635819484999 ], [ -89.982132841102995, 29.986257817988001 ], [ -89.982225651017004, 29.985974766142999 ], [ -89.982322849970998, 29.985683195288999 ], [ -89.982366262918006, 29.985446927696 ], [ -89.982355456779999, 29.985149901261 ], [ -89.982835661256999, 29.985043058862999 ], [ -89.983432528121995, 29.984765203127001 ], [ -89.984092184153994, 29.984229831832 ], [ -89.984998114481996, 29.983025760322001 ], [ -89.987214862008997, 29.979176044774999 ], [ -89.987250781650999, 29.978711720972001 ], [ -89.987226008201006, 29.978350044119999 ], [ -89.987704575362002, 29.978045145523001 ], [ -89.988330687277994, 29.977793386043999 ], [ -89.988753776471, 29.977203939953 ], [ -89.989073455934999, 29.976573076775999 ], [ -89.993893627331005, 29.971912503586001 ], [ -89.998695388656998, 29.973683232530998 ], [ -89.998756475120999, 29.973705757282001 ], [ -89.998744130858, 29.973731549621 ], [ -89.999864594930003, 29.974139420754 ], [ -90.000740593583998, 29.974453420121002 ], [ -90.00164059507, 29.974782420577998 ], [ -90.002625594565004, 29.975139420582 ], [ -90.003178594432001, 29.975336420956001 ], [ -90.003696595462003, 29.975521420300002 ], [ -90.003863596241999, 29.975582420948999 ], [ -90.004758596341006, 29.975900420576998 ], [ -90.005806595549004, 29.976300421053001 ], [ -90.006865595582994, 29.976666420524001 ], [ -90.007534597143007, 29.976919420775001 ], [ -90.007711596972001, 29.976975421405999 ], [ -90.007887596024005, 29.977026421481 ], [ -90.008156597237999, 29.977094421076998 ], [ -90.008605595093996, 29.977194421499 ], [ -90.0094275955, 29.977374420451 ], [ -90.010404597008005, 29.977606421448002 ], [ -90.010529597249999, 29.977636421092999 ], [ -90.011461596084004, 29.977855420872 ], [ -90.012385597594999, 29.978057421433 ], [ -90.013067597396002, 29.978211420973 ], [ -90.014152598517001, 29.978451420841001 ], [ -90.014993599356004, 29.978643421514001 ], [ -90.015867597937998, 29.978837421622 ], [ -90.016750599218, 29.979049421517999 ], [ -90.017659599040996, 29.979247421012001 ], [ -90.018620600367001, 29.979467421134 ], [ -90.019490598293999, 29.979672421095 ], [ -90.019664600577997, 29.979713421141 ], [ -90.019740598707003, 29.979728421345001 ], [ -90.020275599835003, 29.979856421463001 ], [ -90.020439599358994, 29.979902420986999 ], [ -90.020562599119998, 29.979949420655998 ], [ -90.020997599219996, 29.980554421330002 ], [ -90.021703600869003, 29.980724421226999 ], [ -90.021640600360996, 29.980900420948998 ], [ -90.021616600780007, 29.980969421527998 ], [ -90.021606600233994, 29.980999421122998 ], [ -90.021583600054996, 29.981066421489 ], [ -90.021506600188005, 29.981420421309 ], [ -90.021412600904995, 29.981828421452001 ], [ -90.021163600535999, 29.983125421255998 ], [ -90.020833600391001, 29.984170422367999 ], [ -90.020815599233998, 29.984226421934 ], [ -90.020276599968994, 29.98590742216 ], [ -90.021276600882004, 29.989907423742 ], [ -90.022151599954, 29.992773424081001 ], [ -90.022372600362004, 29.993496423619 ], [ -90.024286600924995, 29.999759425345999 ], [ -90.025092601660006, 30.002398425913999 ], [ -90.025348602676004, 30.003233426232999 ], [ -90.025829602108999, 30.004520426406 ], [ -90.025832602297001, 30.004532426028 ], [ -90.025839602016006, 30.004559426071999 ], [ -90.025868602116006, 30.004624426201001 ], [ -90.025881602721995, 30.004648426393 ], [ -90.025883602774996, 30.004652425972001 ], [ -90.025894602920005, 30.004685425843 ], [ -90.025917602869995, 30.004752427052999 ], [ -90.026103602912997, 30.005360426029998 ], [ -90.026971603790003, 30.008185426581999 ], [ -90.027012603279005, 30.008320427289998 ], [ -90.026511602613994, 30.008456426997 ], [ -90.024338603082001, 30.008959427611 ], [ -90.024192602512002, 30.009003427302002 ], [ -90.020891601184999, 30.009842427298 ], [ -90.020460601142005, 30.009983427163998 ], [ -90.020177601469996, 30.010056427824999 ], [ -90.01995659984, 30.010097427320002 ], [ -90.019581600110996, 30.010152427984 ], [ -90.019301600169001, 30.010186427343999 ], [ -90.017600599936998, 30.010362427968001 ], [ -90.015305599304995, 30.010615428344 ], [ -90.014485599693998, 30.010703428334001 ], [ -90.014419599793996, 30.010711427648001 ], [ -90.013344598371006, 30.010834428134 ], [ -90.013172599715006, 30.010857428184 ], [ -90.012876598809001, 30.010888427703001 ], [ -90.012814598695002, 30.010894428202 ], [ -90.012290599449003, 30.010953428038 ], [ -90.012048599069999, 30.010973428054001 ], [ -90.010925599277996, 30.011075427666 ], [ -90.010685598948996, 30.01110942887 ], [ -90.009762598117007, 30.011214428195998 ], [ -90.008860598135996, 30.011307427925001 ], [ -90.008249597833995, 30.011371428913002 ], [ -90.007189597492001, 30.011483428365999 ], [ -90.005868597692995, 30.011618428394002 ], [ -90.004281596154996, 30.011795428389998 ], [ -90.002866596447006, 30.011952429160001 ], [ -90.002496596325003, 30.011992428709998 ], [ -90.002202596600995, 30.012024428701 ], [ -90.001609595689004, 30.012089429027 ], [ -90.000642595848007, 30.012194428396999 ], [ -89.999511596594004, 30.012321429265 ], [ -89.999049594756997, 30.012386428799999 ], [ -89.998658594595, 30.012453428562999 ], [ -89.997234594651005, 30.012711429098001 ], [ -89.996979593606994, 30.012757428720001 ], [ -89.995850594602999, 30.012956428886 ], [ -89.994454593946003, 30.01320142929 ], [ -89.993526594844994, 30.013364429083001 ], [ -89.993018594459997, 30.013450429589 ], [ -89.991997593242004, 30.013630429787 ], [ -89.990968593106999, 30.013808429630998 ], [ -89.990105593335002, 30.013962429601001 ], [ -89.989253593452005, 30.014111429623998 ], [ -89.988871592693997, 30.014186429205999 ], [ -89.988233592081002, 30.014300429628001 ], [ -89.987888593511002, 30.014358429291001 ], [ -89.986110590891002, 30.014657429899 ], [ -89.984690590322998, 30.014912429277 ], [ -89.984645591063, 30.014920430332001 ], [ -89.983906591361006, 30.015055430217 ], [ -89.983468590995997, 30.015137429778999 ], [ -89.983021592089997, 30.015220430006 ], [ -89.982512590249996, 30.015315430118999 ], [ -89.981771591172006, 30.015447430131999 ], [ -89.981029590191, 30.015560430118999 ], [ -89.980454589782994, 30.015664430754001 ], [ -89.980208589624993, 30.015708430730001 ], [ -89.979860591291995, 30.015777430006001 ], [ -89.978788590720001, 30.015988430638 ], [ -89.978639589097, 30.016020430769 ], [ -89.978516590354005, 30.016046429618999 ], [ -89.977827590562995, 30.016192429995002 ], [ -89.976929589785001, 30.016397430484002 ], [ -89.976439589194996, 30.016511430670999 ], [ -89.975532588818993, 30.016746430880001 ], [ -89.975064588522997, 30.016861430573002 ], [ -89.972900588759998, 30.017391430579 ], [ -89.971081588657, 30.017837430861 ], [ -89.970507587669999, 30.017989431450001 ], [ -89.970126587764994, 30.018080431592001 ], [ -89.969858588517994, 30.018144430568 ], [ -89.969385586561998, 30.018256430659999 ], [ -89.968562586792999, 30.018460431655001 ], [ -89.968128586774, 30.018582431226999 ], [ -89.967947587099999, 30.018625431267999 ], [ -89.967234588118998, 30.018796431537002 ], [ -89.966592586133004, 30.018959431367001 ], [ -89.965887587401994, 30.019138431702 ], [ -89.965163586716002, 30.019328431106 ], [ -89.964454586524994, 30.019484431333002 ], [ -89.963774586759996, 30.019656431803998 ], [ -89.963117587046995, 30.019818431442999 ], [ -89.963054586347994, 30.019834431867 ], [ -89.962356586271, 30.020014431772001 ], [ -89.961659585095006, 30.020183432111001 ], [ -89.961007584567994, 30.020339432033001 ], [ -89.960172584440997, 30.020553432048999 ], [ -89.959791585486997, 30.020648431815999 ], [ -89.959271584367002, 30.020780432108001 ], [ -89.959207585038001, 30.020796432009 ], [ -89.959046585997001, 30.020833432096001 ], [ -89.958022585598997, 30.021083432339999 ], [ -89.957863585694994, 30.021123431932999 ], [ -89.957419584289994, 30.021236432045999 ], [ -89.957181585116004, 30.021297432023001 ], [ -89.956119584362, 30.021558431787 ], [ -89.955736583445997, 30.021654432001 ], [ -89.955480584138002, 30.021716432441998 ], [ -89.955422584184006, 30.021730432599998 ], [ -89.954410583636999, 30.021986431967999 ], [ -89.953317583238004, 30.022287432325001 ], [ -89.952303583611993, 30.022591432957 ], [ -89.952111582097999, 30.022649432666999 ], [ -89.951668583992998, 30.022790432842999 ], [ -89.951190582964998, 30.022942432223999 ], [ -89.950560582704995, 30.023151432677 ], [ -89.950105582776999, 30.02331443329 ], [ -89.950062582360005, 30.023329432253998 ], [ -89.949291582458997, 30.023601433149 ], [ -89.947664582870999, 30.024157433439999 ], [ -89.947546582293995, 30.024199432801002 ], [ -89.947405581531996, 30.024249432746998 ], [ -89.947073582130002, 30.024368432793999 ], [ -89.946771581953996, 30.024476433042 ], [ -89.945158581339001, 30.025052433344001 ], [ -89.943202580700003, 30.025737434128001 ], [ -89.942004579810003, 30.026156433499999 ], [ -89.941200579026003, 30.026435433347 ], [ -89.940182580382, 30.026788434455 ], [ -89.939622579694003, 30.027001434700999 ], [ -89.939285580003002, 30.027119433936999 ], [ -89.936320578307999, 30.028159434161999 ], [ -89.936207579251999, 30.028199434748998 ], [ -89.934127578984999, 30.028928434981999 ], [ -89.933518578307002, 30.029141434648 ], [ -89.933451578138005, 30.029164434826999 ], [ -89.932119578230996, 30.029631434755998 ], [ -89.931352576616007, 30.029900435359998 ], [ -89.930905576797002, 30.030057434703 ], [ -89.930842577313001, 30.030079434996999 ], [ -89.930732578264994, 30.030118435231 ], [ -89.930494577667005, 30.030201435079999 ], [ -89.929065577711, 30.030702435251001 ], [ -89.928907578142997, 30.030757435620998 ], [ -89.927815575585996, 30.031140434996001 ], [ -89.927646577722996, 30.031201435404 ], [ -89.927453577159, 30.031271435330002 ], [ -89.927330575842007, 30.031315435743 ], [ -89.926909575872997, 30.031467434702002 ], [ -89.926703577710001, 30.031542435631 ], [ -89.926459575885005, 30.031630435577 ], [ -89.926141576663994, 30.031745434876001 ], [ -89.924723575894006, 30.032216435357999 ], [ -89.924297576629002, 30.032358436283001 ], [ -89.924031575317002, 30.032445435787999 ], [ -89.923156575012001, 30.032732436248999 ], [ -89.922697575811, 30.032883435687001 ], [ -89.921871574121994, 30.033143435389999 ], [ -89.921790575331002, 30.033169435641 ], [ -89.921041575562001, 30.03340543605 ], [ -89.920008574931003, 30.033730436479001 ], [ -89.919941575397999, 30.033752435581 ], [ -89.919722573811001, 30.03382243571 ], [ -89.919268574002999, 30.033968436180999 ], [ -89.918908575661007, 30.034083436309999 ], [ -89.918775574833006, 30.034126436299001 ], [ -89.917298574260002, 30.034600436304999 ], [ -89.915586573287001, 30.035146436979002 ], [ -89.914894573896007, 30.035363436983999 ], [ -89.914677573096995, 30.035431436551999 ], [ -89.914298572475005, 30.035550437392001 ], [ -89.914089572104004, 30.035615436575 ], [ -89.913441574020993, 30.035828436247002 ], [ -89.913207572885, 30.035905436632 ], [ -89.913130572892001, 30.03593043715 ], [ -89.912921574083001, 30.035999436807 ], [ -89.912507573523001, 30.036135436508001 ], [ -89.912041573153004, 30.036288437458001 ], [ -89.911862573388007, 30.036347436778001 ], [ -89.911611572300998, 30.036429436877999 ], [ -89.911529572598994, 30.036455437198001 ], [ -89.911428572473, 30.036488437540001 ], [ -89.910666572823004, 30.036732436662 ], [ -89.909799571709001, 30.037009437782 ], [ -89.908488571757999, 30.037428436808 ], [ -89.908407571642002, 30.037452437645999 ], [ -89.907911571987, 30.037597437736 ], [ -89.907097572474996, 30.037864437844998 ], [ -89.906239571067005, 30.038142437042001 ], [ -89.905459570274999, 30.038389437557999 ], [ -89.902381570322007, 30.039371437979 ], [ -89.900864568866993, 30.039849437943001 ], [ -89.899976570207002, 30.040154438649999 ], [ -89.899089569926005, 30.040507438528 ], [ -89.898441570131993, 30.040786438072001 ], [ -89.897851568508997, 30.041067438028001 ], [ -89.897509568158995, 30.041246438049999 ], [ -89.897442570180004, 30.041271438359001 ], [ -89.897394567687996, 30.041284438544 ], [ -89.897311568478003, 30.041289438669001 ], [ -89.896561568577994, 30.041713438736 ], [ -89.896009567448999, 30.042074439103999 ], [ -89.894924568923003, 30.042842438733999 ], [ -89.893963567474003, 30.043542439166 ], [ -89.893208568483999, 30.044092439111001 ], [ -89.891830567235999, 30.045099439684002 ], [ -89.890646567640999, 30.045966439705001 ], [ -89.889622568055003, 30.046628440241001 ], [ -89.888840566667994, 30.047094440060999 ], [ -89.887905566656997, 30.047645440042 ], [ -89.887808567267996, 30.047704440688001 ], [ -89.887185566937006, 30.048077440478998 ], [ -89.886710567136006, 30.048357440497998 ], [ -89.883625566117004, 30.050192441257 ], [ -89.880460565834994, 30.052075441351999 ], [ -89.880395565377, 30.052113441835999 ], [ -89.880283565105998, 30.05218044123 ], [ -89.880172564627003, 30.052244441713999 ], [ -89.880022565828995, 30.052331441877001 ], [ -89.879745565497004, 30.05249144203 ], [ -89.879162564997998, 30.052828441494 ], [ -89.878190564804001, 30.053406442151999 ], [ -89.874537563247003, 30.055585442363 ], [ -89.873955562917004, 30.055947441764001 ], [ -89.873155563569, 30.056458442907001 ], [ -89.872203563192002, 30.057138442951999 ], [ -89.871415562329005, 30.057724442988999 ], [ -89.870608562450997, 30.058336442641998 ], [ -89.869786561940003, 30.058955443475998 ], [ -89.868958561870997, 30.059577442828001 ], [ -89.868117562107997, 30.060224443953999 ], [ -89.867727561400997, 30.060553443991999 ], [ -89.867426561447999, 30.060831443135001 ], [ -89.866994562464001, 30.061268443606 ], [ -89.866764562224006, 30.061524443903998 ], [ -89.866355562346996, 30.062027444011999 ], [ -89.866167560708007, 30.062275444438999 ], [ -89.865878560707998, 30.062689444473001 ], [ -89.865698561317004, 30.062976443939 ], [ -89.865445559886993, 30.063425444688999 ], [ -89.865288561636007, 30.063723444575999 ], [ -89.865098562067999, 30.064112444578999 ], [ -89.864947561581005, 30.064457444102999 ], [ -89.864713561285996, 30.065005445099001 ], [ -89.864582561039001, 30.065483445009999 ], [ -89.864433560793003, 30.066110445220001 ], [ -89.864364560710001, 30.066540445443 ], [ -89.864301561600996, 30.067061444844001 ], [ -89.864229560175005, 30.067815445223999 ], [ -89.864160561974998, 30.068577445675 ], [ -89.864099561887002, 30.069346445392998 ], [ -89.864031560933995, 30.070111445812 ], [ -89.863988559974999, 30.070643445881 ], [ -89.863953561547007, 30.070931446467998 ], [ -89.863898560511998, 30.071218446197999 ], [ -89.863841560691995, 30.071447446236 ], [ -89.863722560509999, 30.071793446131998 ], [ -89.863547561074, 30.072223445898999 ], [ -89.863413561152996, 30.072505446211 ], [ -89.863165559945003, 30.072947446183001 ], [ -89.862841561189001, 30.073423446983998 ], [ -89.862633560930007, 30.073695446595 ], [ -89.862366560433998, 30.073984446484001 ], [ -89.862002561238, 30.074340446703001 ], [ -89.861744560912001, 30.074597446291001 ], [ -89.861547560164993, 30.074769446516999 ], [ -89.861208560346, 30.075039447125999 ], [ -89.860881560408998, 30.075266447145001 ], [ -89.860362560799999, 30.075580447450001 ], [ -89.859990559278003, 30.075771447472 ], [ -89.859640559081001, 30.075934447325999 ], [ -89.859311560354996, 30.076066446908001 ], [ -89.858899559380006, 30.076210447548 ], [ -89.858512560601, 30.076333447684998 ], [ -89.858089558808999, 30.076441447259 ], [ -89.857592560336002, 30.076537447917001 ], [ -89.857164560000996, 30.076597447609 ], [ -89.856748559899998, 30.076638447703001 ], [ -89.856555559154003, 30.075655447475 ], [ -89.856235559614007, 30.075054446818999 ], [ -89.855918559562994, 30.074835446653999 ], [ -89.855330558597998, 30.074802447490001 ], [ -89.852896557240996, 30.074898447111 ], [ -89.849484557845003, 30.074977447980999 ], [ -89.848432557652998, 30.074928447312999 ], [ -89.847387555672, 30.074830447467001 ], [ -89.846257556946995, 30.075082447355001 ], [ -89.844814555854995, 30.074470447879001 ], [ -89.843608554221007, 30.073133446484 ], [ -89.841937555518996, 30.071510447394999 ], [ -89.840329555186997, 30.070108446532998 ], [ -89.837997553460994, 30.067855445603001 ], [ -89.835162553092999, 30.065057445672 ], [ -89.83470455362, 30.064577445681 ], [ -89.834490552564006, 30.064290445059001 ], [ -89.834364552886001, 30.064057445479001 ], [ -89.834287552858001, 30.063653446061998 ], [ -89.834214552841999, 30.062986445383 ], [ -89.834036553051007, 30.062072444485999 ], [ -89.833775551542999, 30.060492445022 ], [ -89.833316551476997, 30.058194444199 ], [ -89.833281551870002, 30.058017443718999 ], [ -89.833077551632002, 30.056998444434001 ], [ -89.832773552682994, 30.055510443437001 ], [ -89.832441552099993, 30.053774443719998 ], [ -89.830708550986998, 30.044954441578 ], [ -89.830492551112997, 30.043857440770001 ], [ -89.830097550787997, 30.042887440857001 ], [ -89.829750550816001, 30.043004441066 ], [ -89.823739548215997, 30.045538441533001 ], [ -89.823349550030002, 30.045682441432 ], [ -89.822679549762995, 30.04601544186 ], [ -89.821959548099997, 30.046201441642999 ], [ -89.821100548944003, 30.046108441851999 ], [ -89.820578548715005, 30.045829442201999 ], [ -89.820532547007005, 30.045085441476999 ], [ -89.820548549210997, 30.044222440999 ], [ -89.820467231226999, 30.043413039733 ] ] ] ] } },
{ "type": "Feature", "properties": { "objectid": "29", "gnocdc_lab": "GENTILLY WOODS", "shape_starea": "20628350.913125165", "shape_stlength": "18847.990778485855" }, "geometry": { "type": "MultiPolygon", "coordinates": [ [ [ [ -90.027012603279005, 30.008320427289998 ], [ -90.027537603216004, 30.008190427132 ], [ -90.028246603366995, 30.008034427098 ], [ -90.029578604121994, 30.007742427059998 ], [ -90.029783603859997, 30.007685426228001 ], [ -90.029917603643, 30.007653426556999 ], [ -90.031039603042004, 30.007387426946998 ], [ -90.031661604053994, 30.007203427139 ], [ -90.031940604276997, 30.007106426375 ], [ -90.032345604916003, 30.006959426563 ], [ -90.032960604481005, 30.006725425976001 ], [ -90.034180605618005, 30.006261426314001 ], [ -90.035755605758993, 30.005641425909001 ], [ -90.036389605899998, 30.005392425785001 ], [ -90.038155605724, 30.004719425802001 ], [ -90.040021605090999, 30.004009425437999 ], [ -90.040118605968004, 30.003972425364001 ], [ -90.041300607625004, 30.003511425283001 ], [ -90.041502606223006, 30.003432425749999 ], [ -90.041559605922004, 30.003411425509999 ], [ -90.041865606938998, 30.003299424813001 ], [ -90.042292606944002, 30.003168425510001 ], [ -90.042615606290994, 30.003079425972999 ], [ -90.042972606540005, 30.003004425804001 ], [ -90.043244607953, 30.002954425135002 ], [ -90.043569607292994, 30.002903425599001 ], [ -90.043962606983001, 30.002849425543001 ], [ -90.044137606042995, 30.002832425447998 ], [ -90.044349607667002, 30.002816425294 ], [ -90.044452607010996, 30.002808425026998 ], [ -90.045167607324004, 30.002765425540002 ], [ -90.045408608556002, 30.002757425062999 ], [ -90.045493608217001, 30.002756425078999 ], [ -90.045867607950996, 30.002741425187001 ], [ -90.045978607630005, 30.003813425036 ], [ -90.046030607841999, 30.004675426273 ], [ -90.046092608207999, 30.005486425914 ], [ -90.046223608519, 30.007225425847999 ], [ -90.046376607598006, 30.008985426496999 ], [ -90.046509607703001, 30.010769426779 ], [ -90.046677608139007, 30.012517427814 ], [ -90.046710609323, 30.012898427718 ], [ -90.046598607906006, 30.013176427541001 ], [ -90.046514609056004, 30.013271428018999 ], [ -90.046438608573993, 30.013325427537001 ], [ -90.046366607571997, 30.013359426845 ], [ -90.046262608229, 30.013392427627998 ], [ -90.044534608320006, 30.013841428233 ], [ -90.044251607926, 30.013888427946 ], [ -90.043992606874994, 30.013914427366 ], [ -90.043665608168993, 30.013938427662001 ], [ -90.043205607234995, 30.013933427537001 ], [ -90.042804607174006, 30.013924428056999 ], [ -90.042639607970003, 30.013929427573999 ], [ -90.042304607324994, 30.013976427610999 ], [ -90.041888607749996, 30.014053427894002 ], [ -90.041516606935005, 30.014135427426002 ], [ -90.038881605886004, 30.014722427694998 ], [ -90.037776606660998, 30.014966428238999 ], [ -90.034765605524001, 30.015623428196001 ], [ -90.033374604634005, 30.015946428726998 ], [ -90.033160604735002, 30.015977428186002 ], [ -90.032987605260999, 30.015975428320001 ], [ -90.032797603994993, 30.015948428403 ], [ -90.032476604950006, 30.015906428344 ], [ -90.032208604036001, 30.015952429001999 ], [ -90.031711604866004, 30.016070428382999 ], [ -90.030309603215002, 30.016403428911001 ], [ -90.030088604211002, 30.016464428841999 ], [ -90.029576603861003, 30.016606428753001 ], [ -90.028350602941003, 30.012644427878001 ], [ -90.027114603360005, 30.008652426783001 ], [ -90.027054602972996, 30.008457427309999 ], [ -90.027012603279005, 30.008320427289998 ] ] ] ] } },
{ "type": "Feature", "properties": { "objectid": "50", "gnocdc_lab": "NAVARRE", "shape_starea": "18304856.357932467", "shape_stlength": "17584.963428317784" }, "geometry": { "type": "MultiPolygon", "coordinates": [ [ [ [ -90.101654621129001, 29.993229420654 ], [ -90.101814622706996, 29.991773421162002 ], [ -90.101856622948006, 29.99141442086 ], [ -90.101859622394002, 29.99137942111 ], [ -90.101889621582004, 29.991127421036001 ], [ -90.101911623575006, 29.990878420902 ], [ -90.101922622635996, 29.990778420613999 ], [ -90.101954621966996, 29.990471419995998 ], [ -90.101983622847001, 29.990200420592 ], [ -90.102117621456998, 29.989170420335999 ], [ -90.102400622274004, 29.986878419644999 ], [ -90.102454622406, 29.98643742 ], [ -90.102558622575998, 29.985595420138999 ], [ -90.102739622618003, 29.984126419471998 ], [ -90.103844622088999, 29.984114418571 ], [ -90.103898622586001, 29.984100418863999 ], [ -90.105091623495994, 29.983796418945001 ], [ -90.105394622226001, 29.983707418847001 ], [ -90.105832623430004, 29.98361541956 ], [ -90.106223623215996, 29.983518419008998 ], [ -90.107433624061002, 29.983214418416999 ], [ -90.108726623920006, 29.982820419166 ], [ -90.110416625200997, 29.98226841848 ], [ -90.111032624996, 29.982069418334 ], [ -90.111291624797005, 29.981965418045998 ], [ -90.111563623533996, 29.981874418924001 ], [ -90.112100624465, 29.981694418368999 ], [ -90.112837624248002, 29.981446418598001 ], [ -90.113397626001998, 29.981258418561001 ], [ -90.113593625443997, 29.981190418499001 ], [ -90.113704625644004, 29.981156418379001 ], [ -90.113954625614994, 29.981730418849999 ], [ -90.114190625827007, 29.982380418485 ], [ -90.114384625552006, 29.982914418096001 ], [ -90.115175625654999, 29.984978418491 ], [ -90.115492625575001, 29.985799419300999 ], [ -90.115652626024996, 29.986270419433001 ], [ -90.116053625833999, 29.987928419117001 ], [ -90.116116627192, 29.988504419464 ], [ -90.116087625396005, 29.989416419887 ], [ -90.116031626551006, 29.990230420454001 ], [ -90.116090626572998, 29.990944420468001 ], [ -90.116142626621993, 29.991324420805999 ], [ -90.116273625176007, 29.991817420086001 ], [ -90.116355626426994, 29.992041420656001 ], [ -90.116511627023002, 29.992422421021001 ], [ -90.116357626406, 29.992802421347001 ], [ -90.116215626404994, 29.993210420935 ], [ -90.116061626225999, 29.993744421569001 ], [ -90.115969625790996, 29.994271421246001 ], [ -90.115955625875998, 29.994708421373002 ], [ -90.115922625303995, 29.995429421231002 ], [ -90.115912626623995, 29.995726422200001 ], [ -90.115606626843999, 29.995745421997 ], [ -90.115148626020996, 29.995773421656001 ], [ -90.114579624840005, 29.995790421677999 ], [ -90.113751626045001, 29.99577442124 ], [ -90.113040624693994, 29.995734422127001 ], [ -90.110386624054996, 29.995477421768999 ], [ -90.109564624517006, 29.995394421213 ], [ -90.109297623543, 29.995367421882001 ], [ -90.109321624838003, 29.995092421216999 ], [ -90.109366624369002, 29.994798421963999 ], [ -90.109462624513995, 29.994170421528999 ], [ -90.109497625111999, 29.993937421228999 ], [ -90.109064625437, 29.993907420892999 ], [ -90.108102624737995, 29.993811421568001 ], [ -90.107266624220998, 29.993728421438 ], [ -90.107028624741005, 29.993706421515 ], [ -90.106371623122001, 29.993646421489998 ], [ -90.106041623582001, 29.993618421379999 ], [ -90.105297622872996, 29.993619421335001 ], [ -90.105211622553, 29.993620420742999 ], [ -90.104917623188001, 29.993622421375999 ], [ -90.104801623743001, 29.993485421190002 ], [ -90.104542623693007, 29.993495420999 ], [ -90.103736623245993, 29.993411420739999 ], [ -90.103044623789003, 29.993326421281999 ], [ -90.102612622322994, 29.993295421978001 ], [ -90.101654621129001, 29.993229420654 ] ] ] ] } },
{ "type": "Feature", "properties": { "objectid": "42", "gnocdc_lab": "LOWER GARDEN DISTRICT", "shape_starea": "30395410.17444", "shape_stlength": "30616.527123402277" }, "geometry": { "type": "MultiPolygon", "coordinates": [ [ [ [ -90.057938033794997, 29.938021204647999 ], [ -90.058021947198, 29.935819669796999 ], [ -90.058156284674993, 29.934338326889002 ], [ -90.058734567174, 29.931981754929001 ], [ -90.059032909918997, 29.931334934531002 ], [ -90.059035754367997, 29.93132876736 ], [ -90.059394394584999, 29.930551207634 ], [ -90.059773091986003, 29.929730152306 ], [ -90.061279056407002, 29.927607531441001 ], [ -90.061496615560003, 29.927300883101001 ], [ -90.061575618364998, 29.927212110288998 ], [ -90.062592135689997, 29.926069882623 ], [ -90.062614522435993, 29.926044726307001 ], [ -90.065338610039007, 29.926747407625999 ], [ -90.066266610363996, 29.926856407864999 ], [ -90.066438610545006, 29.926853408050999 ], [ -90.066468610610002, 29.926852408584001 ], [ -90.066629609575998, 29.926849408132998 ], [ -90.067294609585005, 29.927006407734002 ], [ -90.068124611371999, 29.927743408026998 ], [ -90.068316610847006, 29.927928408391999 ], [ -90.068712610877995, 29.928289408375001 ], [ -90.069068611364003, 29.928616408278 ], [ -90.069875610021001, 29.929335408404 ], [ -90.070177611237995, 29.929652408612998 ], [ -90.070266611042001, 29.929723408920999 ], [ -90.071002611785005, 29.930312408827 ], [ -90.071512611673995, 29.930783408540002 ], [ -90.072104611170005, 29.931241408999 ], [ -90.073065611215995, 29.932185409098 ], [ -90.073380612001998, 29.931096408030001 ], [ -90.073071612663995, 29.930816408359 ], [ -90.073896613016004, 29.930214408533999 ], [ -90.074982612040003, 29.929424407963001 ], [ -90.075989613301005, 29.928810408507999 ], [ -90.075318612361002, 29.928002408287 ], [ -90.074612613018999, 29.927235407992999 ], [ -90.073915612270994, 29.926423407199 ], [ -90.074004611950002, 29.926361408024 ], [ -90.074967612015996, 29.925759408034999 ], [ -90.075888612816996, 29.925152407239 ], [ -90.075211612486001, 29.924360407310999 ], [ -90.076089613072995, 29.923812406688 ], [ -90.076706613126007, 29.924656407375998 ], [ -90.077321612573996, 29.925517407366002 ], [ -90.077953613434005, 29.926352407254999 ], [ -90.078575613492006, 29.927182407606999 ], [ -90.079214613885995, 29.928045408094 ], [ -90.079847614314005, 29.928909408225 ], [ -90.080461614193993, 29.929747408640001 ], [ -90.080994615025006, 29.930425408478001 ], [ -90.081829615426003, 29.931563408588001 ], [ -90.082653614362002, 29.932762408275 ], [ -90.081999614790007, 29.933152408698 ], [ -90.081501614418997, 29.933442409432001 ], [ -90.080602614415, 29.934012409322001 ], [ -90.080528614349006, 29.934059409134999 ], [ -90.079576613442001, 29.934648409862 ], [ -90.078686614256995, 29.935260409167999 ], [ -90.078045614527994, 29.935745409700999 ], [ -90.077508613633995, 29.936194410309 ], [ -90.076824612832993, 29.935612409171998 ], [ -90.076427613369006, 29.935224409496001 ], [ -90.076301612828999, 29.935405409142 ], [ -90.075653612432006, 29.936270409989 ], [ -90.075149613815, 29.936908409794999 ], [ -90.074643612082994, 29.937577409877999 ], [ -90.074583612698007, 29.937660410271999 ], [ -90.074129612272003, 29.938286410317001 ], [ -90.074077613426994, 29.938347410397 ], [ -90.073602613275995, 29.939040410202001 ], [ -90.072725612968995, 29.938508410794999 ], [ -90.072517612452998, 29.938511410545999 ], [ -90.071301612214995, 29.938242410268 ], [ -90.071000612629007, 29.939315410942001 ], [ -90.070666611152006, 29.940284410771 ], [ -90.070628610935998, 29.940396411563999 ], [ -90.070560612151993, 29.940656411287002 ], [ -90.070530611954993, 29.940788410966999 ], [ -90.070485612023006, 29.940986410924999 ], [ -90.070453612674996, 29.941130410896999 ], [ -90.070440612279, 29.941187410779001 ], [ -90.070194611573996, 29.94195141118 ], [ -90.069957611296999, 29.942762411635002 ], [ -90.069638610511007, 29.943817411514999 ], [ -90.069185612379002, 29.945317411767999 ], [ -90.068305611740001, 29.945120412143002 ], [ -90.067457610491005, 29.944941411702999 ], [ -90.066586611616003, 29.944745411900001 ], [ -90.065833610148999, 29.944580412303001 ], [ -90.065239611631, 29.944440412464999 ], [ -90.064536610182998, 29.944274412148001 ], [ -90.064180609356995, 29.944206412296001 ], [ -90.064073610731995, 29.944187411310999 ], [ -90.063571610739999, 29.944089411402 ], [ -90.063023610301997, 29.943956411835 ], [ -90.062829608512004, 29.941144411038 ], [ -90.062777609367998, 29.940309410737999 ], [ -90.062057608353001, 29.939866411122001 ], [ -90.062048609458003, 29.939027411205998 ], [ -90.062043609008001, 29.938593410681001 ], [ -90.062481610488007, 29.938610410734999 ], [ -90.062516610366998, 29.937922410849001 ], [ -90.062018609621006, 29.937929410578999 ], [ -90.060920608456996, 29.937973410458 ], [ -90.057987607260003, 29.938020411267999 ], [ -90.057938033794997, 29.938021204647999 ] ] ] ] } },
{ "type": "Feature", "properties": { "objectid": "11", "gnocdc_lab": "BYWATER", "shape_starea": "37087852.801059909", "shape_stlength": "40031.97814797343" }, "geometry": { "type": "MultiPolygon", "coordinates": [ [ [ [ -90.021876599909007, 29.980677421143 ], [ -90.024147600469007, 29.973709419902001 ], [ -90.024782599711997, 29.971764418707 ], [ -90.025620601076, 29.969086418911001 ], [ -90.025650601096004, 29.969000418697998 ], [ -90.025738601322999, 29.968746418483001 ], [ -90.026531601692, 29.966471418182 ], [ -90.027269600081993, 29.964275417433999 ], [ -90.027376600316998, 29.963908417064999 ], [ -90.027401601790004, 29.963841417415001 ], [ -90.027435601152007, 29.963746417002 ], [ -90.028576600913993, 29.959908416722001 ], [ -90.027861601641007, 29.957387416726 ], [ -90.026676599414003, 29.953208415083001 ], [ -90.032749602010995, 29.955073414861999 ], [ -90.036769603215006, 29.956307415371999 ], [ -90.038076602572005, 29.956708416007 ], [ -90.041576604781994, 29.957508416022002 ], [ -90.041658604830005, 29.957521415510001 ], [ -90.045377605517999, 29.958108415016 ], [ -90.047436605984004, 29.958190415987001 ], [ -90.051906606642007, 29.958369415288001 ], [ -90.052336607702998, 29.958386415443002 ], [ -90.052477607233001, 29.961308415807 ], [ -90.052477607355002, 29.961708416206001 ], [ -90.052474607178993, 29.961876416270002 ], [ -90.052271608534994, 29.962131415715 ], [ -90.052011608176997, 29.962901416729999 ], [ -90.051715607784004, 29.963903416590998 ], [ -90.051377606341006, 29.964908416979 ], [ -90.051105608317002, 29.965824417747001 ], [ -90.051074608223999, 29.965943417342 ], [ -90.050823606647, 29.966780417218999 ], [ -90.050781607792999, 29.966923417082999 ], [ -90.050520607644998, 29.967746417339001 ], [ -90.050456607556995, 29.967941417270001 ], [ -90.050148607386006, 29.968942418347002 ], [ -90.050088607304005, 29.969109417641999 ], [ -90.049685607414006, 29.969017418244 ], [ -90.049159606230006, 29.968896417970001 ], [ -90.048227606645, 29.968677417784001 ], [ -90.047258607150994, 29.968465417874999 ], [ -90.047028605302003, 29.968415417757001 ], [ -90.045956606275993, 29.968177417817 ], [ -90.045034607049999, 29.967965418195 ], [ -90.044187605561007, 29.967761417818998 ], [ -90.044232605993997, 29.967607417831999 ], [ -90.044577605954998, 29.966408417368001 ], [ -90.044879605527996, 29.965434416767 ], [ -90.043131605311004, 29.965035417835999 ], [ -90.042269605515997, 29.964829417154998 ], [ -90.041155605132005, 29.964591416542 ], [ -90.040269605090998, 29.964382417008 ], [ -90.039471604390997, 29.964203416918998 ], [ -90.038717603768006, 29.964034416583001 ], [ -90.037922604863994, 29.963848416318999 ], [ -90.037036604421004, 29.963652417647999 ], [ -90.036068603201997, 29.963432416423998 ], [ -90.035100603459995, 29.963222417386 ], [ -90.034215602195005, 29.963014417008999 ], [ -90.033234601858993, 29.96279441714 ], [ -90.032940603213007, 29.963770416692 ], [ -90.032578603019005, 29.964967417692002 ], [ -90.032530602186, 29.965125417227 ], [ -90.032304602463, 29.965911417238999 ], [ -90.031994602723003, 29.966957418141 ], [ -90.031665603026994, 29.968002418289998 ], [ -90.031347602813, 29.969026418687001 ], [ -90.031055602066999, 29.970073418912001 ], [ -90.030729602926002, 29.971113418925 ], [ -90.030434602040003, 29.972145419004001 ], [ -90.030122602834993, 29.973189419276999 ], [ -90.029936602483005, 29.973742419419001 ], [ -90.029768603093004, 29.974240419946 ], [ -90.029460603044996, 29.975274419880002 ], [ -90.030454602719004, 29.975502419923998 ], [ -90.031372602212002, 29.975684420147999 ], [ -90.031060603032998, 29.976731420231001 ], [ -90.030734603523996, 29.977780420104001 ], [ -90.030429602561, 29.978816421032001 ], [ -90.030115603126006, 29.979840420843001 ], [ -90.030037601569006, 29.980126420855999 ], [ -90.029944603442999, 29.980468420680999 ], [ -90.029820602301001, 29.980880421327999 ], [ -90.029495602495999, 29.981935421164 ], [ -90.029544603174998, 29.982012420916998 ], [ -90.029630602867002, 29.982113420996001 ], [ -90.029378601529999, 29.982042421201001 ], [ -90.029447602334997, 29.982104421094999 ], [ -90.029625603400007, 29.982298421161001 ], [ -90.029631602069998, 29.982306421088001 ], [ -90.029798602585998, 29.982510421412002 ], [ -90.029657603095004, 29.982479421914 ], [ -90.029292602336, 29.982400421390999 ], [ -90.028339602613002, 29.982174421423 ], [ -90.028120602141001, 29.982124420967001 ], [ -90.026725601593995, 29.981812421549002 ], [ -90.025688601259006, 29.981576421547999 ], [ -90.022811601051998, 29.980941421735 ], [ -90.022007600565999, 29.980764420987999 ], [ -90.021876599909007, 29.980677421143 ] ] ] ] } },
{ "type": "Feature", "properties": { "objectid": "20", "gnocdc_lab": "LITTLE WOODS", "shape_starea": "170814091.27607492", "shape_stlength": "95662.001305081489" }, "geometry": { "type": "MultiPolygon", "coordinates": [ [ [ [ -89.939491581457006, 30.060056440638999 ], [ -89.940084580944998, 30.059654440957999 ], [ -89.941228582383005, 30.058923440880001 ], [ -89.943047582678005, 30.057770440715998 ], [ -89.943251581751994, 30.057667440264002 ], [ -89.943378581985996, 30.057600440506999 ], [ -89.943730582664003, 30.057385440594999 ], [ -89.944548582378999, 30.056851439588002 ], [ -89.946032582203003, 30.055901439584002 ], [ -89.947530582696004, 30.054954439385 ], [ -89.948871584141997, 30.054118439374999 ], [ -89.950868584082002, 30.052839438846998 ], [ -89.952833583784994, 30.051618438771001 ], [ -89.953701584914995, 30.051072439432001 ], [ -89.954976585094997, 30.050244438042998 ], [ -89.956217584805998, 30.049460437661001 ], [ -89.957638585869006, 30.048564438766 ], [ -89.957812585675995, 30.048454438777998 ], [ -89.958560585819001, 30.048004438644998 ], [ -89.959219586407997, 30.047579437551999 ], [ -89.960240585950004, 30.046932438403999 ], [ -89.961125586343002, 30.046353437172002 ], [ -89.961321585763997, 30.046224437176999 ], [ -89.964132587752005, 30.044479437159001 ], [ -89.964242587426, 30.044410437172001 ], [ -89.964961588047998, 30.043966436771999 ], [ -89.965783587174002, 30.043444436407 ], [ -89.967040587301, 30.042617436057 ], [ -89.968193588841999, 30.041880436328999 ], [ -89.969388589079003, 30.041133435446 ], [ -89.970553588814994, 30.040408436239002 ], [ -89.971798589206998, 30.03962343581 ], [ -89.972748589584995, 30.039064436000999 ], [ -89.973467588771001, 30.038562435107998 ], [ -89.973999589577005, 30.038280435091998 ], [ -89.974526588892999, 30.037993435341999 ], [ -89.975228590198995, 30.037636434732001 ], [ -89.976111590873003, 30.037225434616001 ], [ -89.976316590546006, 30.037129434672998 ], [ -89.979525591606006, 30.035829434591001 ], [ -89.981013591497003, 30.035224434221 ], [ -89.981182592178996, 30.035156434775999 ], [ -89.981523590703006, 30.035019434761999 ], [ -89.982483591632999, 30.034591434071999 ], [ -89.983479591711998, 30.034191434206999 ], [ -89.985382592031002, 30.033446434521998 ], [ -89.987164592202006, 30.032689434203999 ], [ -89.988946593917007, 30.031956433514001 ], [ -89.989593592605004, 30.031722433601999 ], [ -89.989989594304006, 30.031563433694998 ], [ -89.993608594763003, 30.030084433549 ], [ -89.993802595212998, 30.030005433355001 ], [ -89.995313594880002, 30.029407432953999 ], [ -89.995800596324003, 30.029230432384999 ], [ -89.996076595838005, 30.029132432629002 ], [ -89.996527594748002, 30.029001432708 ], [ -89.997481596208999, 30.028704432531999 ], [ -89.997914596453995, 30.028584431984001 ], [ -89.998091594800997, 30.028535432504 ], [ -89.998765597173005, 30.028372432146 ], [ -89.999252596245995, 30.028265432392999 ], [ -90.000021596297998, 30.028117432058 ], [ -90.001318596196995, 30.027895432158001 ], [ -90.002936596140998, 30.027588431828999 ], [ -90.003919597988002, 30.027425432099999 ], [ -90.006462598572, 30.026974431547998 ], [ -90.007426597945994, 30.026808431806 ], [ -90.007754598657002, 30.026751431246002 ], [ -90.008007598866996, 30.026715431258999 ], [ -90.008549598377996, 30.026619431966001 ], [ -90.009196598035999, 30.026510431504999 ], [ -90.009959600075007, 30.026428431631 ], [ -90.010186598934993, 30.026442431747999 ], [ -90.010712599333004, 30.02645243109 ], [ -90.011326598438998, 30.026472431504001 ], [ -90.011356600377994, 30.026472432266999 ], [ -90.011572599028995, 30.026483431538001 ], [ -90.012201599701996, 30.026545431696999 ], [ -90.012604598677001, 30.026596431457001 ], [ -90.013227599165006, 30.026696431325 ], [ -90.013528600113005, 30.026756432073999 ], [ -90.014117599691005, 30.026908432111998 ], [ -90.014810600445003, 30.027104431165 ], [ -90.015306600711, 30.027275431023 ], [ -90.015394599920995, 30.027291432157998 ], [ -90.015512599800005, 30.027301431445999 ], [ -90.015603600136004, 30.027291431534 ], [ -90.015660601145996, 30.027383431415 ], [ -90.015717599973001, 30.027431431631999 ], [ -90.015798600817007, 30.027471431072001 ], [ -90.015905600793005, 30.027527431663 ], [ -90.016093600339005, 30.027613431168 ], [ -90.016605601376, 30.027847431373001 ], [ -90.016800600267999, 30.027912432032998 ], [ -90.016930601317, 30.027955431540001 ], [ -90.017077600974005, 30.027988431876999 ], [ -90.017232600528999, 30.028019432381001 ], [ -90.017951600244004, 30.028069431481001 ], [ -90.018425601342003, 30.028066431614 ], [ -90.019530602117996, 30.027732432055998 ], [ -90.020349601649002, 30.027494432034999 ], [ -90.020801602784005, 30.027355431505999 ], [ -90.021394602841994, 30.027173431400001 ], [ -90.022391602414999, 30.026882431655 ], [ -90.022892602420001, 30.026735430898 ], [ -90.023730603149005, 30.026479431012 ], [ -90.024519601934998, 30.026238430848 ], [ -90.024783601905, 30.026963431561001 ], [ -90.025072603078996, 30.027769430704002 ], [ -90.025373602138998, 30.028569432070999 ], [ -90.025657603902005, 30.029353431619999 ], [ -90.025752603331995, 30.029625432195001 ], [ -90.025943602466, 30.030195432420999 ], [ -90.026253603705996, 30.030973431604 ], [ -90.026341603296999, 30.031181432558 ], [ -90.026716602582994, 30.032143432207999 ], [ -90.026804604044003, 30.032370432691 ], [ -90.026959604702995, 30.032769432298998 ], [ -90.027136603985994, 30.032720432687999 ], [ -90.027466603738006, 30.032643432164999 ], [ -90.02766960404, 30.032608432307999 ], [ -90.027883604748993, 30.032592431897999 ], [ -90.028184603471999, 30.032563432576001 ], [ -90.028399604786998, 30.032521432915001 ], [ -90.028705604695006, 30.032433432489 ], [ -90.029261605686003, 30.032284432428 ], [ -90.031581604956003, 30.031679432472 ], [ -90.032898604547995, 30.031372432348 ], [ -90.033029606293994, 30.031354431960999 ], [ -90.033181604323005, 30.031370431429 ], [ -90.033513605758003, 30.031416431756998 ], [ -90.033692606112993, 30.031452432339002 ], [ -90.033802606402006, 30.031438431872001 ], [ -90.034205605311001, 30.031353432079001 ], [ -90.034379605363995, 30.031305431650001 ], [ -90.034494605239004, 30.031346431488 ], [ -90.034478605483002, 30.031441431811 ], [ -90.035247605080002, 30.031665431876 ], [ -90.035253321672002, 30.031685962320999 ], [ -90.035227304684994, 30.031680735527001 ], [ -90.035207274320001, 30.031674901001001 ], [ -90.035171496320999, 30.03166447772 ], [ -90.034906739603997, 30.031587358498001 ], [ -90.034877672856993, 30.031578891462001 ], [ -90.034600426558001, 30.031500155292999 ], [ -90.034530403256994, 30.031480269936001 ], [ -90.034482944518999, 30.031468201094999 ], [ -90.034254330541998, 30.031518569866002 ], [ -90.034249164770003, 30.031588598908002 ], [ -90.034234729386995, 30.031651053484001 ], [ -90.034164891901995, 30.031755124979998 ], [ -90.034144801880004, 30.031785064562001 ], [ -90.034137325754998, 30.031801069280998 ], [ -90.034112642601997, 30.031857083736998 ], [ -90.034099486287005, 30.031951153004002 ], [ -90.034134329669001, 30.032161568943 ], [ -90.034152330433002, 30.032515568624 ], [ -90.034178728270007, 30.032835581465999 ], [ -90.034181511501998, 30.032869306864001 ], [ -90.034193151444995, 30.033010418928999 ], [ -90.034201329528003, 30.033109568842001 ], [ -90.034203033449003, 30.033234720037001 ], [ -90.034201805018995, 30.033252760450001 ], [ -90.034194572659004, 30.033327715959 ], [ -90.034184954330001, 30.033354371912001 ], [ -90.034173368091004, 30.033373298072998 ], [ -90.034134964889006, 30.033401409526999 ], [ -90.031721675265999, 30.03397853625 ], [ -90.031629344356006, 30.034019352236999 ], [ -90.031570482071004, 30.0340364873 ], [ -90.031500914031, 30.034083925853999 ], [ -90.031478904297998, 30.034126264219001 ], [ -90.031483375053, 30.034364049876999 ], [ -90.031483743769996, 30.034383696670002 ], [ -90.031507347574006, 30.03563899729 ], [ -90.031554329311007, 30.038137569806 ], [ -90.031563557523, 30.038627136153998 ], [ -90.03161230565, 30.041213331289001 ], [ -90.031597782134995, 30.041913823493999 ], [ -90.031595404083006, 30.041935362133 ], [ -90.031555101574995, 30.042214712269999 ], [ -90.031552139864999, 30.042231233309 ], [ -90.031462871166994, 30.042538195414998 ], [ -90.031302325023006, 30.042850026717002 ], [ -90.031169468608994, 30.043068614749998 ], [ -90.031073285659005, 30.043226858543001 ], [ -90.031054125783001, 30.043258379394999 ], [ -90.031035434719996, 30.043287987663 ], [ -90.030891635534005, 30.043471656878001 ], [ -90.030820747641997, 30.043562199078 ], [ -90.030786976740998, 30.043619385178999 ], [ -90.030751803098994, 30.043691304172999 ], [ -90.030735644954007, 30.043771731496001 ], [ -90.030728329352002, 30.044165571695999 ], [ -90.030737329806996, 30.045986571696002 ], [ -90.030766403992999, 30.047883039971001 ], [ -90.030777330038006, 30.048600307200001 ], [ -90.030777329656004, 30.048726608776999 ], [ -90.030773185062003, 30.049007919232999 ], [ -90.030770626218995, 30.049180808618999 ], [ -90.030765436568998, 30.049531537137 ], [ -90.030762730282007, 30.049727612965 ], [ -90.030794346104997, 30.051124127432999 ], [ -90.030797329246994, 30.051254572575999 ], [ -90.030819112041002, 30.052391083882 ], [ -90.030826329768004, 30.052767574137999 ], [ -90.030824709287003, 30.052896985789999 ], [ -90.030821325329995, 30.052931580353999 ], [ -90.030818379314994, 30.052947422136999 ], [ -90.030805735246005, 30.052977155101999 ], [ -90.030797720075995, 30.052995993545 ], [ -90.030739328883001, 30.053020574447999 ], [ -90.030406390934999, 30.053012085580001 ], [ -90.030229328776002, 30.053007574079999 ], [ -90.028388326731999, 30.053041573375999 ], [ -90.028317720919006, 30.053037787354999 ], [ -90.028254914846997, 30.053014148580999 ], [ -90.028238123064, 30.052999486261999 ], [ -90.028218698318994, 30.052972367991998 ], [ -90.028213574282006, 30.052954916139001 ], [ -90.028208116442002, 30.052928740136 ], [ -90.028209176605998, 30.052904879751999 ], [ -90.028210992748001, 30.052864074178999 ], [ -90.028218359055003, 30.052698387130999 ], [ -90.028219953502003, 30.052662552387002 ], [ -90.02822084124, 30.052642593289001 ], [ -90.028225749095995, 30.052532232061001 ], [ -90.028227775085, 30.052486645906001 ], [ -90.028230716867, 30.052420541555001 ], [ -90.028230152521999, 30.052404473772 ], [ -90.028189379674004, 30.051243350524999 ], [ -90.028186759115002, 30.051227891208999 ], [ -90.028176309532, 30.051166253659002 ], [ -90.028173405155997, 30.051150055320001 ], [ -90.028148760486999, 30.051120449313 ], [ -90.028137496450995, 30.051106918096998 ], [ -90.028092830079999, 30.051087579409 ], [ -90.028006606990004, 30.051087678577002 ], [ -90.027221328555996, 30.051088572253999 ], [ -90.026438325838996, 30.051066573791999 ], [ -90.026356313858997, 30.051049706842999 ], [ -90.026296333461005, 30.051023618557998 ], [ -90.026248543582, 30.050980961078999 ], [ -90.026197480991001, 30.050904351290001 ], [ -90.026162733600998, 30.050812348247 ], [ -90.026141055498002, 30.050722809844 ], [ -90.026110300848998, 30.050595785287999 ], [ -90.026075527462993, 30.050497000882 ], [ -90.025914584060004, 30.050263820984998 ], [ -90.025839315664996, 30.050213055714 ], [ -90.025794124059999, 30.050169464793001 ], [ -90.025764605206007, 30.050127272706 ], [ -90.025747432545998, 30.050084707861998 ], [ -90.025722021719005, 30.050021715292001 ], [ -90.025700217693, 30.049986092147002 ], [ -90.025652338334993, 30.049924856861999 ], [ -90.025525794404999, 30.049800623479001 ], [ -90.025477069177995, 30.049721272193999 ], [ -90.025436124859993, 30.049645584475002 ], [ -90.025425879154, 30.049620559838001 ], [ -90.025396912473994, 30.049549824231001 ], [ -90.025387387056995, 30.049529896159999 ], [ -90.025366819211996, 30.049486861773001 ], [ -90.025358428315997, 30.049469308780001 ], [ -90.025361676206003, 30.049449724990001 ], [ -90.025370327310995, 30.049397573324999 ], [ -90.025403327451002, 30.049355571624002 ], [ -90.025447586195, 30.049278937261001 ], [ -90.025457327805995, 30.049262072278001 ], [ -90.025457858303994, 30.049243454844 ], [ -90.025458943692996, 30.049205546260001 ], [ -90.025459405194994, 30.049189420971999 ], [ -90.025424561310004, 30.049159487600001 ], [ -90.025380584684996, 30.049141986325999 ], [ -90.025360178979994, 30.049133865811001 ], [ -90.025339698842004, 30.049130311586001 ], [ -90.025266328252997, 30.049117571692001 ], [ -90.025221327680001, 30.049123572924 ], [ -90.02513243253, 30.04919188209 ], [ -90.025076642143006, 30.049220962231001 ], [ -90.024995326818001, 30.049245572730001 ], [ -90.024950330720003, 30.049265370649 ], [ -90.024844327186003, 30.049281572529001 ], [ -90.024741327021999, 30.049278574266001 ], [ -90.024648087225003, 30.049259505138 ], [ -90.024599322456993, 30.049236953222 ], [ -90.024556182113002, 30.049194390019998 ], [ -90.024504438568997, 30.049123051647999 ], [ -90.024496051689994, 30.049109076838 ], [ -90.024478074249998, 30.049079125862999 ], [ -90.024442219517994, 30.049035057040001 ], [ -90.024376325362994, 30.049002571898999 ], [ -90.024299327947006, 30.048990573131999 ], [ -90.024206324768002, 30.048982573560998 ], [ -90.024148306743001, 30.048982425434001 ], [ -90.024053403392003, 30.048982184898001 ], [ -90.023990172967004, 30.048909246173999 ], [ -90.023967104787999, 30.048809575153001 ], [ -90.023965753626001, 30.048793458011001 ], [ -90.023964837483007, 30.048765065990001 ], [ -90.023963659800998, 30.048728556808999 ], [ -90.023975666449005, 30.048656116996 ], [ -90.023978326738998, 30.048640073114999 ], [ -90.023988595511, 30.048626434399999 ], [ -90.024010325738999, 30.048597572799 ], [ -90.024080325278007, 30.048560571220001 ], [ -90.024146214536998, 30.048567499303999 ], [ -90.024207327569002, 30.048566572075998 ], [ -90.024336974651007, 30.048547596797 ], [ -90.024356801280007, 30.048540805253001 ], [ -90.024442325961999, 30.048472572278001 ], [ -90.024522326577994, 30.048417571337001 ], [ -90.024550326780997, 30.048342573818999 ], [ -90.024588326975007, 30.048257572611 ], [ -90.024652326373996, 30.048190573671999 ], [ -90.024712325085005, 30.048083572054001 ], [ -90.024760325867007, 30.048011571892001 ], [ -90.024794326047996, 30.047953572196 ], [ -90.024795294113005, 30.047855965301 ], [ -90.024781264443007, 30.047728400977 ], [ -90.024778475966002, 30.047712982314 ], [ -90.024770101216006, 30.047666646837001 ], [ -90.024759597417997, 30.047610434363001 ], [ -90.024715723366, 30.047529801981 ], [ -90.024574325307995, 30.047398572159 ], [ -90.024446326974001, 30.047357571871999 ], [ -90.024327326353003, 30.047346572163999 ], [ -90.024236327332005, 30.047353571161 ], [ -90.024162010853004, 30.047396303212999 ], [ -90.024114930384997, 30.047453729741001 ], [ -90.024060593643995, 30.047516363006 ], [ -90.024029258747007, 30.047539675223 ], [ -90.023962581464005, 30.047536815466 ], [ -90.023892017578007, 30.047481906792999 ], [ -90.023878684261007, 30.047413213679 ], [ -90.023877478591999, 30.047397470595001 ], [ -90.023855910899997, 30.046863240596 ], [ -90.023854987174005, 30.046847508433 ], [ -90.023847620629994, 30.046721933754 ], [ -90.023815312544002, 30.046171287475001 ], [ -90.023811749594998, 30.046110554325001 ], [ -90.023811022564004, 30.046094691488999 ], [ -90.023783349943997, 30.044725682284 ], [ -90.023782012393994, 30.044659511911998 ], [ -90.023741607378994, 30.044492031672 ], [ -90.023636869580002, 30.044241211505 ], [ -90.023529024031006, 30.044021198208998 ], [ -90.023499434933001, 30.043964673983002 ], [ -90.023481350224003, 30.043937297605002 ], [ -90.023467343438, 30.043916839404002 ], [ -90.023327265179006, 30.043782833365 ], [ -90.022927736428997, 30.043413884602 ], [ -90.021907283991993, 30.042565070394001 ], [ -90.020901319372996, 30.041728284533001 ], [ -90.020341940451004, 30.041237879975998 ], [ -90.020276326361, 30.041212571732 ], [ -90.020179325024003, 30.041218570628999 ], [ -90.020140260291996, 30.041242443632999 ], [ -90.020113130946001, 30.041259022993 ], [ -90.019882836041006, 30.041475072867001 ], [ -90.019742202651003, 30.041606855156999 ], [ -90.019707270514999, 30.041639588458999 ], [ -90.019615465919003, 30.041720204608001 ], [ -90.019556042521003, 30.041756276285 ], [ -90.019352322326995, 30.041820570664999 ], [ -90.017994322413003, 30.042245572595998 ], [ -90.016985322956998, 30.042582571345999 ], [ -90.016817322023996, 30.042639571614 ], [ -90.016702156177004, 30.04271095528 ], [ -90.015938416504994, 30.043417754039002 ], [ -90.015845979283995, 30.043506020207001 ], [ -90.015809693977999, 30.043554994259001 ], [ -90.015774384390994, 30.043624296072 ], [ -90.015752429974995, 30.043699207963002 ], [ -90.015720658023, 30.043889930822999 ], [ -90.015718167548002, 30.04390535373 ], [ -90.015721322052997, 30.043998572050999 ], [ -90.015774321151994, 30.044069572011999 ], [ -90.015981904827996, 30.044225256983999 ], [ -90.015992576049996, 30.044244620718001 ], [ -90.016000070001994, 30.044270250170001 ], [ -90.016002711463003, 30.044299744919002 ], [ -90.015973539626003, 30.044346387549002 ], [ -90.015751620019998, 30.044554913717 ], [ -90.015562292240006, 30.044732529838001 ], [ -90.015498990230995, 30.044786561995998 ], [ -90.015481365878998, 30.044790017985001 ], [ -90.015439917302999, 30.044798145462 ], [ -90.015414980379006, 30.044799441434002 ], [ -90.015348324623005, 30.044776516635 ], [ -90.015324026841, 30.04475598254 ], [ -90.015281361125005, 30.044719926873 ], [ -90.014541328042, 30.044076885361999 ], [ -90.014511753498994, 30.044050527669999 ], [ -90.014464529660003, 30.044008434436002 ], [ -90.014442499365003, 30.043983182611001 ], [ -90.014429911993005, 30.043968213223 ], [ -90.014424401734999, 30.043950385195 ], [ -90.014413508706994, 30.043915126489999 ], [ -90.014412694597993, 30.043894829195999 ], [ -90.014430322685996, 30.043859571910001 ], [ -90.014480321834, 30.043815572366999 ], [ -90.014580320535998, 30.043729570745999 ], [ -90.015693322358999, 30.042755571276 ], [ -90.016645321265003, 30.041892571734 ], [ -90.017062320986, 30.041496571734001 ], [ -90.017137323127002, 30.041442571849998 ], [ -90.017250323230002, 30.041390572032 ], [ -90.017388563943001, 30.041349309034999 ], [ -90.018436322962998, 30.041036570622001 ], [ -90.018757323651997, 30.040926570777 ], [ -90.018897323965007, 30.040876571325001 ], [ -90.018972324787995, 30.040833571168999 ], [ -90.019105324373001, 30.040721570485999 ], [ -90.019317323630005, 30.040531570572 ], [ -90.019348141140995, 30.040494480993999 ], [ -90.019356887469996, 30.040469115705999 ], [ -90.019359970107999, 30.040441287686999 ], [ -90.019358286778001, 30.040423372635001 ], [ -90.019347678605001, 30.040388821808001 ], [ -90.019299302185004, 30.040335966116999 ], [ -90.019078323106996, 30.040166483019 ], [ -90.018328353626998, 30.039530859607002 ], [ -90.018159298569003, 30.039404651428999 ], [ -90.018134253254999, 30.039389823225999 ], [ -90.018097323168007, 30.0393765707 ], [ -90.018060316025995, 30.039394389887999 ], [ -90.018039412595002, 30.0394084705 ], [ -90.017972568410997, 30.039462380953999 ], [ -90.017938184597995, 30.039490114652999 ], [ -90.017872333775998, 30.039503862680998 ], [ -90.017804381494997, 30.039470029099 ], [ -90.017183746327007, 30.038928821723001 ], [ -90.017138253642997, 30.038889149315001 ], [ -90.016686203966003, 30.038514198445998 ], [ -90.016336346041001, 30.038224007642999 ], [ -90.016261064157007, 30.038163305771 ], [ -90.016194770460004, 30.038133704907001 ], [ -90.016141322554006, 30.038115569805001 ], [ -90.016105523324995, 30.038117162346001 ], [ -90.016051322866005, 30.038119569578999 ], [ -90.015778113984993, 30.0382073934 ], [ -90.015618697931998, 30.038275419240001 ], [ -90.015555224031999, 30.038314761555 ], [ -90.015505456682007, 30.038366416475 ], [ -90.015476168632006, 30.038400784040999 ], [ -90.015471821275995, 30.038463571243 ], [ -90.015487012893999, 30.038476348949999 ], [ -90.015525320622004, 30.038508571676001 ], [ -90.015528326763999, 30.038550856396999 ], [ -90.015389443366004, 30.038690149992 ], [ -90.014923320272999, 30.039145658910002 ], [ -90.013418459188998, 30.040493075873002 ], [ -90.013385653303999, 30.040527213741999 ], [ -90.013333574973998, 30.040581406089998 ], [ -90.013285902120998, 30.040610505785001 ], [ -90.013137320640993, 30.04065257117 ], [ -90.013073249770997, 30.040694674329 ], [ -90.013032872042004, 30.040758221699999 ], [ -90.013050320532997, 30.040918570687001 ], [ -90.013157320215996, 30.041171572378001 ], [ -90.013306321165999, 30.041564572184999 ], [ -90.013349327304994, 30.041737508825999 ], [ -90.013354511133002, 30.041758350664001 ], [ -90.013343412425002, 30.041779632895 ], [ -90.013328322551999, 30.041808571971 ], [ -90.013280230763996, 30.041839740768999 ], [ -90.013233196778998, 30.041857041284999 ], [ -90.013104320454005, 30.041894571103999 ], [ -90.012999320557995, 30.041913572161999 ], [ -90.012939587329001, 30.041909973420999 ], [ -90.012890683566994, 30.041891101259999 ], [ -90.012857265305996, 30.041864166012999 ], [ -90.012810078583001, 30.041750586829998 ], [ -90.012145906995002, 30.039673345476999 ], [ -90.012036583295, 30.039331240492 ], [ -90.012014514824997, 30.039235134569001 ], [ -90.012025340674001, 30.039176855006001 ], [ -90.012075320926996, 30.039120570613001 ], [ -90.012619319768007, 30.038650569910999 ], [ -90.012688321940999, 30.038550571230001 ], [ -90.012714147647998, 30.038438071438001 ], [ -90.012710251057001, 30.03836054956 ], [ -90.012687121710002, 30.038269347501998 ], [ -90.012667977020001, 30.038228510425999 ], [ -90.012657030162998, 30.038208446209001 ], [ -90.012620325030994, 30.038159434828 ], [ -90.012597808615993, 30.038129368033001 ], [ -90.012561473206006, 30.038108261550999 ], [ -90.012498320087005, 30.038071571781 ], [ -90.012459808415997, 30.038077289956 ], [ -90.012387547806995, 30.038088022494001 ], [ -90.012296320169995, 30.038101571839999 ], [ -90.012071405531003, 30.038191731011999 ], [ -90.011763319780997, 30.038289572177 ], [ -90.011497904815002, 30.038390823667001 ], [ -90.011318454942, 30.038473202405999 ], [ -90.011162319240995, 30.038523570460001 ], [ -90.011047437683004, 30.038576226461998 ], [ -90.010821520145996, 30.038654503814001 ], [ -90.010685215387994, 30.038703813655999 ], [ -90.009291165785001, 30.039208114057999 ], [ -90.008352895767999, 30.039532076608999 ], [ -90.008076318978993, 30.039627571871002 ], [ -90.007963244929996, 30.039701686501001 ], [ -90.007922246918994, 30.039747558790999 ], [ -90.007889249518996, 30.039813214313 ], [ -90.007874493296995, 30.039862900031999 ], [ -90.007869109913003, 30.039881027427999 ], [ -90.007850195776996, 30.039922494458999 ], [ -90.007842943292999, 30.039938394402999 ], [ -90.007828989697003, 30.039950718160998 ], [ -90.007804293381, 30.039972528021 ], [ -90.007449318575993, 30.040088572238002 ], [ -90.006982951471997, 30.040187309644999 ], [ -90.006908412141001, 30.040204540211999 ], [ -90.006866799655995, 30.040186496189001 ], [ -90.006847672971006, 30.040178202492001 ], [ -90.006821679026999, 30.040158090887001 ], [ -90.006800857201, 30.040141980399 ], [ -90.006660316489004, 30.040159571835002 ], [ -90.006513580727002, 30.040212853962 ], [ -90.006243117576005, 30.040323604021999 ], [ -90.006105593393002, 30.040390010216001 ], [ -90.005948141738997, 30.040476087763999 ], [ -90.005758993856006, 30.040584318166001 ], [ -90.005652301653001, 30.04065648952 ], [ -90.005584048410995, 30.040697198985001 ], [ -90.005472317358993, 30.040722570758 ], [ -90.005344316861994, 30.040709571084999 ], [ -90.005202318176998, 30.040703572110999 ], [ -90.004492316200995, 30.040957571829001 ], [ -90.004322769021002, 30.041045736750998 ], [ -90.004226589973996, 30.041133882236 ], [ -90.004185911584997, 30.041171162935999 ], [ -90.004033273320999, 30.041272677797998 ], [ -90.003874550258004, 30.041338611478 ], [ -90.003118316948004, 30.041526571761 ], [ -90.002523284873007, 30.041734281480998 ], [ -90.001345061283004, 30.042208660107001 ], [ -90.000875415170995, 30.042422249874999 ], [ -90.000839853146999, 30.042491222248 ], [ -90.000831114590994, 30.042532940106 ], [ -90.000818558836002, 30.042592887538 ], [ -90.000717469546004, 30.042696435869999 ], [ -90.000647404619997, 30.042736734704999 ], [ -90.000467903298002, 30.042835497039999 ], [ -90.000285588303001, 30.042920137942001 ], [ -90.000050897182007, 30.042940926810001 ], [ -89.999953314997001, 30.042949571927 ], [ -89.999200339053999, 30.043181444074001 ], [ -89.998868466657996, 30.043283638209001 ], [ -89.998693314628994, 30.043337572894 ], [ -89.998137291663994, 30.043535277271999 ], [ -89.997739256225003, 30.043699782846002 ], [ -89.996909745075001, 30.044042608763 ], [ -89.993879816382005, 30.045348559583999 ], [ -89.992576946629995, 30.045944699976999 ], [ -89.992511310734002, 30.045974724497 ], [ -89.992415860966005, 30.046018385686999 ], [ -89.992033912428994, 30.046189971511001 ], [ -89.991442872898006, 30.046455486606 ], [ -89.989086371797001, 30.047573833449 ], [ -89.989057921492005, 30.047587338959001 ], [ -89.989001947290006, 30.047614017474 ], [ -89.984638965266001, 30.049693389409001 ], [ -89.980766703740997, 30.051661830747999 ], [ -89.979892080357004, 30.052186110476999 ], [ -89.979471610184007, 30.052390009591001 ], [ -89.979402348894993, 30.052438258571001 ], [ -89.979349022484001, 30.052509128547001 ], [ -89.979325412105993, 30.052621020389999 ], [ -89.979322166580999, 30.052636396086999 ], [ -89.979309870639995, 30.052698920931 ], [ -89.979305499922006, 30.052714519639 ], [ -89.979270345302993, 30.052775411947 ], [ -89.979183639747006, 30.052823938004 ], [ -89.978958304276006, 30.052893574315 ], [ -89.978778303324006, 30.052952574620999 ], [ -89.978553882236994, 30.053037837123998 ], [ -89.978363237956998, 30.053161682915 ], [ -89.978221436984001, 30.053274652117999 ], [ -89.978151757397995, 30.053305442644 ], [ -89.978063303522006, 30.053316573602 ], [ -89.977993302662, 30.053310576217001 ], [ -89.977901303603005, 30.05331257528 ], [ -89.977762496384003, 30.053369619851001 ], [ -89.977728007935994, 30.053413699372001 ], [ -89.977731303501997, 30.053493574586 ], [ -89.977845304008, 30.053690575249998 ], [ -89.977867304515001, 30.053744575027999 ], [ -89.977866840779001, 30.053779592733999 ], [ -89.977866599649005, 30.053797782669999 ], [ -89.977865455963993, 30.053814694793001 ], [ -89.977857897297994, 30.053837200543001 ], [ -89.977845590555006, 30.053868866417002 ], [ -89.977829092817998, 30.053881004758999 ], [ -89.977803850647007, 30.053899579787 ], [ -89.977711700461995, 30.053905711151 ], [ -89.977687548489001, 30.053903147473999 ], [ -89.977621413107997, 30.053864857629002 ], [ -89.977565256819005, 30.053797224625001 ], [ -89.977521375221002, 30.0537288879 ], [ -89.977444471056003, 30.053624530124001 ], [ -89.977388302413999, 30.053585575865998 ], [ -89.977296305227, 30.053578573953999 ], [ -89.977206303242994, 30.053598575296 ], [ -89.977111893645997, 30.053650500553001 ], [ -89.977003396889003, 30.05373099302 ], [ -89.976963284617, 30.053758538040999 ], [ -89.976904163027996, 30.053795901061001 ], [ -89.976841407527999, 30.053842926426 ], [ -89.976825915087005, 30.053884449565 ], [ -89.976832301366997, 30.053939575282001 ], [ -89.976856304421005, 30.053982575205001 ], [ -89.976911303378003, 30.054056575309001 ], [ -89.976969302482999, 30.054141576408 ], [ -89.977003304131003, 30.054263575928001 ], [ -89.977005647143997, 30.054284297944999 ], [ -89.977014384949001, 30.054361587502999 ], [ -89.97701630377, 30.054378575363 ], [ -89.976967625105999, 30.054467509624999 ], [ -89.976923840200996, 30.054515925823001 ], [ -89.976885273801003, 30.054556514834001 ], [ -89.976800550381, 30.054610924195 ], [ -89.976689300502997, 30.054635506185001 ], [ -89.976657303053997, 30.054642575746001 ], [ -89.976482303018003, 30.054627575430001 ], [ -89.976415691613994, 30.054618766522001 ], [ -89.976361303651004, 30.054611574883001 ], [ -89.976205302726996, 30.054629576551001 ], [ -89.976023303374006, 30.054682575308 ], [ -89.975883160446998, 30.054735962780999 ], [ -89.975741597704001, 30.054747835933998 ], [ -89.975670294663004, 30.054720114620999 ], [ -89.975620514463003, 30.054670071284001 ], [ -89.975588905229003, 30.054615588636999 ], [ -89.975547302912005, 30.054592575352999 ], [ -89.975473303445, 30.054584575791001 ], [ -89.975185302005997, 30.054683575712001 ], [ -89.973723182499995, 30.055517016789999 ], [ -89.973435161408005, 30.055689803707999 ], [ -89.973325157378994, 30.055755796031999 ], [ -89.973026911359995, 30.055928153495 ], [ -89.971559829368999, 30.056775971316 ], [ -89.970215205795, 30.057552996862 ], [ -89.966800269196995, 30.059647859767001 ], [ -89.962264297844996, 30.062598576868002 ], [ -89.961928016236996, 30.06283087493 ], [ -89.961559295637002, 30.063085577567001 ], [ -89.961174821984002, 30.063361287549998 ], [ -89.960951296529998, 30.063521577431001 ], [ -89.960346066368999, 30.063964074114001 ], [ -89.960314012333995, 30.063975246967001 ], [ -89.960285901497002, 30.063985391778999 ], [ -89.959693296954001, 30.064365577859999 ], [ -89.958978293960001, 30.064877578455999 ], [ -89.958590295723994, 30.065148578792002 ], [ -89.958248293251998, 30.065399577676001 ], [ -89.957795293130005, 30.065724579063001 ], [ -89.957488296215004, 30.065926577298999 ], [ -89.957198294121994, 30.066142578023001 ], [ -89.956713293150003, 30.066501577309001 ], [ -89.956360294994994, 30.066760577332001 ], [ -89.956087293742996, 30.066958578960001 ], [ -89.955750293902994, 30.067261580008999 ], [ -89.955595294370994, 30.06739157889 ], [ -89.955341292797002, 30.067616579117001 ], [ -89.955322205024004, 30.067703745277001 ], [ -89.955317756465007, 30.067724053787 ], [ -89.955248295144997, 30.067846578895001 ], [ -89.955169294, 30.067895579483999 ], [ -89.955167084549004, 30.067921537674 ], [ -89.955165293693, 30.067942578619 ], [ -89.955149511431003, 30.067986768577001 ], [ -89.955140294109995, 30.068012578566002 ], [ -89.954984293345007, 30.068170579366001 ], [ -89.954874294109999, 30.068275578491001 ], [ -89.954658293627006, 30.068607578950001 ], [ -89.954632954138006, 30.068708935594 ], [ -89.95468629314, 30.068821578718001 ], [ -89.954847889427, 30.068990708720001 ], [ -89.954922292660001, 30.069068578553001 ], [ -89.955094292099005, 30.069241578454001 ], [ -89.955145292305005, 30.06933858124 ], [ -89.955153294561001, 30.069445579210999 ], [ -89.955152294206002, 30.069576578650999 ], [ -89.955147599827995, 30.069651485270001 ], [ -89.955096097067994, 30.069648792852 ], [ -89.955049293174, 30.069633579813999 ], [ -89.955017504208996, 30.069635835698001 ], [ -89.954986562808998, 30.069641384531 ], [ -89.954755127436002, 30.06972797521 ], [ -89.954225248876995, 30.070078616648999 ], [ -89.953961562404999, 30.070188575111999 ], [ -89.953495150975996, 30.070478914997 ], [ -89.952810388345, 30.070992999036999 ], [ -89.952402474365996, 30.071275306594998 ], [ -89.952272688818994, 30.071415536345 ], [ -89.952215803892997, 30.071494039628998 ], [ -89.952175881144001, 30.071579944814999 ], [ -89.952201090160003, 30.071840935107002 ], [ -89.952202792665005, 30.071858580575 ], [ -89.952271800438993, 30.071900478734999 ], [ -89.952319290752996, 30.071905578812999 ], [ -89.952381893955007, 30.071915379983999 ], [ -89.952360447047994, 30.071954109515001 ], [ -89.952307619429007, 30.071981966715001 ], [ -89.952267652028993, 30.071992787618001 ], [ -89.952243564390997, 30.071996984858998 ], [ -89.952036292806994, 30.071994580811001 ], [ -89.951767292680998, 30.071996578838 ], [ -89.951646134304994, 30.071961385533001 ], [ -89.951405722415998, 30.071708535071998 ], [ -89.951182309068002, 30.071470873667 ], [ -89.950942171975996, 30.071241830337001 ], [ -89.950814856961003, 30.071124260081 ], [ -89.950750291416995, 30.071108580333998 ], [ -89.950688430086998, 30.071164983136001 ], [ -89.950688971366006, 30.071215616130999 ], [ -89.950689291120995, 30.071245579589998 ], [ -89.950740291214004, 30.071318579549001 ], [ -89.950811974133998, 30.071345083971998 ], [ -89.950859293207998, 30.071362579321001 ], [ -89.950925292041006, 30.071408578802 ], [ -89.950934828059005, 30.071459206031999 ], [ -89.950938290921997, 30.071477580041002 ], [ -89.950885293035995, 30.071516579139999 ], [ -89.950768291906002, 30.071528578786001 ], [ -89.950703292019, 30.071506578904 ], [ -89.950674962727007, 30.071453737045999 ], [ -89.950651291880007, 30.071409579245 ], [ -89.950594392216004, 30.071284796522999 ], [ -89.950547290833001, 30.071255579883001 ], [ -89.950488838596996, 30.071248088690002 ], [ -89.950375290832, 30.071317580472002 ], [ -89.950285194895002, 30.071375230388 ], [ -89.950064291725994, 30.071516580998999 ], [ -89.949473291803997, 30.071982581202999 ], [ -89.949032290334003, 30.072323579509 ], [ -89.948811055407006, 30.072499654702 ], [ -89.948694290500995, 30.072592579849001 ], [ -89.948573289799, 30.072693580372 ], [ -89.948500290121004, 30.072751581102999 ], [ -89.948186290772995, 30.073016580259999 ], [ -89.947621289477993, 30.073467579062999 ], [ -89.946912289549005, 30.074014580463999 ], [ -89.946519288678999, 30.074336580335 ], [ -89.946174136766999, 30.074620887277 ], [ -89.945861289213994, 30.074878581450999 ], [ -89.945499288416997, 30.075166580628 ], [ -89.945172289276996, 30.075486581347 ], [ -89.945080289043005, 30.075580581663999 ], [ -89.944962289035004, 30.075691581876001 ], [ -89.944785265990006, 30.075836024221999 ], [ -89.944763582413998, 30.075853719232001 ], [ -89.944683866828996, 30.075918765613999 ], [ -89.944674583429006, 30.075905444791999 ], [ -89.944962583518006, 30.075670444105 ], [ -89.944740583118005, 30.075475444740999 ], [ -89.944442583373998, 30.075240444039 ], [ -89.944176583515002, 30.075459444602998 ], [ -89.943969582877003, 30.075276444646001 ], [ -89.943681582563002, 30.075034444442998 ], [ -89.942819583303006, 30.074320444359 ], [ -89.942432582042997, 30.074022444672 ], [ -89.941831582646998, 30.073539443821002 ], [ -89.941595583322993, 30.073330443789001 ], [ -89.941297582836, 30.073039443765001 ], [ -89.941133582849005, 30.072853444322998 ], [ -89.940975582950003, 30.072638443858999 ], [ -89.940807582356996, 30.072339443349001 ], [ -89.940701581810998, 30.072092443547 ], [ -89.940660581982002, 30.071943443717998 ], [ -89.940612582369994, 30.071684443875 ], [ -89.940586582181993, 30.071455443636999 ], [ -89.940573582658004, 30.071332444122 ], [ -89.940537582602005, 30.070943443381001 ], [ -89.940459582494, 30.069863443772999 ], [ -89.940303581628996, 30.068260442576001 ], [ -89.940268581569001, 30.067810442814 ], [ -89.940241581576998, 30.067536443261002 ], [ -89.940196582650003, 30.067101442715 ], [ -89.940137581719995, 30.066459441983 ], [ -89.940074582156996, 30.065829442647001 ], [ -89.940005581893004, 30.065222442397001 ], [ -89.939893581422993, 30.064185441663 ], [ -89.939799580647005, 30.063120441929001 ], [ -89.939620582022997, 30.061351441359999 ], [ -89.939491581457006, 30.060056440638999 ] ] ] ] } },
{ "type": "Feature", "properties": { "objectid": "35", "gnocdc_lab": "LAKE CATHERINE", "shape_starea": "1872417381.0073395", "shape_stlength": "309845.79706149292" }, "geometry": { "type": "MultiPolygon", "coordinates": [ [ [ [ -89.742413194137995, 30.173869606436 ], [ -89.742349193606003, 30.17383760828 ], [ -89.742245194847996, 30.173777606906999 ], [ -89.742174194482004, 30.173735607840001 ], [ -89.742109197204996, 30.173670608535001 ], [ -89.742042194918, 30.173582608002999 ], [ -89.741955195925001, 30.173505607869998 ], [ -89.741929194519997, 30.173464609103998 ], [ -89.741904193327997, 30.173415607022001 ], [ -89.741807175066, 30.173241889002 ], [ -89.741759194804004, 30.173199608135999 ], [ -89.741691193408002, 30.173176607986999 ], [ -89.741638600596005, 30.173167780096001 ], [ -89.741619693329994, 30.173164606118998 ], [ -89.741604008731997, 30.173155814076999 ], [ -89.741568813122001, 30.173136082515999 ], [ -89.741553691492996, 30.173127605825002 ], [ -89.741543138121997, 30.173114431344001 ], [ -89.741471194015006, 30.1730246079 ], [ -89.741381194355, 30.172916606731999 ], [ -89.741350194497997, 30.172830607596001 ], [ -89.741326194500999, 30.172749608284999 ], [ -89.741323927923005, 30.172728684452 ], [ -89.741309194775994, 30.172592607805001 ], [ -89.741309737191997, 30.172573363544 ], [ -89.741311194093001, 30.172521607758998 ], [ -89.741330533809005, 30.172500327639 ], [ -89.741455874504993, 30.172362407904 ], [ -89.741307452609007, 30.172115449614999 ], [ -89.741261194323002, 30.172172607503001 ], [ -89.741154887419995, 30.172290907878001 ], [ -89.741113932383996, 30.172336485605999 ], [ -89.741096318811998, 30.172349562739999 ], [ -89.741027693937994, 30.172342607126001 ], [ -89.741016648203001, 30.172302314741 ], [ -89.741010713142003, 30.172280672642 ], [ -89.741010605445993, 30.172258580320001 ], [ -89.741010505624004, 30.172237943384999 ], [ -89.741010391813006, 30.172214415547 ], [ -89.741010541267997, 30.172198838602998 ], [ -89.741010896120997, 30.172177496202998 ], [ -89.741011193668001, 30.172159606836001 ], [ -89.741021946386994, 30.172087268014 ], [ -89.741034194917006, 30.172025607062 ], [ -89.741036195887006, 30.171943607983 ], [ -89.741062192667997, 30.171864607122 ], [ -89.741060824800996, 30.171845084463001 ], [ -89.741058193797002, 30.171807606674999 ], [ -89.741037193555997, 30.17172560685 ], [ -89.741004193495996, 30.171671608895998 ], [ -89.740960193983994, 30.171612606991001 ], [ -89.740932194037001, 30.171555608138 ], [ -89.740886193229002, 30.171497606969002 ], [ -89.740782194294994, 30.171423607224 ], [ -89.740739192809997, 30.171374607650002 ], [ -89.740711193788002, 30.171335608183 ], [ -89.740611193280003, 30.171243605731 ], [ -89.740518192804004, 30.171121608404999 ], [ -89.740492116620004, 30.171009943291999 ], [ -89.740500736727, 30.170929234938999 ], [ -89.740499407369001, 30.170913608549998 ], [ -89.740493193513004, 30.170840608289001 ], [ -89.740470193826994, 30.170783608368001 ], [ -89.740458193804997, 30.170733607256 ], [ -89.740420192707006, 30.170686608655998 ], [ -89.740377194714, 30.170652607615999 ], [ -89.740341193323005, 30.170591608026999 ], [ -89.740307194205002, 30.170527607448001 ], [ -89.740308485091006, 30.170509295199999 ], [ -89.740307634803997, 30.170448934957001 ], [ -89.740274195404993, 30.170411607353 ], [ -89.740232193639002, 30.170352606756001 ], [ -89.740141193623003, 30.170295607183 ], [ -89.740103193657006, 30.170268607265001 ], [ -89.740042192497995, 30.170237606842999 ], [ -89.739990192679002, 30.170197606266001 ], [ -89.739957193359004, 30.170122607787999 ], [ -89.739934193630006, 30.17001360699 ], [ -89.739869194478004, 30.169872607346999 ], [ -89.739841193211006, 30.169799606308999 ], [ -89.739765190352998, 30.16974160757 ], [ -89.739753194963001, 30.169691606432998 ], [ -89.739731347246007, 30.169650775566001 ], [ -89.739722693819999, 30.169634605932 ], [ -89.739706930778993, 30.169620964130999 ], [ -89.739637194994003, 30.169560607743001 ], [ -89.739585193021, 30.169495606247999 ], [ -89.739528191804993, 30.169429607796999 ], [ -89.739482193279002, 30.169389607361001 ], [ -89.739464194742993, 30.169314606895 ], [ -89.739428194186999, 30.169232605889 ], [ -89.739352191142999, 30.169176606232 ], [ -89.739229191570999, 30.169062607127 ], [ -89.739148193233007, 30.169006608311999 ], [ -89.739102192082001, 30.168961605753999 ], [ -89.739068190569, 30.168896606924999 ], [ -89.739064260844998, 30.168876088773999 ], [ -89.739050193487998, 30.168802606397001 ], [ -89.739021193992997, 30.168720606903001 ], [ -89.738961192139001, 30.168646607043001 ], [ -89.738900192203005, 30.168594606732999 ], [ -89.738873194128004, 30.168549607395001 ], [ -89.738869617144005, 30.168528981626 ], [ -89.738860192735999, 30.168474606798998 ], [ -89.738859667678, 30.168453578546 ], [ -89.738858852438995, 30.168385898907999 ], [ -89.738863980540003, 30.168368476644002 ], [ -89.738902681051002, 30.168329297991999 ], [ -89.738650569995002, 30.168127131401 ], [ -89.738468801216996, 30.167981371557001 ], [ -89.738195322657006, 30.168147976655 ], [ -89.738153007237997, 30.168173753893001 ], [ -89.738075608505, 30.168150260093 ], [ -89.738046961801004, 30.168141564323001 ], [ -89.738006191682004, 30.168099607412 ], [ -89.738012630810999, 30.168077617721998 ], [ -89.738018949251995, 30.168056031671998 ], [ -89.738032316236001, 30.168003453655999 ], [ -89.738017978518002, 30.167970421966 ], [ -89.738009691700995, 30.167956606947001 ], [ -89.737992845389002, 30.167950465579001 ], [ -89.737919192114006, 30.167923605673 ], [ -89.737834192335995, 30.167893606728999 ], [ -89.737739193726995, 30.167830607755999 ], [ -89.737676191176007, 30.167782608366998 ], [ -89.737595555542995, 30.167730076601998 ], [ -89.737575764260995, 30.167714495620999 ], [ -89.737528192867998, 30.167673607493001 ], [ -89.737435192456999, 30.167642606531 ], [ -89.737370192338005, 30.167649605186998 ], [ -89.737334192052003, 30.167690607002999 ], [ -89.737297618037999, 30.16771324694 ], [ -89.737281691749999, 30.167723105899 ], [ -89.737263040882993, 30.167721433886001 ], [ -89.737209192021993, 30.167716608403001 ], [ -89.737138192584993, 30.167652606579001 ], [ -89.737121854362002, 30.167635375648999 ], [ -89.737083192319005, 30.167594606028 ], [ -89.736983192926999, 30.167499607090001 ], [ -89.736889192139998, 30.167429607451002 ], [ -89.736789190154994, 30.167381607193001 ], [ -89.736699190462005, 30.167331605924002 ], [ -89.736647191133997, 30.167296607733 ], [ -89.736585191361996, 30.167237606450001 ], [ -89.73654619074, 30.167196606106 ], [ -89.736516190426002, 30.167155606468999 ], [ -89.736493193930997, 30.167109607583001 ], [ -89.736491972086995, 30.167088550119999 ], [ -89.736489363077993, 30.167043536135999 ], [ -89.736488461402999, 30.167027959075 ], [ -89.736489190523997, 30.166985606487 ], [ -89.736508908049998, 30.166944393285 ], [ -89.736518506146993, 30.166924339299001 ], [ -89.736588191508005, 30.166922606362 ], [ -89.736635192037994, 30.166930608933001 ], [ -89.736693920958004, 30.166932499249999 ], [ -89.736730190719996, 30.166922606985999 ], [ -89.736777191404997, 30.166896606333999 ], [ -89.736784779581001, 30.166847781200001 ], [ -89.736588668547995, 30.166734305384999 ], [ -89.736536821011001, 30.166704301911 ], [ -89.736411193397998, 30.166631606515001 ], [ -89.736283191064999, 30.166482608759001 ], [ -89.736213192742994, 30.166354607233 ], [ -89.736179191039994, 30.166222606306999 ], [ -89.736179209244995, 30.166201470926001 ], [ -89.736179305682001, 30.166092220359001 ], [ -89.736186791953003, 30.166066591208999 ], [ -89.736205192157001, 30.166003606657 ], [ -89.736265191737999, 30.16587860692 ], [ -89.736325192577993, 30.165750606359001 ], [ -89.736381257136998, 30.165690439058999 ], [ -89.736412103, 30.165683157208001 ], [ -89.736446443394996, 30.165676162172002 ], [ -89.736433875078006, 30.165598379527999 ], [ -89.736377191534999, 30.165576607087001 ], [ -89.736335193287005, 30.165550605991001 ], [ -89.736301282452004, 30.165543251745 ], [ -89.736282670413004, 30.165541192098999 ], [ -89.736243892843007, 30.165550870712 ], [ -89.736217191237998, 30.165558522106998 ], [ -89.736184793838007, 30.165514689215001 ], [ -89.736170439179006, 30.16549222399 ], [ -89.736146487393995, 30.165452474915998 ], [ -89.736135191049001, 30.165433606021999 ], [ -89.736134933409005, 30.165417498122999 ], [ -89.736134586337997, 30.165396091253999 ], [ -89.736134192082005, 30.165371606312998 ], [ -89.736142191246998, 30.165311607564998 ], [ -89.736185567468993, 30.165253381631999 ], [ -89.736197691300006, 30.165237106113 ], [ -89.736211310062004, 30.165221686869 ], [ -89.736258192080001, 30.165168606378 ], [ -89.736295191603006, 30.165143605335 ], [ -89.736340191531994, 30.165142606621 ], [ -89.736401189297993, 30.165160606783001 ], [ -89.736574191382005, 30.165220605929001 ], [ -89.736673190744, 30.165251606199 ], [ -89.736759192750995, 30.165268607037 ], [ -89.736852191881994, 30.165283607483001 ], [ -89.736945191326996, 30.165311606271999 ], [ -89.737031193177003, 30.165315605818002 ], [ -89.737151191172998, 30.165313606493999 ], [ -89.737215190650005, 30.165293606466001 ], [ -89.737336191218006, 30.165276605127001 ], [ -89.737401193262997, 30.165250604693998 ], [ -89.737473190428005, 30.165217606393 ], [ -89.737524192807001, 30.165175605068999 ], [ -89.737603192367999, 30.165128606753001 ], [ -89.737691191447993, 30.165034603826001 ], [ -89.737739190051002, 30.164966606253 ], [ -89.737759192837999, 30.164863607196999 ], [ -89.737790192331005, 30.164532604609001 ], [ -89.737829190409997, 30.164356606902999 ], [ -89.737900627732003, 30.164359403830002 ], [ -89.737314631280995, 30.16383582445 ], [ -89.737293191909998, 30.163951605992999 ], [ -89.737241192962003, 30.163971606053 ], [ -89.737190190438994, 30.163978608015999 ], [ -89.737170851057996, 30.163953476919001 ], [ -89.737158428018006, 30.16393733544 ], [ -89.737113319170007, 30.163897366513002 ], [ -89.737045192172999, 30.163893605950001 ], [ -89.736973193284001, 30.163902607419001 ], [ -89.736882189683996, 30.163899606480001 ], [ -89.736811190644005, 30.163872606603999 ], [ -89.736760191152001, 30.163841606565001 ], [ -89.736713492641002, 30.163803076252002 ], [ -89.736679381317998, 30.163790713198999 ], [ -89.736581191235004, 30.163812605941999 ], [ -89.736528191554001, 30.163809606619999 ], [ -89.736473193088997, 30.163786606824001 ], [ -89.736472159629002, 30.163731406779998 ], [ -89.736503192767998, 30.163694606254001 ], [ -89.736485189945995, 30.163651604552001 ], [ -89.736437367866003, 30.163613806674 ], [ -89.736392190364, 30.163609606424998 ], [ -89.736346858421996, 30.163624939348001 ], [ -89.736294191118006, 30.163492605843999 ], [ -89.736224191442005, 30.163447606554001 ], [ -89.736116190961994, 30.163376605736001 ], [ -89.736001190219994, 30.163352605549001 ], [ -89.735907192233995, 30.163288606756002 ], [ -89.735830191378, 30.163237606519999 ], [ -89.735700190640998, 30.163213605688998 ], [ -89.735532192915997, 30.163197606318001 ], [ -89.735394189171004, 30.163186606768999 ], [ -89.735286191211998, 30.163129605173999 ], [ -89.735200191014997, 30.163045605642001 ], [ -89.735129190563995, 30.162947606616999 ], [ -89.735033191103, 30.162817605619001 ], [ -89.734878189593999, 30.162701606477 ], [ -89.734716187733994, 30.162638605832001 ], [ -89.734553190526995, 30.162523607373 ], [ -89.734419192158001, 30.162367605762999 ], [ -89.734234189424001, 30.162271606259999 ], [ -89.734078188506004, 30.162162605248 ], [ -89.733886189589995, 30.162087605490001 ], [ -89.733746190112001, 30.162010606266001 ], [ -89.733630188315004, 30.161940606104 ], [ -89.733539188974007, 30.161829605120001 ], [ -89.733538707066998, 30.161808483495001 ], [ -89.733536531536004, 30.161713448730001 ], [ -89.733548189358004, 30.161571605414 ], [ -89.733608189326006, 30.161259606169999 ], [ -89.733607599685001, 30.161239954772 ], [ -89.733604189995006, 30.161126606907001 ], [ -89.733579191893, 30.161041605918999 ], [ -89.733470189453001, 30.160977604622001 ], [ -89.733393190152995, 30.160952605178998 ], [ -89.733361189963006, 30.160880605121001 ], [ -89.733363797269007, 30.160864568048002 ], [ -89.733374190280003, 30.160800605176 ], [ -89.733433191889006, 30.160733605143001 ], [ -89.733429416384993, 30.160714307557001 ], [ -89.733424190009998, 30.160687604909 ], [ -89.733362189971999, 30.16064960496 ], [ -89.733305031445994, 30.160622458007001 ], [ -89.733318189952996, 30.160570605941999 ], [ -89.733330402049006, 30.160483509418 ], [ -89.733275191567003, 30.160406603757998 ], [ -89.733170190878994, 30.160176605290001 ], [ -89.733090189975997, 30.16004660562 ], [ -89.732955189278002, 30.159850605189 ], [ -89.732930189309997, 30.159758604524001 ], [ -89.732889189429002, 30.159673605835 ], [ -89.732819190108998, 30.159588605195001 ], [ -89.732793190484003, 30.159496604992999 ], [ -89.732652188539006, 30.159367604949999 ], [ -89.732617813841003, 30.159264606806001 ], [ -89.732659188743995, 30.159201604724998 ], [ -89.732766189217998, 30.159186603936998 ], [ -89.732888189600999, 30.159216605209 ], [ -89.732964187226997, 30.159171605030998 ], [ -89.732967190015003, 30.159077606556 ], [ -89.733009190421001, 30.1589526062 ], [ -89.733018190956003, 30.158848605311 ], [ -89.733039188280998, 30.158788605621002 ], [ -89.733047708851998, 30.158706842482001 ], [ -89.733036190372999, 30.158664604630999 ], [ -89.732989189709002, 30.158625604596001 ], [ -89.732926189373003, 30.158622605112001 ], [ -89.732830163586002, 30.158674500604 ], [ -89.732762189102999, 30.158684605103002 ], [ -89.732625190077002, 30.158668604679001 ], [ -89.732601059282999, 30.158659231687 ], [ -89.732504188432003, 30.158621604629001 ], [ -89.732355188669999, 30.158584604074999 ], [ -89.732251190118006, 30.158542605592999 ], [ -89.732187190627002, 30.158503605463999 ], [ -89.732152189488005, 30.158474604997 ], [ -89.732151597712999, 30.158453491037001 ], [ -89.732150531038997, 30.158415293897001 ], [ -89.732195187162006, 30.158374605155 ], [ -89.732262189177007, 30.158333604898001 ], [ -89.732312190491001, 30.158297604952001 ], [ -89.732345187833005, 30.158252604486002 ], [ -89.732353743418003, 30.158166759210001 ], [ -89.732335188861001, 30.158089605257 ], [ -89.732288188756996, 30.158050604065998 ], [ -89.732238460662003, 30.158012542335999 ], [ -89.732207189636, 30.157988605378002 ], [ -89.732109190445996, 30.157965604805 ], [ -89.732069189919002, 30.157941605108999 ], [ -89.732005189785994, 30.157898606189001 ], [ -89.731958190482004, 30.157864604145001 ], [ -89.731950005306004, 30.157840377290999 ], [ -89.731933189996994, 30.157790605433 ], [ -89.731933478024999, 30.157769468771001 ], [ -89.731934190710007, 30.157717602790001 ], [ -89.731686140887007, 30.157663994646001 ], [ -89.731388638688003, 30.157599700091001 ], [ -89.730743800230996, 30.157460333317001 ], [ -89.729055747020993, 30.157095482496 ], [ -89.724304775722999, 30.156068492406 ], [ -89.723528185858996, 30.155900604703 ], [ -89.722785185145995, 30.155795604937001 ], [ -89.722288516847001, 30.155680441175999 ], [ -89.721116183285005, 30.155408604647999 ], [ -89.720644517330001, 30.154995715057002 ], [ -89.720466182509, 30.154839603852999 ], [ -89.719866183426007, 30.154445604974999 ], [ -89.719222183664002, 30.154304604559002 ], [ -89.718453182466007, 30.154610604054 ], [ -89.717085181962005, 30.154521603633 ], [ -89.716639659595003, 30.154571435756001 ], [ -89.716030180165006, 30.154639605191999 ], [ -89.715939181447993, 30.154628604081999 ], [ -89.715206181363001, 30.155022605220001 ], [ -89.714823180153005, 30.155025604835998 ], [ -89.714707180589997, 30.155214605183001 ], [ -89.714291180510003, 30.155304605564002 ], [ -89.713992180762006, 30.155580605089 ], [ -89.713808181957006, 30.155452605482999 ], [ -89.713324179587005, 30.155383604318999 ], [ -89.713192178859998, 30.155630606187 ], [ -89.713075177367998, 30.155515604407999 ], [ -89.712892180175004, 30.155733604975001 ], [ -89.712260180151006, 30.155868604630999 ], [ -89.712009178472002, 30.155797605515001 ], [ -89.711759179736006, 30.155900605753001 ], [ -89.711293178088994, 30.155947605698 ], [ -89.710844178306004, 30.156254605794 ], [ -89.710278177961996, 30.156388606389001 ], [ -89.709846177713004, 30.156680606144999 ], [ -89.709413179449001, 30.156640606543998 ], [ -89.709263176576002, 30.156786604309001 ], [ -89.708930177214995, 30.156875606353001 ], [ -89.708316178681997, 30.157327606498001 ], [ -89.708139678463994, 30.157463038791001 ], [ -89.707508175992999, 30.15794760751 ], [ -89.706870499043006, 30.157989798967002 ], [ -89.706843177235996, 30.157991605646 ], [ -89.706643175747004, 30.158106605505001 ], [ -89.706360177481002, 30.158179605156999 ], [ -89.706011176573995, 30.158237605619998 ], [ -89.705895177065997, 30.158410605362 ], [ -89.705679176971003, 30.158555604951001 ], [ -89.704715176674995, 30.158988607118999 ], [ -89.703550176220006, 30.159351606621001 ], [ -89.703035174426006, 30.159625606277999 ], [ -89.702586174535995, 30.159683607281998 ], [ -89.702520174103, 30.159842606280002 ], [ -89.702304175766002, 30.159958608057 ], [ -89.702022174210001, 30.160232605817001 ], [ -89.701639173301004, 30.160247606793 ], [ -89.701306174067994, 30.160435606244999 ], [ -89.700941174136005, 30.160695605701999 ], [ -89.700442173260001, 30.160768606225002 ], [ -89.700193173146005, 30.160998606288999 ], [ -89.699943174322996, 30.160999605800001 ], [ -89.699562173556004, 30.161374606732998 ], [ -89.698980174368998, 30.161505606493002 ], [ -89.698366172226997, 30.162240606678999 ], [ -89.696787173296002, 30.163050607860999 ], [ -89.696489171937003, 30.163382607430002 ], [ -89.695990172259997, 30.163483607439002 ], [ -89.695326172153003, 30.164089606621999 ], [ -89.694827171531003, 30.164321606539001 ], [ -89.694196172385006, 30.164840607203001 ], [ -89.693698170478001, 30.165216607226 ], [ -89.693250170984001, 30.165433607811998 ], [ -89.693083171862, 30.165534608062998 ], [ -89.692985170946997, 30.165837606712 ], [ -89.692486170042997, 30.166097607691999 ], [ -89.692220170712005, 30.166328608354998 ], [ -89.691856375794998, 30.166558844971998 ], [ -89.691850540268007, 30.1666137048 ], [ -89.691840970762001, 30.166725567253 ], [ -89.691839171219996, 30.166746608387999 ], [ -89.691482791130994, 30.167016488384 ], [ -89.691324169336994, 30.167136608006 ], [ -89.691258238716998, 30.167338391592001 ], [ -89.691253674484003, 30.168009733310999 ], [ -89.691243206535006, 30.168970580282998 ], [ -89.691114167706004, 30.169124608532002 ], [ -89.690815168832998, 30.169154609187 ], [ -89.690753989683003, 30.169212443557999 ], [ -89.690632168012002, 30.169327608238 ], [ -89.690488231911004, 30.169605821293999 ], [ -89.690616914228997, 30.169845169929001 ], [ -89.690623387676993, 30.169962521879999 ], [ -89.690647705092999, 30.170419863403001 ], [ -89.690653168386007, 30.170522608239999 ], [ -89.690772170339002, 30.171430609607 ], [ -89.690773169069999, 30.171689608767 ], [ -89.690900898422996, 30.171800050392001 ], [ -89.690477914927001, 30.172348692695 ], [ -89.690364708344006, 30.172492515571001 ], [ -89.690344170204995, 30.172518609386 ], [ -89.688718167749002, 30.173506609379999 ], [ -89.687978904824007, 30.173472934707998 ], [ -89.687789158296994, 30.173463730047999 ], [ -89.686893168539001, 30.173351609476001 ], [ -89.685720167390002, 30.172979610315998 ], [ -89.685616178871996, 30.172939006187999 ], [ -89.684524165211997, 30.172512607417001 ], [ -89.682771166437007, 30.171595609412002 ], [ -89.682652312336998, 30.171426025732998 ], [ -89.682361164682007, 30.171010608894001 ], [ -89.682181166150997, 30.171039609533 ], [ -89.681995163657007, 30.171070608977999 ], [ -89.681851165856003, 30.171067609344998 ], [ -89.681751164082002, 30.171053608379001 ], [ -89.681644164759007, 30.171001610546 ], [ -89.681569164086, 30.170892609719999 ], [ -89.681411163191001, 30.170803609231999 ], [ -89.681309163673006, 30.170729610527999 ], [ -89.681202165106995, 30.170683608579001 ], [ -89.681114164961002, 30.170647608549999 ], [ -89.681032164195003, 30.170648611154 ], [ -89.680958164605997, 30.170673609624998 ], [ -89.680905165051996, 30.170693609373998 ], [ -89.680849163469006, 30.170710609448999 ], [ -89.680799701694994, 30.170703705571999 ], [ -89.680780607323001, 30.170696989153999 ], [ -89.680737922343994, 30.170648403973001 ], [ -89.680735194096997, 30.170631852589999 ], [ -89.680731779894998, 30.170611147748001 ], [ -89.680728040366006, 30.170588460230999 ], [ -89.680717770450997, 30.170571466974 ], [ -89.680691164484003, 30.17054560935 ], [ -89.680131163195995, 30.170281610387999 ], [ -89.679655164086, 30.170049609957999 ], [ -89.679619164643995, 30.170012609013 ], [ -89.679590162813, 30.169977608549999 ], [ -89.679536163226999, 30.169934608449001 ], [ -89.679423163468996, 30.169900608875999 ], [ -89.679278165354006, 30.169862609740001 ], [ -89.678894162988996, 30.169725609882001 ], [ -89.678201162359997, 30.169471609687001 ], [ -89.677681163464001, 30.169245608968001 ], [ -89.677534164514995, 30.169175608484 ], [ -89.677491162581006, 30.169128607966002 ], [ -89.677404163413996, 30.169067609852 ], [ -89.677245165163001, 30.168969608184 ], [ -89.677028163719996, 30.168854608699998 ], [ -89.676886162632002, 30.168816609352 ], [ -89.676755161540996, 30.168798608924 ], [ -89.676711163871005, 30.168810608087998 ], [ -89.676663595489003, 30.168809552155 ], [ -89.676639661660005, 30.168805287051001 ], [ -89.676613669196001, 30.168780466634999 ], [ -89.676590696375996, 30.168757014044999 ], [ -89.676545162414996, 30.168693608544999 ], [ -89.676448162099007, 30.168619608337998 ], [ -89.676323299261995, 30.168565847842999 ], [ -89.676092889139994, 30.168466644241001 ], [ -89.675512163129, 30.168216607472001 ], [ -89.675459161801996, 30.168178608462998 ], [ -89.675379162899006, 30.168125608680999 ], [ -89.675188161549002, 30.168036608794001 ], [ -89.674925159701004, 30.167959609608001 ], [ -89.674749159979996, 30.167896608875001 ], [ -89.674447659495002, 30.167765107687 ], [ -89.674433548056996, 30.167751912717002 ], [ -89.674386160894997, 30.167707607796999 ], [ -89.674351162052005, 30.167670608927001 ], [ -89.673930160145005, 30.167486608731 ], [ -89.673744161981006, 30.167378608147999 ], [ -89.673621160885006, 30.167300610077 ], [ -89.673484160803994, 30.167227608192 ], [ -89.673341161002, 30.167142609399999 ], [ -89.673279161753001, 30.167070608263 ], [ -89.673117161491007, 30.166989609626 ], [ -89.672423161826998, 30.166723608599 ], [ -89.672023159039995, 30.166616607217001 ], [ -89.671708161167999, 30.166486608648999 ], [ -89.671411160792999, 30.166340607631 ], [ -89.671320160245003, 30.166247608601999 ], [ -89.671282159411007, 30.166207608107001 ], [ -89.671113159889998, 30.166123608123002 ], [ -89.670868161995003, 30.166064608921999 ], [ -89.670839047613001, 30.166032620305 ], [ -89.670827658381995, 30.166020107963998 ], [ -89.670821787077998, 30.166004845705 ], [ -89.670805159593002, 30.165961608446999 ], [ -89.670767869380995, 30.165927012126001 ], [ -89.670730339404997, 30.165903666357998 ], [ -89.670673503464997, 30.165892961080001 ], [ -89.670642369852004, 30.165887633286001 ], [ -89.670605528646007, 30.165846486934999 ], [ -89.670607990288005, 30.165829216700999 ], [ -89.670629226987003, 30.165791056456001 ], [ -89.670638658718005, 30.165774109592999 ], [ -89.670644968228999, 30.165756476458 ], [ -89.670656506550003, 30.165716596962 ], [ -89.670640685639995, 30.165687803817999 ], [ -89.670627278191006, 30.165670428220999 ], [ -89.670589160114005, 30.165636607254999 ], [ -89.670474161149997, 30.165601608380001 ], [ -89.670400158801996, 30.165551610668999 ], [ -89.670336155960001, 30.165509611032999 ], [ -89.670255159904002, 30.165445608048 ], [ -89.669868160472006, 30.165433608853998 ], [ -89.669708159498001, 30.165403607485999 ], [ -89.669493159633006, 30.165351608367001 ], [ -89.668764158965004, 30.165018608876 ], [ -89.668070159376995, 30.164521609321 ], [ -89.667821157808007, 30.164285609017 ], [ -89.667619159059996, 30.164161607427001 ], [ -89.667513157868001, 30.164107608415001 ], [ -89.667383157925002, 30.16409160876 ], [ -89.667248156184996, 30.164086609001 ], [ -89.667152157472003, 30.164031608281 ], [ -89.667079157432994, 30.163959608553998 ], [ -89.666697157578, 30.163517608465 ], [ -89.666532157383003, 30.163362608183999 ], [ -89.666484156527005, 30.163338609124001 ], [ -89.666427851717003, 30.163340759257 ], [ -89.666383573472004, 30.163345210532 ], [ -89.666364213397003, 30.163343031389001 ], [ -89.666301158191004, 30.163301608320999 ], [ -89.666265156118996, 30.163245606958998 ], [ -89.666263625832997, 30.163224574518999 ], [ -89.666261156472004, 30.163190608371 ], [ -89.666227158256007, 30.163127607515001 ], [ -89.666163158846004, 30.163076607827001 ], [ -89.666096157930994, 30.163024606566001 ], [ -89.666021157436006, 30.162976608394001 ], [ -89.665935158495003, 30.162927606758 ], [ -89.665834158232002, 30.162909606589 ], [ -89.665725156248996, 30.162842607516001 ], [ -89.665605156783002, 30.162790607891001 ], [ -89.665448158122004, 30.162720607891 ], [ -89.664886157167999, 30.162170607512 ], [ -89.664759157212998, 30.162036608916999 ], [ -89.664680157633001, 30.161981605807998 ], [ -89.664605295024003, 30.161974160499 ], [ -89.664584654986001, 30.161972108347999 ], [ -89.664562878225993, 30.161975061854999 ], [ -89.664485155726993, 30.161985607885001 ], [ -89.664393158061998, 30.161957607356001 ], [ -89.664344156051001, 30.161901607807 ], [ -89.664340212769005, 30.161881096959998 ], [ -89.664334157854995, 30.161849608029002 ], [ -89.664306156519999, 30.161785607980999 ], [ -89.664180155699995, 30.161685606921999 ], [ -89.663973155163006, 30.161579608054002 ], [ -89.663134562357001, 30.161156997180999 ], [ -89.663117197863997, 30.161146367213 ], [ -89.663108520002993, 30.161132435012998 ], [ -89.663082670489999, 30.161090931263001 ], [ -89.663083968997, 30.161072819053999 ], [ -89.663089155912004, 30.161000608315 ], [ -89.663101908220995, 30.160924468524001 ], [ -89.663072156854994, 30.160849607442 ], [ -89.662996701387002, 30.160781318523998 ], [ -89.662982653864006, 30.160768608491999 ], [ -89.662968144990998, 30.160756415009999 ], [ -89.662898154942994, 30.160697607410999 ], [ -89.662772156548996, 30.160649608151999 ], [ -89.662484137568995, 30.160155128844998 ], [ -89.662482063954002, 30.160086462125999 ], [ -89.662462000036001, 30.160053940248002 ], [ -89.662453156737001, 30.160039607114999 ], [ -89.662435271933006, 30.160031909046001 ], [ -89.662381156907998, 30.160008607790001 ], [ -89.662321156412006, 30.159977608015001 ], [ -89.662247154457006, 30.159894607127001 ], [ -89.662182155413007, 30.159787606188999 ], [ -89.662154156363997, 30.159745608535999 ], [ -89.662123298527007, 30.159724051832001 ], [ -89.662103463986, 30.159716969594001 ], [ -89.662070156404994, 30.159709607412999 ], [ -89.662013155218006, 30.159711606965001 ], [ -89.661944982296006, 30.159701358652999 ], [ -89.661907907935003, 30.159662574262001 ], [ -89.661903778463994, 30.159634387432 ], [ -89.661902046517, 30.159613427242999 ], [ -89.661900655170001, 30.159596608131999 ], [ -89.661950868755994, 30.15954626369 ], [ -89.661963620357994, 30.159530760673 ], [ -89.661939627703006, 30.159489531033 ], [ -89.661763528948995, 30.15947986786 ], [ -89.661720248522997, 30.159477539960999 ], [ -89.661655154653005, 30.159423607177999 ], [ -89.661634154918005, 30.159381606117002 ], [ -89.661594972786006, 30.159357064706001 ], [ -89.661572214328999, 30.159345361044 ], [ -89.661501402740001, 30.159310607641 ], [ -89.661499504215001, 30.159293328267999 ], [ -89.661497201928995, 30.159272393319 ], [ -89.661494976965002, 30.159252171216998 ], [ -89.661493153625997, 30.159235608271 ], [ -89.661463155914007, 30.159190607734001 ], [ -89.661391315943007, 30.159164796845001 ], [ -89.661397066855997, 30.159136045968999 ], [ -89.661409154764002, 30.159075607643999 ], [ -89.661422500390003, 30.159023059999001 ], [ -89.661380301036004, 30.158966874863001 ], [ -89.661353788324007, 30.15893983874 ], [ -89.661347944970004, 30.158920426072001 ], [ -89.661347041254004, 30.158902335564999 ], [ -89.661346154301, 30.158884607069002 ], [ -89.661380252238004, 30.158860463381998 ], [ -89.661404027539007, 30.158843631356 ], [ -89.661416154112004, 30.158760606889999 ], [ -89.661414262742994, 30.158739625719999 ], [ -89.661405155932997, 30.158638607541999 ], [ -89.661351156281995, 30.158534607518 ], [ -89.661280156410001, 30.158407605861999 ], [ -89.661221771121006, 30.158335279172999 ], [ -89.661205954354998, 30.158322173877998 ], [ -89.661182175232994, 30.158314138329999 ], [ -89.661145931380005, 30.158299456704 ], [ -89.661137442145005, 30.158269069025 ], [ -89.661130497296, 30.15820192931 ], [ -89.661091155378998, 30.15814310607 ], [ -89.661072826644002, 30.158133059065001 ], [ -89.661008155567004, 30.158097607329999 ], [ -89.660935154189005, 30.158029607218001 ], [ -89.660911155888002, 30.157940607387999 ], [ -89.660877155194001, 30.157879606154001 ], [ -89.660808155938, 30.157825608944002 ], [ -89.660763156217001, 30.157814607346999 ], [ -89.660698154932007, 30.157807607862999 ], [ -89.660506153385001, 30.157689606154999 ], [ -89.660437154698997, 30.157590606904002 ], [ -89.660404153174994, 30.157529607389002 ], [ -89.660378152723993, 30.157418607122001 ], [ -89.660377499269998, 30.157397497278001 ], [ -89.660375485634006, 30.157332642284999 ], [ -89.660442155034005, 30.157139607049 ], [ -89.660470358328993, 30.157003002364998 ], [ -89.660386153806002, 30.156365606767 ], [ -89.657145560610005, 30.156385342770001 ], [ -89.657102152831996, 30.156385607457999 ], [ -89.657076252015003, 30.156364146836001 ], [ -89.656583152053997, 30.155955606465 ], [ -89.656434153283996, 30.155912607341001 ], [ -89.656334152325002, 30.155898606680001 ], [ -89.656105152066004, 30.155873607019998 ], [ -89.656057151287001, 30.155848607075999 ], [ -89.655995151620999, 30.155803605929002 ], [ -89.655908152123999, 30.155742606684999 ], [ -89.655710153547005, 30.155674606636001 ], [ -89.655660910021993, 30.15565257534 ], [ -89.655641051765002, 30.155638040210999 ], [ -89.655612150688995, 30.155611605867001 ], [ -89.655586439149999, 30.155565324942 ], [ -89.655574002858003, 30.155548714359 ], [ -89.655539150660005, 30.155521606084999 ], [ -89.655498153164999, 30.155504606787002 ], [ -89.65545315208, 30.155501606198001 ], [ -89.655402152204999, 30.155502606473 ], [ -89.655341153045001, 30.155495606531002 ], [ -89.655208744188997, 30.155459939412001 ], [ -89.655185665963003, 30.155451596803001 ], [ -89.655128151029004, 30.155418606990001 ], [ -89.655037151201995, 30.155267606572 ], [ -89.65498651067, 30.155232819418998 ], [ -89.654965858875002, 30.155227615872001 ], [ -89.654905150939996, 30.155215607492 ], [ -89.654766152440004, 30.155200606640999 ], [ -89.654695151393, 30.155201606437 ], [ -89.654633150665006, 30.155202607103998 ], [ -89.654564151162006, 30.155212605988002 ], [ -89.654501151827006, 30.155229606826001 ], [ -89.654457151043005, 30.155237607909001 ], [ -89.654377151755995, 30.155217607916001 ], [ -89.654336150649002, 30.155195607993001 ], [ -89.654249152652, 30.155126606585 ], [ -89.654117151034995, 30.155053606159999 ], [ -89.654028151025003, 30.155019606753001 ], [ -89.653906150837003, 30.154991605483001 ], [ -89.653783151192997, 30.154982606970002 ], [ -89.653621151699994, 30.154982607575 ], [ -89.653490153695003, 30.154977606669 ], [ -89.653436151285007, 30.154947605766001 ], [ -89.653390150716007, 30.154872605636001 ], [ -89.653354266991997, 30.154847980126 ], [ -89.653339152171, 30.154837607565 ], [ -89.653318900003001, 30.154836664714001 ], [ -89.653253149414994, 30.154833605591001 ], [ -89.653050151399, 30.154843608593001 ], [ -89.652879151232, 30.154865605672001 ], [ -89.652731149454993, 30.154895607122999 ], [ -89.652583150843995, 30.154944606011 ], [ -89.652508150667998, 30.15492260608 ], [ -89.652459149303994, 30.154874606587001 ], [ -89.652380148494004, 30.154723606556999 ], [ -89.652305148533998, 30.154609606009998 ], [ -89.652238150049996, 30.154576606778999 ], [ -89.652106150896003, 30.154540606099001 ], [ -89.651959150487997, 30.154463606574001 ], [ -89.651857150477994, 30.154443606872 ], [ -89.651764149244002, 30.154391606628 ], [ -89.651635149906994, 30.154325606353002 ], [ -89.651489150133997, 30.154240606260998 ], [ -89.651369178029995, 30.154205298689 ], [ -89.651178151473999, 30.154109606115998 ], [ -89.651076150069997, 30.154070607314001 ], [ -89.650820148297996, 30.153994606626 ], [ -89.650728149168998, 30.153988605605001 ], [ -89.650652148882997, 30.153989606180001 ], [ -89.650584148972001, 30.154001606979001 ], [ -89.650524150942999, 30.154008606802002 ], [ -89.650458150435, 30.154017606941 ], [ -89.650411639930994, 30.153999718241 ], [ -89.650396364068996, 30.153989685229 ], [ -89.650378149432001, 30.153959603918 ], [ -89.650361563255998, 30.153898408882998 ], [ -89.650080247774994, 30.153966126284999 ], [ -89.650075585782005, 30.153983901351001 ], [ -89.650059150952004, 30.154046605647999 ], [ -89.650020497314998, 30.154077869211999 ], [ -89.649999149492004, 30.154128605716 ], [ -89.650027146748002, 30.154182106916 ], [ -89.650044949207, 30.154189952715999 ], [ -89.650103150581003, 30.154215606606002 ], [ -89.650258149094, 30.154351606761001 ], [ -89.650300664441005, 30.154409559015999 ], [ -89.650291242302004, 30.154443977399001 ], [ -89.650275663326994, 30.154456849285001 ], [ -89.650226148759003, 30.154481607158001 ], [ -89.650088825313006, 30.154487007949999 ], [ -89.650068485627997, 30.154487808414 ], [ -89.650051551207, 30.154494816452999 ], [ -89.649977148242996, 30.154525607355001 ], [ -89.649911148569998, 30.154544605860998 ], [ -89.649845149558999, 30.154543606188 ], [ -89.649773148335001, 30.154529606153002 ], [ -89.649701149801004, 30.154506606264999 ], [ -89.649637150310994, 30.154460606625001 ], [ -89.649588864655001, 30.154378111707999 ], [ -89.649570909019005, 30.154375149521002 ], [ -89.649479149092997, 30.154372606268002 ], [ -89.649377148572995, 30.15435960692 ], [ -89.649272148771999, 30.154332606114 ], [ -89.649137147733001, 30.154264606746999 ], [ -89.649055148608994, 30.154237607243001 ], [ -89.648785150481999, 30.154199608412998 ], [ -89.648718147756, 30.154188605744 ], [ -89.648581145671997, 30.154181105226002 ], [ -89.648568187661994, 30.154168286628 ], [ -89.648535149297004, 30.154135606655 ], [ -89.648478147652, 30.154104605381999 ], [ -89.648347149610998, 30.154100605345 ], [ -89.648201148678993, 30.15411560679 ], [ -89.648010147628, 30.154133606649999 ], [ -89.647788146783995, 30.154124607374001 ], [ -89.647659148510002, 30.154139608141001 ], [ -89.647507145483999, 30.154177606885 ], [ -89.647426148326005, 30.154213606388002 ], [ -89.647376148606, 30.154221606899998 ], [ -89.647320147461002, 30.154234606654999 ], [ -89.647264148269997, 30.154257606845999 ], [ -89.647199148501997, 30.154297607413 ], [ -89.647116149447996, 30.154362606206 ], [ -89.647055148044004, 30.154417607062001 ], [ -89.647014146987004, 30.154452607490001 ], [ -89.646666148376994, 30.154600606870002 ], [ -89.646504149964002, 30.154655606540999 ], [ -89.646302148079002, 30.154703606155 ], [ -89.646086147160005, 30.154709606566001 ], [ -89.645895147624998, 30.154727607910001 ], [ -89.645788148872995, 30.154749606496999 ], [ -89.645456148581999, 30.154823606299999 ], [ -89.645329147281998, 30.154845606491001 ], [ -89.644929147680998, 30.154830607128002 ], [ -89.644740146977995, 30.154819607316 ], [ -89.644300145160003, 30.15478060569 ], [ -89.643837145679996, 30.154780606808998 ], [ -89.643750146453996, 30.154782607419001 ], [ -89.643696146158007, 30.154766607096999 ], [ -89.643588145128007, 30.154718606039999 ], [ -89.643512306944004, 30.154695086189001 ], [ -89.643494644328001, 30.154689607872001 ], [ -89.643475352758998, 30.154690919693 ], [ -89.643421146140994, 30.154694606216001 ], [ -89.643372337234993, 30.154723004808002 ], [ -89.643356351039003, 30.154736507650998 ], [ -89.643327456050002, 30.154765707328998 ], [ -89.643313085762998, 30.154782914729001 ], [ -89.643281146147999, 30.154822606326999 ], [ -89.643208145366003, 30.154855606561998 ], [ -89.643060146075996, 30.154864607494002 ], [ -89.642703144280006, 30.154793606441 ], [ -89.642600145092999, 30.154761606792999 ], [ -89.642456143873005, 30.154706605516999 ], [ -89.642418144234, 30.154641607053001 ], [ -89.642378145262001, 30.15461260491 ], [ -89.642321146054002, 30.154601606380002 ], [ -89.642279580752003, 30.154564823038999 ], [ -89.642264646201994, 30.154551607641 ], [ -89.642249292599004, 30.154539103247 ], [ -89.642207034004997, 30.154507505190999 ], [ -89.642185116362995, 30.154501018453001 ], [ -89.642104144662994, 30.154500606001999 ], [ -89.641939145959, 30.154512606813999 ], [ -89.641877145002994, 30.154528606648999 ], [ -89.641815146061006, 30.154522607135 ], [ -89.641727144919997, 30.154497607521002 ], [ -89.641597145312005, 30.154482606249001 ], [ -89.641537145328996, 30.154486607431 ], [ -89.641470145992997, 30.154492607459002 ], [ -89.641418142595001, 30.154509607834001 ], [ -89.641342145039005, 30.154515606914 ], [ -89.641291146219004, 30.154514605983 ], [ -89.641220144439998, 30.154493607281999 ], [ -89.641151143683004, 30.154463607299999 ], [ -89.641049145859995, 30.154448607580001 ], [ -89.640976145509995, 30.154449605901 ], [ -89.640769143813998, 30.154474607846002 ], [ -89.640708144076996, 30.154502607164002 ], [ -89.640661144784005, 30.154543607040999 ], [ -89.640585146359001, 30.154551606845999 ], [ -89.640537144831995, 30.154550607112 ], [ -89.640438144447003, 30.154532608459 ], [ -89.640314143425996, 30.154502606487998 ], [ -89.640215145596002, 30.154491606385001 ], [ -89.640108144820005, 30.154481606872999 ], [ -89.639997143952996, 30.154447606805999 ], [ -89.639753143280998, 30.154367607308 ], [ -89.639606142548999, 30.154341605706001 ], [ -89.639521144103995, 30.154325607853998 ], [ -89.639171143655005, 30.15416560701 ], [ -89.639011144544995, 30.154104606682001 ], [ -89.638885144214001, 30.154050605102 ], [ -89.638834143319002, 30.154029607712001 ], [ -89.638775144486999, 30.154025606792999 ], [ -89.638696143109996, 30.154027606703 ], [ -89.638636143978005, 30.154014607440999 ], [ -89.638541146080001, 30.153985607237999 ], [ -89.638484144803996, 30.153986607726999 ], [ -89.638397143272996, 30.154000607288999 ], [ -89.638307143103006, 30.154002607224999 ], [ -89.638219145544994, 30.153974607146999 ], [ -89.638022142834998, 30.153962608792 ], [ -89.637796142173997, 30.153947608105 ], [ -89.637676142640004, 30.153915607 ], [ -89.637619142999, 30.153870606340998 ], [ -89.637514142314004, 30.153804606634001 ], [ -89.637457140820004, 30.153781607045001 ], [ -89.637313144065999, 30.153772608160999 ], [ -89.637199143874, 30.153742605563 ], [ -89.637131141419999, 30.153717607495999 ], [ -89.637076143330006, 30.153678606991001 ], [ -89.636961142643997, 30.153562606761 ], [ -89.636895142609006, 30.153504606866001 ], [ -89.636838142402993, 30.1534696063 ], [ -89.636741142345002, 30.153446605997999 ], [ -89.636647142612006, 30.153433605886999 ], [ -89.636542139772999, 30.153406606571998 ], [ -89.636447140751997, 30.153363606544001 ], [ -89.636326142887, 30.153282606821001 ], [ -89.636267141792004, 30.153205608852002 ], [ -89.636207142282998, 30.153154606935001 ], [ -89.636152144085997, 30.153124605894 ], [ -89.636059140596998, 30.153108607400998 ], [ -89.635889142123006, 30.153049607402998 ], [ -89.635438141129995, 30.152953606716 ], [ -89.635238140691001, 30.152912607200001 ], [ -89.635117142324006, 30.152866607016001 ], [ -89.634912642348993, 30.152896108899998 ], [ -89.634892488033998, 30.152892076998999 ], [ -89.634825139360004, 30.152878605072001 ], [ -89.634699615179002, 30.152864039867001 ], [ -89.634678639395005, 30.152861606047001 ], [ -89.634657409987, 30.152864241363002 ], [ -89.634606141008007, 30.152870607476999 ], [ -89.634569469653002, 30.152881566401 ], [ -89.634550390903001, 30.152890924047998 ], [ -89.634524141352003, 30.152906607847999 ], [ -89.634483972270004, 30.152923774221001 ], [ -89.634465644171996, 30.152931607715001 ], [ -89.634445257679999, 30.152931205181002 ], [ -89.634399083841998, 30.152929678189 ], [ -89.634356761028997, 30.152874585056999 ], [ -89.634366899892001, 30.152834923212001 ], [ -89.634379373326993, 30.152820776184999 ], [ -89.634440140302999, 30.152773606835002 ], [ -89.634464852212005, 30.152748189697 ], [ -89.634477410087996, 30.152730795677002 ], [ -89.634490142114998, 30.15269260541 ], [ -89.634503300168006, 30.152650498583 ], [ -89.634513806224007, 30.152634705766999 ], [ -89.634540142800006, 30.152604606160001 ], [ -89.634605142488994, 30.152564606354002 ], [ -89.634699142951007, 30.152515606756001 ], [ -89.634798140797997, 30.152432607312999 ], [ -89.634877141074995, 30.152395606344999 ], [ -89.634892218318996, 30.15237481622 ], [ -89.634908140879006, 30.152352855947999 ], [ -89.634908504337005, 30.152322599422 ], [ -89.634909142439994, 30.152269606318001 ], [ -89.634893141980001, 30.152229606801001 ], [ -89.634830142539997, 30.152117606480999 ], [ -89.634788141387006, 30.152080606677998 ], [ -89.634730141446994, 30.152039607717999 ], [ -89.634695981042, 30.152022736877001 ], [ -89.634675965943998, 30.152014997614 ], [ -89.634645141796, 30.152004607243001 ], [ -89.634608929766003, 30.151972411523001 ], [ -89.634586141767002, 30.151927605783001 ], [ -89.634572341576003, 30.151877433818001 ], [ -89.634565687267994, 30.151854949911002 ], [ -89.634547142287005, 30.151795605962999 ], [ -89.634526487366998, 30.151748819302998 ], [ -89.634522781618003, 30.151725356558 ], [ -89.634522754732998, 30.151708432848999 ], [ -89.634522719735003, 30.151687055566999 ], [ -89.634352142807003, 30.151463606056002 ], [ -89.634212142508005, 30.151493605947 ], [ -89.634108142458999, 30.151495606626 ], [ -89.634036142075004, 30.151484606019 ], [ -89.633942140871994, 30.151479605917999 ], [ -89.633879142127, 30.151485605817999 ], [ -89.633836528233999, 30.151505468861 ], [ -89.633820141982994, 30.151513106246 ], [ -89.633808133177993, 30.151526008703001 ], [ -89.633782562025999, 30.15155347988 ], [ -89.633750567155005, 30.1515878507 ], [ -89.633733614175995, 30.151595358064 ], [ -89.633700785757, 30.151600463813001 ], [ -89.633674414186999, 30.151583712055 ], [ -89.633654126218005, 30.151569099442 ], [ -89.633637699785993, 30.151557984077002 ], [ -89.633603141048994, 30.151534606251001 ], [ -89.633552140481001, 30.151513606780998 ], [ -89.633460140531, 30.151493606187 ], [ -89.633384139252001, 30.151486607416 ], [ -89.633302140873994, 30.151487607246999 ], [ -89.633239140116999, 30.151495607089 ], [ -89.633176939635007, 30.151422926950001 ], [ -89.633155174069003, 30.151419949472999 ], [ -89.633116141323995, 30.151414606494999 ], [ -89.633058141568, 30.151404606940002 ], [ -89.633000141916995, 30.151405606600999 ], [ -89.632906140279005, 30.151419606986 ], [ -89.632862141046004, 30.151410606245999 ], [ -89.632806140579007, 30.151385607317 ], [ -89.632609141372001, 30.151258606388001 ], [ -89.632464139438994, 30.151110606797999 ], [ -89.632368142841003, 30.151064607173002 ], [ -89.632315140329993, 30.151047606294 ], [ -89.632262140555, 30.151044606433999 ], [ -89.632199141323994, 30.151047605567001 ], [ -89.632130641383995, 30.151036105926 ], [ -89.632114029687997, 30.151024729031999 ], [ -89.632079688923, 30.151001202936001 ], [ -89.632059629009007, 30.150990459123999 ], [ -89.632004141283005, 30.150974607085999 ], [ -89.631942141405005, 30.150967606801998 ], [ -89.631897140179007, 30.150948605878 ], [ -89.631730139172006, 30.150862606994 ], [ -89.631463139678004, 30.150803605145999 ], [ -89.631409139800994, 30.150788606635 ], [ -89.631347139677004, 30.150784606022999 ], [ -89.631257139626996, 30.150787606213001 ], [ -89.631196141005006, 30.150773604464 ], [ -89.631147138890995, 30.150741605341999 ], [ -89.631103141569994, 30.150701606569999 ], [ -89.631075724938, 30.150663372817 ], [ -89.631065139829005, 30.150648607179999 ], [ -89.631049480705997, 30.150639212043998 ], [ -89.630980137931004, 30.150597605697001 ], [ -89.630866140356005, 30.150562607261001 ], [ -89.630686138540995, 30.150534605863001 ], [ -89.630608139380996, 30.150534606347001 ], [ -89.630458140048006, 30.150512606768999 ], [ -89.630201140001006, 30.150480605708999 ], [ -89.630125138826003, 30.150479605866 ], [ -89.630057139789002, 30.150474606858999 ], [ -89.630013140030002, 30.150459606136 ], [ -89.629906141139998, 30.150418607138999 ], [ -89.629820140204998, 30.15036560615 ], [ -89.629749138820003, 30.150310606468 ], [ -89.629616139405002, 30.150229605943 ], [ -89.629503139025999, 30.150149606279001 ], [ -89.629423139633005, 30.150122605839002 ], [ -89.629319140386997, 30.15009660522 ], [ -89.629269139458998, 30.150097607364 ], [ -89.629221138695996, 30.150103606704 ], [ -89.629105033466999, 30.150095861520999 ], [ -89.629086823102, 30.150071161797001 ], [ -89.629073139905998, 30.150052606222999 ], [ -89.629058839224996, 30.150043075927002 ], [ -89.629001140029999, 30.150004605456001 ], [ -89.628898139577004, 30.149968606119 ], [ -89.628866176459994, 30.149968967025 ], [ -89.628831890482999, 30.149969355635999 ], [ -89.628812777906006, 30.149975473868 ], [ -89.628756137473005, 30.149993605685999 ], [ -89.628669137352006, 30.150000605542001 ], [ -89.628612138700007, 30.150002606868998 ], [ -89.628532136787996, 30.150001606703 ], [ -89.628426137405, 30.149985607045 ], [ -89.628298138150001, 30.149961606805 ], [ -89.627943137382999, 30.149904605785999 ], [ -89.627832137675995, 30.149823606496 ], [ -89.627795137760003, 30.149776607278 ], [ -89.627786138869993, 30.149736605382 ], [ -89.627787761625001, 30.149721082521001 ], [ -89.627795137486004, 30.149650607146999 ], [ -89.627826138399996, 30.149535607607 ], [ -89.627884138823006, 30.149424605989999 ], [ -89.627900139841998, 30.149358605429001 ], [ -89.627908139525999, 30.149240606111999 ], [ -89.62793113667, 30.149178606366998 ], [ -89.627996138613995, 30.149068606530001 ], [ -89.628123138356997, 30.14888360654 ], [ -89.628299137371997, 30.148597605970998 ], [ -89.628598344533003, 30.147082251657999 ], [ -89.62897121716, 30.145175183866002 ], [ -89.628955136203004, 30.145137605914002 ], [ -89.628966140451993, 30.145075605197999 ], [ -89.628984680629998, 30.145028147738 ], [ -89.629143766555998, 30.144620953465999 ], [ -89.629160665097999, 30.144603172132001 ], [ -89.629207140226995, 30.144568604303998 ], [ -89.629268137466994, 30.144525605030001 ], [ -89.629306138784003, 30.144475605722999 ], [ -89.629353137427003, 30.144398605742001 ], [ -89.629387139749994, 30.144313605385001 ], [ -89.629428874528003, 30.144047095785002 ], [ -89.629467838362999, 30.143798303812002 ], [ -89.629470384838001, 30.143777856676 ], [ -89.631024807266002, 30.143715040084 ], [ -89.631678521591994, 30.143280030128 ], [ -89.632332236479996, 30.142845014269 ], [ -89.633803626158993, 30.142331852816 ], [ -89.634828372437994, 30.142078988611999 ], [ -89.635611035655003, 30.142059508026001 ], [ -89.637968081772996, 30.141469010552001 ], [ -89.639711473085995, 30.140959279583999 ], [ -89.640704697022002, 30.140558149547001 ], [ -89.640948267149994, 30.140236080032 ], [ -89.641566544381007, 30.137878950362001 ], [ -89.642118502740999, 30.136566467202002 ], [ -89.643825542236996, 30.135040276672001 ], [ -89.644207612250995, 30.134572160524002 ], [ -89.645620827277, 30.133466854561998 ], [ -89.645865363671007, 30.133085661532999 ], [ -89.646452441761994, 30.132561035466001 ], [ -89.647416556967002, 30.131863850095002 ], [ -89.648040419115006, 30.131112915543 ], [ -89.648145631345002, 30.130986272752001 ], [ -89.648170871199994, 30.130989979742999 ], [ -89.648586675447007, 30.131051035452 ], [ -89.649100219884005, 30.130850655656001 ], [ -89.649479253959996, 30.130559864144001 ], [ -89.650112287824996, 30.129326289302 ], [ -89.650222785501001, 30.128825122936 ], [ -89.650022269103999, 30.128615619057001 ], [ -89.649994260624993, 30.128260500530999 ], [ -89.650763781546004, 30.126999101409002 ], [ -89.651083275882002, 30.126204969553999 ], [ -89.651745276002998, 30.125267389394001 ], [ -89.652268265526999, 30.124505412649 ], [ -89.652343750005997, 30.124062925431002 ], [ -89.653282711141998, 30.122833234312999 ], [ -89.653840673578998, 30.122012572925001 ], [ -89.654292141442994, 30.121456618459 ], [ -89.654644095801999, 30.120751581067001 ], [ -89.655093563549997, 30.120313854807002 ], [ -89.655854992390005, 30.119525335749 ], [ -89.656956898844001, 30.118711580346002 ], [ -89.657473349575994, 30.118333824861999 ], [ -89.657820300829997, 30.117924348820001 ], [ -89.658640245515997, 30.117698263377999 ], [ -89.659708112079002, 30.116884051806998 ], [ -89.660904508371999, 30.116514915524998 ], [ -89.662246310906994, 30.115585907522998 ], [ -89.663032726514999, 30.115329806018 ], [ -89.663446647124999, 30.114980290028001 ], [ -89.663790589876996, 30.114748140924998 ], [ -89.664577486940999, 30.114462472519001 ], [ -89.665264367985003, 30.114057280828 ], [ -89.665301558459007, 30.114000001503001 ], [ -89.665359429760002, 30.113910876596002 ], [ -89.665892648834998, 30.113089639529999 ], [ -89.666545520561996, 30.112684010953998 ], [ -89.666702069419998, 30.112421421674 ], [ -89.666860395211998, 30.112155851099001 ], [ -89.667345257080996, 30.11188958692 ], [ -89.667649737185997, 30.111722379703 ], [ -89.668044910549995, 30.111489248481 ], [ -89.668336586842997, 30.111317171793999 ], [ -89.669092905287002, 30.110824146877 ], [ -89.669776782430006, 30.110596274584001 ], [ -89.670902302079, 30.110404442071999 ], [ -89.671618009712006, 30.110294305141998 ], [ -89.672091983285, 30.110418535165 ], [ -89.672248483657, 30.110404523627999 ], [ -89.672253416184006, 30.110404082344999 ], [ -89.672670907191005, 30.110366705463999 ], [ -89.673076891801998, 30.110490071575001 ], [ -89.673518351709006, 30.110525197032 ], [ -89.673645110468001, 30.110554449948001 ], [ -89.673650584320001, 30.110555713455 ], [ -89.674060323709995, 30.110650275409 ], [ -89.674418610046004, 30.110399899842001 ], [ -89.674494540680001, 30.110346838197 ], [ -89.674645154030003, 30.110402967839999 ], [ -89.674777693086, 30.110452361953001 ], [ -89.675378394476994, 30.110135303450999 ], [ -89.675618900746997, 30.110110496442001 ], [ -89.675874426940993, 30.109934018343999 ], [ -89.675899641380994, 30.109429460811 ], [ -89.675903674908, 30.109348697449999 ], [ -89.675985736385996, 30.109430342357999 ], [ -89.675988499821997, 30.109433091063998 ], [ -89.676319327898, 30.109762232508999 ], [ -89.676698249542, 30.109692672933001 ], [ -89.677535239755002, 30.109410953601 ], [ -89.677817918458004, 30.108774367582999 ], [ -89.678172793913006, 30.108721243800002 ], [ -89.678381187848998, 30.108457791618999 ], [ -89.678254045087996, 30.107924053543002 ], [ -89.679044284555999, 30.107431399060999 ], [ -89.678949659599994, 30.106986760468999 ], [ -89.679499962823002, 30.106609342839 ], [ -89.679673861652006, 30.106375019571999 ], [ -89.679764419155006, 30.105016240463002 ], [ -89.679741868479994, 30.104721123567 ], [ -89.67961593295, 30.104594298978 ], [ -89.679731412, 30.104387007273001 ], [ -89.679678718160005, 30.103704460485002 ], [ -89.679747808127004, 30.103399173871001 ], [ -89.679789046592006, 30.102843049977999 ], [ -89.679938139822994, 30.102538767075998 ], [ -89.679993302502993, 30.102108062100999 ], [ -89.680162783111996, 30.101539627960999 ], [ -89.680125167802998, 30.100912935143999 ], [ -89.680386958087993, 30.100568318556 ], [ -89.680647360744004, 30.100307180599 ], [ -89.680666360309999, 30.100126509534 ], [ -89.680625050668993, 30.099722425795001 ], [ -89.680861296219007, 30.098987837521001 ], [ -89.680863834617, 30.098834792456 ], [ -89.681058615327004, 30.098670242663001 ], [ -89.681193311382998, 30.098268366692 ], [ -89.681225922541998, 30.097266817444002 ], [ -89.681329541408005, 30.096808888428001 ], [ -89.681512464544994, 30.096393698599002 ], [ -89.681699540745996, 30.09572807344 ], [ -89.681690461447005, 30.095310477470001 ], [ -89.681538990749004, 30.094793684603999 ], [ -89.681690144399994, 30.094364180825998 ], [ -89.681568369182997, 30.093986919968 ], [ -89.681689827374001, 30.093417883118001 ], [ -89.681840283312994, 30.093030120028001 ], [ -89.682230508830003, 30.092659275890998 ], [ -89.682362194004995, 30.092438269388001 ], [ -89.682449109017, 30.092021876901001 ], [ -89.682423794390004, 30.091617993583 ], [ -89.682590017248998, 30.091244341587 ], [ -89.682609239995003, 30.091049756545001 ], [ -89.682579780029002, 30.090896311287 ], [ -89.682694541401005, 30.090730757447002 ], [ -89.682622608944001, 30.090242791584998 ], [ -89.682727136026998, 30.089729207379001 ], [ -89.682848811840003, 30.089146255633 ], [ -89.682904414388005, 30.088687722523002 ], [ -89.683125309952004, 30.087911188182002 ], [ -89.683099990516993, 30.087507304656999 ], [ -89.682996526042004, 30.086991114844999 ], [ -89.683178045890003, 30.086659401439 ], [ -89.683119576311995, 30.08632468491 ], [ -89.683128793047004, 30.085768154804999 ], [ -89.682975259616995, 30.085376581462 ], [ -89.682986320506004, 30.084708747754 ], [ -89.683054693802006, 30.084445199411 ], [ -89.683106606161999, 30.084209275603001 ], [ -89.683080599589999, 30.083847132027 ], [ -89.683134124442006, 30.083513816229001 ], [ -89.683216883365006, 30.083347860098002 ], [ -89.683237950681999, 30.083041968482 ], [ -89.683451916045001, 30.082682831963002 ], [ -89.683441215974, 30.082362627091999 ], [ -89.683430976707996, 30.082014595404999 ], [ -89.683723781276996, 30.081726024400002 ], [ -89.683872370274997, 30.081449563593001 ], [ -89.683811372213995, 30.081267889115001 ], [ -89.683352265677996, 30.080969902774001 ], [ -89.683260427503996, 30.080718263049 ], [ -89.683376789670007, 30.080455314515 ], [ -89.683235573244005, 30.080286552269001 ], [ -89.683160190696995, 30.080007286857001 ], [ -89.683214865172005, 30.079604404683 ], [ -89.683298311887, 30.079396706369 ], [ -89.683109563024999, 30.079199518745 ], [ -89.683067329482, 30.078851086964001 ], [ -89.683231913827996, 30.07857482803 ], [ -89.683187377267004, 30.078365527628002 ], [ -89.683390867922995, 30.077672269693 ], [ -89.683571215705996, 30.077410123122 ], [ -89.683534508416997, 30.076727774009001 ], [ -89.683605179121997, 30.076325091800001 ], [ -89.683965867764996, 30.075800795886 ], [ -89.684232831681001, 30.075664198992001 ], [ -89.684282216601005, 30.075638931623999 ], [ -89.684788859107996, 30.075379697966 ], [ -89.684995161428006, 30.075178586591001 ], [ -89.685211686249005, 30.074967504806001 ], [ -89.685472512820994, 30.074820453682001 ], [ -89.685726122513003, 30.074820861170998 ], [ -89.686000601169994, 30.074671217965001 ], [ -89.686594329905006, 30.074567311329002 ], [ -89.686850740558995, 30.074542685379001 ], [ -89.687253071927998, 30.074291185492001 ], [ -89.687287253633002, 30.074269816943001 ], [ -89.687383941758, 30.074244583664001 ], [ -89.687592576982993, 30.074190134612 ], [ -89.687899433387997, 30.073930805799002 ], [ -89.687904651571003, 30.073926394914999 ], [ -89.687933334665999, 30.073902153331002 ], [ -89.687993204673006, 30.073889065985 ], [ -89.688174205568004, 30.073849498148999 ], [ -89.688463069536994, 30.073797439962998 ], [ -89.688593339264997, 30.073659905269 ], [ -89.688963331386006, 30.073539279167001 ], [ -89.689316640157003, 30.073460190917 ], [ -89.689669029420998, 30.073436755425998 ], [ -89.689943497306999, 30.073287103956002 ], [ -89.690429824261003, 30.072903518981999 ], [ -89.691346908586993, 30.072594880653 ], [ -89.691380050543998, 30.072585215604999 ], [ -89.691380088074993, 30.072585204344001 ], [ -89.691941764104001, 30.072421384495001 ], [ -89.691996232988004, 30.072407493618002 ], [ -89.693034345157997, 30.072142755382998 ], [ -89.693692724355003, 30.071997875792 ], [ -89.694400005180995, 30.071797933458001 ], [ -89.695559759443995, 30.071325293897999 ], [ -89.695912207161001, 30.07124343816 ], [ -89.697018180098993, 30.071176424423001 ], [ -89.697419460945994, 30.071097911355 ], [ -89.698336050473003, 30.070817052081001 ], [ -89.69878965641, 30.070474779377999 ], [ -89.698998514446998, 30.070460453507 ], [ -89.699347474709995, 30.070606943312001 ], [ -89.699908489080002, 30.070544321050001 ], [ -89.700473097705995, 30.070583845719 ], [ -89.700944605656005, 30.070779820919 ], [ -89.701534876356007, 30.070884546898998 ], [ -89.702067088102993, 30.070626731672 ], [ -89.702560925117993, 30.070758091451999 ], [ -89.703282810510004, 30.070641780168 ], [ -89.704096804874993, 30.070763179004 ], [ -89.705574383648994, 30.07041962688 ], [ -89.706102945617005, 30.070384408045001 ], [ -89.706616871180003, 30.070265510534998 ], [ -89.707129208362005, 30.070244005321999 ], [ -89.707597187195006, 30.069999290378 ], [ -89.707981551876998, 30.069976200700001 ], [ -89.708315204524993, 30.070119477780999 ], [ -89.709177642838995, 30.070213610248 ], [ -89.710173268193003, 30.069989307654001 ], [ -89.710686281758001, 30.069926048170998 ], [ -89.711167983178001, 30.069820652333998 ], [ -89.712198760456005, 30.069401943287001 ], [ -89.712759984163995, 30.069325350977 ], [ -89.713162378156994, 30.069177223459 ], [ -89.713579406383005, 30.069112772236998 ], [ -89.714128928037994, 30.068771626675002 ], [ -89.714597108741998, 30.068512974221999 ], [ -89.714538321443001, 30.068192182301001 ], [ -89.714716535416997, 30.068055212236001 ], [ -89.714782517950994, 30.068089092125 ], [ -89.714784834656996, 30.06809028088 ], [ -89.714938673770007, 30.068169268887001 ], [ -89.715051223811003, 30.068262779133001 ], [ -89.715159682055997, 30.068352892581 ], [ -89.715386335904995, 30.068188684111998 ], [ -89.715411255915001, 30.068139498308 ], [ -89.715474692816002, 30.068014291217001 ], [ -89.715533532137002, 30.067898163788001 ], [ -89.715543519804001, 30.06787845054 ], [ -89.715642011729997, 30.067834675825999 ], [ -89.715663348386002, 30.067825194472999 ], [ -89.715741521211001, 30.067790450680999 ], [ -89.715986543224005, 30.067681160067 ], [ -89.716162272987006, 30.067697233741001 ], [ -89.716182627215005, 30.067712238060999 ], [ -89.716431041139003, 30.067895357864 ], [ -89.716799174841995, 30.067885959613999 ], [ -89.717025376747998, 30.067749575332002 ], [ -89.717360841795994, 30.067781522558999 ], [ -89.717696979552002, 30.067771729305001 ], [ -89.717989192049004, 30.067510907532998 ], [ -89.718108435690993, 30.067477952571 ], [ -89.718278471939001, 30.067430958723001 ], [ -89.718446342131003, 30.067314123130998 ], [ -89.718553556630994, 30.067239506113999 ], [ -89.718766839835993, 30.067251891725 ], [ -89.718857253655997, 30.067257144772999 ], [ -89.719302433934999, 30.067429590631999 ], [ -89.719849444835006, 30.067241468620001 ], [ -89.721026600084002, 30.066671405986 ], [ -89.721621592527995, 30.066483862135001 ], [ -89.721880899289005, 30.066278293359002 ], [ -89.722110237543006, 30.065947113036 ], [ -89.722086342271993, 30.065445844568 ], [ -89.722059036567998, 30.065383955680002 ], [ -89.721993744783006, 30.065235968974001 ], [ -89.722150088698001, 30.065176448224001 ], [ -89.722347894346001, 30.065101139774999 ], [ -89.722465935201001, 30.064726849776999 ], [ -89.722818286815993, 30.0647033256 ], [ -89.723032521440004, 30.064545450272998 ], [ -89.723366401958998, 30.064445621375999 ], [ -89.723531298227002, 30.064141482577 ], [ -89.723853301638997, 30.063954659728999 ], [ -89.724048093392994, 30.063841643122 ], [ -89.724094261472999, 30.063731876773002 ], [ -89.724164553909006, 30.063564745213 ], [ -89.724307388246999, 30.063636071281 ], [ -89.724400439430994, 30.063818114684999 ], [ -89.724575715610996, 30.063862004185001 ], [ -89.724785673514006, 30.063739324596 ], [ -89.725171583611996, 30.063618791970999 ], [ -89.725538351961006, 30.063692848553998 ], [ -89.725863643921002, 30.063362832003001 ], [ -89.726096501244996, 30.063365673377 ], [ -89.726215540168994, 30.063367125755001 ], [ -89.72663365919, 30.063233065582999 ], [ -89.726543521465999, 30.062870149809001 ], [ -89.726544026547998, 30.062838820035001 ], [ -89.726544117512006, 30.062833177590999 ], [ -89.726547783200004, 30.062605797450001 ], [ -89.726722830830994, 30.062663595779998 ], [ -89.726923766892995, 30.062720070208002 ], [ -89.726925126791997, 30.062720452202001 ], [ -89.726951733912003, 30.062716999871 ], [ -89.726976516196004, 30.062711571916999 ], [ -89.727170695786995, 30.062669057472998 ], [ -89.727397318997006, 30.062504828205999 ], [ -89.727545085730995, 30.062270056006 ], [ -89.727517128054004, 30.062019225297998 ], [ -89.727326982622998, 30.061905578908998 ], [ -89.727313006158994, 30.061780164003 ], [ -89.727776860326998, 30.061785818627001 ], [ -89.728065665493006, 30.061733675271 ], [ -89.728290270684994, 30.061694663482999 ], [ -89.728408508211999, 30.061306453501999 ], [ -89.728833557949002, 30.06074107417 ], [ -89.728774729446002, 30.060420286372999 ], [ -89.729109950685995, 30.060466117263001 ], [ -89.729273929214997, 30.060217627018002 ], [ -89.729583061195996, 30.060072751370999 ], [ -89.729508522060001, 30.059891450365001 ], [ -89.729548122327998, 30.059788488106001 ], [ -89.729593522501006, 30.059670449527001 ], [ -89.729527887228997, 30.059466385861999 ], [ -89.729510839933994, 30.059413378799999 ], [ -89.729579743447005, 30.059108064564999 ], [ -89.729625662686004, 30.059011828770998 ], [ -89.729632524942005, 30.058997448395999 ], [ -89.729934306535, 30.058945388641 ], [ -89.730222211384998, 30.058948892915001 ], [ -89.730434392640007, 30.058687068906998 ], [ -89.730536178148, 30.058326491079001 ], [ -89.730635722627994, 30.058105044881 ], [ -89.730543785139005, 30.057853436224001 ], [ -89.730320980662995, 30.057781143593001 ], [ -89.730482267903994, 30.057699611494002 ], [ -89.730868369346993, 30.057565148493001 ], [ -89.730875079949001, 30.057147747717998 ], [ -89.730839006606004, 30.057066003743 ], [ -89.730782468539005, 30.056937878869 ], [ -89.730249525635003, 30.056920446751 ], [ -89.730374226699993, 30.056459767414001 ], [ -89.730300746104007, 30.056055305095001 ], [ -89.730640199823, 30.055836778387 ], [ -89.730643331818001, 30.055641992392999 ], [ -89.730726657554996, 30.055434264077 ], [ -89.730647806101004, 30.055363725130999 ], [ -89.730440781702995, 30.055305540879001 ], [ -89.730766028982003, 30.054975514445999 ], [ -89.730722967004994, 30.054668835337001 ], [ -89.730917579090999, 30.054504210590999 ], [ -89.731173567271, 30.054516213591 ], [ -89.731194169299002, 30.054215336336998 ], [ -89.731134668159996, 30.053936291713999 ], [ -89.731237562375, 30.053506144383 ], [ -89.731165867433006, 30.052990377526001 ], [ -89.731024385349002, 30.052835580168999 ], [ -89.730783812588996, 30.052874401242999 ], [ -89.730609224128997, 30.052788780173 ], [ -89.730693006609997, 30.052609201185 ], [ -89.730791641649006, 30.052387434191001 ], [ -89.730619962250998, 30.052120940567999 ], [ -89.730624436469995, 30.051842671336999 ], [ -89.730863666820994, 30.051887330985998 ], [ -89.731040935679005, 30.051805989976 ], [ -89.730998322523007, 30.051471487307001 ], [ -89.730648932963007, 30.051314159093 ], [ -89.730571649796005, 30.051146226065999 ], [ -89.730735608356994, 30.050897730890998 ], [ -89.730594802089001, 30.050701192367001 ], [ -89.730970026969004, 30.050246527026001 ], [ -89.731009615798001, 30.049773861523001 ], [ -89.730869035271994, 30.049563410611 ], [ -89.730699150109999, 30.049185607594001 ], [ -89.730833356535001, 30.048797591027999 ], [ -89.730759207616003, 30.048434870015001 ], [ -89.730337716131004, 30.047843150074002 ], [ -89.730082255569997, 30.047758659570999 ], [ -89.730180003502994, 30.04764852185 ], [ -89.730021418709995, 30.047563093707002 ], [ -89.730168036215005, 30.047397885755 ], [ -89.730125203078998, 30.047077295206002 ], [ -89.729792494603998, 30.046878417689999 ], [ -89.729700119865001, 30.046654635071 ], [ -89.729721932082995, 30.046293080769001 ], [ -89.729567378976995, 30.045957214224 ], [ -89.729127873425, 30.045436966021001 ], [ -89.729073982117001, 30.044810084542 ], [ -89.728237814300002, 30.044090174461001 ], [ -89.728289376769993, 30.04386814483 ], [ -89.727880526136005, 30.043431763474999 ], [ -89.727414437487994, 30.042577198326001 ], [ -89.726927431367997, 30.042028529433001 ], [ -89.726580769216, 30.041704230021001 ], [ -89.726312496958997, 30.041478299457999 ], [ -89.725835521636, 30.040953442682 ], [ -89.725464877410005, 30.040479908481998 ], [ -89.725038265614998, 30.040154629574999 ], [ -89.724835315842995, 30.039845996604999 ], [ -89.724762094465007, 30.039427616507002 ], [ -89.724300811552993, 30.039268905545001 ], [ -89.724037492207998, 30.0387368753 ], [ -89.723787922870002, 30.038344172967001 ], [ -89.723457500845001, 30.038006147926001 ], [ -89.723083598535993, 30.037389265769001 ], [ -89.722832685631005, 30.037080044758 ], [ -89.722532002313997, 30.036881539633999 ], [ -89.722156314190002, 30.036375963362001 ], [ -89.721859909439004, 30.035913103310001 ], [ -89.721646834123007, 30.035242522886001 ], [ -89.721477908080999, 30.034809054587001 ], [ -89.721021380126004, 30.034358148757999 ], [ -89.720788947505994, 30.033896069236 ], [ -89.720381298150997, 30.033390096931001 ], [ -89.720230623551998, 30.032817687895001 ], [ -89.719982432826001, 30.032341499179001 ], [ -89.720008765252004, 30.032129298099999 ], [ -89.720037606752996, 30.031896858652999 ], [ -89.720089404212004, 30.031660919987999 ], [ -89.719963961006997, 30.031506304312 ], [ -89.719771178181006, 30.031559606677 ], [ -89.719625225369001, 30.031649260557 ], [ -89.719621240234005, 30.031651709156002 ], [ -89.719593485743999, 30.031668758144999 ], [ -89.719275483339004, 30.031553531835002 ], [ -89.718659755489995, 30.031058917721001 ], [ -89.718506164684001, 30.030667383040999 ], [ -89.718141775014004, 30.030454171553998 ], [ -89.717694733734007, 30.030406938424001 ], [ -89.717397465405, 30.029999722203002 ], [ -89.717404681556005, 30.029554493056001 ], [ -89.717345230616004, 30.029275441035001 ], [ -89.717273400444, 30.028773579965002 ], [ -89.717005410707998, 30.028533713695001 ], [ -89.716527075724002, 30.028444344196998 ], [ -89.716175303146002, 30.028440024539002 ], [ -89.715889522425002, 30.028311270079001 ], [ -89.716070372545005, 30.028007336116001 ], [ -89.716013409943997, 30.027575234933 ], [ -89.716113635094999, 30.027312057863998 ], [ -89.716357088373002, 30.027092389574001 ], [ -89.716230300644, 30.027021251709002 ], [ -89.715958254468006, 30.027031826843999 ], [ -89.715897232245993, 30.026850167378999 ], [ -89.716059381939999, 30.026712997259999 ], [ -89.716082367647005, 30.026281877921999 ], [ -89.716487739640002, 30.025938952564001 ], [ -89.716748306103995, 30.025649911898 ], [ -89.717215600973006, 30.025432989051001 ], [ -89.717491022811998, 30.025213710146001 ], [ -89.717941874912995, 30.025024415688002 ], [ -89.718438889284002, 30.024947016706999 ], [ -89.718769745193995, 30.024821628609001 ], [ -89.719114711261, 30.02469089629 ], [ -89.719450083519007, 30.024423397414999 ], [ -89.719681758747996, 30.024238612289 ], [ -89.720100171693005, 30.024076743879998 ], [ -89.720159457245998, 30.024061126802 ], [ -89.720453503434001, 30.023983661465 ], [ -89.722022519405996, 30.023174440293001 ], [ -89.722548248414995, 30.023007338763001 ], [ -89.723142753801994, 30.022833700302002 ], [ -89.723596915002005, 30.022751684287002 ], [ -89.723864492816006, 30.022703361710999 ], [ -89.724071318301, 30.022618675156 ], [ -89.724524521240994, 30.022433104392 ], [ -89.725131194718998, 30.022496180948998 ], [ -89.725276506794998, 30.022544182604001 ], [ -89.725281634596996, 30.022545876500999 ], [ -89.725306170080998, 30.022553981531001 ], [ -89.725352897077002, 30.022539313119001 ], [ -89.725358496300004, 30.022537556239001 ], [ -89.725747519109007, 30.022415438825 ], [ -89.725799214250998, 30.022397503402999 ], [ -89.726297012157005, 30.022224787677999 ], [ -89.726297157090997, 30.022224737116002 ], [ -89.726431658809005, 30.022178070205999 ], [ -89.726793523040996, 30.022200438891002 ], [ -89.727520904022001, 30.022066114325 ], [ -89.728177111654006, 30.022032366525 ], [ -89.729134862140995, 30.022141451258999 ], [ -89.730000486880002, 30.022012833019001 ], [ -89.730544770359003, 30.021977712310999 ], [ -89.731568741705999, 30.022062518110001 ], [ -89.731568772776001, 30.022062520292 ], [ -89.731726587362999, 30.022075589128001 ], [ -89.731818138923998, 30.022063650719002 ], [ -89.732800283377003, 30.021935566042 ], [ -89.733534199133999, 30.022041898609 ], [ -89.733995640193996, 30.022186665852001 ], [ -89.734357799218998, 30.022538968159999 ], [ -89.734431940948994, 30.022901687760001 ], [ -89.734891599782003, 30.023157759894001 ], [ -89.735154489864996, 30.023717597019001 ], [ -89.735324794517993, 30.024067567709999 ], [ -89.735723179337995, 30.024155899021999 ], [ -89.736196609944997, 30.024551291388999 ], [ -89.736650710716006, 30.025155194273001 ], [ -89.737060413693996, 30.025535897887 ], [ -89.737518312006003, 30.025903267040999 ], [ -89.737753524349998, 30.026160439453001 ], [ -89.738374165581007, 30.026386783294999 ], [ -89.738979090935999, 30.026561104081001 ], [ -89.739553151208995, 30.026665466897001 ], [ -89.739711266184997, 30.0267787093 ], [ -89.739673059995994, 30.027167899233 ], [ -89.739987291047996, 30.027519604348999 ], [ -89.740414117751996, 30.027830922751001 ], [ -89.741526280078006, 30.02828968839 ], [ -89.742561185360003, 30.028703219730001 ], [ -89.743305363792004, 30.029048736191001 ], [ -89.744318952602001, 30.029673281352999 ], [ -89.744713600059995, 30.029998112522001 ], [ -89.745341010748007, 30.030771066650001 ], [ -89.745669046821007, 30.031262085259002 ], [ -89.746015954192004, 30.031572421328001 ], [ -89.745994869883006, 30.031892238337001 ], [ -89.746246284495001, 30.032173590934001 ], [ -89.746676250632007, 30.032290099886001 ], [ -89.746871727141993, 30.033071757373001 ], [ -89.746912393111998, 30.033531478513002 ], [ -89.747351715535999, 30.034065583781 ], [ -89.747871440780003, 30.034572820240999 ], [ -89.748484680049998, 30.035234258206 ], [ -89.748989312546996, 30.035685645963 ], [ -89.749609196834996, 30.035929674506001 ], [ -89.750015238155996, 30.036546865087999 ], [ -89.750036202299, 30.036604215015 ], [ -89.750168519851002, 30.03696618987 ], [ -89.750163217068007, 30.037300113116 ], [ -89.750701833134002, 30.037626657825999 ], [ -89.750875529946001, 30.037767905161999 ], [ -89.750951951491999, 30.037991481093002 ], [ -89.751207369989004, 30.038022381523 ], [ -89.751544068415996, 30.037970761930001 ], [ -89.751893007926, 30.038155863267999 ], [ -89.752577321977, 30.038372819528998 ], [ -89.753182565448, 30.038533159305 ], [ -89.753673667338006, 30.038831288048002 ], [ -89.754360634316001, 30.038881273375999 ], [ -89.754599623855995, 30.038939803632001 ], [ -89.754707377998002, 30.039205502529001 ], [ -89.754816894140006, 30.039359892341 ], [ -89.755039454957, 30.039446055578001 ], [ -89.755401971275006, 30.039784384499001 ], [ -89.755752243291994, 30.039885993803999 ], [ -89.756199568306997, 30.039919184081999 ], [ -89.756483893820999, 30.040145245270999 ], [ -89.757059372667001, 30.040166050732999 ], [ -89.757234619561004, 30.040209896928001 ], [ -89.757442947902007, 30.040184557469999 ], [ -89.757617978189998, 30.040242316815998 ], [ -89.757793093201002, 30.040327076676 ], [ -89.757843178906995, 30.040161513577001 ], [ -89.758827845716993, 30.040604687116002 ], [ -89.759302105041002, 30.040958258989999 ], [ -89.760208803175999, 30.041275245645 ], [ -89.760492483101999, 30.041543038103999 ], [ -89.760726653949007, 30.041907653372 ], [ -89.761504770976998, 30.042264842382 ], [ -89.761692946832994, 30.042503661575999 ], [ -89.761801380730006, 30.042727612722 ], [ -89.762006646985995, 30.042897055057001 ], [ -89.762445652059995, 30.043458932778002 ], [ -89.762762863366007, 30.043629711794001 ], [ -89.763208455425001, 30.043774184551999 ], [ -89.763411314961004, 30.04409667002 ], [ -89.763966441714004, 30.044395524403001 ], [ -89.764649949092004, 30.044668071309001 ], [ -89.764822578133007, 30.044878868150999 ], [ -89.764869026599001, 30.044976833147 ], [ -89.765331930315, 30.045038010064001 ], [ -89.765776434290004, 30.04525204218 ], [ -89.765969656522998, 30.045170844436001 ], [ -89.766195519831001, 30.045048288832 ], [ -89.766642211340994, 30.045123183544 ], [ -89.766880568209004, 30.045223430547001 ], [ -89.767376115310995, 30.045243239817001 ], [ -89.767824556638999, 30.045206820583001 ], [ -89.769927421497002, 30.044730824877998 ], [ -89.770492017756993, 30.044647251769 ], [ -89.772364360603007, 30.044370081952 ], [ -89.772796586870001, 30.044347371691 ], [ -89.773241542381996, 30.044533552295999 ], [ -89.773652987494003, 30.044816746256 ], [ -89.774256345539996, 30.045102209968999 ], [ -89.774606873012004, 30.045189855398 ], [ -89.774926069334995, 30.045235381411999 ], [ -89.775244179666998, 30.045350473069 ], [ -89.775515833604999, 30.045367602763001 ], [ -89.775948498221993, 30.045317054878002 ], [ -89.776268130220004, 30.045334750352001 ], [ -89.776952112101, 30.045579407889999 ], [ -89.777271964378002, 30.045583187306999 ], [ -89.777591163178002, 30.045628706858999 ], [ -89.778052775296004, 30.045773318222999 ], [ -89.778324212791006, 30.045804355756999 ], [ -89.778660923437002, 30.045752667809001 ], [ -89.779139616112005, 30.045827896826999 ], [ -89.779999310389996, 30.046088526207001 ], [ -89.780284143059006, 30.046286709412001 ], [ -89.780749227262007, 30.046208696527 ], [ -89.781037528338999, 30.046184262425001 ], [ -89.783164547203995, 30.046209314826001 ], [ -89.783866489196996, 30.046328903565001 ], [ -89.784219410925999, 30.046263475042998 ], [ -89.784746302852994, 30.046325336121001 ], [ -89.785128612449, 30.046427243259998 ], [ -89.785463594381994, 30.046486844478 ], [ -89.786200334122, 30.046425920960999 ], [ -89.786456219016998, 30.046428926596999 ], [ -89.787463539738994, 30.046454669993999 ], [ -89.787814515010993, 30.046514452934002 ], [ -89.787957371473993, 30.046585710195998 ], [ -89.788101950455001, 30.046545657985 ], [ -89.788422884404994, 30.046479842922999 ], [ -89.789347657773007, 30.046671595136999 ], [ -89.789601170153006, 30.046827643103001 ], [ -89.789935724223, 30.046915060254001 ], [ -89.790271141434999, 30.046946821014 ], [ -89.790559657619994, 30.046908454213 ], [ -89.790992536554, 30.046843944159999 ], [ -89.791521588801004, 30.046766641497999 ], [ -89.792209489794004, 30.046760776479001 ], [ -89.792402264269001, 30.046707369130999 ], [ -89.792834496099005, 30.046684593121 ], [ -89.793333494736004, 30.046481688745001 ], [ -89.793573599935002, 30.046470579857001 ], [ -89.794083648571998, 30.046587870404998 ], [ -89.794675591750007, 30.046580871014999 ], [ -89.795267320167, 30.046587782637001 ], [ -89.795700196735993, 30.046523257133 ], [ -89.796035829009, 30.046541091346 ], [ -89.796593641043998, 30.046672845810999 ], [ -89.797537642335001, 30.046656024747001 ], [ -89.798066686422004, 30.046578696670998 ], [ -89.798436231178997, 30.046471675406998 ], [ -89.798964848390995, 30.046422170210001 ], [ -89.799620974850001, 30.046401980163001 ], [ -89.801174188461999, 30.046294816425998 ], [ -89.801910278039998, 30.046275543398 ], [ -89.802261047626999, 30.046349202428999 ], [ -89.802982428131003, 30.046246259019 ], [ -89.803364754, 30.046348112299 ], [ -89.803797199371999, 30.046311388479999 ], [ -89.804086774718996, 30.046203422697999 ], [ -89.804454177702993, 30.046235519610001 ], [ -89.804838430252005, 30.046212148191 ], [ -89.805237607014007, 30.046258527825 ], [ -89.805699475346998, 30.046389129489999 ], [ -89.806018901837007, 30.046420666439001 ], [ -89.806371594157994, 30.046369091327001 ], [ -89.806677584870997, 30.046233479679 ], [ -89.807078041744006, 30.046196374307002 ], [ -89.807926503268007, 30.046150539338999 ], [ -89.808438904216999, 30.04611472453 ], [ -89.808855142107006, 30.046091712639001 ], [ -89.809610836960005, 30.045836053380999 ], [ -89.810060329547994, 30.045729924583998 ], [ -89.810508334388999, 30.045721189253001 ], [ -89.811309876131006, 30.045605211061002 ], [ -89.812398431540998, 30.045548206525002 ], [ -89.813195725233996, 30.045710488173999 ], [ -89.813835218202001, 30.045731782065999 ], [ -89.814410739145998, 30.045752335083002 ], [ -89.814747856848996, 30.045672729301 ], [ -89.815242565017002, 30.045748011457999 ], [ -89.815866912992007, 30.045713459925 ], [ -89.816507675782006, 30.045651258585 ], [ -89.817021767266993, 30.045504103456999 ], [ -89.817970614443993, 30.045167126881001 ], [ -89.818823502308007, 30.044829037372001 ], [ -89.819501522956003, 30.044419357205001 ], [ -89.820018983137999, 30.044049572685999 ], [ -89.820101692606002, 30.043869614051999 ], [ -89.820378205943001, 30.043566640192001 ], [ -89.820467231226999, 30.043413039733 ], [ -89.820548549210997, 30.044222440999 ], [ -89.820532547007005, 30.045085441476999 ], [ -89.820578548715005, 30.045829442201999 ], [ -89.821100548944003, 30.046108441851999 ], [ -89.821959548099997, 30.046201441642999 ], [ -89.822679549762995, 30.04601544186 ], [ -89.823349550030002, 30.045682441432 ], [ -89.823739548215997, 30.045538441533001 ], [ -89.829750550816001, 30.043004441066 ], [ -89.830097550787997, 30.042887440857001 ], [ -89.830492551112997, 30.043857440770001 ], [ -89.830708550986998, 30.044954441578 ], [ -89.832441552099993, 30.053774443719998 ], [ -89.832773552682994, 30.055510443437001 ], [ -89.833077551632002, 30.056998444434001 ], [ -89.833281551870002, 30.058017443718999 ], [ -89.833316551476997, 30.058194444199 ], [ -89.833775551542999, 30.060492445022 ], [ -89.834036553051007, 30.062072444485999 ], [ -89.834214552841999, 30.062986445383 ], [ -89.834287552858001, 30.063653446061998 ], [ -89.834364552886001, 30.064057445479001 ], [ -89.834490552564006, 30.064290445059001 ], [ -89.83470455362, 30.064577445681 ], [ -89.835162553092999, 30.065057445672 ], [ -89.837997553460994, 30.067855445603001 ], [ -89.840329555186997, 30.070108446532998 ], [ -89.841937555518996, 30.071510447394999 ], [ -89.843608554221007, 30.073133446484 ], [ -89.844814555854995, 30.074470447879001 ], [ -89.846257556946995, 30.075082447355001 ], [ -89.847387555672, 30.074830447467001 ], [ -89.848432557652998, 30.074928447312999 ], [ -89.849484557845003, 30.074977447980999 ], [ -89.852896557240996, 30.074898447111 ], [ -89.855330558597998, 30.074802447490001 ], [ -89.855918559562994, 30.074835446653999 ], [ -89.856235559614007, 30.075054446818999 ], [ -89.856555559154003, 30.075655447475 ], [ -89.856748559899998, 30.076638447703001 ], [ -89.856880559914003, 30.077415447692999 ], [ -89.856929558695001, 30.077838448291001 ], [ -89.860464562158, 30.095982451988998 ], [ -89.860858561502994, 30.099076451750001 ], [ -89.861602561371996, 30.103266452789999 ], [ -89.861714562545004, 30.103649452551 ], [ -89.862178562124001, 30.106135453661999 ], [ -89.863244562798997, 30.111808454750001 ], [ -89.863485563658003, 30.114162454742001 ], [ -89.863845562860007, 30.114526455595001 ], [ -89.863853563470997, 30.114566455578998 ], [ -89.863879564024998, 30.114705455189 ], [ -89.863953562546996, 30.115093456063999 ], [ -89.864145563747996, 30.116099455785001 ], [ -89.864388562721004, 30.117269456658001 ], [ -89.865603563782003, 30.122853457255999 ], [ -89.865897563575999, 30.123984458035 ], [ -89.866014564449003, 30.123985457408001 ], [ -89.866091564594996, 30.123987457676002 ], [ -89.866190564215998, 30.123985457817 ], [ -89.866311563999005, 30.123986457228 ], [ -89.866479564797004, 30.123976457312999 ], [ -89.866769564536995, 30.123979456922999 ], [ -89.867790564439005, 30.124033457435999 ], [ -89.868221564996006, 30.124118457302 ], [ -89.868866565222007, 30.125231457584999 ], [ -89.869520564151998, 30.126367458042001 ], [ -89.869835564596002, 30.126860457806998 ], [ -89.870002564621998, 30.127253458155 ], [ -89.870572565347004, 30.128322458622002 ], [ -89.870664565517998, 30.128507457704998 ], [ -89.872807566765999, 30.133038458841 ], [ -89.872942566030005, 30.133324459617 ], [ -89.873113565685998, 30.133636459504 ], [ -89.874564565875005, 30.136288460416001 ], [ -89.876550566871998, 30.140313460704999 ], [ -89.876821568574002, 30.140817461360999 ], [ -89.880132568559006, 30.147109462471001 ], [ -89.880671569751996, 30.147731462109999 ], [ -89.880066569378997, 30.14848346226 ], [ -89.880093450589996, 30.148517745957999 ], [ -89.880061107680007, 30.148500828368 ], [ -89.879989259129005, 30.148444211733 ], [ -89.880033260982003, 30.148333599638001 ], [ -89.880054903881003, 30.148287281127999 ], [ -89.880071409726, 30.148268591406001 ], [ -89.880102260032999, 30.148241597904999 ], [ -89.880146615068995, 30.148209422051998 ], [ -89.880163776489994, 30.148192615252 ], [ -89.880196260654998, 30.148155597165999 ], [ -89.880224259030996, 30.148114598673999 ], [ -89.880280260939003, 30.148050599144 ], [ -89.88042026171, 30.147919598314001 ], [ -89.880442306787998, 30.147871097197999 ], [ -89.880445158361994, 30.147850614023 ], [ -89.880445031240001, 30.147832929178001 ], [ -89.880444904365007, 30.147815298468 ], [ -89.880442183202007, 30.147788989618999 ], [ -89.880416260521002, 30.147722597640001 ], [ -89.880379260859996, 30.147689598220001 ], [ -89.880338261256995, 30.147640598104999 ], [ -89.880301297295006, 30.147616681670002 ], [ -89.880282708196006, 30.147608899080002 ], [ -89.880210260873, 30.147585597517001 ], [ -89.880182002736007, 30.147558184375001 ], [ -89.880170833473997, 30.147540057535 ], [ -89.880156686538001, 30.147508937531001 ], [ -89.880151652007001, 30.147482736703001 ], [ -89.880149260246, 30.147463596881 ], [ -89.880148708857007, 30.147442478934 ], [ -89.880145260106005, 30.147310597293998 ], [ -89.880123736767004, 30.147267856628002 ], [ -89.880108717037004, 30.147251234641001 ], [ -89.880076260817006, 30.147227597891 ], [ -89.880018147837006, 30.147182685537 ], [ -89.880000750929, 30.147169829349 ], [ -89.879981648905002, 30.147159357867999 ], [ -89.879911553995996, 30.147114741031999 ], [ -89.879927563991998, 30.147063935965001 ], [ -89.879927850119998, 30.147028611921002 ], [ -89.879925900011997, 30.147009871230001 ], [ -89.879921660834995, 30.146983380523999 ], [ -89.879911808594997, 30.146960447632999 ], [ -89.879899706263998, 30.146932286852 ], [ -89.879894081854999, 30.146907531174001 ], [ -89.879890751635998, 30.146887542839998 ], [ -89.879829384873005, 30.146865718341001 ], [ -89.879810086606994, 30.146870901741 ], [ -89.879782173314993, 30.146884249048998 ], [ -89.879759892240997, 30.146894006274 ], [ -89.879735397182998, 30.146904596191 ], [ -89.879720433450004, 30.146914158007998 ], [ -89.879696177304993, 30.146944294371998 ], [ -89.879661009047993, 30.146969348222999 ], [ -89.879623588247995, 30.146919366022001 ], [ -89.879621748380998, 30.146898979995001 ], [ -89.879623482116003, 30.146855096340001 ], [ -89.879626837559002, 30.146830613792002 ], [ -89.879654297729004, 30.146783877693998 ], [ -89.879674758914007, 30.146764098445001 ], [ -89.879691692714005, 30.14674808134 ], [ -89.879703807522006, 30.146718985797001 ], [ -89.879708593323002, 30.146702263645999 ], [ -89.879669245860001, 30.146675608681001 ], [ -89.879636190840998, 30.146673953141001 ], [ -89.879565510486003, 30.146683766713998 ], [ -89.879553816612002, 30.146632826720001 ], [ -89.879548967809995, 30.146611694760001 ], [ -89.879473759416001, 30.146568098542001 ], [ -89.879453101647002, 30.146571478702999 ], [ -89.879403067023006, 30.146579664901999 ], [ -89.879376570465993, 30.146588126906 ], [ -89.879346260489996, 30.146601597459 ], [ -89.879313260410001, 30.146629597410001 ], [ -89.879295933801004, 30.146670025928 ], [ -89.879298530854996, 30.146710712973999 ], [ -89.879303462954994, 30.146788702664999 ], [ -89.879301340438005, 30.146816118377 ], [ -89.879259952054994, 30.146863478499998 ], [ -89.879211683723994, 30.146862805392001 ], [ -89.879184116822998, 30.146862307366 ], [ -89.879141050694003, 30.146859981910001 ], [ -89.879095230380997, 30.146848634567 ], [ -89.879085350891003, 30.146813293122001 ], [ -89.879091619671001, 30.146772014572001 ], [ -89.879087529608995, 30.146729215202999 ], [ -89.879059259627994, 30.146698598808999 ], [ -89.879010449061994, 30.146683880247998 ], [ -89.878967163555004, 30.146678455905999 ], [ -89.878925992060999, 30.146672220319001 ], [ -89.878865493698001, 30.146656209810999 ], [ -89.878828171199999, 30.146687522716 ], [ -89.878827054324006, 30.146711537331999 ], [ -89.878826258049997, 30.146728598492 ], [ -89.878822998884004, 30.146767869419001 ], [ -89.878820509698002, 30.146797849692 ], [ -89.878747759025003, 30.146808598142002 ], [ -89.878738882787999, 30.146777214937 ], [ -89.878727590924001, 30.146737300782998 ], [ -89.878726909530002, 30.146714727917999 ], [ -89.878728076908999, 30.146676952343999 ], [ -89.878721593763998, 30.146658060570001 ], [ -89.878713072533998, 30.146638833238999 ], [ -89.878665258842005, 30.146624597407001 ], [ -89.878598923016, 30.146632056697001 ], [ -89.878580760633994, 30.146634098300002 ], [ -89.878562530886001, 30.146638050954 ], [ -89.878509260071993, 30.146649597953001 ], [ -89.878448260062996, 30.146649596970001 ], [ -89.878314260444, 30.146637598337001 ], [ -89.878246259785001, 30.146633597160001 ], [ -89.878164261042002, 30.146632600109001 ], [ -89.878058258223007, 30.146645597587 ], [ -89.878028738145005, 30.146652383911999 ], [ -89.877971260379994, 30.146665597565999 ], [ -89.877839259525999, 30.146699597493001 ], [ -89.877742362410004, 30.146746146742998 ], [ -89.877549260855005, 30.146882596990999 ], [ -89.877503259741005, 30.146961596912 ], [ -89.877470259521999, 30.147007598340998 ], [ -89.877425258672005, 30.147054598621001 ], [ -89.877358257595006, 30.147096597636999 ], [ -89.877260258418005, 30.147127599091 ], [ -89.877199260023005, 30.147164597471001 ], [ -89.877142258687996, 30.147208597868001 ], [ -89.877066259086007, 30.147261597322 ], [ -89.876984258348003, 30.147311597336 ], [ -89.876907260278998, 30.147337599458002 ], [ -89.876824259822996, 30.147341597817999 ], [ -89.876734259535993, 30.147332597239 ], [ -89.876634260540001, 30.147308597738999 ], [ -89.876533258671998, 30.147307597224 ], [ -89.876435257935, 30.147328596975999 ], [ -89.876303257621004, 30.147363597744999 ], [ -89.876084257437995, 30.147406598519002 ], [ -89.875980258243999, 30.147448598400999 ], [ -89.875872258395006, 30.147507599564001 ], [ -89.875744257612993, 30.147561599570999 ], [ -89.875664258392007, 30.147592598553999 ], [ -89.875566256324007, 30.147621599413 ], [ -89.875471258936003, 30.147656597981001 ], [ -89.875290259088004, 30.147746599102 ], [ -89.87524974051, 30.147759353142 ], [ -89.875229311881, 30.147763434397 ], [ -89.875191414038994, 30.147762538889001 ], [ -89.875172758285998, 30.147762097983001 ], [ -89.866138782221995, 30.152108940794999 ], [ -89.866169254446007, 30.152164599334 ], [ -89.866187696840001, 30.152197261819001 ], [ -89.866193891706004, 30.152212471761999 ], [ -89.866198023237004, 30.152247234151002 ], [ -89.866193240643994, 30.152282802270999 ], [ -89.866184839832997, 30.152306617546 ], [ -89.866150143794997, 30.152350272286998 ], [ -89.866117744327994, 30.152381936847998 ], [ -89.866054168746999, 30.152424802837999 ], [ -89.866006449842999, 30.152448167909998 ], [ -89.865901112597996, 30.152488024804001 ], [ -89.865847254461002, 30.152493600141 ], [ -89.865778727225006, 30.152484369195001 ], [ -89.865710937003996, 30.152452040634 ], [ -89.865659815762996, 30.152454567993999 ], [ -89.865634887919995, 30.152471079866 ], [ -89.865619286748, 30.152484083981001 ], [ -89.865607665358993, 30.152498463168001 ], [ -89.865590304125007, 30.152519943866 ], [ -89.865567740680007, 30.152544238407 ], [ -89.865548967056, 30.152560890949999 ], [ -89.865514204742993, 30.152581478702999 ], [ -89.865475884234996, 30.152586457272001 ], [ -89.865454575536006, 30.152589225326999 ], [ -89.865384682455002, 30.152595318467998 ], [ -89.865364254135997, 30.152597099360001 ], [ -89.865343772811002, 30.152600222158998 ], [ -89.865282252924004, 30.152609598710999 ], [ -89.865227252653995, 30.152615599556 ], [ -89.863881253317004, 30.152598599581001 ], [ -89.863820117437996, 30.152663830597 ], [ -89.863784948420999, 30.152721165189 ], [ -89.863774473525993, 30.152738243798002 ], [ -89.863773658653002, 30.152755753971999 ], [ -89.863772694475998, 30.152776487006999 ], [ -89.863771699127, 30.152797995600999 ], [ -89.863772217538994, 30.152815065016 ], [ -89.863773770818, 30.152847271637999 ], [ -89.863774772317996, 30.152868046430001 ], [ -89.863770858669, 30.152890188333 ], [ -89.863766741741003, 30.152907954922998 ], [ -89.863758476634004, 30.1529317472 ], [ -89.863707273789998, 30.152976431707 ], [ -89.863663168317004, 30.153004835400001 ], [ -89.863585567330006, 30.153037593318999 ], [ -89.863522095299004, 30.153048512641 ], [ -89.863501253991998, 30.153052099391999 ], [ -89.863479499315005, 30.153053490788 ], [ -89.863435649107998, 30.153056295932 ], [ -89.863415252601996, 30.153057600507999 ], [ -89.863398644213007, 30.153067778215998 ], [ -89.863343772601993, 30.153101396585999 ], [ -89.863319800856004, 30.153125329496 ], [ -89.863289418112998, 30.153158352038002 ], [ -89.863254409202995, 30.153189549234 ], [ -89.863205995643995, 30.153219250848998 ], [ -89.863155381197998, 30.153239806489001 ], [ -89.863095251691007, 30.153259600096 ], [ -89.863020252666999, 30.153260601583 ], [ -89.862852722094999, 30.153230886321001 ], [ -89.862672604904006, 30.153161096506999 ], [ -89.862565591434006, 30.153095628852 ], [ -89.862466253833006, 30.153053600635999 ], [ -89.862386252058997, 30.153032600414001 ], [ -89.862265820969, 30.153020582655 ], [ -89.862211259508001, 30.152988630854001 ], [ -89.862170493820997, 30.152955800826 ], [ -89.862126250632997, 30.152926601301001 ], [ -89.862028251718996, 30.152912598833002 ], [ -89.861931251398005, 30.152907599839001 ], [ -89.861729251390997, 30.152911600479001 ], [ -89.861619252704003, 30.152925599427 ], [ -89.861443251671005, 30.152979600214 ], [ -89.861178252746996, 30.152993598814 ], [ -89.860921252058006, 30.153010600363999 ], [ -89.860679251852005, 30.153080600117001 ], [ -89.860287252091993, 30.153189600164001 ], [ -89.860158251135999, 30.153219601156 ], [ -89.860059251354002, 30.153221599504 ], [ -89.859978252714001, 30.153210601295001 ], [ -89.859903251605999, 30.153211601888 ], [ -89.859729251320999, 30.153251600491 ], [ -89.859652251097998, 30.153270599494 ], [ -89.859606249801004, 30.153273599466001 ], [ -89.859558249540001, 30.153270598982999 ], [ -89.859477250834999, 30.15327159996 ], [ -89.859375250796006, 30.153284600184001 ], [ -89.859245250735, 30.153314599042002 ], [ -89.859131637838004, 30.15336152255 ], [ -89.858855115173995, 30.153466009102999 ], [ -89.858635061995997, 30.153542004904001 ], [ -89.858576194166005, 30.153562334760998 ], [ -89.858245700393994, 30.153698651987 ], [ -89.857991271963002, 30.153810390545001 ], [ -89.857846272616996, 30.153905658951999 ], [ -89.857647262677006, 30.154042461698001 ], [ -89.857393540488005, 30.154230632076999 ], [ -89.857270862102993, 30.154352086671 ], [ -89.857231123822004, 30.154383225732001 ], [ -89.857206434502999, 30.154402568049999 ], [ -89.857196675004005, 30.154419412359999 ], [ -89.857182085839, 30.154444591419001 ], [ -89.857173582512999, 30.154459266425 ], [ -89.857178986755002, 30.154477302715001 ], [ -89.857192549255004, 30.154522569950998 ], [ -89.857195566298998, 30.15454791725 ], [ -89.857183222106997, 30.15457698925 ], [ -89.857176782741007, 30.154592151103 ], [ -89.857164248561006, 30.154659599508999 ], [ -89.857172174233995, 30.154707142185 ], [ -89.857171236243005, 30.154742052018001 ], [ -89.857170716374, 30.154759752219 ], [ -89.857168340651, 30.154775322258001 ], [ -89.857161001997, 30.154816198972998 ], [ -89.857066691628006, 30.154940707399 ], [ -89.857052101557997, 30.154954735924999 ], [ -89.856956248513001, 30.15497859996 ], [ -89.856907291157, 30.154972949720001 ], [ -89.856866602937998, 30.154942098387998 ], [ -89.856815072602004, 30.154909656817999 ], [ -89.856787319172994, 30.15489218494 ], [ -89.856654872207997, 30.154796036463001 ], [ -89.856634508206, 30.154788397575999 ], [ -89.856584734745994, 30.154789410877001 ], [ -89.856561063583001, 30.154795038139 ], [ -89.856516460712996, 30.154814154583001 ], [ -89.856458789689995, 30.154844638737 ], [ -89.856418937802005, 30.154883126649999 ], [ -89.856337880197003, 30.155081464424001 ], [ -89.856258757077995, 30.155275069129001 ], [ -89.856152064360003, 30.155536133184999 ], [ -89.856019964821002, 30.155525014773001 ], [ -89.855836613299005, 30.155442267769999 ], [ -89.855890116807998, 30.155266573068999 ], [ -89.855941833543, 30.155096746194001 ], [ -89.855980249558996, 30.154970600906001 ], [ -89.855988877756005, 30.154920863585001 ], [ -89.855986677920001, 30.154904692848 ], [ -89.855983120114999, 30.154878516638 ], [ -89.855975156607997, 30.154860571617 ], [ -89.855955248886005, 30.154828199829002 ], [ -89.855905890762998, 30.154785684617998 ], [ -89.855739542953998, 30.154694904267 ], [ -89.855660248950002, 30.154648599788999 ], [ -89.855602247169998, 30.154635600182999 ], [ -89.855515249942002, 30.15460860065 ], [ -89.855439250358003, 30.154591600006999 ], [ -89.855351250576007, 30.154580600787 ], [ -89.855235248496996, 30.154570599420001 ], [ -89.855112246611, 30.154561601232 ], [ -89.855047250059002, 30.154560600951001 ], [ -89.854978914325997, 30.154544870578 ], [ -89.854847554347003, 30.154476977277 ], [ -89.854738643952004, 30.154408688707999 ], [ -89.854554320011999, 30.154330180214998 ], [ -89.854498737179995, 30.154287074972 ], [ -89.854453203491005, 30.154234709276999 ], [ -89.854432551870005, 30.154175923688001 ], [ -89.854416105975005, 30.154094489073 ], [ -89.854414885980006, 30.154070941031001 ], [ -89.854414503883007, 30.154045430138002 ], [ -89.854426247901998, 30.153991600204002 ], [ -89.854450248893002, 30.153941601429 ], [ -89.854546248749998, 30.153852599815 ], [ -89.854585748394001, 30.153816600431998 ], [ -89.854626324739996, 30.153806878486002 ], [ -89.854649232892996, 30.153805224504001 ], [ -89.854696247568, 30.153805601091001 ], [ -89.854790249784003, 30.153818599718001 ], [ -89.854837247931002, 30.153819600403999 ], [ -89.854882249376999, 30.153811599811 ], [ -89.854934246938001, 30.153777599034999 ], [ -89.855013249072002, 30.153688600468001 ], [ -89.855165247881999, 30.153551600320998 ], [ -89.855258248615002, 30.153448600038001 ], [ -89.855284248602004, 30.153398600062999 ], [ -89.855302247772002, 30.153323601055 ], [ -89.855317784004001, 30.153211625895999 ], [ -89.855311637499, 30.153031555454 ], [ -89.855308451837999, 30.152938217753 ], [ -89.855309280826006, 30.152907966649 ], [ -89.855313434137997, 30.152756356645 ], [ -89.855308164099, 30.152736092390999 ], [ -89.855298759335994, 30.152704896523002 ], [ -89.855284081449994, 30.152687986812001 ], [ -89.855263035375998, 30.152663737438001 ], [ -89.855200044534996, 30.152628553 ], [ -89.855120349610999, 30.152577283267 ], [ -89.855083505397999, 30.152546906611999 ], [ -89.855047899295002, 30.152493133069001 ], [ -89.855014320243001, 30.152388486305 ], [ -89.854945977314003, 30.152113914785001 ], [ -89.854936824147998, 30.152087181372 ], [ -89.854904640146003, 30.151993196387998 ], [ -89.854901336479003, 30.151976849941001 ], [ -89.854881119625006, 30.151848309742999 ], [ -89.854879394766002, 30.151832608943 ], [ -89.854856877049997, 30.151571240892 ], [ -89.854867247954999, 30.151482598737999 ], [ -89.854914348411995, 30.151123443953001 ], [ -89.854912862191, 30.150943359803001 ], [ -89.854912428511994, 30.150890758304001 ], [ -89.854936248979001, 30.150515599613001 ], [ -89.854991250284002, 30.150331598944 ], [ -89.855043248531004, 30.150172600244002 ], [ -89.855158248584999, 30.150039599776001 ], [ -89.855253247570005, 30.149936600212001 ], [ -89.855378248259996, 30.149851599632999 ], [ -89.855430295930006, 30.149817499074999 ], [ -89.855443607256007, 30.149802299743001 ], [ -89.855461164459996, 30.149769969756999 ], [ -89.855460909930002, 30.149736965548001 ], [ -89.855455684731993, 30.149718655091998 ], [ -89.855449451957, 30.149703391864001 ], [ -89.855442141698006, 30.149684064692 ], [ -89.855441403431996, 30.149652667325 ], [ -89.855463085829996, 30.149608258661999 ], [ -89.855486642401004, 30.149566554201002 ], [ -89.855449765193001, 30.149530913705 ], [ -89.855428414846997, 30.149510280626998 ], [ -89.855415248895994, 30.149472598936999 ], [ -89.855449041327006, 30.149408310298998 ], [ -89.855462558260001, 30.149389955503 ], [ -89.855497122437995, 30.149364528654001 ], [ -89.855528452729004, 30.149357644938998 ], [ -89.855553690831997, 30.149355056063001 ], [ -89.855583996351001, 30.149346991573001 ], [ -89.855628339134, 30.149307821623999 ], [ -89.855642243456003, 30.149289662421999 ], [ -89.855664117290999, 30.149256617511 ], [ -89.855704573298993, 30.149210096905001 ], [ -89.855716749639996, 30.149196099209998 ], [ -89.855730330187995, 30.149182617080999 ], [ -89.855753922538, 30.149159196437001 ], [ -89.855765367030997, 30.149132111972001 ], [ -89.855770131935998, 30.149105953208998 ], [ -89.855784201239004, 30.149087795841002 ], [ -89.855804511494995, 30.149067209266001 ], [ -89.855823763513001, 30.149048816753002 ], [ -89.855839783525994, 30.149036111695001 ], [ -89.855853199183002, 30.14902548413 ], [ -89.855872571939997, 30.149010147876002 ], [ -89.855895802347007, 30.148998592740998 ], [ -89.855930204963997, 30.148984108785001 ], [ -89.855947249577994, 30.148976932263 ], [ -89.855975987784007, 30.148976257337999 ], [ -89.856018994869004, 30.148975247875999 ], [ -89.856038360694001, 30.148947500599 ], [ -89.856082852404995, 30.148904565403001 ], [ -89.856097156748007, 30.14889155238 ], [ -89.856135462778994, 30.148873351658999 ], [ -89.856152419750998, 30.148865292661 ], [ -89.856177317412005, 30.148856811068999 ], [ -89.856202322008002, 30.148848468711002 ], [ -89.856214585033001, 30.148836317882001 ], [ -89.856227300510994, 30.148815989898001 ], [ -89.856241596291994, 30.148796273277998 ], [ -89.856279498562998, 30.148776243705001 ], [ -89.856296742108, 30.148767129597001 ], [ -89.856322048088003, 30.148757993031001 ], [ -89.856344109142995, 30.148750028178998 ], [ -89.856370554896998, 30.148738237414001 ], [ -89.856415497978006, 30.148710349858 ], [ -89.856433888629994, 30.148711595226999 ], [ -89.856478246872001, 30.148714600287001 ], [ -89.856531250442004, 30.148725599293002 ], [ -89.856587122484996, 30.148698928487999 ], [ -89.856579338388002, 30.148667931283001 ], [ -89.856589415600993, 30.148653153034999 ], [ -89.856609249075007, 30.148634598207 ], [ -89.856654250054007, 30.148605598782002 ], [ -89.85668885119, 30.148571899593001 ], [ -89.856836244305001, 30.148520863451001 ], [ -89.856886939244006, 30.14853163707 ], [ -89.856950240070006, 30.148541926595001 ], [ -89.856968963930001, 30.148530988449 ], [ -89.856997145589006, 30.148509724754 ], [ -89.857004353731995, 30.148490158752001 ], [ -89.857001504083001, 30.148473142574002 ], [ -89.856985710933003, 30.148457117349999 ], [ -89.856959360250997, 30.148442409331999 ], [ -89.856928935114993, 30.148427199158998 ], [ -89.856916616109999, 30.148413796785999 ], [ -89.856900140373, 30.148393258226999 ], [ -89.856891835164006, 30.148375277831001 ], [ -89.856894991504006, 30.148348640881999 ], [ -89.856954089647999, 30.148321765157998 ], [ -89.856980055511997, 30.148329236683001 ], [ -89.857014331396996, 30.148339100108998 ], [ -89.857023714918995, 30.148272091829998 ], [ -89.856951353048004, 30.148263374488 ], [ -89.856889540260994, 30.148262381849001 ], [ -89.856841543284006, 30.14825351596 ], [ -89.856823719684996, 30.148250859611 ], [ -89.856795048212007, 30.148253699889001 ], [ -89.856739569343006, 30.1482591965 ], [ -89.856699705297999, 30.148227139888 ], [ -89.856738247581006, 30.148176598896999 ], [ -89.856753458241997, 30.148127654260001 ], [ -89.856741820127993, 30.148070926824001 ], [ -89.856737378345002, 30.148042619580998 ], [ -89.856734986616999, 30.147997945589001 ], [ -89.856753248933003, 30.147959599210001 ], [ -89.856794248962004, 30.147929598577001 ], [ -89.856853372226993, 30.147892541638999 ], [ -89.856868878626997, 30.147879867695 ], [ -89.856886249135997, 30.147852443497001 ], [ -89.856889034266999, 30.147827526528999 ], [ -89.856881208695995, 30.147798274665998 ], [ -89.856876862928999, 30.147783024513 ], [ -89.856871899964005, 30.147765921506998 ], [ -89.856862989272003, 30.147735219354001 ], [ -89.856908761027995, 30.147690539789 ], [ -89.856922609079007, 30.147676705058998 ], [ -89.856934782858005, 30.147663696055002 ], [ -89.856947030349005, 30.147645925062001 ], [ -89.856957729946998, 30.147630398596998 ], [ -89.856967912856007, 30.147615622404 ], [ -89.856984842710006, 30.147605522176999 ], [ -89.857013217643001, 30.147593821455999 ], [ -89.857061917058004, 30.147554933485001 ], [ -89.857010551767004, 30.147525127327999 ], [ -89.856989979054006, 30.147521651677 ], [ -89.856914292634002, 30.147508874084998 ], [ -89.856904644143, 30.147459317218999 ], [ -89.856940249364996, 30.147420598431999 ], [ -89.856986251528994, 30.147398597792002 ], [ -89.857050247737007, 30.147378598551999 ], [ -89.857086919571003, 30.147371004692001 ], [ -89.857104540625997, 30.147367355837002 ], [ -89.857163105108995, 30.147349335640001 ], [ -89.857178926678998, 30.147340393158 ], [ -89.857201634763996, 30.147308221656001 ], [ -89.857206063519996, 30.147290492115001 ], [ -89.857210251889001, 30.14722559909 ], [ -89.857210768363004, 30.147181581999 ], [ -89.857201924657005, 30.147138653744001 ], [ -89.857193656464005, 30.147123642076 ], [ -89.857143627721001, 30.147098576754001 ], [ -89.857124445373003, 30.147089551804001 ], [ -89.857103961636994, 30.147076158169 ], [ -89.857082301738004, 30.147061993497999 ], [ -89.857048434646003, 30.147040690011 ], [ -89.857026176698994, 30.147034655746999 ], [ -89.856989754371, 30.147036631559001 ], [ -89.856965867959005, 30.147037927624002 ], [ -89.856950338182997, 30.147051207609 ], [ -89.856933128275998, 30.147069280312 ], [ -89.856924802674996, 30.147118991374001 ], [ -89.856922886245002, 30.147134470939001 ], [ -89.856912010461997, 30.147222310991001 ], [ -89.85685716975, 30.147200839345 ], [ -89.856801032267995, 30.147182811358 ], [ -89.856783250012001, 30.147177099648999 ], [ -89.856759760212, 30.147177409482001 ], [ -89.856680041554995, 30.147178457307 ], [ -89.856660768189002, 30.147148339192 ], [ -89.856639417924995, 30.147117077255 ], [ -89.856626051095006, 30.147098183034998 ], [ -89.856653106718994, 30.147043132227001 ], [ -89.856711936580993, 30.146996916345 ], [ -89.856705013758997, 30.146967349777999 ], [ -89.856731249670005, 30.146924098917999 ], [ -89.856747555279995, 30.146916325770999 ], [ -89.856768550306995, 30.146904472978001 ], [ -89.856761295428001, 30.146861594059999 ], [ -89.856730740024005, 30.146831400122 ], [ -89.856707551805002, 30.146814247262 ], [ -89.856693730439005, 30.146804025499002 ], [ -89.856671895302995, 30.14675520095 ], [ -89.856677245464994, 30.146736315174 ], [ -89.856687433340994, 30.146693617179 ], [ -89.856631103835994, 30.146653066671998 ], [ -89.856566034460997, 30.146655714838001 ], [ -89.856547985551003, 30.146664981457 ], [ -89.856518245782993, 30.146680247698001 ], [ -89.856493463118994, 30.146639363913 ], [ -89.856522960825998, 30.146584558819999 ], [ -89.856514395004993, 30.146514725837001 ], [ -89.856508637901996, 30.146498190433999 ], [ -89.856498666765006, 30.146461519915999 ], [ -89.856502780661998, 30.146431427366998 ], [ -89.856511464096002, 30.146414857940002 ], [ -89.856534251653997, 30.146399518336999 ], [ -89.856550953997001, 30.146385358337 ], [ -89.856574762007995, 30.146343626713001 ], [ -89.856585626227002, 30.146324624064 ], [ -89.856596420038002, 30.146305748740001 ], [ -89.856605985266995, 30.146289287525999 ], [ -89.856640880094005, 30.146229218862 ], [ -89.856626761059005, 30.146207364150001 ], [ -89.856615298771999, 30.146189623541002 ], [ -89.856597353905002, 30.146161848015002 ], [ -89.856591509229006, 30.146134627553 ], [ -89.856586774201006, 30.146107832736998 ], [ -89.856599249512996, 30.146033597127001 ], [ -89.856630250150005, 30.145949599491001 ], [ -89.85666427484, 30.145911588453 ], [ -89.856675512454004, 30.145897363620001 ], [ -89.856686850673, 30.145877473976 ], [ -89.856698923265995, 30.145856294263002 ], [ -89.856711798860005, 30.145835497059998 ], [ -89.856726239997002, 30.145818403859 ], [ -89.856768581381999, 30.145756619535 ], [ -89.856765098821995, 30.145735248457999 ], [ -89.856761612298996, 30.145713864705002 ], [ -89.856757974844996, 30.145691528322999 ], [ -89.856789248826004, 30.145637598362001 ], [ -89.856807394575, 30.145630958253001 ], [ -89.856844741436007, 30.145616232763 ], [ -89.856858949122, 30.145600528155001 ], [ -89.856869586057996, 30.145564498056999 ], [ -89.856868897679007, 30.145525716569999 ], [ -89.856869182579999, 30.145500619117001 ], [ -89.856874248759993, 30.145454598609 ], [ -89.856903030121003, 30.145432878807998 ], [ -89.856935946986994, 30.145422658986998 ], [ -89.856966247444007, 30.145416597960001 ], [ -89.856983491413999, 30.145394597368998 ], [ -89.856998363095997, 30.145376464188999 ], [ -89.857036160432997, 30.145334914393001 ], [ -89.857116363128, 30.145301393695998 ], [ -89.857098739451999, 30.145280033902001 ], [ -89.857081680787999, 30.145259355292001 ], [ -89.857033889152007, 30.145178753583 ], [ -89.857033621393995, 30.145156060668999 ], [ -89.857033250048005, 30.14512459973 ], [ -89.857031866468006, 30.145075849051999 ], [ -89.857019733474999, 30.145001049118999 ], [ -89.857016374219, 30.144980321807001 ], [ -89.857013923018997, 30.14495765226 ], [ -89.857014249355998, 30.144905598754999 ], [ -89.857026271015002, 30.144864383754999 ], [ -89.857031749276999, 30.144845598638 ], [ -89.857033317721999, 30.144826418775999 ], [ -89.857039227653999, 30.144754285746 ], [ -89.857038354241993, 30.144738555694001 ], [ -89.857029424326001, 30.144577377944 ], [ -89.857028268061995, 30.144561611341999 ], [ -89.857025870434001, 30.144528886254999 ], [ -89.857027719811995, 30.144472759138001 ], [ -89.857031498294006, 30.144456382859001 ], [ -89.857048661950998, 30.144426202738 ], [ -89.857057250763006, 30.144411096513998 ], [ -89.857068264150996, 30.144397206566001 ], [ -89.857101249389004, 30.144355599253998 ], [ -89.857175249321003, 30.144297597716001 ], [ -89.857201249569997, 30.144256597856 ], [ -89.860594251452, 30.141533597898999 ], [ -89.860707248850005, 30.141467597891999 ], [ -89.860783250527007, 30.141411597977999 ], [ -89.860818249687, 30.141365598577 ], [ -89.860857249945994, 30.141289096502 ], [ -89.860889451438993, 30.141269709284 ], [ -89.860904998653993, 30.141260348273001 ], [ -89.860924330773997, 30.141259821662999 ], [ -89.860969249703004, 30.141258598301 ], [ -89.861028251394004, 30.141254597279001 ], [ -89.861075251592993, 30.141244597775 ], [ -89.861116249362993, 30.141219599488998 ], [ -89.861145722396998, 30.141191180292999 ], [ -89.861158251700004, 30.141179098740999 ], [ -89.861170729758996, 30.141166972406001 ], [ -89.861211250712998, 30.141127598211 ], [ -89.861280474110998, 30.141043388406001 ], [ -89.861296764426001, 30.141023568093999 ], [ -89.861297412775997, 30.140993960875001 ], [ -89.861296343316994, 30.140971927555 ], [ -89.861281492716998, 30.140925246894 ], [ -89.861256636251994, 30.140875346356001 ], [ -89.861227554964998, 30.140843634301 ], [ -89.861204970705998, 30.140828924040999 ], [ -89.861157250876005, 30.140801597940001 ], [ -89.861095251539993, 30.140797597136 ], [ -89.861033942215997, 30.14078294338 ], [ -89.861019438493997, 30.140769964467999 ], [ -89.861000092720005, 30.140741158870998 ], [ -89.860980764649995, 30.140720003390999 ], [ -89.860962227219005, 30.140699714747999 ], [ -89.860943612358, 30.140652296391998 ], [ -89.860981091178999, 30.140562546228999 ], [ -89.860987752441005, 30.140546598103001 ], [ -89.860990798840007, 30.140530115188 ], [ -89.860997574506996, 30.140484240807002 ], [ -89.860993746993998, 30.140422048647999 ], [ -89.86097456681, 30.140385698728 ], [ -89.860960875591005, 30.140371198716998 ], [ -89.860924351414994, 30.140356152271998 ], [ -89.860894655685996, 30.14034797219 ], [ -89.860844150169001, 30.140351530322 ], [ -89.860810694568002, 30.140353887656001 ], [ -89.860787918026006, 30.140309930617999 ], [ -89.860806555593996, 30.140297955219999 ], [ -89.860866251559003, 30.140259596477001 ], [ -89.860910249878998, 30.140222597057001 ], [ -89.860934250499994, 30.140168596593 ], [ -89.860935741353998, 30.140116344037999 ], [ -89.860917187881995, 30.140055162993001 ], [ -89.860912130035999, 30.140036663322999 ], [ -89.860908685168994, 30.140003849905 ], [ -89.860907198120998, 30.139972084178002 ], [ -89.860905094196994, 30.139946094790002 ], [ -89.860902250858004, 30.139910930589 ], [ -89.860840338502996, 30.139908246066 ], [ -89.860781328664999, 30.139892352053 ], [ -89.860766663874003, 30.139868303778002 ], [ -89.860753455433994, 30.139846643704999 ], [ -89.860785676058001, 30.139786407814999 ], [ -89.860807596124999, 30.139734323001001 ], [ -89.860814965014001, 30.139715585904 ], [ -89.860820542409996, 30.139694381072999 ], [ -89.860826898487005, 30.139648382912998 ], [ -89.860824425933004, 30.139610398900999 ], [ -89.860823200493996, 30.139594640572 ], [ -89.860821239173006, 30.139569398910002 ], [ -89.860820788045999, 30.139545711497998 ], [ -89.860825187152003, 30.139460276192999 ], [ -89.860795127773997, 30.139416333435001 ], [ -89.860778048819, 30.139371700207001 ], [ -89.860813142430999, 30.139354647777001 ], [ -89.860829493631996, 30.139346704120001 ], [ -89.860862666545998, 30.139331639468001 ], [ -89.860870466744998, 30.13926807136 ], [ -89.860863082221996, 30.139230719974002 ], [ -89.860856043485995, 30.139208174271001 ], [ -89.860848576565999, 30.139184259629001 ], [ -89.860843485008004, 30.139163059230999 ], [ -89.860836351987004, 30.139131305317999 ], [ -89.860811117099004, 30.139072643496 ], [ -89.860800376843002, 30.139048338616998 ], [ -89.860767566006999, 30.139009997673998 ], [ -89.860758576726994, 30.138982967796998 ], [ -89.860748135224, 30.138951587430999 ], [ -89.860765173749996, 30.138932677757001 ], [ -89.860811796814005, 30.138880926613002 ], [ -89.860820943034994, 30.138866592351999 ], [ -89.860830250396006, 30.138823597258 ], [ -89.860839428714996, 30.138787995318999 ], [ -89.860846055601002, 30.138762290203001 ], [ -89.860862000932002, 30.138747740465 ], [ -89.860889228768002, 30.138726575353999 ], [ -89.86090700474, 30.138712756103999 ], [ -89.860921622383003, 30.138696032517 ], [ -89.860965248970004, 30.138640597468001 ], [ -89.861005250351994, 30.138594597032998 ], [ -89.861040251137993, 30.138562597328999 ], [ -89.861097252297, 30.138536597670999 ], [ -89.861156250517993, 30.138502596847999 ], [ -89.86121014615, 30.138452490325999 ], [ -89.861221352201994, 30.138439948292 ], [ -89.861234263026006, 30.138403014826 ], [ -89.861238240608998, 30.138387151297 ], [ -89.861240986747006, 30.138363446353999 ], [ -89.861243919296996, 30.138341877243999 ], [ -89.861252245502996, 30.138315595618 ], [ -89.861289531270003, 30.138196691547002 ], [ -89.861270728744998, 30.138139939451001 ], [ -89.861252896905, 30.138118994679999 ], [ -89.861234785874998, 30.138099873784 ], [ -89.861207479246005, 30.138086288173 ], [ -89.861178049643001, 30.138073210256 ], [ -89.861146650218004, 30.138061725309001 ], [ -89.861130023317003, 30.138046554652 ], [ -89.861112621423004, 30.138024194568001 ], [ -89.861069305605, 30.137952181900001 ], [ -89.861030932418004, 30.137886659953999 ], [ -89.860977502956004, 30.137755273764999 ], [ -89.860973385822007, 30.137739079843001 ], [ -89.860957328156999, 30.137662451762001 ], [ -89.860954456399995, 30.137647046756001 ], [ -89.860943730005999, 30.137589515066001 ], [ -89.860941002862006, 30.137574017843001 ], [ -89.860929465704004, 30.137505188514002 ], [ -89.860915607679004, 30.137454115122001 ], [ -89.860904245208005, 30.137426129451001 ], [ -89.860894745598003, 30.137402732527999 ], [ -89.860881576861999, 30.137361276378002 ], [ -89.860878649759002, 30.137344771847001 ], [ -89.860872432186994, 30.137299270189999 ], [ -89.860871211971997, 30.137283511010999 ], [ -89.860866380127007, 30.137183459444 ], [ -89.860869262578007, 30.137135373519001 ], [ -89.860867203677998, 30.137119893682002 ], [ -89.860864123680997, 30.137096740783999 ], [ -89.860848526308999, 30.137050985487001 ], [ -89.860838558279994, 30.137034210134001 ], [ -89.860807478403004, 30.136981901390001 ], [ -89.860800570069003, 30.136956093797998 ], [ -89.860796431961006, 30.136935425522001 ], [ -89.860790740569001, 30.136905589575001 ], [ -89.860789091700994, 30.136889618095001 ], [ -89.860784201520005, 30.136842240202 ], [ -89.860750662662994, 30.136775261838 ], [ -89.860728671378993, 30.136749016892001 ], [ -89.860709013996001, 30.136725548885 ], [ -89.860676630732002, 30.136659328642999 ], [ -89.860644299531998, 30.136543962314001 ], [ -89.860642613162, 30.136523579455002 ], [ -89.860641142522994, 30.13650222551 ], [ -89.860639396539995, 30.136474081084 ], [ -89.860648625113001, 30.136445670402999 ], [ -89.860653573256997, 30.136430437552999 ], [ -89.860662957168003, 30.136401559450999 ], [ -89.860667065103996, 30.136364666628001 ], [ -89.860659335744003, 30.136330859787002 ], [ -89.860655808884999, 30.136314696804 ], [ -89.860650749045007, 30.136291083299 ], [ -89.860649970474995, 30.136271643476999 ], [ -89.860664250491993, 30.136236595650001 ], [ -89.860681512073995, 30.136200604927001 ], [ -89.860687752562001, 30.136180594818999 ], [ -89.860687749429005, 30.136151674103001 ], [ -89.860680530115999, 30.136121842731001 ], [ -89.860670497233002, 30.136093245742 ], [ -89.860643990946002, 30.136018066220998 ], [ -89.860641514066003, 30.136001725500002 ], [ -89.860665646786003, 30.135967373282 ], [ -89.860691782857998, 30.135953867594999 ], [ -89.860711612475995, 30.135943493433 ], [ -89.860723549512997, 30.135931201399 ], [ -89.860740331016999, 30.135909913304999 ], [ -89.860740700734993, 30.135887014563998 ], [ -89.860731933904006, 30.135867002817001 ], [ -89.860720999037994, 30.135853286907 ], [ -89.860694836134996, 30.135840108223 ], [ -89.860668552909004, 30.135834435566998 ], [ -89.860629194797994, 30.135828153098 ], [ -89.860636415830996, 30.135805569083999 ], [ -89.860645643707997, 30.135776709988001 ], [ -89.860650032004997, 30.135721557541999 ], [ -89.860636249598002, 30.135679857210999 ], [ -89.860599446465997, 30.135649399401 ], [ -89.860592271141002, 30.135632952956001 ], [ -89.860579847024994, 30.135602164815001 ], [ -89.860574255092999, 30.135543571675001 ], [ -89.860560541376998, 30.135497510766999 ], [ -89.860554929890995, 30.135480321218001 ], [ -89.860545478983994, 30.135464879682001 ], [ -89.860523351639003, 30.135428836858999 ], [ -89.860505069005001, 30.135400235197999 ], [ -89.860489932388006, 30.135376556013 ], [ -89.860481962055999, 30.135345927692001 ], [ -89.860476211193998, 30.135317669039999 ], [ -89.860481251297003, 30.135262595152 ], [ -89.860501540794999, 30.135109161913999 ], [ -89.860502145439995, 30.135089121322999 ], [ -89.860506077913001, 30.134959299596002 ], [ -89.860514887945996, 30.134944093655001 ], [ -89.860536250438003, 30.134920596703001 ], [ -89.860575899826003, 30.134895364277 ], [ -89.860591249690998, 30.134885596 ], [ -89.860607944036005, 30.134877703120999 ], [ -89.860646250756005, 30.134859595849999 ], [ -89.860696795528, 30.134822096712 ], [ -89.860708038412994, 30.134807672192998 ], [ -89.860721084496006, 30.134757921511 ], [ -89.860717594719006, 30.134734550194 ], [ -89.860705972416, 30.134709139228999 ], [ -89.86068252586, 30.134683559180001 ], [ -89.860661218383001, 30.134660310002001 ], [ -89.860643532032995, 30.134642843910001 ], [ -89.860592315280002, 30.134605969062999 ], [ -89.860577831417999, 30.134595923418999 ], [ -89.860552803348995, 30.134590818721001 ], [ -89.860527036408996, 30.134585562310999 ], [ -89.860500302776998, 30.134566852003999 ], [ -89.860480672585993, 30.134547403646 ], [ -89.860455770100998, 30.134504188718001 ], [ -89.860440330494001, 30.134482688607999 ], [ -89.860428067132005, 30.134465608780001 ], [ -89.860409473130005, 30.134439124739998 ], [ -89.860366833122995, 30.134367596594 ], [ -89.860267792887001, 30.134199974198001 ], [ -89.860206127010002, 30.134102549862 ], [ -89.860173541205, 30.134031226028 ], [ -89.860138977139997, 30.133984598226 ], [ -89.860126341308003, 30.133970321915999 ], [ -89.860104680633995, 30.133945847989001 ], [ -89.860080220035996, 30.133913199319998 ], [ -89.860046858258002, 30.133847961280999 ], [ -89.860039292812999, 30.133805135808998 ], [ -89.860014432201993, 30.133762904676001 ], [ -89.860004899596007, 30.133748371618999 ], [ -89.859980903985999, 30.133711800758 ], [ -89.859948473871995, 30.133602397651 ], [ -89.859905839145, 30.133408336938 ], [ -89.859903184977, 30.133392836885001 ], [ -89.859879250760997, 30.133231447997002 ], [ -89.859877039983004, 30.133215866286001 ], [ -89.859869312117993, 30.133161295671002 ], [ -89.859880249815006, 30.133106596261999 ], [ -89.859893616631993, 30.133045211477 ], [ -89.859885580165994, 30.132973543927999 ], [ -89.859842801986005, 30.132861680236001 ], [ -89.859799525503007, 30.132808479699001 ], [ -89.859785818386996, 30.132791628164998 ], [ -89.859748005900002, 30.132735614211999 ], [ -89.859728223730997, 30.132685572412001 ], [ -89.859725546427001, 30.132669604743999 ], [ -89.859722847974993, 30.132640544706 ], [ -89.859721415051993, 30.132624796654 ], [ -89.859715391280005, 30.132571233004999 ], [ -89.859705887502002, 30.132539258501001 ], [ -89.859696670378, 30.132512603991 ], [ -89.859683623086994, 30.132484343112001 ], [ -89.859668049459998, 30.132450607279001 ], [ -89.859615607696995, 30.132307923849002 ], [ -89.859581015963002, 30.132253263089002 ], [ -89.859539573069995, 30.132187776655002 ], [ -89.859484293259001, 30.132073962290999 ], [ -89.859452632493003, 30.132002773086999 ], [ -89.859420193624004, 30.131917534803002 ], [ -89.859402912936005, 30.131863025143002 ], [ -89.859384459270004, 30.131819464355999 ], [ -89.859361250077001, 30.131779316725002 ], [ -89.859350967818003, 30.131758577871 ], [ -89.859336525445002, 30.131725496120001 ], [ -89.859333569759002, 30.131699449317001 ], [ -89.859330789335999, 30.131667100651999 ], [ -89.859331365149998, 30.131636468551001 ], [ -89.859332201686996, 30.131597336829 ], [ -89.859330444289, 30.131581706940999 ], [ -89.859325951960997, 30.131541736111 ], [ -89.859305934342004, 30.131478598560001 ], [ -89.859280582508006, 30.131435744648002 ], [ -89.859214245627996, 30.131362501205 ], [ -89.859164297419994, 30.131305286724 ], [ -89.859084394375003, 30.131136912822999 ], [ -89.859053820756998, 30.131064682769999 ], [ -89.859026277088006, 30.130985500693999 ], [ -89.859007016641996, 30.130903626997998 ], [ -89.859001268266994, 30.130854911303 ], [ -89.858997362916995, 30.130826484631001 ], [ -89.858966387674997, 30.130753349641999 ], [ -89.858918267088995, 30.13070185754 ], [ -89.858875850163997, 30.130654282605999 ], [ -89.858850716308993, 30.130563077365 ], [ -89.858848051679004, 30.130546687572 ], [ -89.858839362872999, 30.130480938409999 ], [ -89.858808663241007, 30.130400980249998 ], [ -89.858771676434003, 30.130361434442001 ], [ -89.858741239820006, 30.130343147870999 ], [ -89.858701697152, 30.130323406091001 ], [ -89.858642265499995, 30.130292733325 ], [ -89.858615302217004, 30.130263627341002 ], [ -89.858601286712002, 30.130238759587002 ], [ -89.858592822090998, 30.130220621353001 ], [ -89.858563791262, 30.130120647060998 ], [ -89.858538802753998, 30.130039070982001 ], [ -89.858513133974995, 30.129983812317001 ], [ -89.858462215917996, 30.129926559625002 ], [ -89.85839505637, 30.129854447837001 ], [ -89.858332830413005, 30.129763117953001 ], [ -89.858293176163002, 30.129654494204001 ], [ -89.858241621486002, 30.129558250186999 ], [ -89.858201036929003, 30.129487364060999 ], [ -89.857852653799, 30.128878833569999 ], [ -89.857675997152, 30.128489839716998 ], [ -89.857471657687, 30.128172989501 ], [ -89.857328044189998, 30.127950296386999 ], [ -89.857062045526007, 30.127492083210001 ], [ -89.856684377693995, 30.126979024669001 ], [ -89.856599828070998, 30.126870873573999 ], [ -89.856546338965998, 30.126818223284999 ], [ -89.856476260796001, 30.126766648415 ], [ -89.856310340210001, 30.126651438562 ], [ -89.856264988537006, 30.126616632373 ], [ -89.856232740056001, 30.12657778669 ], [ -89.856184201209999, 30.126489851654998 ], [ -89.856139074992001, 30.126423265347 ], [ -89.856088280986995, 30.126360241535 ], [ -89.855957034197004, 30.126197395388999 ], [ -89.855906921707003, 30.126117129541999 ], [ -89.855884247652, 30.126047595509998 ], [ -89.855885036081006, 30.126029217949 ], [ -89.855887379883995, 30.125924454644998 ], [ -89.855876141720003, 30.125882744325001 ], [ -89.855868860330006, 30.125858294572001 ], [ -89.855835044727996, 30.125805195942998 ], [ -89.855767226937004, 30.125718160681998 ], [ -89.855750370856001, 30.125697713217001 ], [ -89.855628928317998, 30.125550398308 ], [ -89.855467039231996, 30.125312321789 ], [ -89.855394595796, 30.125191602289998 ], [ -89.855368615515999, 30.125143898259999 ], [ -89.855346135839994, 30.125065990959001 ], [ -89.855333437658004, 30.125038482343999 ], [ -89.855324951225995, 30.125022163410001 ], [ -89.855299020592, 30.124983289075001 ], [ -89.855246733105005, 30.124915102782001 ], [ -89.855227621718001, 30.124871311094999 ], [ -89.855176397343001, 30.124773666477001 ], [ -89.855163124892997, 30.124757095370999 ], [ -89.855142330272997, 30.124731128059999 ], [ -89.855122284380997, 30.124688908374999 ], [ -89.855110250242006, 30.124657364320999 ], [ -89.855107589528998, 30.124637056114 ], [ -89.855104817156999, 30.124615879619 ], [ -89.855101542198994, 30.124590034796999 ], [ -89.855097363396993, 30.124553899908001 ], [ -89.855070435448994, 30.124479368402 ], [ -89.854993974801005, 30.124333030982999 ], [ -89.854870975051, 30.124160477995002 ], [ -89.854619500473007, 30.123872317202 ], [ -89.854573691298, 30.123820843901001 ], [ -89.854549191971003, 30.123788226138998 ], [ -89.854525943032996, 30.12375073235 ], [ -89.854510834007996, 30.123725828383002 ], [ -89.854499059798997, 30.123710631859002 ], [ -89.854474301633999, 30.123678674312 ], [ -89.854459357478007, 30.123665735669999 ], [ -89.854442713422998, 30.123651320863001 ], [ -89.854426797337993, 30.123635199997 ], [ -89.854402650734997, 30.123609658692999 ], [ -89.854391453030999, 30.123584505374001 ], [ -89.854377247266996, 30.123552594031 ], [ -89.854378568551994, 30.123535742691999 ], [ -89.854381246805005, 30.123501593813 ], [ -89.854399246030994, 30.123375594561999 ], [ -89.854427248641997, 30.123290593606001 ], [ -89.854480246994996, 30.123179594029001 ], [ -89.854542245017001, 30.123073594472 ], [ -89.854596247513996, 30.123032592489999 ], [ -89.854634500621998, 30.123007727806002 ], [ -89.854650592463003, 30.122995085932001 ], [ -89.854677566223003, 30.122963989352002 ], [ -89.854688241093996, 30.122945569315 ], [ -89.854710247005997, 30.122907593480999 ], [ -89.854806641324004, 30.122732441678998 ], [ -89.854788791982003, 30.122683166813001 ], [ -89.854591995860005, 30.122501595269 ], [ -89.854564521439002, 30.122505112460001 ], [ -89.854515556061003, 30.122512270796001 ], [ -89.854488636040998, 30.122520318842 ], [ -89.854458759897994, 30.122532511913001 ], [ -89.854403420477993, 30.122557112654999 ], [ -89.854353619310999, 30.122516618734998 ], [ -89.854346179052996, 30.122499764716999 ], [ -89.854333653433997, 30.122471089543001 ], [ -89.854289308796993, 30.122428048496001 ], [ -89.854233548495003, 30.122423751635001 ], [ -89.854210627227999, 30.122428381763001 ], [ -89.854173659235002, 30.122447226676002 ], [ -89.854147415545995, 30.122465711044999 ], [ -89.854126022843005, 30.122489782285001 ], [ -89.854111341307004, 30.122515922752999 ], [ -89.854094568611004, 30.122559875808999 ], [ -89.854083014726001, 30.122605333696001 ], [ -89.854063561725994, 30.122657568853 ], [ -89.854036466690999, 30.122684384704002 ], [ -89.854016899692994, 30.122697541466 ], [ -89.853987082551996, 30.122705334948002 ], [ -89.853967787569999, 30.122710378352 ], [ -89.853949744960005, 30.122715093867999 ], [ -89.853932131703004, 30.122710327318 ], [ -89.853875246109993, 30.122694927545002 ], [ -89.853867511177, 30.122678072898999 ], [ -89.853851854354005, 30.122643954605 ], [ -89.853847390048003, 30.122607163242002 ], [ -89.853850277264002, 30.122578661022999 ], [ -89.853863795289996, 30.122552111448002 ], [ -89.853875827769002, 30.122531805727 ], [ -89.853896989717995, 30.122517825113 ], [ -89.853913279387001, 30.122508216118 ], [ -89.853928745041998, 30.122499093192999 ], [ -89.853944087930003, 30.122488033618001 ], [ -89.853968690071, 30.122468690895001 ], [ -89.853990312901004, 30.122440587518 ], [ -89.853995312395, 30.12242219857 ], [ -89.853978620313001, 30.122344369467001 ], [ -89.853930318633999, 30.122320189980002 ], [ -89.853890268558999, 30.122314623941001 ], [ -89.853857052921001, 30.12231072342 ], [ -89.853775235336997, 30.122310617932001 ], [ -89.853736127454994, 30.122343143479998 ], [ -89.853684660433998, 30.12235675861 ], [ -89.853662623437003, 30.122319746510001 ], [ -89.853693247558994, 30.122287594903 ], [ -89.853713911466002, 30.122234128319999 ], [ -89.853716134357995, 30.122172377114001 ], [ -89.853713390750997, 30.122156974228002 ], [ -89.853697297739004, 30.122066571198999 ], [ -89.853689974711997, 30.122046096931001 ], [ -89.853639462698993, 30.122011642356998 ], [ -89.853579248328003, 30.121983094866 ], [ -89.853547763623993, 30.121948547112002 ], [ -89.853540413998999, 30.121931053482999 ], [ -89.853536224870993, 30.121912495526999 ], [ -89.853536182444003, 30.121893974201001 ], [ -89.853559469209998, 30.121869206147998 ], [ -89.853582070231994, 30.121858880409 ], [ -89.853627246591003, 30.121846594049 ], [ -89.853656862319994, 30.121821742750001 ], [ -89.853670747422001, 30.121810093027001 ], [ -89.853673241967996, 30.121792935472001 ], [ -89.853680554538997, 30.121742638289 ], [ -89.853683080395996, 30.121725259138 ], [ -89.853597093965007, 30.121723566639002 ], [ -89.85352409843, 30.121753789039001 ], [ -89.853505463453999, 30.121757939365999 ], [ -89.853466054650994, 30.121766718536001 ], [ -89.853446113282999, 30.121766310586999 ], [ -89.853396208042994, 30.121760116769 ], [ -89.853389485731995, 30.121732815784 ], [ -89.853388316264997, 30.121712895083999 ], [ -89.853395057778997, 30.121657105078999 ], [ -89.853363371122001, 30.121623517682998 ], [ -89.853331608931001, 30.121596971287001 ], [ -89.853309474544005, 30.121578966981001 ], [ -89.853227996228, 30.121580305807999 ], [ -89.853204854249995, 30.121578915448001 ], [ -89.853158445893996, 30.121572703064999 ], [ -89.853112513013997, 30.121539173959 ], [ -89.853084863972001, 30.121479518771 ], [ -89.853119244964006, 30.121437593288 ], [ -89.853218247390998, 30.121420593831001 ], [ -89.853270005050007, 30.121378659537999 ], [ -89.853280165608993, 30.121348340716999 ], [ -89.853287974289003, 30.121314816952001 ], [ -89.853287147998003, 30.121256365217 ], [ -89.853246246281003, 30.121231593697001 ], [ -89.853188358023004, 30.121219896808999 ], [ -89.853171549565005, 30.121182013136998 ], [ -89.853187105372001, 30.121150051512 ], [ -89.853200441216003, 30.121133875527001 ], [ -89.853234246509004, 30.121112592747998 ], [ -89.853296759288995, 30.121081335237001 ], [ -89.853312686417993, 30.121062866014999 ], [ -89.853325165323, 30.121028435623 ], [ -89.853327720140001, 30.121005198660999 ], [ -89.853331813264006, 30.120980828636998 ], [ -89.853355424404, 30.120949305700002 ], [ -89.853386247328004, 30.120907593719998 ], [ -89.853421615764006, 30.120842074359999 ], [ -89.853449526760002, 30.120809423185001 ], [ -89.853452131758999, 30.120788045365 ], [ -89.853441860510998, 30.120764279142001 ], [ -89.853398245153997, 30.120741593814 ], [ -89.853304598685, 30.120727020665999 ], [ -89.853288453798001, 30.12071830975 ], [ -89.853286526738003, 30.120696084378 ], [ -89.853278431882003, 30.120602749530001 ], [ -89.853274462854998, 30.120580002297999 ], [ -89.853271247197995, 30.120561592396001 ], [ -89.853227246505, 30.120484596011998 ], [ -89.853225524571002, 30.120463583726998 ], [ -89.853222245601998, 30.120423592815001 ], [ -89.853219973582, 30.120402652845002 ], [ -89.853216750179996, 30.120372961444001 ], [ -89.853211055998003, 30.120352958348999 ], [ -89.853188246209001, 30.120319593283 ], [ -89.853173248890997, 30.120280594040999 ], [ -89.853167333645999, 30.120260731914001 ], [ -89.853151666623006, 30.120223570198 ], [ -89.853120908628, 30.120207562167 ], [ -89.853103226006994, 30.120204841865998 ], [ -89.853060238024995, 30.120214966531002 ], [ -89.853042863260001, 30.120224074229 ], [ -89.853001181593001, 30.120258451797 ], [ -89.852985247613006, 30.120271590567 ], [ -89.852967109990999, 30.120281049675 ], [ -89.852935179561996, 30.120297702479 ], [ -89.852916742814003, 30.120307316108999 ], [ -89.852852844290993, 30.120317735444999 ], [ -89.852832252566998, 30.120321093196999 ], [ -89.852811369842001, 30.120323430869 ], [ -89.852631245910004, 30.120343594057999 ], [ -89.852573253870005, 30.120322581164 ], [ -89.852579246228004, 30.120263593402999 ], [ -89.852631245839007, 30.120173593373998 ], [ -89.852660246957996, 30.120105591931999 ], [ -89.852709246570996, 30.120032593064 ], [ -89.852749246798993, 30.119991593321 ], [ -89.852795246054001, 30.119955593410999 ], [ -89.852845247458006, 30.119918594567 ], [ -89.852895246965005, 30.119868592827 ], [ -89.852929245788999, 30.119813593473999 ], [ -89.852953245834001, 30.11975959335 ], [ -89.852978247775994, 30.119710592872 ], [ -89.853002245531997, 30.119669592861001 ], [ -89.853047245593999, 30.119619593557999 ], [ -89.853117245359002, 30.119564593379 ], [ -89.853152245759006, 30.119527592861001 ], [ -89.853166247361997, 30.119482592876999 ], [ -89.853167836479997, 30.119424469588999 ], [ -89.853162753221994, 30.119394716694998 ], [ -89.853157121772995, 30.119379156849 ], [ -89.853139246753997, 30.119336593972001 ], [ -89.853109772327002, 30.119307489225001 ], [ -89.853092016025002, 30.119294233722002 ], [ -89.853011996139003, 30.119262576388 ], [ -89.852921246340003, 30.119260592639002 ], [ -89.852818247268999, 30.119249592445001 ], [ -89.852730245043006, 30.119237594062 ], [ -89.852673246552001, 30.119207592673 ], [ -89.852615245340999, 30.11915959325 ], [ -89.852578247059, 30.119125592292001 ], [ -89.852520244692997, 30.119090592060999 ], [ -89.852463247260999, 30.119051593609001 ], [ -89.852415246671001, 30.119003593677999 ], [ -89.852385050785003, 30.118958675489999 ], [ -89.852375243330997, 30.118944090906002 ], [ -89.852371149836998, 30.118927849079999 ], [ -89.852366421289005, 30.118909088325999 ], [ -89.852360246195005, 30.118884592116999 ], [ -89.852360576541997, 30.118866072260001 ], [ -89.852361121749993, 30.118835474030998 ], [ -89.852361474692998, 30.118812572323002 ], [ -89.852361757378006, 30.118793139781001 ], [ -89.852360879189007, 30.118755458435 ], [ -89.852347208504, 30.118714102942 ], [ -89.852337237776993, 30.118692283386 ], [ -89.852297244995, 30.118631593376001 ], [ -89.852265245165, 30.118600591547001 ], [ -89.852227312123006, 30.11857566538 ], [ -89.852212744468005, 30.118566093279998 ], [ -89.852196666043994, 30.118558526087 ], [ -89.852178909784996, 30.118550170439001 ], [ -89.852149484053001, 30.118534575923 ], [ -89.852121079263995, 30.118476425922001 ], [ -89.852137980462999, 30.118464882430001 ], [ -89.852188251065002, 30.118430544809002 ], [ -89.852177078522004, 30.118364550550002 ], [ -89.852052246360003, 30.118286592101001 ], [ -89.851989246280993, 30.118267592344999 ], [ -89.851927246306005, 30.118246593643999 ], [ -89.851836243719006, 30.118222592917999 ], [ -89.851698832330001, 30.118220503349001 ], [ -89.851644013224004, 30.118278892582001 ], [ -89.851628968537995, 30.118295327091001 ], [ -89.851587156676999, 30.118338617637999 ], [ -89.851568007854993, 30.118333953491 ], [ -89.851540113395004, 30.118324405618999 ], [ -89.851528115457995, 30.118290764815999 ], [ -89.851523703493001, 30.118275152742001 ], [ -89.851525512679004, 30.118258111111999 ], [ -89.851530245231999, 30.118213591717002 ], [ -89.851558246390994, 30.118147593012999 ], [ -89.851606243698996, 30.118073592619002 ], [ -89.851643246028999, 30.118003593575001 ], [ -89.851711243723997, 30.117845592605001 ], [ -89.851748244864993, 30.117772592718001 ], [ -89.851784234391005, 30.117688617614 ], [ -89.851791746160998, 30.117671094236002 ], [ -89.851793137515998, 30.117652416683001 ], [ -89.851795572515002, 30.117610808188999 ], [ -89.851791479108996, 30.117588290465999 ], [ -89.851779245407002, 30.117551592098 ], [ -89.851761248420004, 30.117513592895001 ], [ -89.851757346805996, 30.117493043273999 ], [ -89.851749132012998, 30.117449751509 ], [ -89.851743053394003, 30.117427786185001 ], [ -89.851691924353005, 30.117366221032999 ], [ -89.851665610359007, 30.117304019971002 ], [ -89.851656887011004, 30.117284037773999 ], [ -89.851636244988001, 30.117237093031001 ], [ -89.851618053223007, 30.117233405931 ], [ -89.851570148410005, 30.117223704375 ], [ -89.851539324466998, 30.117221906154001 ], [ -89.851480245074995, 30.117224592789999 ], [ -89.851424246072, 30.117225591686999 ], [ -89.851279244395997, 30.117172592193999 ], [ -89.851204243089995, 30.117132592248002 ], [ -89.851156244264004, 30.117110592159001 ], [ -89.851102244708002, 30.117053593127999 ], [ -89.851081244688004, 30.117018592430998 ], [ -89.851039243483996, 30.116975592797999 ], [ -89.850985244721997, 30.116931591177 ], [ -89.850935245585006, 30.116896591806999 ], [ -89.850889245483003, 30.116857592723001 ], [ -89.850807245946996, 30.116781592645999 ], [ -89.850733243953002, 30.116684592972 ], [ -89.850682245105006, 30.116633592123002 ], [ -89.850643245219004, 30.116588591602 ], [ -89.850629305373005, 30.116552000233 ], [ -89.85062324482, 30.116536092591002 ], [ -89.850621844862005, 30.116519427181998 ], [ -89.850619543039002, 30.116492025976001 ], [ -89.850625624217997, 30.116451675610001 ], [ -89.850627645155996, 30.116430595303001 ], [ -89.850612155969003, 30.116382147503 ], [ -89.850563745296995, 30.116356335167001 ], [ -89.850546241794007, 30.116349091869999 ], [ -89.850529647897005, 30.116340908761 ], [ -89.850492310372005, 30.116322494714002 ], [ -89.850473244938996, 30.116313094658999 ], [ -89.850453427488006, 30.116305133308 ], [ -89.85041224615, 30.116288592317002 ], [ -89.850319244065005, 30.116214592864999 ], [ -89.850286243729002, 30.116161592042001 ], [ -89.850272294971006, 30.116100238961 ], [ -89.850279243873004, 30.116051592487 ], [ -89.850291370513006, 30.115968286651 ], [ -89.850278244679004, 30.115903591963999 ], [ -89.850250076059993, 30.115872083267998 ], [ -89.850231601827005, 30.115851421036002 ], [ -89.850210647411004, 30.115845318971001 ], [ -89.850167270165997, 30.115836178500999 ], [ -89.850149914907007, 30.115828675172999 ], [ -89.850099701076999, 30.115806966438001 ], [ -89.850074278226998, 30.115797292679002 ], [ -89.850047207215994, 30.115788257186001 ], [ -89.850007749797996, 30.115774651456999 ], [ -89.849940019319007, 30.115753425796001 ], [ -89.849906280138001, 30.115760656326 ], [ -89.849885137854997, 30.115763757497 ], [ -89.849832835171, 30.115728452073 ], [ -89.849816744164002, 30.115717591313999 ], [ -89.849808682719996, 30.115700374534999 ], [ -89.849791096480004, 30.115662810926001 ], [ -89.849793107674998, 30.115641141363 ], [ -89.849799127265001, 30.115616025308 ], [ -89.849800316620005, 30.115596788817999 ], [ -89.849785843776004, 30.115557063332002 ], [ -89.849775124385005, 30.115542438498998 ], [ -89.849760095643006, 30.115526243103002 ], [ -89.849752247419005, 30.115511992529999 ], [ -89.849738242586994, 30.115476591259 ], [ -89.849733553665999, 30.115456259159998 ], [ -89.849723245400995, 30.115411592141999 ], [ -89.849719274272999, 30.115391075047 ], [ -89.849708741678, 30.115336665076999 ], [ -89.849705243692, 30.115318592924002 ], [ -89.849696991363999, 30.115302211252999 ], [ -89.849667943132999, 30.115251048371999 ], [ -89.849611245228004, 30.115200591927 ], [ -89.849589833530004, 30.115144798162 ], [ -89.849594755141993, 30.115104843483 ], [ -89.849609367735994, 30.115085498267 ], [ -89.849625301854999, 30.115065844928001 ], [ -89.849629268425005, 30.115039146720999 ], [ -89.849625560931003, 30.115017305415002 ], [ -89.849601928701006, 30.114983719287999 ], [ -89.849592347005, 30.114966084791 ], [ -89.849575007821002, 30.114934174563 ], [ -89.849571839476994, 30.114913551916001 ], [ -89.849571510713005, 30.114897234175 ], [ -89.849571244580005, 30.114861592375 ], [ -89.849568632274, 30.114840705319001 ], [ -89.849565504789993, 30.114815667639999 ], [ -89.849555533647006, 30.114794151891999 ], [ -89.849527009984001, 30.114756696073002 ], [ -89.849509774243003, 30.114743483816 ], [ -89.849462243480005, 30.114715592309999 ], [ -89.849404244246003, 30.114687592844 ], [ -89.849366244978995, 30.114662591984999 ], [ -89.849335728528004, 30.11463616775 ], [ -89.849321385864997, 30.114621720416999 ], [ -89.849288244768999, 30.114575591786998 ], [ -89.849255243914001, 30.114546591673999 ], [ -89.849144265158003, 30.114392403918 ], [ -89.849133242845994, 30.114377089925 ], [ -89.849127991494996, 30.114359204616001 ], [ -89.849117243959995, 30.114322593072998 ], [ -89.849094129296006, 30.114292391509998 ], [ -89.849077658415993, 30.114274311279001 ], [ -89.849059902118, 30.114258225825999 ], [ -89.849013244047995, 30.114218592492001 ], [ -89.848904244430003, 30.114061591111 ], [ -89.848785244929005, 30.113877591571999 ], [ -89.848755507079005, 30.113812806113 ], [ -89.848747911280995, 30.113796259446001 ], [ -89.848747570694997, 30.113774337841999 ], [ -89.848747330680993, 30.113758759113999 ], [ -89.848765631518006, 30.113730078701 ], [ -89.848775743174997, 30.113716590646 ], [ -89.848789774970001, 30.113705157807999 ], [ -89.848870240590998, 30.113639591771001 ], [ -89.848907171083994, 30.113616427158998 ], [ -89.848964242964001, 30.113598591470002 ], [ -89.849004234084006, 30.113588152007999 ], [ -89.849018759347999, 30.113578491260999 ], [ -89.849045974220999, 30.113554423231999 ], [ -89.849059112781006, 30.113536490596001 ], [ -89.849079243570003, 30.113506591993001 ], [ -89.849090939240995, 30.113466675714001 ], [ -89.849070983600996, 30.113424502897001 ], [ -89.849053204740997, 30.113410638464 ], [ -89.848923245437007, 30.11332459294 ], [ -89.848816244204997, 30.113257592025999 ], [ -89.848751244821003, 30.113197590853002 ], [ -89.848688244070999, 30.113129593179 ], [ -89.848653242766005, 30.113076591007999 ], [ -89.848639241913006, 30.113033591095999 ], [ -89.848638692193006, 30.113012473722002 ], [ -89.848637531367004, 30.112968021514 ], [ -89.848649243251998, 30.112863591796 ], [ -89.848701129966003, 30.112758795421001 ], [ -89.848709942213006, 30.112740993626002 ], [ -89.848729592557007, 30.112713317255 ], [ -89.848732856930994, 30.112694821405999 ], [ -89.848732329285994, 30.112677792265998 ], [ -89.848731244562003, 30.112658591508001 ], [ -89.848726934292003, 30.112638290690999 ], [ -89.848721173292006, 30.112611162629001 ], [ -89.848717118558, 30.112589452706999 ], [ -89.848716989862993, 30.112569051028 ], [ -89.848719982714996, 30.112527411832001 ], [ -89.848719798700998, 30.112511557651001 ], [ -89.848715578962995, 30.112493538679999 ], [ -89.848700204189996, 30.112452627282 ], [ -89.848676241812001, 30.112411592076 ], [ -89.848644240427006, 30.112349987580998 ], [ -89.848636241559007, 30.112334592111001 ], [ -89.848623172331003, 30.112323090368001 ], [ -89.848586243718003, 30.112290593899999 ], [ -89.848548243034003, 30.112258591492001 ], [ -89.848508244650006, 30.112204591950999 ], [ -89.848487243058997, 30.112159591398999 ], [ -89.848405245609001, 30.112054592178001 ], [ -89.848369243006999, 30.111991591894 ], [ -89.848304243803, 30.111832591020999 ], [ -89.848270243008997, 30.111742590691001 ], [ -89.848233244062001, 30.111636591673999 ], [ -89.848225907295003, 30.111569621568002 ], [ -89.848230086011, 30.111545763273998 ], [ -89.848241418374002, 30.111504051139999 ], [ -89.848245911228005, 30.111487521558999 ], [ -89.848248352933993, 30.111471935149002 ], [ -89.848246155037998, 30.111442974187 ], [ -89.848242060643003, 30.111417878644001 ], [ -89.848227386017001, 30.111398522935001 ], [ -89.848209244027998, 30.111374591758 ], [ -89.848131244537996, 30.111360590808001 ], [ -89.848066249243999, 30.111332095040002 ], [ -89.848017300441995, 30.111290799759999 ], [ -89.848003241593005, 30.111278590278999 ], [ -89.847992294188998, 30.111263994289001 ], [ -89.847958242207, 30.111218591227001 ], [ -89.847944183089993, 30.111169375127002 ], [ -89.847953672250995, 30.111145497296 ], [ -89.847970991034003, 30.111120791046002 ], [ -89.847990418267003, 30.111063109635001 ], [ -89.847946243321005, 30.111005591064 ], [ -89.847931970836996, 30.110969295141 ], [ -89.847928402302998, 30.110951323175001 ], [ -89.847936073702996, 30.110928743009001 ], [ -89.847942868306006, 30.110911654736 ], [ -89.847949472064002, 30.110895047002 ], [ -89.847944045947997, 30.110870117785002 ], [ -89.847932957149993, 30.110853454998999 ], [ -89.847921379184996, 30.110841481883998 ], [ -89.847900605131997, 30.110826008236 ], [ -89.847870909180998, 30.110803887471 ], [ -89.847855742020002, 30.110792589359999 ], [ -89.847845738206004, 30.110777352584002 ], [ -89.847801243006998, 30.110709590984001 ], [ -89.847751244511997, 30.110632591691999 ], [ -89.847732244113004, 30.110593590806001 ], [ -89.847728718520003, 30.110572951434001 ], [ -89.847725241687996, 30.110552591398999 ], [ -89.847723806076999, 30.110531535299 ], [ -89.847720810873, 30.110487716493001 ], [ -89.847714525092996, 30.110467135326001 ], [ -89.847691593647994, 30.110431555571001 ], [ -89.847682243180998, 30.110418090901 ], [ -89.847665124182001, 30.110413191006 ], [ -89.847625959306001, 30.110401982329002 ], [ -89.847602510659996, 30.110395309472 ], [ -89.847578418490997, 30.110388645596 ], [ -89.847541092643993, 30.110376452545999 ], [ -89.847514460048998, 30.110342380154002 ], [ -89.847502744344993, 30.11032615145 ], [ -89.847449657164006, 30.110278985415 ], [ -89.847428877311003, 30.110268087716001 ], [ -89.847396243611001, 30.110252590342 ], [ -89.847366265207, 30.110235162361001 ], [ -89.847341824837002, 30.110227148393001 ], [ -89.847297674269996, 30.110225437979 ], [ -89.847277581949001, 30.110226331084998 ], [ -89.847224132589005, 30.110228705733 ], [ -89.847204244824994, 30.110229590307 ], [ -89.847186749008998, 30.110223311108001 ], [ -89.847126245558002, 30.110201592511999 ], [ -89.847074021582003, 30.110158072029002 ], [ -89.847060235534002, 30.110146584593 ], [ -89.847051074972001, 30.110131736197001 ], [ -89.847031243122998, 30.110099591769 ], [ -89.847031821539005, 30.110078489802 ], [ -89.847032479942001, 30.110054461013 ], [ -89.847036643053002, 30.110036949735001 ], [ -89.847049242186998, 30.109999591684002 ], [ -89.847046864039996, 30.10995992374 ], [ -89.847036052291998, 30.109939592838 ], [ -89.847006248132999, 30.109910357495 ], [ -89.846993737762006, 30.10989808687 ], [ -89.846981232418997, 30.109885827126998 ], [ -89.846943244830001, 30.10984859146 ], [ -89.846906241913004, 30.109813591777002 ], [ -89.846886242714007, 30.109758592039 ], [ -89.846864243441004, 30.109683589932001 ], [ -89.846835242753997, 30.10961359109 ], [ -89.846663244400006, 30.109482591957001 ], [ -89.845944834758001, 30.108934414795002 ], [ -89.845239185392998, 30.108395962012001 ], [ -89.844506039522997, 30.107836521951999 ], [ -89.844232240951996, 30.107627590810999 ], [ -89.844122839483006, 30.107438198741001 ], [ -89.844081644170004, 30.107366886735001 ], [ -89.843788508718006, 30.106859419170998 ], [ -89.842543241727, 30.104703589839001 ], [ -89.839417238633999, 30.102875590575 ], [ -89.839425379361998, 30.102859028627002 ], [ -89.839591237370996, 30.102521590553 ], [ -89.839647240730997, 30.102373589519999 ], [ -89.839679239877995, 30.102270589313001 ], [ -89.839707239065007, 30.102200588780999 ], [ -89.839706906089006, 30.102129222340999 ], [ -89.839692683581006, 30.102093891369002 ], [ -89.839676890755996, 30.102066336947999 ], [ -89.839640195743002, 30.10203697663 ], [ -89.83961364468, 30.102014265222 ], [ -89.839584720519994, 30.10197266131 ], [ -89.839575418448007, 30.101959277771002 ], [ -89.839590238054996, 30.101900589776999 ], [ -89.839602138694005, 30.101885715198001 ], [ -89.839630238593998, 30.101850588759 ], [ -89.839631076640998, 30.101812340157998 ], [ -89.839622238060002, 30.101717588976999 ], [ -89.839636083488998, 30.101668990383001 ], [ -89.839392958662998, 30.101546412095999 ], [ -89.839282238218999, 30.101490590055 ], [ -89.839177130460996, 30.101839248331 ], [ -89.839120238657003, 30.10187058907 ], [ -89.839054356061993, 30.101861706632 ], [ -89.839031239530996, 30.101858589854999 ], [ -89.839004238605, 30.101804589343999 ], [ -89.839001822002004, 30.101783692489999 ], [ -89.838990239820006, 30.101683590608001 ], [ -89.838900237866994, 30.101668590847002 ], [ -89.838820237337998, 30.101678589721999 ], [ -89.838701241373997, 30.101668590462999 ], [ -89.838574236699998, 30.101628590471002 ], [ -89.838544238059001, 30.101579588488999 ], [ -89.838523238842996, 30.101530589338999 ], [ -89.838509237869005, 30.101478590262001 ], [ -89.838508033886001, 30.101457518585001 ], [ -89.838501239107003, 30.10133858911 ], [ -89.838457237450001, 30.101209590035999 ], [ -89.838384239088995, 30.101089590137999 ], [ -89.838351779229001, 30.100954301693999 ], [ -89.838380239432993, 30.100856588376001 ], [ -89.838612239477001, 30.100631589555999 ], [ -89.838741237752004, 30.100460588931998 ], [ -89.838883239826004, 30.10023758953 ], [ -89.839214237194994, 30.099828589382 ], [ -89.839283442262996, 30.099717330728001 ], [ -89.839206238822996, 30.099544588891 ], [ -89.839160240416007, 30.099506589647 ], [ -89.839085238115999, 30.099469589586 ], [ -89.838926778439003, 30.099066907937001 ], [ -89.838981238705998, 30.098966588654001 ], [ -89.839019825519003, 30.098806148851999 ], [ -89.838972239590007, 30.098656588939001 ], [ -89.838857238453002, 30.098544587544001 ], [ -89.838664236301, 30.098439589521 ], [ -89.838526242569998, 30.098392587976001 ], [ -89.838399236338006, 30.098388588477 ], [ -89.838291237212005, 30.098403588915001 ], [ -89.838179236057996, 30.098446588752001 ], [ -89.838071238210006, 30.098484589556001 ], [ -89.837958238051002, 30.098509588319999 ], [ -89.837799238879995, 30.098557588771001 ], [ -89.837482237740005, 30.098620588751999 ], [ -89.837349239957007, 30.098646589729999 ], [ -89.837211237842993, 30.098712590034001 ], [ -89.837118236731001, 30.098723588790001 ], [ -89.836911237937997, 30.098687586949001 ], [ -89.836826237200995, 30.098634589193001 ], [ -89.836744238685, 30.098465589753001 ], [ -89.836640238502994, 30.098450589115 ], [ -89.836543236631002, 30.098488588155998 ], [ -89.836450237687998, 30.09849958917 ], [ -89.836222237627993, 30.098394587863002 ], [ -89.836077237306, 30.098392589446998 ], [ -89.835962236978006, 30.098368588054001 ], [ -89.835882737405996, 30.098284589327001 ], [ -89.835893910245005, 30.098271685391001 ], [ -89.835918236850006, 30.098243589414999 ], [ -89.835912591717005, 30.098228645696999 ], [ -89.835901237594996, 30.098198588816999 ], [ -89.835648237797997, 30.098060589367002 ], [ -89.835555236692997, 30.098039589443001 ], [ -89.835484236754994, 30.098090588445999 ], [ -89.835438236114001, 30.098132589445001 ], [ -89.835293236021997, 30.098112589781 ], [ -89.835116237091995, 30.098058589221001 ], [ -89.835052236297003, 30.097996587518001 ], [ -89.835058965437, 30.097981664460001 ], [ -89.835098236551005, 30.097894588374 ], [ -89.835137236649004, 30.097803588103002 ], [ -89.835195236215995, 30.097663589903 ], [ -89.835211514096997, 30.097530889159 ], [ -89.835195238389005, 30.097492588523998 ], [ -89.835108235798998, 30.097346588480999 ], [ -89.835045237762003, 30.097140588752001 ], [ -89.834981236407003, 30.097056587920999 ], [ -89.834835236649994, 30.096927588801002 ], [ -89.834611236686001, 30.096864587403999 ], [ -89.834486237613007, 30.096849588906 ], [ -89.834243237120006, 30.096845587716999 ], [ -89.834185236394006, 30.096810588093 ], [ -89.834117235899001, 30.096794588416 ], [ -89.834050236695006, 30.096786587537999 ], [ -89.833957234422996, 30.096784588316002 ], [ -89.833796237895001, 30.096778588915001 ], [ -89.833583235031995, 30.096743588908001 ], [ -89.833380234681997, 30.096706589389999 ], [ -89.833277234747996, 30.096713587505999 ], [ -89.833158234704996, 30.096711589502998 ], [ -89.833054233667994, 30.096700590091 ], [ -89.832940234798997, 30.096702589772001 ], [ -89.832857234190001, 30.096686587362001 ], [ -89.832600236098003, 30.096645588396999 ], [ -89.832430234981999, 30.096675588414001 ], [ -89.832348236292006, 30.096708588192001 ], [ -89.832250235423004, 30.096711588729001 ], [ -89.832148235302, 30.096661588134999 ], [ -89.831925235873001, 30.096634588017 ], [ -89.831741236848003, 30.09654958818 ], [ -89.831549234921994, 30.096512588454999 ], [ -89.831102235345, 30.096538588687999 ], [ -89.830988234505995, 30.096540589362998 ], [ -89.830812236382997, 30.096539588662999 ], [ -89.830543234155002, 30.096523588541999 ], [ -89.829907233783004, 30.096624588786 ], [ -89.829718233666995, 30.096742588639 ], [ -89.829690838432995, 30.096843363738 ], [ -89.829696669452005, 30.096921207948999 ], [ -89.829698233778998, 30.096939588895001 ], [ -89.829633099134, 30.097023796043999 ], [ -89.829556234937002, 30.097031589334001 ], [ -89.829489233939995, 30.097010588583 ], [ -89.829390233164006, 30.096977589224 ], [ -89.829303234784007, 30.096965589058001 ], [ -89.829210234228, 30.096958588149999 ], [ -89.829133233319993, 30.096951589368999 ], [ -89.829041233170003, 30.096980589735001 ], [ -89.828985235676996, 30.097003589806999 ], [ -89.828946234279002, 30.09705858932 ], [ -89.828851234238002, 30.097069590093 ], [ -89.828717233358006, 30.09705858849 ], [ -89.828609233525, 30.097056588379001 ], [ -89.828532233635002, 30.097040588607999 ], [ -89.828418232412005, 30.097020588877999 ], [ -89.828233231454007, 30.097024589453 ], [ -89.827939234583994, 30.096994589145002 ], [ -89.827501235114994, 30.09691958778 ], [ -89.827101233893998, 30.096865589255 ], [ -89.826890233637002, 30.096870589062998 ], [ -89.826577231442002, 30.096881587746001 ], [ -89.826377232889001, 30.096903587856001 ], [ -89.826070230886003, 30.096945589644001 ], [ -89.825728231331993, 30.097015589837 ], [ -89.825514231799005, 30.097087588880999 ], [ -89.825424231431001, 30.097151588203001 ], [ -89.825304230547999, 30.097185588713 ], [ -89.825258231654999, 30.09718258837 ], [ -89.825205232958993, 30.097147588776998 ], [ -89.825106231592997, 30.097100589871999 ], [ -89.825024231409003, 30.097102588963999 ], [ -89.824942233670001, 30.097122588440001 ], [ -89.824893232380006, 30.097181587386 ], [ -89.824849230449999, 30.097253588752999 ], [ -89.824838810138004, 30.097313879232999 ], [ -89.824835232295996, 30.097334589585 ], [ -89.824776232150001, 30.097424590159001 ], [ -89.824599231305001, 30.097522589534002 ], [ -89.824527863146002, 30.097515057083999 ], [ -89.824509231746006, 30.097513088913999 ], [ -89.824490532940004, 30.097508994314001 ], [ -89.824388230961006, 30.097486589786001 ], [ -89.824290229659994, 30.097493588511 ], [ -89.824189229973996, 30.097553588661 ], [ -89.824068229603, 30.097641590462 ], [ -89.823967232138997, 30.09768758965 ], [ -89.823886232855997, 30.097747589491 ], [ -89.823837231208003, 30.097820589764002 ], [ -89.823822790872001, 30.097938660796999 ], [ -89.823820231528998, 30.097959589399 ], [ -89.823780063558999, 30.098175947053001 ], [ -89.823776231243002, 30.098196589499 ], [ -89.823749027378994, 30.098399702030001 ], [ -89.823746231024998, 30.098420589119002 ], [ -89.823666231578002, 30.098569590004999 ], [ -89.823522230123999, 30.098774590725998 ], [ -89.823313231365006, 30.098858589066001 ], [ -89.823304461527002, 30.098959429244001 ], [ -89.823336230468996, 30.099202588979999 ], [ -89.823377230559998, 30.099412589227001 ], [ -89.823413232297995, 30.099601590504999 ], [ -89.823408962130003, 30.099902524798001 ], [ -89.823407333627003, 30.099924259819002 ], [ -89.823391806315996, 30.100131526357998 ], [ -89.823390228451004, 30.100152589796998 ], [ -89.823353231154002, 30.100267590019001 ], [ -89.823105228583003, 30.100353589762001 ], [ -89.822999231221999, 30.100344590496 ], [ -89.822826229300006, 30.100279591267 ], [ -89.822681228603997, 30.100293590022002 ], [ -89.822536231735, 30.100296590469998 ], [ -89.822271230463002, 30.100245588538002 ], [ -89.822151229664996, 30.100213590749 ], [ -89.821935230571995, 30.100046590887999 ], [ -89.821775228817998, 30.099980590826 ], [ -89.821360230462005, 30.099984589649999 ], [ -89.820828229540993, 30.099823590442 ], [ -89.820612229388999, 30.099667589254999 ], [ -89.820328230708, 30.099410589876001 ], [ -89.820217229254993, 30.099217588557998 ], [ -89.820065229689007, 30.098968589422 ], [ -89.820062692237997, 30.098947716941002 ], [ -89.820047230659, 30.098820590056999 ], [ -89.819963229311, 30.098661588765001 ], [ -89.819850229097995, 30.098377590365001 ], [ -89.819605228824003, 30.098130589133 ], [ -89.819323228477003, 30.097930589909001 ], [ -89.818675661832998, 30.097954306691001 ], [ -89.818626292171004, 30.09795611298 ], [ -89.818600179835002, 30.097957068728999 ], [ -89.817812331610995, 30.097985917361001 ], [ -89.816269163211004, 30.098042408725 ], [ -89.814800535719002, 30.098096156482001 ], [ -89.813626991160007, 30.098139092890001 ], [ -89.812793226314994, 30.098169588859001 ], [ -89.812785490932995, 30.098298496211999 ], [ -89.812784225819001, 30.098319590231998 ], [ -89.812716226063003, 30.098432588737001 ], [ -89.812631226020002, 30.098504589389002 ], [ -89.812572226157002, 30.098534588903 ], [ -89.812348225289, 30.098602590620999 ], [ -89.812190226774007, 30.098646590316001 ], [ -89.812091227067, 30.098677588586 ], [ -89.811919224544994, 30.098710590486 ], [ -89.811666225671004, 30.098703589338001 ], [ -89.811386226883002, 30.098760589672001 ], [ -89.811120224486004, 30.098771589297002 ], [ -89.810836223354997, 30.098818591516 ], [ -89.810676224489995, 30.098833589308001 ], [ -89.810484223062005, 30.098843591329999 ], [ -89.810331223543002, 30.098857590521 ], [ -89.810206225875007, 30.098889588826999 ], [ -89.810067223828, 30.098915589493998 ], [ -89.809855224418996, 30.098937589188999 ], [ -89.809545224548998, 30.098941589921999 ], [ -89.809306224316998, 30.098952588665 ], [ -89.80922403033, 30.098960343675 ], [ -89.809147225173007, 30.098967590752999 ], [ -89.808900224851001, 30.098931590978001 ], [ -89.808726222244999, 30.098912589792999 ], [ -89.808492223759998, 30.098877590482001 ], [ -89.808325224203998, 30.098834590123001 ], [ -89.808229225443995, 30.098839589931998 ], [ -89.808117224075005, 30.098911590082999 ], [ -89.807939222772006, 30.098966589585999 ], [ -89.807821224384, 30.099004588915001 ], [ -89.807528222296995, 30.099016589601 ], [ -89.807414222435995, 30.098978589306999 ], [ -89.807288225644996, 30.098969590284 ], [ -89.806822221686005, 30.099074589080001 ], [ -89.805956222438994, 30.099295589907001 ], [ -89.805066220716, 30.099574590934999 ], [ -89.804420222006996, 30.099773590472999 ], [ -89.804156220463, 30.099865590006001 ], [ -89.803467222299005, 30.099972589606001 ], [ -89.803322221691005, 30.100004589186 ], [ -89.803237224027995, 30.100052589903999 ], [ -89.803133220206007, 30.100141589269001 ], [ -89.803068220908003, 30.100206590995999 ], [ -89.803049221001004, 30.100247589757998 ], [ -89.802951220652005, 30.100301589817001 ], [ -89.802766221881001, 30.100328589646999 ], [ -89.802652218611001, 30.100308590154999 ], [ -89.802579220517998, 30.100309589081 ], [ -89.802485220842996, 30.100300589955999 ], [ -89.802257221356001, 30.100437590477998 ], [ -89.802028220585996, 30.100604589939 ], [ -89.801896220898996, 30.100624590473 ], [ -89.801803220270997, 30.100626590768002 ], [ -89.801716220027004, 30.100605590648001 ], [ -89.801661221030002, 30.100560590417 ], [ -89.801611719074003, 30.100524591576001 ], [ -89.801501220389994, 30.100523590441 ], [ -89.801275219847994, 30.100545591372999 ], [ -89.801190486213997, 30.100519110025999 ], [ -89.801171219669996, 30.100513090976001 ], [ -89.801035221589999, 30.100539589859 ], [ -89.800957628739994, 30.100609936013001 ], [ -89.800944220247004, 30.100622091959998 ], [ -89.800937060970995, 30.10063953909 ], [ -89.800920220679004, 30.100680590635001 ], [ -89.800869221512002, 30.100785589476999 ], [ -89.800681220577999, 30.100945591119 ], [ -89.800546220404996, 30.101098589631999 ], [ -89.800448219846004, 30.101175591171 ], [ -89.800406967704006, 30.101194255783 ], [ -89.799939306133993, 30.101405850523001 ], [ -89.799407219944996, 30.101646591007999 ], [ -89.798584441935006, 30.102095451006999 ], [ -89.798364218714994, 30.102215591490999 ], [ -89.798305419406006, 30.102237466914001 ], [ -89.797399219615002, 30.102574590621 ], [ -89.797166217948003, 30.102613591253 ], [ -89.797070219080993, 30.102647589762999 ], [ -89.796602218637005, 30.102815591870002 ], [ -89.794539217337004, 30.103787591789001 ], [ -89.792520217328004, 30.104465592543999 ], [ -89.792336218055993, 30.104477591702 ], [ -89.792091216157999, 30.104448591560001 ], [ -89.791934216811001, 30.10440159222 ], [ -89.791749216735994, 30.104396591606001 ], [ -89.791621746288001, 30.104424586282001 ], [ -89.791535216244, 30.104443591791998 ], [ -89.791252960750995, 30.104505518875001 ], [ -89.791138216217007, 30.104476592141999 ], [ -89.791081149004995, 30.104414003129001 ], [ -89.790941671886998, 30.104444982873002 ], [ -89.790695825175007, 30.104499588317999 ], [ -89.790708013119996, 30.104691490734002 ], [ -89.790697216449004, 30.104779591928999 ], [ -89.790653215171005, 30.104823592131002 ], [ -89.790587278032007, 30.104986958108 ], [ -89.790616215746994, 30.105070592838999 ], [ -89.790662214831002, 30.105118592389999 ], [ -89.790691570570004, 30.105189042248998 ], [ -89.790677215122003, 30.105267592240001 ], [ -89.790629215764, 30.105341591797 ], [ -89.790538001079995, 30.105428245393 ], [ -89.790369215195, 30.105588591865999 ], [ -89.790310215828001, 30.105647592812002 ], [ -89.790146214277001, 30.105643591911001 ], [ -89.790073214751999, 30.105611591980999 ], [ -89.790023213878996, 30.105612592560998 ], [ -89.789997528290002, 30.105667770071001 ], [ -89.790031207618995, 30.105740574108999 ], [ -89.790011214844995, 30.105805593081001 ], [ -89.789980216184006, 30.105864591576999 ], [ -89.789909716809007, 30.105938591724001 ], [ -89.789884562588995, 30.105940305493 ], [ -89.789798869915998, 30.105946146179001 ], [ -89.789835734156995, 30.105977338683001 ], [ -89.789850210028007, 30.105989590031001 ], [ -89.789868947342995, 30.105993893893999 ], [ -89.789924215202007, 30.106006591406 ], [ -89.789975215856003, 30.105981592345 ], [ -89.790026216498006, 30.105942592409999 ], [ -89.790078216794996, 30.105936591608 ], [ -89.790183216114002, 30.106013591589001 ], [ -89.790235215612995, 30.106119592119001 ], [ -89.790268850022997, 30.106199940031999 ], [ -89.790235216076994, 30.106275592721001 ], [ -89.790164216310998, 30.106361592252998 ], [ -89.790052216085002, 30.10643459313 ], [ -89.789969215466996, 30.106497593044999 ], [ -89.789876216329006, 30.106557592270001 ], [ -89.789722215154001, 30.10666359184 ], [ -89.789569214869999, 30.106752592256001 ], [ -89.789471213165996, 30.106837592117 ], [ -89.789389214961005, 30.106941591858 ], [ -89.789162657247005, 30.107096686532 ], [ -89.789106011692994, 30.107145923489998 ], [ -89.789053607672002, 30.107130193414001 ], [ -89.789094215438993, 30.107055591740998 ], [ -89.789163780432006, 30.106920185930999 ], [ -89.788805551384002, 30.106915987975 ], [ -89.788788214037993, 30.106959591801999 ], [ -89.788738213884997, 30.107085592687 ], [ -89.788462213708002, 30.107451592792 ], [ -89.788187215220006, 30.107747592589 ], [ -89.787946215725, 30.107887592935 ], [ -89.787789772253007, 30.107927743735001 ], [ -89.787720213585999, 30.107945592455 ], [ -89.787604213606002, 30.107957593112001 ], [ -89.787406854527006, 30.107932104286999 ], [ -89.787333213599993, 30.107922592518999 ], [ -89.787158051427994, 30.107848754100999 ], [ -89.786760908614994, 30.108068378384999 ], [ -89.786903213217002, 30.108290592852999 ], [ -89.787202214572005, 30.108797593064999 ], [ -89.787371212053998, 30.109006592953001 ], [ -89.787587396898004, 30.109244065668001 ], [ -89.787635214869994, 30.109296593317001 ], [ -89.787750215830997, 30.109422593639 ], [ -89.788068214551998, 30.109876593585 ], [ -89.788197214079005, 30.110121593382999 ], [ -89.788319213977999, 30.110517592516 ], [ -89.788367214464003, 30.110570593881999 ], [ -89.788369551789998, 30.110633002537 ], [ -89.788370213961002, 30.11065059481 ], [ -89.788338213583003, 30.110765591743 ], [ -89.788290215692996, 30.110833592401001 ], [ -89.788208214267001, 30.110942592419001 ], [ -89.788114215001002, 30.111027593983 ], [ -89.788024215780993, 30.111106593816 ], [ -89.787995450118999, 30.111167096761999 ], [ -89.787997212993005, 30.111248594431999 ], [ -89.788009941922994, 30.111324059339001 ], [ -89.787958213528, 30.111443592246001 ], [ -89.787899214765005, 30.111528593548002 ], [ -89.787871213624996, 30.111615592263998 ], [ -89.787858115898004, 30.111709727365 ], [ -89.787855213371003, 30.111730593539999 ], [ -89.787822212058003, 30.111794594351998 ], [ -89.787702212949995, 30.111921592786999 ], [ -89.787538213789006, 30.112112593675999 ], [ -89.787432214391004, 30.112328594369998 ], [ -89.787386214866999, 30.112460591815999 ], [ -89.787326214638995, 30.112612593508 ], [ -89.787236215185004, 30.112708592661999 ], [ -89.787145213675004, 30.112887594383999 ], [ -89.787078212219001, 30.112972594357 ], [ -89.786922213671005, 30.113049594766 ], [ -89.786848215185998, 30.113131593801 ], [ -89.786796214084006, 30.113213594691 ], [ -89.786767214578006, 30.113284593892999 ], [ -89.786728507953995, 30.113317680158001 ], [ -89.786643212930002, 30.113390593664001 ], [ -89.786522214341005, 30.113470593752002 ], [ -89.786335213694997, 30.113558593227001 ], [ -89.786202213617003, 30.113631593383001 ], [ -89.786133888920006, 30.113685243723999 ], [ -89.786053213437, 30.11374859419 ], [ -89.785766214492995, 30.113948594846001 ], [ -89.785429213363003, 30.114150594329001 ], [ -89.785278213078996, 30.114280594499 ], [ -89.785185213090998, 30.114379593932998 ], [ -89.785018212957993, 30.114477594059 ], [ -89.784897214178002, 30.114573592854001 ], [ -89.784790214124996, 30.114589593592001 ], [ -89.784737212731002, 30.114647595179001 ], [ -89.784690870795004, 30.114747180382 ], [ -89.784696212629001, 30.114825593892 ], [ -89.784722171412, 30.114908459466999 ], [ -89.784720676383003, 30.114978459624002 ], [ -89.784720211872994, 30.114999594366001 ], [ -89.784708009723005, 30.115065940985001 ], [ -89.784704212072995, 30.115086593567 ], [ -89.784518212815996, 30.115310594798999 ], [ -89.784112212156998, 30.115651593572998 ], [ -89.783523212248994, 30.116010593407001 ], [ -89.783161212642, 30.116256594589998 ], [ -89.782847211727997, 30.116550594305998 ], [ -89.782757211561005, 30.116609594389001 ], [ -89.782595212635997, 30.116724595135 ], [ -89.782420211830996, 30.116796594785001 ], [ -89.782374212223004, 30.116790594080999 ], [ -89.782324211911003, 30.116773594085998 ], [ -89.782270212019, 30.116723595682998 ], [ -89.782266562849998, 30.116702950267999 ], [ -89.782254244775004, 30.116633259448999 ], [ -89.782251211817993, 30.116616095781001 ], [ -89.782152211376996, 30.116582593749001 ], [ -89.782017211723996, 30.116624595268 ], [ -89.781893211121997, 30.116738594326002 ], [ -89.781790212385005, 30.116838595160999 ], [ -89.781612211199999, 30.116940595536999 ], [ -89.781552212079006, 30.116981595713 ], [ -89.781502212635004, 30.117074594653001 ], [ -89.781423212101004, 30.117206593925999 ], [ -89.781406560830007, 30.117322277842 ], [ -89.781404211275998, 30.117338595012001 ], [ -89.781461211378002, 30.117474594663001 ], [ -89.781506642056996, 30.117530655643002 ], [ -89.781480211865997, 30.11763159473 ], [ -89.781347211595005, 30.117738596060999 ], [ -89.781259210078005, 30.117819594330999 ], [ -89.780933211351993, 30.118016593635001 ], [ -89.780874148001999, 30.118065813032999 ], [ -89.780675211974994, 30.118231594266 ], [ -89.780535211599002, 30.118358594200998 ], [ -89.780354210249996, 30.118457595523001 ], [ -89.779951210034, 30.118860594872999 ], [ -89.779759211056998, 30.119043595291998 ], [ -89.779578209261004, 30.119226595152 ], [ -89.779414210268001, 30.11932459566 ], [ -89.779346210696005, 30.119351595318001 ], [ -89.779250210409003, 30.119316596331 ], [ -89.779082208901002, 30.119303595453999 ], [ -89.778943210540007, 30.119376596119999 ], [ -89.778849211901004, 30.119489596417001 ], [ -89.778818215011995, 30.119648998974 ], [ -89.778814209282004, 30.119669594796001 ], [ -89.778701209879998, 30.119825595915 ], [ -89.778464210695006, 30.120145595396 ], [ -89.778331210974002, 30.120302595409001 ], [ -89.778129211321996, 30.120426596733999 ], [ -89.778022209762995, 30.120471595175999 ], [ -89.777937208579004, 30.120444595207999 ], [ -89.777862208813005, 30.120380596295998 ], [ -89.777663208979007, 30.120273595975 ], [ -89.777513208859006, 30.120191595369 ], [ -89.777443209251004, 30.120159595149001 ], [ -89.777416981673994, 30.120191441989999 ], [ -89.777437210939993, 30.120270596318001 ], [ -89.777498209460006, 30.120362595180001 ], [ -89.777539730840999, 30.120454531019998 ], [ -89.777534785379999, 30.120494674296001 ], [ -89.777532209604999, 30.120515595522001 ], [ -89.777428211569998, 30.120671596249 ], [ -89.777263210561003, 30.120848596140998 ], [ -89.777207468864006, 30.120941202663001 ], [ -89.777211209360004, 30.121093595897001 ], [ -89.777226340848998, 30.121237781575001 ], [ -89.777228209854997, 30.121255596554999 ], [ -89.777177208744007, 30.121332595380998 ], [ -89.777138211625996, 30.121404594998999 ], [ -89.776995209345998, 30.121489595665999 ], [ -89.776868209455998, 30.121557595828001 ], [ -89.776706208944006, 30.121622595816 ], [ -89.776497209645001, 30.121692595525001 ], [ -89.776348210037, 30.121771596093001 ], [ -89.776170206947995, 30.121887595419999 ], [ -89.775970208076004, 30.122049597457998 ], [ -89.775689207854001, 30.122268595028999 ], [ -89.775421208275006, 30.122507596576 ], [ -89.775217210026995, 30.122740596454999 ], [ -89.774939209048, 30.123035595813999 ], [ -89.774657210285, 30.123295595757 ], [ -89.774533206705001, 30.123455597218001 ], [ -89.774469208742005, 30.123462595025 ], [ -89.774375206889999, 30.123443595604002 ], [ -89.774270207315993, 30.123466597549001 ], [ -89.774201207304998, 30.123503597521999 ], [ -89.774181662703995, 30.123553349971999 ], [ -89.774258933978999, 30.123710076706999 ], [ -89.774256484925999, 30.123750502907001 ], [ -89.774255208217994, 30.123771596419999 ], [ -89.774233207736998, 30.123827596651999 ], [ -89.774187209480004, 30.123833597341001 ], [ -89.774133208199999, 30.123778595483 ], [ -89.774085206137997, 30.123744596348001 ], [ -89.774038207846999, 30.123745595812998 ], [ -89.773986209217, 30.123756595989001 ], [ -89.773912208610994, 30.123814597449002 ], [ -89.773890209287003, 30.123890597410998 ], [ -89.773888437493, 30.124011854439999 ], [ -89.773886122090005, 30.124027359867998 ], [ -89.773869316781003, 30.124139786627001 ], [ -89.773866208422007, 30.124160595915001 ], [ -89.773723209387001, 30.124295596591001 ], [ -89.773490208075998, 30.124539596195 ], [ -89.773085207579996, 30.124882596841001 ], [ -89.772593206292001, 30.125253596328001 ], [ -89.772320207191001, 30.125442596604 ], [ -89.772234207994003, 30.125484594701 ], [ -89.772058206310007, 30.125488597463999 ], [ -89.771931206852997, 30.125521596258 ], [ -89.771869207891996, 30.125619595736001 ], [ -89.771862713353002, 30.1257105233 ], [ -89.771861208085994, 30.125731596938 ], [ -89.771794207111, 30.125859597677 ], [ -89.771617208663002, 30.126020597109001 ], [ -89.771200207701995, 30.126364596567999 ], [ -89.771037397458002, 30.126486897942002 ], [ -89.770991206049004, 30.126521597033001 ], [ -89.770882205475004, 30.126579596980001 ], [ -89.770771207268993, 30.126607596511001 ], [ -89.770707110776996, 30.126624696341 ], [ -89.770667051548003, 30.126628276965 ], [ -89.770646710086993, 30.126630097410001 ], [ -89.770617676428998, 30.126582350852001 ], [ -89.770636052187001, 30.126505637219001 ], [ -89.770645206840001, 30.126473598335998 ], [ -89.770658534538001, 30.126349428815999 ], [ -89.770608488117006, 30.126264798019999 ], [ -89.770485207646004, 30.126207597406999 ], [ -89.770350206594003, 30.126164596866001 ], [ -89.770223650876005, 30.126158843925001 ], [ -89.770139326822004, 30.126123437316998 ], [ -89.769922094400002, 30.126142835665998 ], [ -89.769938207132995, 30.126185597683001 ], [ -89.770004205426005, 30.126250595906001 ], [ -89.770058759944007, 30.126340652292001 ], [ -89.770067205512007, 30.126354597201001 ], [ -89.769840206235003, 30.126540596676001 ], [ -89.769667205637006, 30.126724598227 ], [ -89.769522205841994, 30.126840598527998 ], [ -89.769374206007001, 30.126864594987001 ], [ -89.769237204768999, 30.126857597503001 ], [ -89.769153206211001, 30.126822597432 ], [ -89.769057207263998, 30.126788597118999 ], [ -89.768983207486002, 30.126795596295 ], [ -89.768859206418995, 30.126839597071999 ], [ -89.768796205498006, 30.126897596321001 ], [ -89.768785092195998, 30.126926562289 ], [ -89.768783160967004, 30.126946562596999 ], [ -89.768806205816006, 30.127046596795001 ], [ -89.768860204597004, 30.127081597404999 ], [ -89.768963204046003, 30.127141596644002 ], [ -89.769054207042004, 30.127211598128 ], [ -89.769128205472001, 30.127308598237999 ], [ -89.769162206100006, 30.127457597465 ], [ -89.769170615736996, 30.127567877785999 ], [ -89.769149208008997, 30.127658597568999 ], [ -89.769075206438998, 30.127742596836999 ], [ -89.768987206716005, 30.127785597639999 ], [ -89.768921205774006, 30.127782597551001 ], [ -89.768854205406996, 30.127726596599999 ], [ -89.768812206334999, 30.127686597507001 ], [ -89.768758205324005, 30.127687597706 ], [ -89.768751621448004, 30.127744642551001 ], [ -89.768749206053002, 30.127765597983998 ], [ -89.768702206735, 30.127900597705999 ], [ -89.768643204840998, 30.128123596645999 ], [ -89.768598206199997, 30.128222597575999 ], [ -89.768459204913995, 30.12834859698 ], [ -89.768378205622, 30.128417597993 ], [ -89.768255204992002, 30.128482597805 ], [ -89.767966205489003, 30.128545597413002 ], [ -89.767813206769006, 30.128620598188 ], [ -89.767685205920998, 30.128705597402 ], [ -89.767646206088003, 30.12877859928 ], [ -89.767642865582005, 30.128847890685002 ], [ -89.767643596721001, 30.128904712891998 ], [ -89.767644205975998, 30.128923597519002 ], [ -89.767616205926004, 30.128990598474999 ], [ -89.767519205721996, 30.129039597702999 ], [ -89.767420204575998, 30.129093595813 ], [ -89.767361206127006, 30.129094598335001 ], [ -89.767307204728993, 30.129079597770001 ], [ -89.767205205349995, 30.129056596136 ], [ -89.767111205560994, 30.129078598052001 ], [ -89.767035206551, 30.129147598113999 ], [ -89.766942204287005, 30.129201596775001 ], [ -89.766770204148997, 30.129199598764 ], [ -89.766573203727006, 30.129188597742999 ], [ -89.766389204912002, 30.129181596294998 ], [ -89.766337202670002, 30.129115598797 ], [ -89.766304205240004, 30.129023597530001 ], [ -89.766249206222, 30.128947598317001 ], [ -89.766035204817001, 30.128931596299999 ], [ -89.765965203573998, 30.128974597081999 ], [ -89.765885203376001, 30.129094596283 ], [ -89.765735203861993, 30.12926759826 ], [ -89.765505206401002, 30.129515598453001 ], [ -89.765164203053004, 30.129775597344 ], [ -89.765046203867996, 30.129803597230001 ], [ -89.764981203721007, 30.129815598572002 ], [ -89.764947204701997, 30.129857598034 ], [ -89.764815205595994, 30.130024598572 ], [ -89.764616200925005, 30.13034359812 ], [ -89.764507200934005, 30.130485598739 ], [ -89.764367203435, 30.130581598153999 ], [ -89.764216202417998, 30.130671597420999 ], [ -89.763829202809006, 30.130762597806001 ], [ -89.763748203334004, 30.13082159747 ], [ -89.763691204173, 30.130930597643001 ], [ -89.763654202439, 30.131081596613001 ], [ -89.763585204083, 30.131180596972001 ], [ -89.763493205136001, 30.131270597897998 ], [ -89.763278203957, 30.131450598398999 ], [ -89.763245874017997, 30.131475723921 ], [ -89.763094203826995, 30.131593598315 ], [ -89.762963203935001, 30.131750598650999 ], [ -89.762863204566003, 30.131891599008 ], [ -89.762769240517997, 30.131967181817998 ], [ -89.762739201919004, 30.131913596766999 ], [ -89.762734281340002, 30.131840969849002 ], [ -89.762668873574995, 30.131843634329002 ], [ -89.762563422449006, 30.131847929235001 ], [ -89.762540097775002, 30.131963798274001 ], [ -89.762523301369995, 30.132046330954001 ], [ -89.762519515053995, 30.132062969901 ], [ -89.762505204720995, 30.132111598371001 ], [ -89.762453203527997, 30.132127597793001 ], [ -89.762358201707002, 30.132111598659002 ], [ -89.762301202014001, 30.132115598317998 ], [ -89.762266204070002, 30.132180597506999 ], [ -89.762244619173003, 30.132246948397 ], [ -89.762239203015994, 30.132263598586999 ], [ -89.762290203705007, 30.132308598929001 ], [ -89.762484203643993, 30.132372598276 ], [ -89.762515533626001, 30.132414064656999 ], [ -89.762418204021003, 30.132665599094 ], [ -89.762175202172998, 30.132595598619002 ], [ -89.762076202751999, 30.132790598027 ], [ -89.762007202003005, 30.132827599792002 ], [ -89.761918203638999, 30.132889597647001 ], [ -89.761841290716006, 30.13302195839 ], [ -89.761832202457995, 30.133037598495001 ], [ -89.762008573380001, 30.133148317020002 ], [ -89.76197579734, 30.133248306784999 ], [ -89.761946551144007, 30.133337523571001 ], [ -89.761940202082997, 30.133355598978 ], [ -89.762148248911004, 30.133461566611 ], [ -89.762007203729993, 30.133645599811999 ], [ -89.761907201987, 30.133712599291002 ], [ -89.761810202391999, 30.133767598717998 ], [ -89.761662201535998, 30.133752599398001 ], [ -89.761578202522003, 30.133704597935001 ], [ -89.761455202506994, 30.133675598810999 ], [ -89.761344202749001, 30.133670598578 ], [ -89.761262202736006, 30.133672598054002 ], [ -89.761229035583995, 30.133709453838001 ], [ -89.761240200236003, 30.133751598490999 ], [ -89.761771534491004, 30.133984866902999 ], [ -89.761715258414995, 30.134163956540998 ], [ -89.761709203398993, 30.134182599334999 ], [ -89.761828944987997, 30.134234744002999 ], [ -89.761767202881998, 30.134366598942002 ], [ -89.761637203424996, 30.134408599747001 ], [ -89.761508201873994, 30.134482598228001 ], [ -89.761355203300994, 30.134670598761002 ], [ -89.761142201324006, 30.134817598874999 ], [ -89.761025202127001, 30.134877600265 ], [ -89.760928203467998, 30.134925599551998 ], [ -89.760909203026003, 30.134996599556001 ], [ -89.760891202287993, 30.135057597616999 ], [ -89.760826202062006, 30.135094597771001 ], [ -89.760764202348, 30.135085599143999 ], [ -89.760696202415005, 30.135140599955001 ], [ -89.760646751376001, 30.135203624521001 ], [ -89.760670695113006, 30.135311547259001 ], [ -89.760658507816999, 30.135404833317999 ], [ -89.760655201879004, 30.135425599329 ], [ -89.760562201683996, 30.135474599710001 ], [ -89.760463201971007, 30.135508600125998 ], [ -89.760406203344999, 30.135698599371999 ], [ -89.760384201779004, 30.135791599579999 ], [ -89.760333200402002, 30.135856600360999 ], [ -89.760179037843002, 30.135990529366001 ], [ -89.760240457009004, 30.136060827938 ], [ -89.760339689527996, 30.136179190229999 ], [ -89.760206202245996, 30.136304598990002 ], [ -89.760161202616004, 30.136294598479001 ], [ -89.759955701665007, 30.136143598972001 ], [ -89.759773201453996, 30.136295598408001 ], [ -89.759630201213, 30.136312600038998 ], [ -89.759463202852004, 30.136326599286999 ], [ -89.759349200765001, 30.136368600289 ], [ -89.759176201108005, 30.136485600213 ], [ -89.758974201423001, 30.136596599292002 ], [ -89.758891201954, 30.136687599512999 ], [ -89.758868201349003, 30.136762600657999 ], [ -89.758834198526003, 30.136881149204001 ], [ -89.758852200372999, 30.136927599949001 ], [ -89.758904108428993, 30.136985385273999 ], [ -89.758891738238006, 30.137041139771998 ], [ -89.758887201462002, 30.137061600517999 ], [ -89.758844200634996, 30.137130600233998 ], [ -89.758775201370995, 30.137152598947999 ], [ -89.758689201533002, 30.1371695992 ], [ -89.758638200722004, 30.137237600157 ], [ -89.758559202179995, 30.137353599160001 ], [ -89.758473200737996, 30.137504599515001 ], [ -89.758421201407998, 30.137562598955999 ], [ -89.758413986739995, 30.137616712488999 ], [ -89.758411201501005, 30.137637600148 ], [ -89.758372202060002, 30.137713599202002 ], [ -89.758289201544002, 30.137764599518999 ], [ -89.758241200295004, 30.137776599492 ], [ -89.758207408588007, 30.137751056875 ], [ -89.758222125182002, 30.137720571294 ], [ -89.758232884959995, 30.137691454938 ], [ -89.758203200875997, 30.137617599106001 ], [ -89.758162198522996, 30.137589600158002 ], [ -89.758038200247, 30.137581599850002 ], [ -89.757957201018002, 30.137590599753999 ], [ -89.757822202176001, 30.137593597704001 ], [ -89.757750201150998, 30.137537600024 ], [ -89.757585871787001, 30.137652337662001 ], [ -89.757653342140998, 30.137772612159999 ], [ -89.757663199575006, 30.137788599324999 ], [ -89.757566200293994, 30.137837600339999 ], [ -89.757478188210001, 30.137761036042999 ], [ -89.757476276784999, 30.137820825702999 ], [ -89.757475110171995, 30.137837677164001 ], [ -89.757467092873, 30.137874977902001 ], [ -89.757460782961999, 30.137902251804999 ], [ -89.757284199406001, 30.137956600610998 ], [ -89.757171198318005, 30.137998599086 ], [ -89.757120200187998, 30.138070600889002 ], [ -89.757109707631997, 30.138118161053001 ], [ -89.757105199855999, 30.138138599529999 ], [ -89.757053199582998, 30.138175599899999 ], [ -89.756975200704005, 30.138176599811999 ], [ -89.756929540423002, 30.138190924383998 ], [ -89.756956198371, 30.138237598890999 ], [ -89.756985684365006, 30.138289689918999 ], [ -89.756981874016006, 30.138337547412998 ], [ -89.756980200692993, 30.138358599913001 ], [ -89.756844477146998, 30.138489476757002 ], [ -89.756888356863001, 30.138569155126 ], [ -89.756898201026004, 30.138584600849001 ], [ -89.756805198340999, 30.1386366003 ], [ -89.756746201154002, 30.138566599787001 ], [ -89.756650200503003, 30.138646600106998 ], [ -89.756545200480005, 30.138716599752001 ], [ -89.756431199378, 30.138743600483998 ], [ -89.756301199388005, 30.138486599402 ], [ -89.756242198691993, 30.138423599928998 ], [ -89.756012483342005, 30.138594643859001 ], [ -89.756062199786996, 30.138819601028001 ], [ -89.756128785132006, 30.138943256286002 ], [ -89.756104201019994, 30.138982598973001 ], [ -89.756034950767997, 30.139003349088 ], [ -89.756121196577993, 30.139166600307 ], [ -89.756134508594997, 30.139258090614 ], [ -89.756137199826, 30.139276600502999 ], [ -89.756069199628996, 30.139335599435999 ], [ -89.756004579827007, 30.139325349244999 ], [ -89.755986482571004, 30.139312701771999 ], [ -89.755867198032007, 30.139179601064999 ], [ -89.755449200778997, 30.139373600140001 ], [ -89.755448198406, 30.139497600702001 ], [ -89.755467198622, 30.139604600843999 ], [ -89.755506199853002, 30.139681599389 ], [ -89.755518206985997, 30.139744036734999 ], [ -89.755521200146006, 30.139759600857001 ], [ -89.755478199142004, 30.139831600297999 ], [ -89.755397199517006, 30.139883602583001 ], [ -89.755337447803001, 30.139876959714002 ], [ -89.755320975391996, 30.139864357764999 ], [ -89.755263199680002, 30.139786600307001 ], [ -89.755236200596997, 30.139705598711 ], [ -89.755233278321001, 30.139686612367001 ], [ -89.755224199395997, 30.139627600629002 ], [ -89.755131199922999, 30.139593600091001 ], [ -89.755058199109001, 30.139609600564999 ], [ -89.755021105948003, 30.139616193879 ], [ -89.755389813628994, 30.140063386550999 ], [ -89.755366200786995, 30.140101601205998 ], [ -89.755225200915007, 30.14011459992 ], [ -89.755023199226002, 30.139905600523999 ], [ -89.754898199645993, 30.139979600816002 ], [ -89.754672200567995, 30.139806601269999 ], [ -89.754552199654995, 30.139797599897999 ], [ -89.754164031992005, 30.140040944220001 ], [ -89.754365199177002, 30.140297179375001 ], [ -89.754376200476997, 30.140310600100999 ], [ -89.754235197189999, 30.140406602070001 ], [ -89.754164198999007, 30.140357601352001 ], [ -89.754069176854003, 30.140434569208001 ], [ -89.754127519139999, 30.140524677395 ], [ -89.754124409507, 30.140544815834001 ], [ -89.754121197233999, 30.140565600845001 ], [ -89.754081199736007, 30.140591600381001 ], [ -89.754027199738999, 30.140585599644002 ], [ -89.753977199399998, 30.140568600786999 ], [ -89.753868198568, 30.140474600577999 ], [ -89.753805199579006, 30.140422599949002 ], [ -89.753766128799995, 30.140465303572999 ], [ -89.753783198131003, 30.14050459996 ], [ -89.753833199403999, 30.140539600216002 ], [ -89.753851199699994, 30.140595599923 ], [ -89.753887197916001, 30.140701600366 ], [ -89.754073072436995, 30.141014431001 ], [ -89.754036199797994, 30.141047600092001 ], [ -89.753935199043994, 30.141031600727 ], [ -89.753859198618997, 30.140948600702998 ], [ -89.753806198327993, 30.140977600372999 ], [ -89.753748199482004, 30.140921601399 ], [ -89.753543198912993, 30.141079600411999 ], [ -89.753477198583994, 30.141084600005001 ], [ -89.753383198616007, 30.141089600533999 ], [ -89.753342818679997, 30.141141250202999 ], [ -89.753358200419996, 30.141197602038002 ], [ -89.753491364596002, 30.141362205785001 ], [ -89.753502199172004, 30.141375601124999 ], [ -89.753401199904999, 30.141445601122999 ], [ -89.75334219938, 30.141357600471 ], [ -89.753224197392001, 30.141424601446001 ], [ -89.753111199789998, 30.141330600543998 ], [ -89.753062925974007, 30.141342423057999 ], [ -89.753068198280005, 30.141399600183998 ], [ -89.753140409997002, 30.141615306799 ], [ -89.753146199973997, 30.141632600691 ], [ -89.752993197725004, 30.141728600974002 ], [ -89.752853197462997, 30.141538599981001 ], [ -89.752835198555005, 30.141489601471999 ], [ -89.752789198863994, 30.141461601412001 ], [ -89.752732199126001, 30.141470601670001 ], [ -89.752439198909002, 30.141693598919002 ], [ -89.752222197698998, 30.141562600930001 ], [ -89.752169199787005, 30.141567600630999 ], [ -89.752037197563993, 30.141630601764 ], [ -89.751974197731002, 30.141696601252001 ], [ -89.751959918696997, 30.141775924644001 ], [ -89.751957040465001, 30.141791920056999 ], [ -89.751977375729993, 30.141981338367 ], [ -89.751944196967997, 30.142102600809999 ], [ -89.75185619893, 30.142168601720002 ], [ -89.751768198882004, 30.142277601069001 ], [ -89.751717195967004, 30.142338602542999 ], [ -89.751648198097001, 30.142372601765999 ], [ -89.751586197871006, 30.142366600595999 ], [ -89.751506198862998, 30.142289600708999 ], [ -89.75114319843, 30.142550601631001 ], [ -89.751046197929, 30.142470601408 ], [ -89.750978197482993, 30.142510601264998 ], [ -89.750952465626, 30.142603634522001 ], [ -89.750952729261996, 30.14262669871 ], [ -89.750949516974998, 30.142648549179 ], [ -89.750914196251998, 30.142711600780999 ], [ -89.750815198843, 30.142841601356 ], [ -89.750673195852002, 30.142983602232999 ], [ -89.750445198010993, 30.143031601891 ], [ -89.750266197040006, 30.143077601021002 ], [ -89.750015196508997, 30.143196600869999 ], [ -89.749968198071002, 30.143279601046999 ], [ -89.749960455953001, 30.143351621579001 ], [ -89.749958197778, 30.143372601100999 ], [ -89.749896196611999, 30.143484600112998 ], [ -89.749787003945997, 30.143623750598 ], [ -89.749838613310999, 30.143715685290001 ], [ -89.749831175790007, 30.143767758435001 ], [ -89.749828198280994, 30.143788601196999 ], [ -89.749768197532006, 30.143839599982002 ], [ -89.749691197358999, 30.143851601318001 ], [ -89.749622196076999, 30.143818600686 ], [ -89.749579069106005, 30.143805385507001 ], [ -89.749560197261999, 30.143799601954999 ], [ -89.749510219117994, 30.143852037384001 ], [ -89.749523676682998, 30.143881489984 ], [ -89.749532623706997, 30.143895606409 ], [ -89.749755197230996, 30.144085600377 ], [ -89.749791943521004, 30.144175110890998 ], [ -89.749763195818005, 30.144245601531001 ], [ -89.749670195980997, 30.144286601449 ], [ -89.749539195761997, 30.144292601985001 ], [ -89.749462196750002, 30.144315602300001 ], [ -89.749411443457006, 30.144395215298999 ], [ -89.749412752913997, 30.144456279578002 ], [ -89.749413196792005, 30.144473602329001 ], [ -89.749391649133997, 30.144565947515002 ], [ -89.749387304257993, 30.144584576002 ], [ -89.749382547392997, 30.144604957988001 ], [ -89.749378198117995, 30.144623601759001 ], [ -89.749363921406001, 30.144636247320999 ], [ -89.749238196977004, 30.144747602186001 ], [ -89.749053197956997, 30.144868601349 ], [ -89.748941196982997, 30.144924601174001 ], [ -89.748896773870996, 30.14494141178 ], [ -89.748888148142996, 30.144962103632 ], [ -89.748883931730006, 30.144983481842001 ], [ -89.748888985403994, 30.145005066195001 ], [ -89.748934266261003, 30.145040569119999 ], [ -89.748948692713, 30.145051599938999 ], [ -89.748963917639998, 30.145062098113002 ], [ -89.749050196563999, 30.145121601313001 ], [ -89.749171198246003, 30.145228602795001 ], [ -89.749214910449993, 30.145297144503001 ], [ -89.749208302040998, 30.145338508161998 ], [ -89.749195870107002, 30.145358385597 ], [ -89.749162196415, 30.145396601860998 ], [ -89.749146611724996, 30.145438406213 ], [ -89.749142619108994, 30.145456485855 ], [ -89.749179195593001, 30.145519601522 ], [ -89.749390296697001, 30.145662154206999 ], [ -89.749721198241005, 30.145885601454001 ], [ -89.749742860043, 30.145918271574999 ], [ -89.749751884573001, 30.145939147516 ], [ -89.749752680846001, 30.145971524600998 ], [ -89.749753200032004, 30.145992602431001 ], [ -89.749640945004003, 30.146151472119001 ], [ -89.749602695373994, 30.146152601471002 ], [ -89.749561198430996, 30.14612260094 ], [ -89.749491198065996, 30.146070601731001 ], [ -89.749372196459007, 30.145963602953 ], [ -89.749263347311995, 30.145876150168998 ], [ -89.749138196565994, 30.145775602217 ], [ -89.749103430478002, 30.145810368742001 ], [ -89.749191196615996, 30.145913600970999 ], [ -89.749229851140996, 30.145943267025999 ], [ -89.749257134342002, 30.145983692679 ], [ -89.749271059086993, 30.146014201100002 ], [ -89.749215197143002, 30.146122600546999 ], [ -89.749071196068002, 30.146424602507 ], [ -89.748721197628996, 30.146940601577999 ], [ -89.748639194635004, 30.147106602552 ], [ -89.748546197435999, 30.147215601928998 ], [ -89.74843030644, 30.147280363947001 ], [ -89.748308195576996, 30.147348601362999 ], [ -89.748220195303006, 30.147439602445001 ], [ -89.748182194972998, 30.147543602190002 ], [ -89.748136198199006, 30.147643601826001 ], [ -89.748106196145002, 30.147733603071998 ], [ -89.747996198373002, 30.147842601552 ], [ -89.747684196288006, 30.148140602219001 ], [ -89.747439194644997, 30.14846260174 ], [ -89.747391196321999, 30.148503601849001 ], [ -89.747293197331999, 30.148508602341 ], [ -89.747231195340007, 30.148488603754998 ], [ -89.747168197012996, 30.148447602763 ], [ -89.747124196076996, 30.148428602024001 ], [ -89.747160194046998, 30.148511601826002 ], [ -89.74718479965, 30.148558160615 ], [ -89.747192698573002, 30.148573103648999 ], [ -89.747193576377995, 30.148588840085001 ], [ -89.747195021357001, 30.148614591784 ], [ -89.747196197201006, 30.148635601732 ], [ -89.747137196218006, 30.148732602540999 ], [ -89.747100195197007, 30.148882603375 ], [ -89.747059195011005, 30.149015602268999 ], [ -89.747050638399003, 30.149083198166998 ], [ -89.747069195795007, 30.149168602804 ], [ -89.747124196512999, 30.149224602827001 ], [ -89.747150017997001, 30.149308764055 ], [ -89.747136900174993, 30.149381941310001 ], [ -89.747133197075001, 30.149402602940999 ], [ -89.747060195912994, 30.149581602274001 ], [ -89.747029672088999, 30.149641240546 ], [ -89.746887196527993, 30.149919602834 ], [ -89.746692554465994, 30.150209457747 ], [ -89.746564195820994, 30.150400602264 ], [ -89.746413196762006, 30.150645602539001 ], [ -89.746278196356997, 30.150787602659999 ], [ -89.746173195066007, 30.150842604455001 ], [ -89.745969195838995, 30.150893603856002 ], [ -89.745769194664007, 30.150918602800001 ], [ -89.745708194507998, 30.150934601932999 ], [ -89.745672490296997, 30.150967332554998 ], [ -89.745674194315995, 30.151041603 ], [ -89.745712195383007, 30.151094603771 ], [ -89.745772198298994, 30.15116460402 ], [ -89.745827195252005, 30.15122060361 ], [ -89.745852653255, 30.151272501455999 ], [ -89.745840175618, 30.151359756552999 ], [ -89.745837195950998, 30.151380602789001 ], [ -89.745737195575003, 30.151595602760999 ], [ -89.745729251651994, 30.151649769018 ], [ -89.745726195329993, 30.151670602599001 ], [ -89.745489196413999, 30.151967602900001 ], [ -89.745381194209997, 30.152155603535 ], [ -89.745267193706994, 30.152460604274999 ], [ -89.745229440326995, 30.152570937949001 ], [ -89.745229982636999, 30.152587253187999 ], [ -89.745232476921998, 30.152662402887 ], [ -89.745278141187001, 30.152869360526999 ], [ -89.745276708746999, 30.152930471145002 ], [ -89.745276195236997, 30.152951603300998 ], [ -89.745250196232007, 30.153047603175999 ], [ -89.745108194593996, 30.153332604178001 ], [ -89.744904196757005, 30.153671605439001 ], [ -89.744860736958003, 30.15375777169 ], [ -89.744846195994, 30.153786603187001 ], [ -89.744792551182002, 30.153802629175001 ], [ -89.744769195779995, 30.153809603511998 ], [ -89.744694091713001, 30.153797696818 ], [ -89.744633194052994, 30.153769603836 ], [ -89.744582192972999, 30.153706603717001 ], [ -89.744563194733004, 30.153639604378998 ], [ -89.744541194969003, 30.153586603050002 ], [ -89.744483194731998, 30.153555603642001 ], [ -89.744426193531993, 30.153499603730999 ], [ -89.744319193419997, 30.153480603454 ], [ -89.744266195042002, 30.153474602763001 ], [ -89.744166194464, 30.153412603444 ], [ -89.744085220811996, 30.153394518456999 ], [ -89.744054451438004, 30.153390128136 ], [ -89.743984194833999, 30.153387603106001 ], [ -89.743919195466006, 30.153396600634 ], [ -89.743832194673999, 30.153373604176 ], [ -89.743746195059003, 30.153360602903 ], [ -89.743681193496997, 30.153401603283001 ], [ -89.743614194342996, 30.15346660322 ], [ -89.743567193443994, 30.153553604233998 ], [ -89.743559183423997, 30.153602397682999 ], [ -89.743556194505004, 30.153620602926001 ], [ -89.743594192475996, 30.153662604259001 ], [ -89.743660196562004, 30.153657602347 ], [ -89.743721194548996, 30.153649604190999 ], [ -89.743755195202993, 30.153684603797 ], [ -89.743767638321003, 30.153741486924002 ], [ -89.743746195732001, 30.153794603421002 ], [ -89.743673194894996, 30.153821603093 ], [ -89.743624195928007, 30.153843603249001 ], [ -89.743611193679001, 30.153893604139 ], [ -89.743607207386006, 30.153976492643999 ], [ -89.743606194484002, 30.153997603434998 ], [ -89.743592063635006, 30.154072968632001 ], [ -89.743588194957994, 30.154093604701 ], [ -89.743580633663996, 30.154195249857999 ], [ -89.743579194079004, 30.154214603372999 ], [ -89.743660194965003, 30.154345603936999 ], [ -89.743760697997999, 30.154493881781001 ], [ -89.743771694184005, 30.154510103810999 ], [ -89.743748195278002, 30.154546603509001 ], [ -89.743679915665993, 30.154618798655999 ], [ -89.743740194747005, 30.154642603532 ], [ -89.743904195842006, 30.154628603963999 ], [ -89.744032194248007, 30.154643604562001 ], [ -89.744047254880996, 30.154677270547001 ], [ -89.744054558638993, 30.154693597815001 ], [ -89.743855195836005, 30.154793603975001 ], [ -89.743839184582995, 30.154885377020999 ], [ -89.743849708067003, 30.154903638697999 ], [ -89.743894523628001, 30.154968852572001 ], [ -89.743925622383998, 30.155014102553999 ], [ -89.743914882525999, 30.155035021201002 ], [ -89.743899695807002, 30.155064603583 ], [ -89.743880916673007, 30.155073385963998 ], [ -89.743799195544995, 30.155111604468999 ], [ -89.743698193577004, 30.155177604696 ], [ -89.743681735734995, 30.155288494185001 ], [ -89.743679195130994, 30.155305604111 ], [ -89.743731193097005, 30.155400604219 ], [ -89.743864194181, 30.155480604147002 ], [ -89.743869509790997, 30.155536410669001 ], [ -89.743829295382, 30.155705202164999 ], [ -89.743829194087994, 30.155831998461 ], [ -89.743829196072994, 30.155850605162001 ], [ -89.743821980483006, 30.155904715997 ], [ -89.743819195794998, 30.155925605126001 ], [ -89.743715195796995, 30.156081604497 ], [ -89.743675248260004, 30.156248216657001 ], [ -89.743710196400002, 30.156504604969999 ], [ -89.743857196934002, 30.156633603197001 ], [ -89.743870315313004, 30.156703885302001 ], [ -89.743860489979994, 30.156765841132 ], [ -89.743857196467999, 30.15678660503 ], [ -89.743813194642996, 30.156812603731002 ], [ -89.743744194008997, 30.156831601987001 ], [ -89.743722835520003, 30.156888252600002 ], [ -89.743736195496993, 30.156985604504001 ], [ -89.743757791128004, 30.157054316082 ], [ -89.743743672121994, 30.157173663264 ], [ -89.743741193874996, 30.157194603899999 ], [ -89.743728316713003, 30.157309648881998 ], [ -89.743726195131998, 30.157328603499 ], [ -89.743789194008002, 30.157405604960999 ], [ -89.743832194698001, 30.157479604492 ], [ -89.743874193926004, 30.157520605537002 ], [ -89.744018192899006, 30.157525604690999 ], [ -89.744118196827998, 30.157519604864 ], [ -89.744174194381003, 30.157585605678999 ], [ -89.744184195174995, 30.1576676044 ], [ -89.744215889467, 30.158087327082999 ], [ -89.744217196007, 30.158104604274001 ], [ -89.744174195651993, 30.158205604825 ], [ -89.744149192910001, 30.158312603761999 ], [ -89.744129194880998, 30.158348605269001 ], [ -89.744080195316002, 30.158342604015999 ], [ -89.744001195699994, 30.158312604542999 ], [ -89.743898196792998, 30.158307605204001 ], [ -89.743804195053997, 30.158316604062001 ], [ -89.743731194789007, 30.158349604512999 ], [ -89.743650933397006, 30.158405861653002 ], [ -89.743627694077006, 30.158517604021 ], [ -89.743547194957998, 30.158485605807002 ], [ -89.743444028691997, 30.158467929583999 ], [ -89.743422546980995, 30.158464381933999 ], [ -89.743371195313998, 30.15845860468 ], [ -89.743330828503005, 30.158469392167 ], [ -89.74331319449, 30.158474103886999 ], [ -89.743261435132993, 30.158581366454001 ], [ -89.743273811677994, 30.158614287368 ], [ -89.743288819265999, 30.158628866116 ], [ -89.743305283343005, 30.158637604252998 ], [ -89.743325042937997, 30.158648090046999 ], [ -89.743355694887001, 30.158664355136999 ], [ -89.743379193723001, 30.158806604218 ], [ -89.743400194776996, 30.158876604260001 ], [ -89.743409195325, 30.158934604306001 ], [ -89.743434195562003, 30.158994603537 ], [ -89.743457191432995, 30.159029604899001 ], [ -89.743503195776995, 30.159046606328001 ], [ -89.743597195191001, 30.159074604446001 ], [ -89.743671170004006, 30.159105459332999 ], [ -89.743690696127004, 30.159113603678001 ], [ -89.743710510618996, 30.159116302034001 ], [ -89.743786195504001, 30.159126604850002 ], [ -89.743836194881993, 30.159133606200001 ], [ -89.743895195296005, 30.159171604737999 ], [ -89.743938195482997, 30.159187605317999 ], [ -89.743980195866001, 30.159219605686001 ], [ -89.744015195420005, 30.159283604007999 ], [ -89.744130193927006, 30.159528605375002 ], [ -89.744147195512994, 30.159592605073001 ], [ -89.744149194056007, 30.159654605052001 ], [ -89.744148196099005, 30.159735605940998 ], [ -89.744158196748003, 30.159834604417 ], [ -89.744164193733994, 30.159936605072001 ], [ -89.744188194442998, 30.160091605786 ], [ -89.744216194198998, 30.160153605148 ], [ -89.744292195859003, 30.160226603733001 ], [ -89.744342195694003, 30.160290604981 ], [ -89.744363197498004, 30.160339605476 ], [ -89.744370194179993, 30.160434604231 ], [ -89.744420195874, 30.160645604650998 ], [ -89.744431194472, 30.160766606025 ], [ -89.744461194658996, 30.160919605629999 ], [ -89.744490196426, 30.161055604230999 ], [ -89.744498267281003, 30.161094814887001 ], [ -89.744506154548006, 30.161110070067998 ], [ -89.744546872331995, 30.161135906992001 ], [ -89.744585071002007, 30.161183560108 ], [ -89.744574696737004, 30.161245106026001 ], [ -89.744578780788004, 30.161260299136998 ], [ -89.744594196343002, 30.161317604952 ], [ -89.744631195655003, 30.161362605486001 ], [ -89.744682195937003, 30.161383605802001 ], [ -89.744745193743, 30.16141760559 ], [ -89.744784193778003, 30.161446605706001 ], [ -89.744807194942993, 30.16148960512 ], [ -89.744841483602997, 30.161532840656999 ], [ -89.744853193438999, 30.161547603235 ], [ -89.744873192073001, 30.161552783853001 ], [ -89.744915834310007, 30.161563831058 ], [ -89.744936192789993, 30.161569104419002 ], [ -89.744999003288996, 30.161600018912001 ], [ -89.745057524065004, 30.161599796331998 ], [ -89.745074445870003, 30.161576495308999 ], [ -89.745085696458005, 30.161558606107999 ], [ -89.745100615705994, 30.161548565368999 ], [ -89.745191197425001, 30.161487605643 ], [ -89.745238197274006, 30.161478605387 ], [ -89.745288588239006, 30.161486523036 ], [ -89.745308195701995, 30.161489604804999 ], [ -89.745323777243996, 30.161499620431002 ], [ -89.745364196093007, 30.16152560507 ], [ -89.745407195227003, 30.161586605570999 ], [ -89.745425196829004, 30.161636606403999 ], [ -89.745486695758999, 30.161697105169001 ], [ -89.745508208697998, 30.161697245132 ], [ -89.745563195288995, 30.161697605013 ], [ -89.745675196128005, 30.161689605627998 ], [ -89.745826721398004, 30.161694281031 ], [ -89.745852175674003, 30.161726718533 ], [ -89.745850100550996, 30.16174961646 ], [ -89.745848197054002, 30.161770606436001 ], [ -89.745815599091003, 30.161798294924999 ], [ -89.745801696167007, 30.161810105520001 ], [ -89.745791081649003, 30.161823207095999 ], [ -89.745746197138004, 30.161878605738 ], [ -89.745740771287998, 30.161922677408999 ], [ -89.745738469255002, 30.161941376339001 ], [ -89.745736630823998, 30.162001521088001 ], [ -89.745735872214993, 30.162026306986998 ], [ -89.745727894024, 30.162041547000999 ], [ -89.745709180814004, 30.162065331784 ], [ -89.745700653487006, 30.162082517607001 ], [ -89.745710051789004, 30.162130911695002 ], [ -89.745722469282995, 30.162146952147001 ], [ -89.745745243111003, 30.162176374626998 ], [ -89.745735195769996, 30.162219604812002 ], [ -89.745684197569005, 30.162364604972002 ], [ -89.745682923550007, 30.162398987976999 ], [ -89.745682196462994, 30.162418605389 ], [ -89.745691194716002, 30.162467606368999 ], [ -89.745714196581005, 30.162521605580999 ], [ -89.745751196409003, 30.162570605359999 ], [ -89.745815580894998, 30.162647227221001 ], [ -89.745854729843998, 30.162655540709999 ], [ -89.745877083953999, 30.162648715612001 ], [ -89.745925566867996, 30.162622919042001 ], [ -89.745979229037005, 30.162642300710999 ], [ -89.745996195510003, 30.162649605489001 ], [ -89.746013724872995, 30.162654101187002 ], [ -89.746074196707994, 30.162669605813999 ], [ -89.746163196579005, 30.162703605724001 ], [ -89.74620319588, 30.162739605184999 ], [ -89.746254811694001, 30.162832071438 ], [ -89.746241196493997, 30.162880606216 ], [ -89.746199194911, 30.162916605713999 ], [ -89.746164195939002, 30.162948606004999 ], [ -89.746117196724001, 30.162965604852999 ], [ -89.746048195384006, 30.162967605454 ], [ -89.745990196465996, 30.162953605729001 ], [ -89.745947196597996, 30.162928606135001 ], [ -89.745857769585001, 30.162972052693 ], [ -89.745841194671002, 30.162980105825 ], [ -89.745829288704002, 30.162992797581001 ], [ -89.745803196430003, 30.163020605890001 ], [ -89.745800462261997, 30.163049996428001 ], [ -89.745806196005006, 30.163138604688999 ], [ -89.745823196252999, 30.163241605593001 ], [ -89.745894194935005, 30.163412604270999 ], [ -89.745935694097, 30.163446105548001 ], [ -89.745955236712007, 30.163446376896999 ], [ -89.746043196013005, 30.163447605359998 ], [ -89.746100194876007, 30.163467105630001 ], [ -89.746103808260003, 30.163484748881999 ], [ -89.746108934936998, 30.163509786060999 ], [ -89.746113093681998, 30.163530083916001 ], [ -89.746260196554005, 30.163606605885001 ], [ -89.746308197071002, 30.16360360537 ], [ -89.746455195430002, 30.163496605525999 ], [ -89.746504195491994, 30.163468605412 ], [ -89.746556195373003, 30.163448605344001 ], [ -89.746601548212993, 30.163441887261001 ], [ -89.746665198273007, 30.163475605230001 ], [ -89.746672520700002, 30.163519561455001 ], [ -89.746667519267007, 30.163564646040999 ], [ -89.746665196945997, 30.163585603912999 ], [ -89.746640197302995, 30.163621605126998 ], [ -89.746612196263996, 30.163659604744002 ], [ -89.746604125057004, 30.163701986305 ], [ -89.746600196680006, 30.163722605459999 ], [ -89.746563195399006, 30.163795605149001 ], [ -89.746493195853006, 30.163848605927999 ], [ -89.746451195839001, 30.163876604567999 ], [ -89.746418196964996, 30.163912606915002 ], [ -89.746377308728, 30.163980419782 ], [ -89.746377195997994, 30.164029574493 ], [ -89.746377195825005, 30.164048606982998 ], [ -89.746360521792994, 30.164152831039001 ], [ -89.746357196188995, 30.164173606308001 ], [ -89.746352108253006, 30.164229578821999 ], [ -89.746350618812002, 30.164245961590002 ], [ -89.746352196296002, 30.164331603777999 ], [ -89.746370600234002, 30.164384694904001 ], [ -89.746434196739003, 30.164444606699998 ], [ -89.746476196513001, 30.164466605905002 ], [ -89.746528877458999, 30.164559285117001 ], [ -89.746514608019993, 30.164604106586001 ], [ -89.746509294107994, 30.164619472534 ], [ -89.746505755992004, 30.164634820153999 ], [ -89.746501196047006, 30.164654606165001 ], [ -89.746529196370005, 30.164699606084 ], [ -89.746566195428002, 30.164742605777001 ], [ -89.746617196320003, 30.164793606180002 ], [ -89.746657501987997, 30.164823539878 ], [ -89.746679622032005, 30.164839964934998 ], [ -89.746654605523005, 30.164892576852999 ], [ -89.746753704574999, 30.165020895800001 ], [ -89.746767327504003, 30.165038535855 ], [ -89.746874196060006, 30.164982604182001 ], [ -89.747045197047996, 30.164931607718 ], [ -89.747102139527001, 30.164947738843001 ], [ -89.747152197885995, 30.164981606125998 ], [ -89.747198196827, 30.165081605644001 ], [ -89.747208316854, 30.165107245070001 ], [ -89.747243197206998, 30.165195605625001 ], [ -89.747246294532999, 30.16525524131 ], [ -89.747245567026994, 30.165277575316999 ], [ -89.747225196626999, 30.165339606536001 ], [ -89.747151197167, 30.165356605787 ], [ -89.747051198416997, 30.165361604783001 ], [ -89.746761195771001, 30.16537960598 ], [ -89.746554197158005, 30.165408605679001 ], [ -89.746336606580996, 30.165468480819001 ], [ -89.746246094944993, 30.165461352865002 ], [ -89.746213396464, 30.165531102978001 ], [ -89.746202655329995, 30.16555401478 ], [ -89.746313579930998, 30.165555111642998 ], [ -89.746305821272998, 30.165569203987001 ], [ -89.746252194963006, 30.165666606321 ], [ -89.746202853474003, 30.165775160308002 ], [ -89.746210194905004, 30.165879605695999 ], [ -89.746221197519006, 30.16593760608 ], [ -89.746271193848003, 30.166002605197001 ], [ -89.746286195487002, 30.166056607215001 ], [ -89.746283861242006, 30.166164743538999 ], [ -89.746263257430002, 30.166269051972002 ], [ -89.746259197008001, 30.166289606364 ], [ -89.746209195627998, 30.166436606226998 ], [ -89.746162195352994, 30.166491606897001 ], [ -89.746124341189997, 30.166490883306999 ], [ -89.746103326940002, 30.16648655681 ], [ -89.746056197144, 30.166456606678999 ], [ -89.746025196242002, 30.166390606408001 ], [ -89.745994195834996, 30.166303606793999 ], [ -89.745960195894, 30.16625860493 ], [ -89.745921197569004, 30.166238605857 ], [ -89.745854196056001, 30.166231606379 ], [ -89.745758196409, 30.166246605920001 ], [ -89.745649195867003, 30.166261605847001 ], [ -89.745569195653005, 30.166304605434998 ], [ -89.745436197119005, 30.166336605611999 ], [ -89.745322195610996, 30.166371606073 ], [ -89.745237196082002, 30.166410606132001 ], [ -89.745195195761994, 30.16645760618 ], [ -89.745174435205001, 30.166528378578999 ], [ -89.745185195708004, 30.166603606869 ], [ -89.745200195189, 30.166714605388002 ], [ -89.745250196615004, 30.166784605992 ], [ -89.745265919280996, 30.16685339619 ], [ -89.745260819156002, 30.166915293420001 ], [ -89.745259195900999, 30.166933607129 ], [ -89.745289195531996, 30.166999606346 ], [ -89.745334197017002, 30.167065606670999 ], [ -89.745393197422999, 30.167117606981002 ], [ -89.745461195735004, 30.167170606109 ], [ -89.74552919688, 30.167210605947002 ], [ -89.745577236388996, 30.167230533544 ], [ -89.745596696866997, 30.167238606407999 ], [ -89.745616975076999, 30.167244625721999 ], [ -89.745674194795001, 30.167261607071001 ], [ -89.745817195814993, 30.167254606878998 ], [ -89.745869195921003, 30.167211607500001 ], [ -89.745978197179994, 30.167163606630002 ], [ -89.746041396907003, 30.167156736351 ], [ -89.746065195617007, 30.167215607128 ], [ -89.746067195918002, 30.167290607179002 ], [ -89.746138195761006, 30.167413607080999 ], [ -89.746285197893997, 30.167647605989998 ], [ -89.746305689741007, 30.167712014483001 ], [ -89.746301223572999, 30.167742777196999 ], [ -89.746298198093001, 30.167763606588 ], [ -89.746262197196003, 30.167830606654 ], [ -89.746245470036001, 30.167894474276 ], [ -89.746240197264001, 30.167914606263999 ], [ -89.746219432538993, 30.168109621713 ], [ -89.746217198880998, 30.168130606792001 ], [ -89.746180195433993, 30.168181606404001 ], [ -89.746119195614, 30.168207606987998 ], [ -89.746067196148005, 30.16823360671 ], [ -89.746029197704999, 30.168259606227 ], [ -89.746003706286004, 30.168325387503 ], [ -89.746007196381001, 30.168408606713001 ], [ -89.746008194786995, 30.168587607006 ], [ -89.746032196547006, 30.168620606152 ], [ -89.746058196855003, 30.168682606168002 ], [ -89.746058195751999, 30.168825308662001 ], [ -89.746058196467004, 30.168844607301001 ], [ -89.746032987592002, 30.168981949388002 ], [ -89.746029196402006, 30.169002605346002 ], [ -89.745987196265006, 30.169069608 ], [ -89.745956197297005, 30.169145606543999 ], [ -89.745950924303003, 30.169247541607 ], [ -89.745955090512993, 30.169350679280999 ], [ -89.745950145666001, 30.169460492022001 ], [ -89.745949196344995, 30.169481608939002 ], [ -89.745909195972004, 30.169590607221998 ], [ -89.745872196134997, 30.169649606827999 ], [ -89.745835197190999, 30.169683606635999 ], [ -89.745833462503001, 30.169727862527001 ], [ -89.745832194529001, 30.169760105474001 ], [ -89.745841531929003, 30.169774924175002 ], [ -89.745871491337994, 30.169822489329999 ], [ -89.745855533504994, 30.169965643895001 ], [ -89.745853196243999, 30.169986606963 ], [ -89.745734196477997, 30.170275606520001 ], [ -89.745649011135001, 30.170635279382999 ], [ -89.745644197062006, 30.170655606328999 ], [ -89.745558416338, 30.171209808202999 ], [ -89.745555196918005, 30.171230606359 ], [ -89.745525612020003, 30.171508322632 ], [ -89.745545834720005, 30.171774338540999 ], [ -89.745529897970997, 30.171971463546999 ], [ -89.745528196698004, 30.171991606917999 ], [ -89.745489543888993, 30.172053001759 ], [ -89.745472001237999, 30.172069419463998 ], [ -89.745441195297005, 30.172092607463998 ], [ -89.745425196094004, 30.172133607759999 ], [ -89.745422876456004, 30.172151699238 ], [ -89.745420811478994, 30.172167821517 ], [ -89.745424196374003, 30.172224606892001 ], [ -89.745436828231007, 30.172275981083999 ], [ -89.745442003342006, 30.172297022864001 ], [ -89.745443042823993, 30.172324297949999 ], [ -89.745443137167996, 30.172347940120002 ], [ -89.745439880684003, 30.172367803116 ], [ -89.745422303355994, 30.172397979347 ], [ -89.745411446372998, 30.172426924660002 ], [ -89.745404196506996, 30.172453606413999 ], [ -89.745408543460002, 30.172582623869999 ], [ -89.745407160628005, 30.172605586016999 ], [ -89.745369180381005, 30.172673556221 ], [ -89.745342022388002, 30.172716841905 ], [ -89.745334663904003, 30.172738026886002 ], [ -89.745336048005996, 30.172754176259001 ], [ -89.745340196605994, 30.172796607386999 ], [ -89.745356195491993, 30.172856606806 ], [ -89.745347075474996, 30.172922736623001 ], [ -89.745344197438001, 30.172943609253 ], [ -89.745321652339996, 30.173047149710001 ], [ -89.745317197347006, 30.173067608174001 ], [ -89.745250196742006, 30.173250607353001 ], [ -89.745196195898004, 30.173366606755 ], [ -89.745156194960998, 30.173448607434999 ], [ -89.745105196623996, 30.173518608677 ], [ -89.745055196904005, 30.173564608279001 ], [ -89.745005195255999, 30.173593608095999 ], [ -89.744922793976997, 30.173621919915998 ], [ -89.744901516989998, 30.173631496096998 ], [ -89.744835196444996, 30.173678609064002 ], [ -89.744774192636001, 30.173743606811001 ], [ -89.744704195327998, 30.173791608323999 ], [ -89.744515193932003, 30.173836608039998 ], [ -89.744453196886994, 30.173869607956998 ], [ -89.744416196505, 30.173923607892 ], [ -89.744382196616002, 30.173962607469001 ], [ -89.744322197195004, 30.173990606897 ], [ -89.744228281405995, 30.173988937516999 ], [ -89.744203163199003, 30.173983812441001 ], [ -89.744155196340998, 30.173948607888001 ], [ -89.744095196100005, 30.173919607268001 ], [ -89.743996034573996, 30.173910054008999 ], [ -89.743976223020994, 30.173911214595002 ], [ -89.743903195884002, 30.173917608202999 ], [ -89.743849195845996, 30.173938608979 ], [ -89.743789196340003, 30.173934607107999 ], [ -89.743737194524996, 30.173901606624 ], [ -89.743686194752001, 30.173876608312 ], [ -89.743632921512003, 30.173866853654001 ], [ -89.743615194832998, 30.173863607584 ], [ -89.743598561013997, 30.173870152109998 ], [ -89.743553795664994, 30.173887758938999 ], [ -89.743534912922001, 30.173897472933 ], [ -89.743491195345996, 30.173933608759 ], [ -89.743461299447006, 30.173980114479001 ], [ -89.743450695603002, 30.173996608351999 ], [ -89.743447178981, 30.174015176173999 ], [ -89.743442108793005, 30.174041943643999 ], [ -89.743438195243996, 30.174062607964999 ], [ -89.743434893358994, 30.17410355629 ], [ -89.743433196859002, 30.174124607328 ], [ -89.743409919944, 30.174176428450998 ], [ -89.743394837371, 30.174193770549 ], [ -89.743347195154996, 30.174234607427 ], [ -89.743320992525994, 30.174254403030002 ], [ -89.743308507389003, 30.174266258420001 ], [ -89.743286193870006, 30.174318609015 ], [ -89.743206195853006, 30.174478607893001 ], [ -89.743173194744003, 30.174521607043999 ], [ -89.743170317052005, 30.174542166557 ], [ -89.743166707873996, 30.174567954672 ], [ -89.743163564449006, 30.174590393024001 ], [ -89.743168140741005, 30.174605474780002 ], [ -89.743178194996005, 30.174638608464001 ], [ -89.743196083984003, 30.174676363987 ], [ -89.743207694714002, 30.174700858674999 ], [ -89.743108194803995, 30.174810608342 ], [ -89.743027195810001, 30.174809608139999 ], [ -89.742961195171006, 30.174765607322001 ], [ -89.742907194146994, 30.174675607735001 ], [ -89.742847193844, 30.174446607387001 ], [ -89.742794195100004, 30.174338607791 ], [ -89.742762585129, 30.174248770822 ], [ -89.742756194188004, 30.174230608616998 ], [ -89.742743258022003, 30.174216810029002 ], [ -89.742696195744998, 30.174166609124001 ], [ -89.742530195621995, 30.174069608686999 ], [ -89.742495193289997, 30.174004608709001 ], [ -89.742476195212006, 30.173946607278001 ], [ -89.742455195060998, 30.173906609073999 ], [ -89.742413194137995, 30.173869606436 ] ] ] ] } },
{ "type": "Feature", "properties": { "objectid": "70", "gnocdc_lab": "VILLAGE DE LEST", "shape_starea": "667259784.11132669", "shape_stlength": "113643.65676469536" }, "geometry": { "type": "MultiPolygon", "coordinates": [ [ [ [ -89.880093450589996, 30.148517745957999 ], [ -89.880066569378997, 30.14848346226 ], [ -89.880671569751996, 30.147731462109999 ], [ -89.880132568559006, 30.147109462471001 ], [ -89.876821568574002, 30.140817461360999 ], [ -89.876550566871998, 30.140313460704999 ], [ -89.874564565875005, 30.136288460416001 ], [ -89.873113565685998, 30.133636459504 ], [ -89.872942566030005, 30.133324459617 ], [ -89.872807566765999, 30.133038458841 ], [ -89.870664565517998, 30.128507457704998 ], [ -89.870572565347004, 30.128322458622002 ], [ -89.870002564621998, 30.127253458155 ], [ -89.869835564596002, 30.126860457806998 ], [ -89.869520564151998, 30.126367458042001 ], [ -89.868866565222007, 30.125231457584999 ], [ -89.868221564996006, 30.124118457302 ], [ -89.867790564439005, 30.124033457435999 ], [ -89.866769564536995, 30.123979456922999 ], [ -89.866479564797004, 30.123976457312999 ], [ -89.866311563999005, 30.123986457228 ], [ -89.866190564215998, 30.123985457817 ], [ -89.866091564594996, 30.123987457676002 ], [ -89.866014564449003, 30.123985457408001 ], [ -89.865897563575999, 30.123984458035 ], [ -89.865603563782003, 30.122853457255999 ], [ -89.864388562721004, 30.117269456658001 ], [ -89.864145563747996, 30.116099455785001 ], [ -89.863953562546996, 30.115093456063999 ], [ -89.863879564024998, 30.114705455189 ], [ -89.863853563470997, 30.114566455578998 ], [ -89.863845562860007, 30.114526455595001 ], [ -89.863485563658003, 30.114162454742001 ], [ -89.863244562798997, 30.111808454750001 ], [ -89.862178562124001, 30.106135453661999 ], [ -89.861714562545004, 30.103649452551 ], [ -89.861602561371996, 30.103266452789999 ], [ -89.860858561502994, 30.099076451750001 ], [ -89.860464562158, 30.095982451988998 ], [ -89.856929558695001, 30.077838448291001 ], [ -89.856880559914003, 30.077415447692999 ], [ -89.856748559899998, 30.076638447703001 ], [ -89.857164560000996, 30.076597447609 ], [ -89.857592560336002, 30.076537447917001 ], [ -89.858089558808999, 30.076441447259 ], [ -89.858512560601, 30.076333447684998 ], [ -89.858899559380006, 30.076210447548 ], [ -89.859311560354996, 30.076066446908001 ], [ -89.859640559081001, 30.075934447325999 ], [ -89.859990559278003, 30.075771447472 ], [ -89.860362560799999, 30.075580447450001 ], [ -89.860881560408998, 30.075266447145001 ], [ -89.861208560346, 30.075039447125999 ], [ -89.861547560164993, 30.074769446516999 ], [ -89.861744560912001, 30.074597446291001 ], [ -89.862002561238, 30.074340446703001 ], [ -89.862366560433998, 30.073984446484001 ], [ -89.862633560930007, 30.073695446595 ], [ -89.862841561189001, 30.073423446983998 ], [ -89.863165559945003, 30.072947446183001 ], [ -89.863413561152996, 30.072505446211 ], [ -89.863547561074, 30.072223445898999 ], [ -89.863722560509999, 30.071793446131998 ], [ -89.863841560691995, 30.071447446236 ], [ -89.863898560511998, 30.071218446197999 ], [ -89.863953561547007, 30.070931446467998 ], [ -89.863988559974999, 30.070643445881 ], [ -89.864031560933995, 30.070111445812 ], [ -89.864099561887002, 30.069346445392998 ], [ -89.864160561974998, 30.068577445675 ], [ -89.864229560175005, 30.067815445223999 ], [ -89.864301561600996, 30.067061444844001 ], [ -89.864364560710001, 30.066540445443 ], [ -89.864433560793003, 30.066110445220001 ], [ -89.864582561039001, 30.065483445009999 ], [ -89.864713561285996, 30.065005445099001 ], [ -89.864947561581005, 30.064457444102999 ], [ -89.865098562067999, 30.064112444578999 ], [ -89.865288561636007, 30.063723444575999 ], [ -89.865445559886993, 30.063425444688999 ], [ -89.865698561317004, 30.062976443939 ], [ -89.865878560707998, 30.062689444473001 ], [ -89.866167560708007, 30.062275444438999 ], [ -89.866355562346996, 30.062027444011999 ], [ -89.866764562224006, 30.061524443903998 ], [ -89.866994562464001, 30.061268443606 ], [ -89.867426561447999, 30.060831443135001 ], [ -89.867727561400997, 30.060553443991999 ], [ -89.868117562107997, 30.060224443953999 ], [ -89.868958561870997, 30.059577442828001 ], [ -89.869786561940003, 30.058955443475998 ], [ -89.870608562450997, 30.058336442641998 ], [ -89.871415562329005, 30.057724442988999 ], [ -89.872203563192002, 30.057138442951999 ], [ -89.873155563569, 30.056458442907001 ], [ -89.873955562917004, 30.055947441764001 ], [ -89.874537563247003, 30.055585442363 ], [ -89.878190564804001, 30.053406442151999 ], [ -89.879162564997998, 30.052828441494 ], [ -89.879745565497004, 30.05249144203 ], [ -89.880022565828995, 30.052331441877001 ], [ -89.880172564627003, 30.052244441713999 ], [ -89.880283565105998, 30.05218044123 ], [ -89.880395565377, 30.052113441835999 ], [ -89.880460565834994, 30.052075441351999 ], [ -89.883625566117004, 30.050192441257 ], [ -89.886710567136006, 30.048357440497998 ], [ -89.887185566937006, 30.048077440478998 ], [ -89.887808567267996, 30.047704440688001 ], [ -89.887905566656997, 30.047645440042 ], [ -89.888840566667994, 30.047094440060999 ], [ -89.889622568055003, 30.046628440241001 ], [ -89.890646567640999, 30.045966439705001 ], [ -89.891830567235999, 30.045099439684002 ], [ -89.893208568483999, 30.044092439111001 ], [ -89.893963567474003, 30.043542439166 ], [ -89.894924568923003, 30.042842438733999 ], [ -89.896009567448999, 30.042074439103999 ], [ -89.896561568577994, 30.041713438736 ], [ -89.897311568478003, 30.041289438669001 ], [ -89.897394567687996, 30.041284438544 ], [ -89.897442570180004, 30.041271438359001 ], [ -89.897509568158995, 30.041246438049999 ], [ -89.897851568508997, 30.041067438028001 ], [ -89.898441570131993, 30.040786438072001 ], [ -89.899089569926005, 30.040507438528 ], [ -89.899976570207002, 30.040154438649999 ], [ -89.900864568866993, 30.039849437943001 ], [ -89.902381570322007, 30.039371437979 ], [ -89.905459570274999, 30.038389437557999 ], [ -89.906239571067005, 30.038142437042001 ], [ -89.907097572474996, 30.037864437844998 ], [ -89.907911571987, 30.037597437736 ], [ -89.908407571642002, 30.037452437645999 ], [ -89.908488571757999, 30.037428436808 ], [ -89.909799571709001, 30.037009437782 ], [ -89.910666572823004, 30.036732436662 ], [ -89.911428572473, 30.036488437540001 ], [ -89.911529572598994, 30.036455437198001 ], [ -89.911611572300998, 30.036429436877999 ], [ -89.911862573388007, 30.036347436778001 ], [ -89.912041573153004, 30.036288437458001 ], [ -89.912507573523001, 30.036135436508001 ], [ -89.912921574083001, 30.035999436807 ], [ -89.913130572892001, 30.03593043715 ], [ -89.913207572885, 30.035905436632 ], [ -89.913441574020993, 30.035828436247002 ], [ -89.914089572104004, 30.035615436575 ], [ -89.914298572475005, 30.035550437392001 ], [ -89.914677573096995, 30.035431436551999 ], [ -89.914894573896007, 30.035363436983999 ], [ -89.915586573287001, 30.035146436979002 ], [ -89.917298574260002, 30.034600436304999 ], [ -89.918775574833006, 30.034126436299001 ], [ -89.918908575661007, 30.034083436309999 ], [ -89.919268574002999, 30.033968436180999 ], [ -89.919722573811001, 30.03382243571 ], [ -89.919941575397999, 30.033752435581 ], [ -89.920008574931003, 30.033730436479001 ], [ -89.921041575562001, 30.03340543605 ], [ -89.921790575331002, 30.033169435641 ], [ -89.921871574121994, 30.033143435389999 ], [ -89.922697575811, 30.032883435687001 ], [ -89.923156575012001, 30.032732436248999 ], [ -89.924031575317002, 30.032445435787999 ], [ -89.924297576629002, 30.032358436283001 ], [ -89.924723575894006, 30.032216435357999 ], [ -89.926141576663994, 30.031745434876001 ], [ -89.926459575885005, 30.031630435577 ], [ -89.926703577710001, 30.031542435631 ], [ -89.926909575872997, 30.031467434702002 ], [ -89.927330575842007, 30.031315435743 ], [ -89.927453577159, 30.031271435330002 ], [ -89.927646577722996, 30.031201435404 ], [ -89.927815575585996, 30.031140434996001 ], [ -89.928907578142997, 30.030757435620998 ], [ -89.929065577711, 30.030702435251001 ], [ -89.930494577667005, 30.030201435079999 ], [ -89.930732578264994, 30.030118435231 ], [ -89.930842577313001, 30.030079434996999 ], [ -89.930905576797002, 30.030057434703 ], [ -89.931352576616007, 30.029900435359998 ], [ -89.932119578230996, 30.029631434755998 ], [ -89.933451578138005, 30.029164434826999 ], [ -89.933518578307002, 30.029141434648 ], [ -89.934127578984999, 30.028928434981999 ], [ -89.936207579251999, 30.028199434748998 ], [ -89.936320578307999, 30.028159434161999 ], [ -89.939285580003002, 30.027119433936999 ], [ -89.939622579694003, 30.027001434700999 ], [ -89.939604579172993, 30.028209434099001 ], [ -89.939596579460002, 30.028793434192998 ], [ -89.939580580593002, 30.029648434458 ], [ -89.939590580244996, 30.031126435015999 ], [ -89.939597579757006, 30.032597435547 ], [ -89.939598580269006, 30.032755435527001 ], [ -89.939578579292998, 30.033857434994001 ], [ -89.939576578897004, 30.033986435308002 ], [ -89.939489580680004, 30.03689343652 ], [ -89.939489580781995, 30.037593436108001 ], [ -89.939489580401997, 30.039077436119001 ], [ -89.939511579946, 30.040569436793 ], [ -89.93946358062, 30.042006437171 ], [ -89.939383581365007, 30.043001437224 ], [ -89.939346580830005, 30.043269437644 ], [ -89.939237580074007, 30.044008437310001 ], [ -89.939070579944001, 30.044978438196001 ], [ -89.938947580115993, 30.045783437872 ], [ -89.938879580773005, 30.046252438322 ], [ -89.938822580847997, 30.046721438782001 ], [ -89.938762581006998, 30.047317438324001 ], [ -89.938739580977, 30.047662438378001 ], [ -89.938730579563995, 30.047794438158999 ], [ -89.938734580193994, 30.048311438669 ], [ -89.938872581303997, 30.050073438883999 ], [ -89.939015580252999, 30.051465439425002 ], [ -89.939097581640993, 30.052136439897001 ], [ -89.939145580900998, 30.052612440301001 ], [ -89.939167579919996, 30.053049439178 ], [ -89.939175581152, 30.053496439903 ], [ -89.939191581488004, 30.053987439318998 ], [ -89.939156580097006, 30.055076440206999 ], [ -89.939102581913005, 30.055496440433 ], [ -89.939096581178006, 30.055771440369998 ], [ -89.939099581, 30.056021440148999 ], [ -89.939132581734, 30.056353440494 ], [ -89.939296580418002, 30.058166441396999 ], [ -89.939451580433001, 30.059550440946001 ], [ -89.939470580236005, 30.059787440973 ], [ -89.939491581457006, 30.060056440638999 ], [ -89.939620582022997, 30.061351441359999 ], [ -89.939799580647005, 30.063120441929001 ], [ -89.939893581422993, 30.064185441663 ], [ -89.940005581893004, 30.065222442397001 ], [ -89.940074582156996, 30.065829442647001 ], [ -89.940137581719995, 30.066459441983 ], [ -89.940196582650003, 30.067101442715 ], [ -89.940241581576998, 30.067536443261002 ], [ -89.940268581569001, 30.067810442814 ], [ -89.940303581628996, 30.068260442576001 ], [ -89.940459582494, 30.069863443772999 ], [ -89.940537582602005, 30.070943443381001 ], [ -89.940573582658004, 30.071332444122 ], [ -89.940586582181993, 30.071455443636999 ], [ -89.940612582369994, 30.071684443875 ], [ -89.940660581982002, 30.071943443717998 ], [ -89.940701581810998, 30.072092443547 ], [ -89.940807582356996, 30.072339443349001 ], [ -89.940975582950003, 30.072638443858999 ], [ -89.941133582849005, 30.072853444322998 ], [ -89.941297582836, 30.073039443765001 ], [ -89.941595583322993, 30.073330443789001 ], [ -89.941831582646998, 30.073539443821002 ], [ -89.942432582042997, 30.074022444672 ], [ -89.942819583303006, 30.074320444359 ], [ -89.943681582563002, 30.075034444442998 ], [ -89.943969582877003, 30.075276444646001 ], [ -89.944176583515002, 30.075459444602998 ], [ -89.944442583373998, 30.075240444039 ], [ -89.944740583118005, 30.075475444740999 ], [ -89.944962583518006, 30.075670444105 ], [ -89.944674583429006, 30.075905444791999 ], [ -89.944683866828996, 30.075918765613999 ], [ -89.944680429366997, 30.075921569578 ], [ -89.944664960433002, 30.075931160454001 ], [ -89.944406289268997, 30.076091580732001 ], [ -89.944235289410003, 30.076192581583999 ], [ -89.944210064388002, 30.076200655758001 ], [ -89.943993556899002, 30.076269970394002 ], [ -89.943957288565002, 30.076281580258001 ], [ -89.943717287010998, 30.076415580521001 ], [ -89.943463287957002, 30.076618581712001 ], [ -89.943189288978004, 30.076840580603001 ], [ -89.942921221006003, 30.077223660238001 ], [ -89.942886287012001, 30.077273580522 ], [ -89.942871016816994, 30.077301836657 ], [ -89.942739288227997, 30.077545581027 ], [ -89.942576287199998, 30.077735581786001 ], [ -89.942113288884002, 30.078086580461999 ], [ -89.941600288512007, 30.078521581244001 ], [ -89.941178285486004, 30.078890582290001 ], [ -89.940973288238993, 30.079113581783002 ], [ -89.940604287903994, 30.079398581262001 ], [ -89.940339286649007, 30.079677580652 ], [ -89.940236285782007, 30.079838581213 ], [ -89.939963285721007, 30.079990581486001 ], [ -89.939944784442005, 30.079991563219 ], [ -89.939831286241997, 30.079997581501001 ], [ -89.939759286585002, 30.080034581562 ], [ -89.939745476141994, 30.080071413961999 ], [ -89.939738287560999, 30.080090582324001 ], [ -89.939702111184999, 30.080214613391998 ], [ -89.939695100376994, 30.080238649316001 ], [ -89.939689287058997, 30.080258581968 ], [ -89.939465288948, 30.080555582298 ], [ -89.939194288349, 30.080700581955 ], [ -89.939021287919999, 30.080870582138001 ], [ -89.938842678843997, 30.081004538506001 ], [ -89.938553284774997, 30.081221584001 ], [ -89.938422286991994, 30.081335582329999 ], [ -89.938102286366004, 30.081583582836 ], [ -89.937719284620002, 30.081893582681001 ], [ -89.937538286193998, 30.082071583729 ], [ -89.937158284717, 30.082376582047001 ], [ -89.936917665135994, 30.082551047991 ], [ -89.936747286130995, 30.082674582391999 ], [ -89.936405285774995, 30.082939581661002 ], [ -89.936255286453004, 30.083038581749999 ], [ -89.935881286186003, 30.083339582756 ], [ -89.935451282852995, 30.083720582234999 ], [ -89.935262285248001, 30.083891582483002 ], [ -89.935128161912004, 30.084010733073001 ], [ -89.934832283833998, 30.084273583245 ], [ -89.934522283467999, 30.084568580569002 ], [ -89.934191283198004, 30.084861582205001 ], [ -89.933770284304003, 30.085242584336001 ], [ -89.933707416657995, 30.085301805114 ], [ -89.933632283587002, 30.085372583849999 ], [ -89.933584063734003, 30.085423306966 ], [ -89.933555284641997, 30.085453583841002 ], [ -89.933332283720006, 30.085604583228001 ], [ -89.933274858084999, 30.085662476715001 ], [ -89.932772294703994, 30.086169125722002 ], [ -89.932717283642006, 30.086224583372999 ], [ -89.932472786302995, 30.086448799077999 ], [ -89.932271284265994, 30.086633583398001 ], [ -89.932188822965003, 30.086707798446 ], [ -89.931761283518, 30.087092584349001 ], [ -89.931470281743003, 30.087336583658999 ], [ -89.931173284237005, 30.087631583376002 ], [ -89.930840282519, 30.087920583768 ], [ -89.930400282242005, 30.088341584064001 ], [ -89.930084061767005, 30.088631301664002 ], [ -89.930048986098001, 30.088663943109001 ], [ -89.929963875119995, 30.088750068557001 ], [ -89.929802282202004, 30.088913583867001 ], [ -89.929411240037993, 30.089300638400999 ], [ -89.928825280401, 30.089849584008 ], [ -89.92851159928, 30.090155960086001 ], [ -89.928353283145995, 30.090310584689998 ], [ -89.927969280937006, 30.090703585298002 ], [ -89.927701282029005, 30.090970583823999 ], [ -89.927103281602996, 30.091557585307001 ], [ -89.926747279593997, 30.091914584815999 ], [ -89.926147281313007, 30.092556585337999 ], [ -89.925791281282997, 30.092920585339002 ], [ -89.925247280017004, 30.093471584599001 ], [ -89.925003994983001, 30.093721494743001 ], [ -89.924696280221994, 30.094037585633 ], [ -89.924299280580001, 30.094454584598999 ], [ -89.923652279351003, 30.095153585085999 ], [ -89.923264278483998, 30.095577585520001 ], [ -89.922590280582995, 30.096296586483 ], [ -89.922246278771993, 30.096672585842001 ], [ -89.921574279495999, 30.097439585850001 ], [ -89.921274278214995, 30.097774587082998 ], [ -89.920513278214997, 30.098630585711 ], [ -89.919546279488998, 30.099740587244 ], [ -89.918659277133003, 30.100773586951998 ], [ -89.917745276524997, 30.101854587458 ], [ -89.916883750381004, 30.102866400387999 ], [ -89.916845276467996, 30.102911588689 ], [ -89.916033274767997, 30.103887587828002 ], [ -89.915323277354005, 30.104758589271 ], [ -89.914507274498007, 30.105749589495002 ], [ -89.913798275206005, 30.106652587995001 ], [ -89.912974274635999, 30.107691589024999 ], [ -89.912344275120006, 30.108489588918999 ], [ -89.911476275230001, 30.109561590236002 ], [ -89.910814274097007, 30.1103875889 ], [ -89.910011274192001, 30.111366590184002 ], [ -89.909165273431995, 30.112418588767 ], [ -89.908355274349006, 30.113434590053998 ], [ -89.907548272501003, 30.114441589359 ], [ -89.906755272715998, 30.115444590471 ], [ -89.905975272076006, 30.116407590538 ], [ -89.905609271057003, 30.11683559187 ], [ -89.905445272277007, 30.117075591115 ], [ -89.905295271057994, 30.117259591288999 ], [ -89.905069272263006, 30.117545591001999 ], [ -89.904815270034007, 30.117863590778999 ], [ -89.904559271430003, 30.118175591221998 ], [ -89.904307271617995, 30.118485590093002 ], [ -89.904044271472998, 30.118818592170001 ], [ -89.903783273570994, 30.119139590659 ], [ -89.903553269707004, 30.119438590415001 ], [ -89.903307270580001, 30.119743591915999 ], [ -89.903051269817993, 30.120050592910001 ], [ -89.902164269549004, 30.121164591026002 ], [ -89.901780271394998, 30.121617591585998 ], [ -89.901727029583, 30.121684212390999 ], [ -89.900188270529, 30.123609593371999 ], [ -89.89898426888, 30.125146591834 ], [ -89.897292268504998, 30.127254593635001 ], [ -89.895700267039004, 30.129251594357999 ], [ -89.894510267623005, 30.130733594317999 ], [ -89.894028265692995, 30.131342594905998 ], [ -89.892913266134997, 30.132724593555999 ], [ -89.892183265323993, 30.133627595983 ], [ -89.890971265434999, 30.135147595450999 ], [ -89.889904265609005, 30.136474595629 ], [ -89.889255263825007, 30.137257595861001 ], [ -89.888383264799003, 30.138392594900001 ], [ -89.887521263398995, 30.139431596303002 ], [ -89.886154261800002, 30.141147596585 ], [ -89.885103043664003, 30.142458650790999 ], [ -89.884305261801003, 30.143453596511002 ], [ -89.884235625971002, 30.14354020451 ], [ -89.883472262813996, 30.144489598839002 ], [ -89.882517260390003, 30.145670596519999 ], [ -89.882461997077002, 30.145747221726001 ], [ -89.882293923541994, 30.145980253287 ], [ -89.882158271123998, 30.146168333980999 ], [ -89.882147260779007, 30.146183597387001 ], [ -89.882101893894003, 30.146317084408999 ], [ -89.882095262570999, 30.146336598537999 ], [ -89.882044165742002, 30.146441343704002 ], [ -89.882035261686994, 30.146459596774999 ], [ -89.881894260573006, 30.14665759683 ], [ -89.881430260019997, 30.147249597302 ], [ -89.880891257667002, 30.147914599172001 ], [ -89.880854896564998, 30.147950472207 ], [ -89.880835758645006, 30.147969348659 ], [ -89.880761261139995, 30.147981598312001 ], [ -89.880662109303003, 30.147984813950998 ], [ -89.880589261770993, 30.148036598769998 ], [ -89.880519260279002, 30.148114597233999 ], [ -89.880456259775002, 30.14819159827 ], [ -89.880390260533005, 30.148278597973999 ], [ -89.880298817473999, 30.148395362843999 ], [ -89.880195259852002, 30.148527598863001 ], [ -89.880173973743993, 30.148541714004001 ], [ -89.880153077870006, 30.148548935095 ], [ -89.880093450589996, 30.148517745957999 ] ] ] ] } },
{ "type": "Feature", "properties": { "objectid": "5", "gnocdc_lab": "OLD AURORA", "shape_starea": "86634754.340560853", "shape_stlength": "39878.264790301546" }, "geometry": { "type": "MultiPolygon", "coordinates": [ [ [ [ -90.012036931449998, 29.945946709813999 ], [ -90.012068980581006, 29.945879700622999 ], [ -90.001885638128996, 29.939973442290999 ], [ -90.001885592902994, 29.939973415669002 ], [ -90.001245910997, 29.939574899031001 ], [ -89.998617589728994, 29.937937412526999 ], [ -89.994430575224001, 29.935340899086 ], [ -89.990931095677993, 29.933298130267001 ], [ -89.990911502686004, 29.933286692965002 ], [ -89.989473080886, 29.932464878537001 ], [ -89.988131587647004, 29.931701411660999 ], [ -89.986577905630995, 29.930926204009999 ], [ -89.985516216519002, 29.930407276583999 ], [ -89.985056938062002, 29.930201337604 ], [ -89.985056587952997, 29.930178410839002 ], [ -89.984997586576, 29.926302410483 ], [ -89.984941588151997, 29.925741410652002 ], [ -89.984932588172995, 29.925647410639002 ], [ -89.984902587152007, 29.925353410717001 ], [ -89.984942586936, 29.924895410127 ], [ -89.985005587817, 29.924416410161999 ], [ -89.985044587499999, 29.924095409702002 ], [ -89.985065589003, 29.923925410291002 ], [ -89.985116588316004, 29.923420410083001 ], [ -89.985147588995005, 29.923174409234999 ], [ -89.985273588745997, 29.922250409762999 ], [ -89.985381588129997, 29.921348408993001 ], [ -89.985493588481006, 29.920451409561 ], [ -89.985518587868995, 29.920270409369 ], [ -89.985531586958999, 29.920174409822 ], [ -89.985617587866997, 29.919553409605001 ], [ -89.985712587642993, 29.918635409229999 ], [ -89.985808587701001, 29.917703408963 ], [ -89.985909588213005, 29.916896408283002 ], [ -89.985960588368002, 29.916651408631001 ], [ -89.985988587810994, 29.916489407709001 ], [ -89.986017587923001, 29.916349408230001 ], [ -89.986038588805997, 29.916223408971 ], [ -89.986116587520996, 29.915510408688998 ], [ -89.986210588036002, 29.914778407711999 ], [ -89.986316587695001, 29.913972407746002 ], [ -89.986412588657998, 29.913296408314 ], [ -89.986459586932995, 29.912807406991998 ], [ -89.986497588551003, 29.912478407967001 ], [ -89.986558588212006, 29.911872407533998 ], [ -89.986583588577005, 29.911658407545001 ], [ -89.986643587806, 29.911166407517999 ], [ -89.986687587953995, 29.910711406926001 ], [ -89.986725588563004, 29.910401407140998 ], [ -89.986789587697999, 29.909921407140001 ], [ -89.986956588191006, 29.908682406596999 ], [ -89.987019586314005, 29.908090406397999 ], [ -89.987217587185995, 29.907356406521998 ], [ -89.987293586676998, 29.907074406673999 ], [ -89.987240588259994, 29.906856406104001 ], [ -89.987837588754005, 29.907476406109001 ], [ -89.987949587752993, 29.907592406220001 ], [ -89.988217587921, 29.907873406663001 ], [ -89.988364588948997, 29.908030405820998 ], [ -89.988519587620004, 29.908162406993998 ], [ -89.988850588534007, 29.908417406194001 ], [ -89.989098588787002, 29.908560406501 ], [ -89.989333588612993, 29.908681406776001 ], [ -89.989554588442005, 29.908778406536999 ], [ -89.989588587811994, 29.908790406346998 ], [ -89.989732588633998, 29.908842406592001 ], [ -89.989954589400995, 29.908905406839001 ], [ -89.990195588833004, 29.908960406578998 ], [ -89.990403588334004, 29.909001406298 ], [ -89.990630589266999, 29.909018406091999 ], [ -89.990894588738996, 29.909028406421001 ], [ -89.991253589139006, 29.909054406988002 ], [ -89.991611588680996, 29.909052407059999 ], [ -89.992053587911002, 29.909069405975 ], [ -89.992535588059994, 29.909052406966001 ], [ -89.993219589532004, 29.908729406359001 ], [ -89.993381589072996, 29.908652405921 ], [ -89.993861589301005, 29.908729406866001 ], [ -89.994411590294007, 29.908817406937999 ], [ -89.995061590163999, 29.908880406156001 ], [ -89.995377589113005, 29.908960406291001 ], [ -89.995495589792, 29.908996406040998 ], [ -89.995685591281998, 29.909053406811001 ], [ -89.995972589838999, 29.909166406819001 ], [ -89.996421589901999, 29.909330406447001 ], [ -89.997049590052001, 29.90969940682 ], [ -89.998167590665005, 29.910417406903001 ], [ -89.998894592011993, 29.910902407218 ], [ -90.000914591691995, 29.912248406791999 ], [ -90.001278591540995, 29.912491407285 ], [ -90.002066591678997, 29.912980407028002 ], [ -90.002862592598007, 29.913491407279 ], [ -90.00301959267, 29.913585407132999 ], [ -90.003567592699994, 29.913912407276001 ], [ -90.004165591643996, 29.914255407212 ], [ -90.004255592025999, 29.914313406733999 ], [ -90.004949593413997, 29.914681407819 ], [ -90.005278591727006, 29.914855407486002 ], [ -90.005601593045, 29.91502640809 ], [ -90.006359592427998, 29.915433407178 ], [ -90.006851593516998, 29.915639407541999 ], [ -90.007129593920993, 29.915733407297999 ], [ -90.007328593536002, 29.915810407662999 ], [ -90.007614593170999, 29.915959408069 ], [ -90.008265594023996, 29.916347408059998 ], [ -90.008490594392995, 29.916476407411999 ], [ -90.008716593347998, 29.916619407433 ], [ -90.008947593580004, 29.916774407556002 ], [ -90.009184594407003, 29.916945407509999 ], [ -90.009409594548998, 29.917143408407998 ], [ -90.009550593091006, 29.917302407884002 ], [ -90.009742595104001, 29.917495407905999 ], [ -90.009878594591996, 29.917585407695999 ], [ -90.010701593473996, 29.918094407965999 ], [ -90.011254595154995, 29.918489408389998 ], [ -90.011378593944002, 29.918591408432 ], [ -90.011529594031998, 29.918725407779 ], [ -90.012028594848999, 29.919171407911001 ], [ -90.012178594575005, 29.919289407888002 ], [ -90.012426595213995, 29.919484408068001 ], [ -90.012713595473997, 29.919685408534999 ], [ -90.013187594298998, 29.920009407910001 ], [ -90.013283594894006, 29.920068408677 ], [ -90.014554596259003, 29.920848408407 ], [ -90.014713595938005, 29.920946408239001 ], [ -90.014490595997998, 29.921207408330002 ], [ -90.014913596073995, 29.921458408755001 ], [ -90.014943596400997, 29.921583408511001 ], [ -90.014959596620997, 29.921688408803 ], [ -90.014961595968003, 29.921754408521998 ], [ -90.014954594551, 29.921852408791 ], [ -90.014892596512993, 29.922184408734999 ], [ -90.014864595657002, 29.922260408591999 ], [ -90.014840596913999, 29.922336408859 ], [ -90.014823595981994, 29.922409408953001 ], [ -90.014773595066004, 29.922817408996 ], [ -90.014693595268994, 29.923492409442002 ], [ -90.014615596986005, 29.924054408478 ], [ -90.014578595784997, 29.924414408888001 ], [ -90.014558595124001, 29.924616409519 ], [ -90.014509596376996, 29.926199410091002 ], [ -90.014437596521006, 29.927269409994 ], [ -90.014390596338004, 29.927974409912 ], [ -90.014280595800003, 29.929746410240998 ], [ -90.014161596669993, 29.931529411059 ], [ -90.014160595866002, 29.931545411197 ], [ -90.014054596747997, 29.933307411541001 ], [ -90.014045595365005, 29.933455411516 ], [ -90.013955596212, 29.934887411411999 ], [ -90.013975595649001, 29.935003412095 ], [ -90.014026596682996, 29.935100411324001 ], [ -90.014112595194007, 29.935209412045001 ], [ -90.014178596530996, 29.935295411803001 ], [ -90.014267596401993, 29.935346411636999 ], [ -90.014374595616999, 29.935383411434 ], [ -90.014476596790004, 29.935412411443 ], [ -90.014656595833003, 29.935430411822001 ], [ -90.014601596768998, 29.937002411386999 ], [ -90.014423597459995, 29.940035412491 ], [ -90.014358596704994, 29.940984412517 ], [ -90.014261596869005, 29.942406412842001 ], [ -90.014919596694, 29.942988412702999 ], [ -90.013876597782996, 29.947008413997001 ], [ -90.012107596434006, 29.94598541433 ], [ -90.012036931449998, 29.945946709813999 ] ] ] ] } },
{ "type": "Feature", "properties": { "objectid": "56", "gnocdc_lab": "NEW AURORA - ENGLISH TURN", "shape_starea": "273195878.95078731", "shape_stlength": "81691.058677205758" }, "geometry": { "type": "MultiPolygon", "coordinates": [ [ [ [ -89.985329976051005, 29.904322050398999 ], [ -89.985325587397, 29.904380405708 ], [ -89.985291587638002, 29.904832405931 ], [ -89.985813587441001, 29.905374405867999 ], [ -89.986231586513995, 29.905821406091 ], [ -89.986348586689999, 29.905941406158 ], [ -89.987240588259994, 29.906856406104001 ], [ -89.987293586676998, 29.907074406673999 ], [ -89.987217587185995, 29.907356406521998 ], [ -89.987019586314005, 29.908090406397999 ], [ -89.986956588191006, 29.908682406596999 ], [ -89.986789587697999, 29.909921407140001 ], [ -89.986725588563004, 29.910401407140998 ], [ -89.986687587953995, 29.910711406926001 ], [ -89.986643587806, 29.911166407517999 ], [ -89.986583588577005, 29.911658407545001 ], [ -89.986558588212006, 29.911872407533998 ], [ -89.986497588551003, 29.912478407967001 ], [ -89.986459586932995, 29.912807406991998 ], [ -89.986412588657998, 29.913296408314 ], [ -89.986316587695001, 29.913972407746002 ], [ -89.986210588036002, 29.914778407711999 ], [ -89.986116587520996, 29.915510408688998 ], [ -89.986038588805997, 29.916223408971 ], [ -89.986017587923001, 29.916349408230001 ], [ -89.985988587810994, 29.916489407709001 ], [ -89.985960588368002, 29.916651408631001 ], [ -89.985909588213005, 29.916896408283002 ], [ -89.985808587701001, 29.917703408963 ], [ -89.985712587642993, 29.918635409229999 ], [ -89.985617587866997, 29.919553409605001 ], [ -89.985531586958999, 29.920174409822 ], [ -89.985518587868995, 29.920270409369 ], [ -89.985493588481006, 29.920451409561 ], [ -89.985381588129997, 29.921348408993001 ], [ -89.985273588745997, 29.922250409762999 ], [ -89.985147588995005, 29.923174409234999 ], [ -89.985116588316004, 29.923420410083001 ], [ -89.985065589003, 29.923925410291002 ], [ -89.985044587499999, 29.924095409702002 ], [ -89.985005587817, 29.924416410161999 ], [ -89.984942586936, 29.924895410127 ], [ -89.984902587152007, 29.925353410717001 ], [ -89.984932588172995, 29.925647410639002 ], [ -89.984941588151997, 29.925741410652002 ], [ -89.984997586576, 29.926302410483 ], [ -89.985056587952997, 29.930178410839002 ], [ -89.985056938062002, 29.930201337604 ], [ -89.983921381244997, 29.929692148369998 ], [ -89.983815622473003, 29.929644725393 ], [ -89.983164554327999, 29.929352776641998 ], [ -89.981857037281003, 29.928811452961 ], [ -89.980557143341002, 29.928273265716001 ], [ -89.977622812544993, 29.927136806396 ], [ -89.967524325441005, 29.923468674211001 ], [ -89.962917283227, 29.922999537618001 ], [ -89.962003377274002, 29.922913049283 ], [ -89.958962305553996, 29.922625207334001 ], [ -89.954976435084006, 29.922512131305002 ], [ -89.950960960513996, 29.922565155651 ], [ -89.947186294434005, 29.922977453167 ], [ -89.943582061954999, 29.922915630974 ], [ -89.940527631958005, 29.922597839598001 ], [ -89.936709953627002, 29.922176713100001 ], [ -89.933084457324, 29.921686150235001 ], [ -89.929952859525002, 29.921034223715999 ], [ -89.927077130673993, 29.920377738121001 ], [ -89.926915954847004, 29.920340940113 ], [ -89.925940780542007, 29.919932728698001 ], [ -89.924116467177001, 29.919169033346002 ], [ -89.921756933572993, 29.917790316257999 ], [ -89.919070244969006, 29.915519859035999 ], [ -89.9163914831, 29.912699604570001 ], [ -89.913910037584998, 29.909669950118001 ], [ -89.911966874263996, 29.906350004446001 ], [ -89.910262306592003, 29.903328669625001 ], [ -89.908419480581003, 29.899798280115 ], [ -89.906775745499999, 29.895931666284 ], [ -89.906250553229995, 29.894499621523 ], [ -89.906118755755998, 29.89414023874 ], [ -89.905327476238, 29.891982561934 ], [ -89.903788319219004, 29.88760950492 ], [ -89.903241706515004, 29.885108185739 ], [ -89.903130043508, 29.882738475966001 ], [ -89.903213697949994, 29.880286303843999 ], [ -89.903439287561, 29.878089440341999 ], [ -89.903909905377006, 29.875726061550999 ], [ -89.904567932793995, 29.873829960357 ], [ -89.905314003198995, 29.872347403159999 ], [ -89.905316652115005, 29.872342138415 ], [ -89.905458808101997, 29.872059644258002 ], [ -89.906368387916004, 29.871019210234 ], [ -89.906791906731002, 29.870534757480002 ], [ -89.908225999189995, 29.869430778434001 ], [ -89.909848687627999, 29.868235530521002 ], [ -89.912031885393006, 29.867139617618999 ], [ -89.914266890210001, 29.866160847802 ], [ -89.916265396911001, 29.865610204865 ], [ -89.917055021441001, 29.866736838857999 ], [ -89.920438327897998, 29.871563781075999 ], [ -89.930286697347, 29.885611225441 ], [ -89.930386719843, 29.885753870845001 ], [ -89.935308243731001, 29.892772007491001 ], [ -89.959040108349001, 29.902340055770999 ], [ -89.972949480580994, 29.904169399181001 ], [ -89.976945612223005, 29.902413948374999 ], [ -89.977053404073004, 29.902412876635001 ], [ -89.97915690712, 29.902391937335 ], [ -89.983005920696002, 29.903887487711 ], [ -89.983415398985002, 29.903964056572001 ], [ -89.984769079060996, 29.904217175387 ], [ -89.985222342225001, 29.904301925178 ], [ -89.985329976051005, 29.904322050398999 ] ] ] ] } },
{ "type": "Feature", "properties": { "objectid": "45", "gnocdc_lab": "MARLYVILLE - FONTAINEBLEAU", "shape_starea": "17855476.004210725", "shape_stlength": "22921.179331125433" }, "geometry": { "type": "MultiPolygon", "coordinates": [ [ [ [ -90.105946621071993, 29.955152412905999 ], [ -90.106379622828001, 29.954469413150999 ], [ -90.106477620777, 29.954373412597 ], [ -90.106512623338006, 29.954363412983 ], [ -90.106538622714993, 29.954363412687002 ], [ -90.106586621090003, 29.954370413041001 ], [ -90.106931622028995, 29.953786412279999 ], [ -90.107156621810006, 29.953498413154001 ], [ -90.107492622238993, 29.953068412642001 ], [ -90.107626623477003, 29.952634412245999 ], [ -90.107848623560002, 29.951737411796 ], [ -90.108072621066, 29.950967412291 ], [ -90.108115623141998, 29.950846411992998 ], [ -90.108647621824005, 29.950964412613001 ], [ -90.108952622464997, 29.951026411787002 ], [ -90.109272623064001, 29.950122411867 ], [ -90.109604623227, 29.949242411836 ], [ -90.109939623049002, 29.948308410841999 ], [ -90.110255623616993, 29.947434411669001 ], [ -90.110053622940995, 29.947380411306 ], [ -90.109049622955993, 29.947165410720999 ], [ -90.107766622422005, 29.946929411153999 ], [ -90.107780622972001, 29.946399410822998 ], [ -90.10779862167, 29.946023410738999 ], [ -90.108240623054002, 29.946092411493002 ], [ -90.108352621766997, 29.946109411045999 ], [ -90.108635623116996, 29.945178411421001 ], [ -90.108845622776002, 29.944288410967001 ], [ -90.109081622337996, 29.943334410832001 ], [ -90.109334622880993, 29.942413410293 ], [ -90.109545622786001, 29.941672409651002 ], [ -90.109637622414994, 29.941355410147001 ], [ -90.110522623429006, 29.941875410098 ], [ -90.111396622938997, 29.942370410285001 ], [ -90.111773622979001, 29.942575409770999 ], [ -90.112050623626999, 29.942754409799999 ], [ -90.112334623224996, 29.942928409992 ], [ -90.112766624337993, 29.943267410324999 ], [ -90.112952623764997, 29.943469409982999 ], [ -90.113055623833006, 29.943623410781001 ], [ -90.113142623697001, 29.943777410169002 ], [ -90.113228623862994, 29.944046410538999 ], [ -90.113389623591004, 29.944419411100998 ], [ -90.113510624070003, 29.944701410238999 ], [ -90.113589624528004, 29.944884410250001 ], [ -90.113990622982996, 29.945890411177 ], [ -90.114142624308002, 29.946266411084 ], [ -90.114334624028004, 29.946740411162999 ], [ -90.114776624732997, 29.947735411206999 ], [ -90.114863624031003, 29.947980411336999 ], [ -90.115249623858006, 29.948855411077002 ], [ -90.115321624591999, 29.94901741076 ], [ -90.115578623592, 29.949629412046001 ], [ -90.115702623863996, 29.949958411849 ], [ -90.115815624619998, 29.950230411835999 ], [ -90.116049624899006, 29.950795411668999 ], [ -90.116150624783998, 29.951022411916 ], [ -90.116286624449003, 29.951366411485001 ], [ -90.116459624103996, 29.951800411629002 ], [ -90.116486625267996, 29.951868412075999 ], [ -90.116589625057003, 29.952144411289002 ], [ -90.116733623537002, 29.952529411882999 ], [ -90.116784624866, 29.952655412605999 ], [ -90.116823625845001, 29.952726411937 ], [ -90.116866625276998, 29.952798411796 ], [ -90.117486625677003, 29.951979411764 ], [ -90.118124625198007, 29.951155411616998 ], [ -90.118791624682999, 29.950317411899999 ], [ -90.119429624351994, 29.949539410764999 ], [ -90.119664626255002, 29.949730411497001 ], [ -90.120399625085994, 29.950328411238999 ], [ -90.121198625789006, 29.951002411470999 ], [ -90.122000626103002, 29.951619411942001 ], [ -90.122785626720002, 29.952227411898999 ], [ -90.123566626766006, 29.952887411418999 ], [ -90.122806627398006, 29.953572412050999 ], [ -90.122074626710003, 29.954313412659001 ], [ -90.121303626089002, 29.955050412231 ], [ -90.120507626762006, 29.955743412743001 ], [ -90.120302625549996, 29.955927412733001 ], [ -90.119890626876, 29.956335412383002 ], [ -90.119551626621003, 29.956670413053999 ], [ -90.118878624611995, 29.957304413191999 ], [ -90.118778625499999, 29.957387413271 ], [ -90.118693624697997, 29.957469413112999 ], [ -90.118062625921993, 29.958085413107 ], [ -90.117257625237997, 29.958794412953001 ], [ -90.116524624812996, 29.959523413772001 ], [ -90.115757625032998, 29.960220413475 ], [ -90.115142624192998, 29.960782414175998 ], [ -90.114610625039006, 29.960343414063999 ], [ -90.114348624572997, 29.960128413521002 ], [ -90.114206624255004, 29.960260414206001 ], [ -90.113485624644994, 29.959648413554 ], [ -90.112722623964004, 29.958989413952999 ], [ -90.112258624397995, 29.958643413484999 ], [ -90.111642624436001, 29.958140413498 ], [ -90.110953622669996, 29.957618413651002 ], [ -90.110311623545002, 29.958373413935 ], [ -90.110222624320002, 29.958482413567999 ], [ -90.109431622667998, 29.958033413831 ], [ -90.108684623743002, 29.957631413247 ], [ -90.108202622011007, 29.957364413508 ], [ -90.108157623140002, 29.957340414006001 ], [ -90.107278623165001, 29.956931413704002 ], [ -90.107021622963998, 29.956827413045001 ], [ -90.106849623157004, 29.956745413665999 ], [ -90.106676622904999, 29.956664413418 ], [ -90.106388621362996, 29.956504412838999 ], [ -90.106148622983, 29.956373412916001 ], [ -90.105851622751999, 29.956199413105001 ], [ -90.105336622916994, 29.955970413250999 ], [ -90.105465621806005, 29.955797412757001 ], [ -90.105946621071993, 29.955152412905999 ] ] ] ] } },
{ "type": "Feature", "properties": { "objectid": "33", "gnocdc_lab": "IBERVILLE", "shape_starea": "1747062.5805176902", "shape_stlength": "5408.4586470979284" }, "geometry": { "type": "MultiPolygon", "coordinates": [ [ [ [ -90.070654611609996, 29.959429414712002 ], [ -90.071305614061998, 29.958713414160002 ], [ -90.072030612681004, 29.957909415397001 ], [ -90.072685613285998, 29.957121414341 ], [ -90.073173612663993, 29.957436415166999 ], [ -90.073740613327999, 29.957803414189002 ], [ -90.074476613441007, 29.958330414458 ], [ -90.075271613631998, 29.958855414963001 ], [ -90.076046613732004, 29.959390415522002 ], [ -90.076798614623996, 29.959899415165001 ], [ -90.076119614326998, 29.960671415290001 ], [ -90.075393614267995, 29.961488415030001 ], [ -90.074740613329993, 29.962203414834001 ], [ -90.074355612331004, 29.961938415601001 ], [ -90.073995613719006, 29.961690415151999 ], [ -90.073196612222006, 29.961177415517 ], [ -90.073070613658999, 29.961089415557002 ], [ -90.072428612707995, 29.960646415323001 ], [ -90.071662612118999, 29.960123415306999 ], [ -90.071127613184004, 29.959756414925 ], [ -90.070654611609996, 29.959429414712002 ] ] ] ] } }
]
}
