{ "type": "FeatureCollection", "features": [
{"type":"Feature","geometry":{"type":"MultiPolygon","coordinates":[[[[-90.026966010642,30.008186817043],[-90.026008491065,30.005033354837],[-90.025901862494,30.005040815719],[-90.025785746425,30.004659824436],[-90.025349346362,30.00323325463],[-90.023841587885,29.998295264012],[-90.02237844549,29.993495077077],[-90.021283738439,29.98990578274],[-90.021214014981,29.989657092142],[-90.020641998009,29.98777961369],[-90.020278248504,29.986585670643],[-90.020079844642,29.985939160829],[-90.02072308079,29.983915942893],[-90.02085107297,29.983505542791],[-90.021033516627,29.98293722921],[-90.021660751101,29.980982573921],[-90.021729790366,29.98076827164],[-90.021747714222,29.980712437913],[-90.021876432251,29.980311454304],[-90.021980898502,29.980000402166],[-90.022408422749,29.978727393942],[-90.023992272029,29.974010999805],[-90.025274701659,29.970191828121],[-90.025632344759,29.96908906426],[-90.025657990038,29.969002336273],[-90.026423165321,29.966777065555],[-90.02652917291,29.966470801438],[-90.026875864719,29.965439035578],[-90.027261842174,29.963811015551],[-90.028062408563,29.96047950179],[-90.028119460039,29.958640977718],[-90.028129091761,29.95833057685],[-90.028154674137,29.957506182724],[-90.02816433362,29.957194878848],[-90.028231672217,29.957204749452],[-90.030606344935,29.957552775153],[-90.040503140909,29.959892273771],[-90.042810734469,29.960230015681],[-90.042874910731,29.960232797175],[-90.042998049524,29.960253908187],[-90.043293870105,29.960308394193],[-90.043365066124,29.960316902315],[-90.044267726579,29.960443240579],[-90.049158368342,29.961158843015],[-90.050778419353,29.961392471473],[-90.050879401403,29.961377437538],[-90.052466831223,29.961085107682],[-90.052585593679,29.961063236488],[-90.054660998231,29.960681010415],[-90.054864300816,29.960643567396],[-90.05622626699,29.960381236446],[-90.056260818799,29.960387427638],[-90.056337294342,29.960372263633],[-90.056441428724,29.960615145831],[-90.056475254754,29.960694040395],[-90.056513517258,29.960783281028],[-90.056550413563,29.960853054776],[-90.056629556433,29.96105393307],[-90.056650663009,29.961103163658],[-90.056723632239,29.961273357312],[-90.056833091385,29.9613350863],[-90.056857909756,29.961359812848],[-90.056919819199,29.961403546703],[-90.057592610181,29.961877315897],[-90.057951932357,29.962118480983],[-90.058969598319,29.962822526837],[-90.059866346701,29.963440799206],[-90.061660398738,29.964684649967],[-90.062577325719,29.965320633564],[-90.063436468428,29.965903567111],[-90.062395167408,29.967153627622],[-90.062424240048,29.967321157291],[-90.062499273851,29.967729214647],[-90.062516395511,29.96782387909],[-90.060685002518,29.968342773238],[-90.05874581883,29.968492977848],[-90.057251752292,29.968608683253],[-90.057091093744,29.968621125752],[-90.057096503359,29.96870472173],[-90.057238164559,29.970893661664],[-90.057276945244,29.971448348401],[-90.057285015984,29.971575771504],[-90.057349827559,29.972587767326],[-90.057382132741,29.973120509432],[-90.057407729972,29.973535984848],[-90.057478552234,29.974638440361],[-90.057540646807,29.975599596106],[-90.057613199325,29.97660238962],[-90.057602702117,29.97664972113],[-90.057648871666,29.977239361259],[-90.057658057007,29.977598399006],[-90.057664182586,29.977666109739],[-90.057704506394,29.978336512021],[-90.05771227764,29.97838480836],[-90.057719222287,29.978565284906],[-90.057730610451,29.978672595102],[-90.057750092591,29.978803158635],[-90.057884975243,29.980886910651],[-90.057865849508,29.980910825253],[-90.057813402985,29.980976092883],[-90.057832279979,29.9812597692],[-90.057921839883,29.982210158289],[-90.057953702019,29.982671206426],[-90.057960740343,29.982767628602],[-90.058053839677,29.983761814933],[-90.058068012924,29.983962882155],[-90.058138071739,29.984767719748],[-90.059467227808,29.98468415662],[-90.059499342171,29.985656301889],[-90.059613346496,29.985686036689],[-90.059666774336,29.98570019926],[-90.059703804829,29.985709434977],[-90.059877155085,29.985731743555],[-90.061437212417,29.985595532419],[-90.061787914328,29.985568370151],[-90.062936081766,29.985464645565],[-90.063027928261,29.986513034375],[-90.06361709656,29.986477942846],[-90.06415894134,29.986444191802],[-90.065333106448,29.986367681097],[-90.065438893676,29.987381457806],[-90.06774651644,29.987230304456],[-90.067873403181,29.987220937708],[-90.06790867167,29.987430935928],[-90.067993812393,29.98793799156],[-90.068183498331,29.98806036642],[-90.068382509789,29.988185441739],[-90.068413344094,29.988196324742],[-90.070400776729,29.98809711254],[-90.072871308361,29.987943884801],[-90.073011654732,29.988970258819],[-90.073776809233,29.988922188164],[-90.073893410042,29.990746789008],[-90.076565076708,29.991686584728],[-90.076677092815,29.991735125937],[-90.076711388679,29.991739480194],[-90.07741601974,29.991987687175],[-90.07840314281,29.991997101594],[-90.078397113181,29.992476336417],[-90.078390141322,29.993030453881],[-90.077294678325,29.992864261691],[-90.077241136619,29.992856139908],[-90.076806455502,29.992790191181],[-90.0764852334,29.99280929687],[-90.073363005491,29.992994955145],[-90.073116102917,29.993009631138],[-90.073052562171,29.992975507017],[-90.073010817558,29.991581789067],[-90.072991674023,29.991356216782],[-90.071032397586,29.990671631419],[-90.070496710237,29.990484450628],[-90.070435881612,29.989986635015],[-90.068277992933,29.990137905165],[-90.065352073373,29.990342956391],[-90.064946257308,29.990371392415],[-90.063332588556,29.990484447137],[-90.058582900513,29.990683190036],[-90.058541822433,29.990679120881],[-90.05842101502,29.990689961746],[-90.051430470125,29.990982150671],[-90.05047240136,29.991028769988],[-90.048881810783,29.991106149816],[-90.045387574466,29.995281206832],[-90.045394142017,29.995401314492],[-90.045438806254,29.996217988402],[-90.045463610634,29.996671554172],[-90.045643491132,29.99991183015],[-90.045669696445,30.00035532316],[-90.04566850595,30.000390335323],[-90.045712292315,30.001089099564],[-90.045716632138,30.001148452975],[-90.045784021282,30.002443123555],[-90.045624109716,30.002464718131],[-90.045296422144,30.002508964597],[-90.04321321288,30.002790235426],[-90.034461805263,30.005845698155],[-90.032155388096,30.00702846969],[-90.031616474982,30.007304822542],[-90.030296365043,30.007739667116],[-90.027082285008,30.008543102509],[-90.02700503106,30.008323792231],[-90.026966010642,30.008186817043]]]]},"properties":{":id":"row-dak3_38vh.8j4s",":version":"rv-c83c.xx8s_u5ky",":created_at":"2026-07-09T14:31:01.348Z",":updated_at":"2026-07-09T14:31:01.348Z","objectid":"25","district_n":"Planning District 7","label":"7"}},
{"type":"Feature","geometry":{"type":"MultiPolygon","coordinates":[[[[-90.063561147874,29.950979639459],[-90.063779716065,29.949805337123],[-90.063736651736,29.949806514048],[-90.061698617614,29.949860019626],[-90.061636217238,29.949207433515],[-90.061480807685,29.947582142692],[-90.061406944431,29.946809658349],[-90.060418621675,29.945953403204],[-90.058802030766,29.944552785238],[-90.058608660599,29.944255178732],[-90.058554211848,29.944171381259],[-90.05842300463,29.943311520209],[-90.058377603863,29.943013979161],[-90.058220944968,29.941987284722],[-90.058204216243,29.941877653228],[-90.058145613679,29.941382273087],[-90.057911905009,29.939406586403],[-90.057891729081,29.939236022466],[-90.057917724413,29.93855404849],[-90.057956628801,29.937533383352],[-90.060151526003,29.937657196075],[-90.060946257878,29.937675978337],[-90.062802939291,29.937728586343],[-90.064123032894,29.937883044426],[-90.065468263285,29.938040429199],[-90.065656692312,29.938147143222],[-90.065773855138,29.938209240701],[-90.067109893485,29.938947265842],[-90.069796799103,29.940433441315],[-90.070380054062,29.94074597377],[-90.070523382009,29.940820219939],[-90.071085858051,29.941132132993],[-90.07161034392,29.941424487524],[-90.07302873749,29.94223039152],[-90.073123521726,29.942283969207],[-90.074189579694,29.942886560371],[-90.076755407568,29.944334329248],[-90.078096046861,29.945094558443],[-90.081921864846,29.947256766612],[-90.083077701909,29.947909962318],[-90.083757074158,29.949047868898],[-90.083589045052,29.949124987831],[-90.084723060185,29.95034624589],[-90.085007790628,29.950648602384],[-90.084888776266,29.950784335445],[-90.084849139487,29.950866215951],[-90.084473967886,29.951313313209],[-90.084058775238,29.951818972408],[-90.084021661462,29.95186416169],[-90.083920664757,29.951986088468],[-90.083306715586,29.952756424072],[-90.082519655031,29.95361815741],[-90.080570701086,29.955751933138],[-90.078810311769,29.957679160013],[-90.078528539983,29.957997464899],[-90.078737188459,29.958132997197],[-90.079682722746,29.958747182403],[-90.07881757505,29.95965513803],[-90.078753396218,29.959724156503],[-90.078683411283,29.959798082068],[-90.078389705236,29.960125788075],[-90.077901227845,29.960646587221],[-90.077836506212,29.960715592327],[-90.076935909431,29.960156418206],[-90.076825431923,29.960087823883],[-90.07670090698,29.960010505133],[-90.076669210599,29.959990825599],[-90.075962265856,29.95950084605],[-90.073111985025,29.957525240319],[-90.072620661219,29.957184677321],[-90.071804034776,29.956636873924],[-90.069937665271,29.955385386136],[-90.06892209832,29.954704375923],[-90.068099966273,29.954153065468],[-90.06619104826,29.952872925942],[-90.063539719096,29.951094818954],[-90.063561147874,29.950979639459]]]]},"properties":{":id":"row-jy6h-rbri_3fhe",":version":"rv-v9sb-7wdb.gakj",":created_at":"2026-07-09T14:31:01.348Z",":updated_at":"2026-07-09T14:31:01.348Z","objectid":"28","district_n":"Planning District 1a","label":"1"}},
{"type":"Feature","geometry":{"type":"MultiPolygon","coordinates":[[[[-90.088540819085,29.946286439663],[-90.088452424466,29.946235193518],[-90.088353047741,29.946365919989],[-90.087920909283,29.946934380436],[-90.087852452864,29.947018522748],[-90.086328063953,29.949029633222],[-90.08591724626,29.949519683503],[-90.085795032235,29.949678255029],[-90.085775119497,29.949703479871],[-90.085705909459,29.94979089526],[-90.085629148516,29.949893460164],[-90.085486957028,29.950073102721],[-90.085320099628,29.950256170556],[-90.08515828849,29.950448547855],[-90.085101551031,29.950528350636],[-90.085035468669,29.950611736794],[-90.085007790628,29.950648602384],[-90.084723060185,29.95034624589],[-90.083589045052,29.949124987831],[-90.083757074158,29.949047868898],[-90.083077701909,29.947909962318],[-90.081921864846,29.947256766612],[-90.078096046861,29.945094558443],[-90.076755407568,29.944334329248],[-90.074189579694,29.942886560371],[-90.073123521726,29.942283969207],[-90.07302873749,29.94223039152],[-90.07161034392,29.941424487524],[-90.071085858051,29.941132132993],[-90.070523382009,29.940820219939],[-90.070380054062,29.94074597377],[-90.069796799103,29.940433441315],[-90.067109893485,29.938947265842],[-90.065773855138,29.938209240701],[-90.065656692312,29.938147143222],[-90.065468263285,29.938040429199],[-90.064123032894,29.937883044426],[-90.062802939291,29.937728586343],[-90.060946257878,29.937675978337],[-90.060151526003,29.937657196075],[-90.057956628801,29.937533383352],[-90.058021947481,29.935819670437],[-90.058044585931,29.935570029109],[-90.058156284467,29.934338327233],[-90.058734566354,29.931981754833],[-90.059035754079,29.931328767306],[-90.05939439523,29.930551208235],[-90.059773092838,29.929730152661],[-90.061279056926,29.927607531303],[-90.061496614897,29.927300883428],[-90.06157561864,29.927212110113],[-90.062592135288,29.92606988312],[-90.063024464803,29.925584076655],[-90.063447835618,29.925108333305],[-90.064319352068,29.924278555051],[-90.064338129207,29.924260677126],[-90.066095503914,29.922587404205],[-90.068695242691,29.920803094258],[-90.068797678861,29.920746873938],[-90.068831085001,29.920728539017],[-90.071755120854,29.919123667031],[-90.072457280653,29.918817307285],[-90.0724846364,29.91880537126],[-90.074385098108,29.917976152997],[-90.074959989977,29.917780177864],[-90.076539514466,29.917241717638],[-90.078209311192,29.916672457219],[-90.08214795527,29.915436752104],[-90.083555937149,29.914972159334],[-90.083604114515,29.914956263835],[-90.083671937735,29.914933883851],[-90.085145633595,29.914447584455],[-90.085701098242,29.914264284789],[-90.089061039528,29.913156907064],[-90.089619768899,29.913010577705],[-90.091530586801,29.91251012381],[-90.093705836074,29.911870721321],[-90.093828161626,29.911834763435],[-90.094708716161,29.911575915595],[-90.094891806765,29.91152209397],[-90.095506525975,29.911341386472],[-90.099210702434,29.910371013128],[-90.099926489007,29.910105477584],[-90.099948312291,29.91024647333],[-90.100285776098,29.912496092336],[-90.100346855458,29.9128483627],[-90.100451532855,29.913361056874],[-90.10057950089,29.913987830793],[-90.100658842432,29.914376421121],[-90.100855668131,29.91534042412],[-90.101034603405,29.916194429334],[-90.101039362619,29.916236838568],[-90.101100566884,29.917100879935],[-90.10111410872,29.917290022492],[-90.101441902563,29.92080366874],[-90.101534286986,29.921793899798],[-90.101964351091,29.926403324501],[-90.10207324691,29.927578937543],[-90.102345010778,29.930470355757],[-90.10279223326,29.935275351912],[-90.102880301462,29.936219036908],[-90.103243120252,29.940106628752],[-90.103266146938,29.940353347633],[-90.099869572862,29.940483565047],[-90.09839024248,29.940538565378],[-90.098077736508,29.940591767097],[-90.097565136471,29.940798252896],[-90.097490660253,29.940828252604],[-90.097207897108,29.940841581904],[-90.096443389293,29.941298573337],[-90.096211144401,29.941437397849],[-90.096087467986,29.941511325467],[-90.095918773836,29.941609661015],[-90.095975377697,29.941775780892],[-90.096063486189,29.942034862942],[-90.096972048798,29.943836821031],[-90.097340516062,29.944578082373],[-90.097759586381,29.945423268896],[-90.098085076368,29.946080248549],[-90.098121271726,29.946156040759],[-90.098156781125,29.94622900067],[-90.09820683245,29.94633474851],[-90.098596241055,29.947114913933],[-90.098995456609,29.947926452209],[-90.099394784219,29.948732132914],[-90.100479034744,29.950904597717],[-90.100500326499,29.95094250402],[-90.100565984227,29.951071942971],[-90.100957578224,29.951848396181],[-90.101450281703,29.952846069116],[-90.101876872255,29.953702169074],[-90.101897708641,29.953743983679],[-90.101946422427,29.953841740408],[-90.098688960642,29.952040510501],[-90.098451116278,29.951908986598],[-90.098204261958,29.951785553909],[-90.097341502146,29.951300187141],[-90.09593455656,29.950518183871],[-90.095812954583,29.950451427644],[-90.095296494547,29.950167423521],[-90.094948609132,29.949969763973],[-90.094133691834,29.949521578953],[-90.093291151707,29.94905366573],[-90.093255486074,29.94903446315],[-90.0924302839,29.94857303384],[-90.092295524088,29.948501679819],[-90.092256683584,29.948480257582],[-90.09126385828,29.947932200857],[-90.090120020729,29.947301566841],[-90.088696939466,29.946381389322],[-90.088540819085,29.946286439663]]]]},"properties":{":id":"row-akp9_b855.6vzt",":version":"rv-ec7k~5tb5_5vkr",":created_at":"2026-07-09T14:31:01.348Z",":updated_at":"2026-07-09T14:31:01.348Z","objectid":"20","district_n":"Planning District 2","label":"2"}},
{"type":"Feature","geometry":{"type":"MultiPolygon","coordinates":[[[[-90.111879285236,29.976237510525],[-90.110983290992,29.973940637325],[-90.110802783289,29.973453073543],[-90.110776078399,29.973385061777],[-90.110538516327,29.97278262335],[-90.110521103593,29.97273681948],[-90.110317866819,29.972139180421],[-90.110263735983,29.971947325276],[-90.110249096424,29.97189569553],[-90.110207842025,29.971753476194],[-90.109857771229,29.970786169623],[-90.109490393283,29.970074346902],[-90.108881327752,29.968894211514],[-90.108658654722,29.968419353994],[-90.108189262482,29.967445725075],[-90.108187277673,29.96741410636],[-90.108289693686,29.967336032769],[-90.108322748074,29.967309348575],[-90.108405907593,29.967235551231],[-90.108578144833,29.967057196181],[-90.109169549306,29.966513936567],[-90.109216126238,29.966469639368],[-90.109905930791,29.965834842355],[-90.109982852063,29.965757057028],[-90.110092717389,29.965652788043],[-90.110423502994,29.965929422266],[-90.111898115821,29.967178171722],[-90.112703930855,29.967852761023],[-90.112723151805,29.967833853291],[-90.113504831343,29.967122334163],[-90.113989457772,29.96666049272],[-90.114738541611,29.965957900708],[-90.116216254122,29.964566705222],[-90.116966670976,29.963851861312],[-90.117744959604,29.963130296134],[-90.117857604213,29.963017184512],[-90.117899479593,29.962976885295],[-90.117951095623,29.962925987269],[-90.11850631663,29.962401814542],[-90.115867688474,29.960253687784],[-90.115816722794,29.960202617977],[-90.11577806806,29.960237739592],[-90.114991955906,29.960941348585],[-90.11479179612,29.960791339407],[-90.111622918554,29.958197144976],[-90.111572137296,29.958155572803],[-90.110962387931,29.957656376426],[-90.110312056243,29.958373711487],[-90.110213612541,29.958485026139],[-90.110155560734,29.958547287211],[-90.109366706847,29.958107699199],[-90.107813328197,29.957242055617],[-90.107167727583,29.957005020696],[-90.106671089359,29.956661554935],[-90.106344960744,29.956436160558],[-90.105480296301,29.955838319115],[-90.105459279862,29.955806643091],[-90.105423647855,29.955791354182],[-90.105806503269,29.9552321753],[-90.102291745566,29.953306998832],[-90.10189884234,29.953091779681],[-90.10178760155,29.953030843898],[-90.101556561169,29.952904285668],[-90.101527788848,29.952888526269],[-90.101450281703,29.952846069116],[-90.100957578224,29.951848396181],[-90.100565984227,29.951071942971],[-90.100500326499,29.95094250402],[-90.100479034744,29.950904597717],[-90.099394784219,29.948732132914],[-90.098995456609,29.947926452209],[-90.098596241055,29.947114913933],[-90.09820683245,29.94633474851],[-90.098156781125,29.94622900067],[-90.098121271726,29.946156040759],[-90.098085076368,29.946080248549],[-90.097759586381,29.945423268896],[-90.097340516062,29.944578082373],[-90.096972048798,29.943836821031],[-90.096063486189,29.942034862942],[-90.095975377697,29.941775780892],[-90.095918773836,29.941609661015],[-90.096087467986,29.941511325467],[-90.096211144401,29.941437397849],[-90.096443389293,29.941298573337],[-90.097207897108,29.940841581904],[-90.097490660253,29.940828252604],[-90.097565136471,29.940798252896],[-90.098077736508,29.940591767097],[-90.09839024248,29.940538565378],[-90.099869572862,29.940483565047],[-90.103266146938,29.940353347633],[-90.103243120252,29.940106628752],[-90.102880301462,29.936219036908],[-90.10279223326,29.935275351912],[-90.102345010778,29.930470355757],[-90.10207324691,29.927578937543],[-90.101964351091,29.926403324501],[-90.101534286986,29.921793899798],[-90.101441902563,29.92080366874],[-90.10111410872,29.917290022492],[-90.101100566884,29.917100879935],[-90.101039362619,29.916236838568],[-90.101034603405,29.916194429334],[-90.100855668131,29.91534042412],[-90.100658842432,29.914376421121],[-90.10057950089,29.913987830793],[-90.100451532855,29.913361056874],[-90.100346855458,29.9128483627],[-90.100285776098,29.912496092336],[-90.099948312291,29.91024647333],[-90.099926489007,29.910105477584],[-90.100387480594,29.909934460596],[-90.100541373051,29.90987736825],[-90.100861470768,29.909758618202],[-90.100898630879,29.90974483218],[-90.101412993928,29.909554009737],[-90.104268566767,29.908776578181],[-90.107079469034,29.908501261789],[-90.110579667366,29.908466839065],[-90.113848312969,29.908497186735],[-90.117459792287,29.908798671744],[-90.117593670415,29.908823289871],[-90.120118525853,29.909287521549],[-90.12187274483,29.909610029785],[-90.122019975223,29.909640251937],[-90.122079497912,29.909652470321],[-90.125632433877,29.910381736758],[-90.125934781633,29.91046560072],[-90.129005602536,29.911317327728],[-90.132181312457,29.912686603799],[-90.132494396609,29.912869303329],[-90.135389533376,29.914558687769],[-90.136606505669,29.915708967016],[-90.137516645314,29.916789433954],[-90.138418380939,29.918573439298],[-90.138444755199,29.918682173423],[-90.138672910017,29.919622753871],[-90.138858235334,29.920386751105],[-90.138981276488,29.921380427027],[-90.139173907652,29.922936062693],[-90.139226795692,29.923923267105],[-90.139253137626,29.924414964013],[-90.139279626421,29.924909404284],[-90.139277538187,29.925035452951],[-90.139229569888,29.92792893889],[-90.139142950365,29.930308608566],[-90.139115277914,29.931068842204],[-90.139009647656,29.933028098075],[-90.138966698817,29.933823577016],[-90.138828449445,29.935732152334],[-90.138925091776,29.93744360211],[-90.138979632204,29.938409409071],[-90.139013142366,29.93859575411],[-90.139421037482,29.94086391712],[-90.139491628308,29.942828409523],[-90.139778629843,29.94531441053],[-90.139808409517,29.945577503986],[-90.139914853594,29.946517878808],[-90.139944623663,29.946780889025],[-90.140068190266,29.947872491284],[-90.139883608584,29.948191615098],[-90.138269858797,29.950981521733],[-90.138029084744,29.951397763266],[-90.130768728039,29.963947414302],[-90.130716527745,29.964037628621],[-90.127044688834,29.970541868666],[-90.126121407297,29.972177207707],[-90.126085253586,29.972241242213],[-90.125014548224,29.974137620514],[-90.124902845117,29.975921980785],[-90.124892205309,29.976091936915],[-90.124858011659,29.976083366519],[-90.124712603518,29.976068306945],[-90.123085060092,29.975905461606],[-90.122356122579,29.975832520691],[-90.119890650308,29.973843534669],[-90.119743361841,29.973998589957],[-90.118975567151,29.974806867232],[-90.11885662037,29.974707961692],[-90.118112887913,29.974089518735],[-90.118067191031,29.974051518994],[-90.117664044388,29.97451709017],[-90.1174752595,29.974735103615],[-90.117357562825,29.974649527115],[-90.117315584953,29.974620664823],[-90.117143118991,29.974479932428],[-90.117119979189,29.974461226784],[-90.116622899392,29.974078036994],[-90.116599005903,29.974059617854],[-90.115900715461,29.974728692662],[-90.115118232526,29.97547048502],[-90.11456612652,29.975998400513],[-90.114406934401,29.976147746424],[-90.114387183055,29.976166147531],[-90.113618878183,29.976882175776],[-90.113556319925,29.976957689317],[-90.114344518113,29.977554750081],[-90.112813656866,29.977412841268],[-90.112610119325,29.977347104178],[-90.112310899667,29.977257117798],[-90.112268621478,29.977250506482],[-90.112006708092,29.976546558127],[-90.111967550654,29.976449730658],[-90.111879285236,29.976237510525]]]]},"properties":{":id":"row-nsfb.rsd7~4s2q",":version":"rv-5azf~iq8m~q9rb",":created_at":"2026-07-09T14:31:01.348Z",":updated_at":"2026-07-09T14:31:01.348Z","objectid":"21","district_n":"Planning District 3","label":"3"}},
{"type":"Feature","geometry":{"type":"MultiPolygon","coordinates":[[[[-90.040410754218,30.034171225833],[-90.039936299535,30.033886226331],[-90.039168958853,30.03333182453],[-90.039048603433,30.033204091918],[-90.038893091097,30.033021211284],[-90.038632382589,30.032631082615],[-90.038500021359,30.032389201451],[-90.038456877624,30.032310362254],[-90.038217269581,30.031891313852],[-90.038041476716,30.031735880607],[-90.03786838956,30.031489004598],[-90.037800783971,30.031431121053],[-90.037748331261,30.0314235686],[-90.037643057395,30.031448521447],[-90.03761333111,30.031455568794],[-90.036278328951,30.031802568243],[-90.036124331169,30.03182756796],[-90.035996330923,30.031834567664],[-90.035820330194,30.031800568928],[-90.035674331449,30.031770567902],[-90.035253506342,30.031685999683],[-90.035217288677,30.031677817079],[-90.035171497224,30.031664478374],[-90.034906740102,30.031587358889],[-90.034900098461,30.031564741677],[-90.034778482321,30.031209188077],[-90.029648981867,30.016586384748],[-90.029624722074,30.016517156502],[-90.027082285008,30.008543102509],[-90.030296365043,30.007739667116],[-90.031616474982,30.007304822542],[-90.032155388096,30.00702846969],[-90.034461805263,30.005845698155],[-90.04321321288,30.002790235426],[-90.045296422144,30.002508964597],[-90.045624109716,30.002464718131],[-90.045784021282,30.002443123555],[-90.045716632138,30.001148452975],[-90.045712292315,30.001089099564],[-90.04566850595,30.000390335323],[-90.045669696445,30.00035532316],[-90.045643491132,29.99991183015],[-90.045463610634,29.996671554172],[-90.045438806254,29.996217988402],[-90.045394142017,29.995401314492],[-90.045387574466,29.995281206832],[-90.048881810783,29.991106149816],[-90.05047240136,29.991028769988],[-90.051430470125,29.990982150671],[-90.05842101502,29.990689961746],[-90.058541822433,29.990679120881],[-90.058582900513,29.990683190036],[-90.063332588556,29.990484447137],[-90.064946257308,29.990371392415],[-90.065352073373,29.990342956391],[-90.068277992933,29.990137905165],[-90.070435881612,29.989986635015],[-90.070496710237,29.990484450628],[-90.071032397586,29.990671631419],[-90.072991674023,29.991356216782],[-90.073010817558,29.991581789067],[-90.073052562171,29.992975507017],[-90.073116102917,29.993009631138],[-90.07367800679,30.000173548366],[-90.073939227747,30.00015322976],[-90.076681448663,29.999939905173],[-90.085023529964,29.999290597714],[-90.085042916142,29.999472388648],[-90.085041007371,29.999529577064],[-90.085056209621,29.999737154318],[-90.085058652516,29.999779717698],[-90.085328312053,30.003457639656],[-90.085360541346,30.003856439756],[-90.085404467736,30.004501511709],[-90.085542205856,30.006381852393],[-90.08534275399,30.006436428423],[-90.085308215944,30.006444854466],[-90.08508197958,30.006507787434],[-90.084893841558,30.006559267595],[-90.084941508316,30.006674458455],[-90.085063011276,30.006968770721],[-90.085197159611,30.007293494137],[-90.085291957411,30.007509731511],[-90.085294456782,30.007533391758],[-90.085301118779,30.007562274963],[-90.085514830465,30.008062463462],[-90.08560302877,30.008275956516],[-90.085481178982,30.011827246469],[-90.084947509179,30.014135083706],[-90.084293908481,30.017328348966],[-90.084196455676,30.017804457649],[-90.084191148733,30.017864012159],[-90.084092489077,30.018070312257],[-90.08385740983,30.018598953982],[-90.082928824945,30.020688219434],[-90.082916790646,30.020716982878],[-90.082905505711,30.020767014681],[-90.082851046594,30.020861975624],[-90.082795825459,30.020986145653],[-90.082799020078,30.02132731893],[-90.082816072013,30.022025524832],[-90.082814932689,30.022090116471],[-90.082812939649,30.022813784293],[-90.08282162559,30.023741409548],[-90.082828397018,30.024464462759],[-90.082653130457,30.025035313891],[-90.082556069895,30.025348780934],[-90.082505130843,30.025514195335],[-90.082403464514,30.025837325126],[-90.082395812007,30.025869177005],[-90.082353635247,30.026006132679],[-90.082373719955,30.026059148845],[-90.082411583965,30.026159099312],[-90.082437592886,30.026227748948],[-90.082445992372,30.026249918562],[-90.082356777274,30.026277234893],[-90.082328098608,30.026289186535],[-90.082284472931,30.026327592937],[-90.082264052365,30.026366401424],[-90.082257154378,30.026398335084],[-90.0822503272,30.026453639799],[-90.082251693917,30.026495270607],[-90.082257139544,30.026571736319],[-90.08227804586,30.026865226642],[-90.0822755739,30.026906908975],[-90.08226452148,30.027049616934],[-90.082260409461,30.027077318621],[-90.082242490399,30.027183752279],[-90.08220132494,30.027288344479],[-90.082152883579,30.027356651437],[-90.082039474176,30.027487099696],[-90.081915155599,30.027566029634],[-90.081685232479,30.027688447223],[-90.081417015277,30.027816862317],[-90.081258853412,30.027900642806],[-90.081214484794,30.027938979135],[-90.081101466794,30.028027804754],[-90.081017935774,30.028110443845],[-90.08088062579,30.028246681526],[-90.080631667455,30.028527217693],[-90.08061127641,30.028550195564],[-90.08045840121,30.028719625023],[-90.080341386046,30.028849308187],[-90.080069121158,30.0291615475],[-90.079934475665,30.029396139443],[-90.079870633727,30.029493799702],[-90.079841301266,30.029538673041],[-90.079801422329,30.029608355982],[-90.079655578964,30.029863096257],[-90.07963772746,30.029894277116],[-90.079426633202,30.030253258814],[-90.079196889949,30.030607497183],[-90.078957885749,30.030960543075],[-90.078719722041,30.031287167327],[-90.078490096833,30.03152614685],[-90.078414491289,30.031591359315],[-90.078148090316,30.031749200655],[-90.078012033094,30.031812665942],[-90.077799634548,30.031915989013],[-90.077638614287,30.031971764876],[-90.077563613636,30.031997745012],[-90.077210351218,30.032061566801],[-90.077144346315,30.032065149162],[-90.076952351184,30.03207556769],[-90.076693350666,30.03205756779],[-90.076209351013,30.032030567734],[-90.075915349808,30.031989567898],[-90.075637350293,30.031937567612],[-90.075193350767,30.031859567891],[-90.075060349228,30.03182056675],[-90.07491318391,30.031774984384],[-90.074768604076,30.031701812528],[-90.074671525469,30.031634884154],[-90.074603017653,30.031544631739],[-90.074565550376,30.031467799794],[-90.074527143366,30.031379533789],[-90.074505761337,30.031332944148],[-90.074472434066,30.031284318418],[-90.074422570228,30.031270363128],[-90.074387349934,30.031263567305],[-90.074250940968,30.031267229093],[-90.074133182583,30.03133194457],[-90.074107486672,30.031353973129],[-90.074077201045,30.031436717829],[-90.074068629913,30.031505440404],[-90.074050103659,30.031603141191],[-90.074015211196,30.031702337028],[-90.073930161948,30.031838930702],[-90.073803161147,30.031972261359],[-90.073698534509,30.032067012503],[-90.073463490177,30.032259551916],[-90.073189248317,30.032437755696],[-90.073070349677,30.032484853215],[-90.072988350016,30.032500567879],[-90.072706350015,30.032495569414],[-90.071814350124,30.032458568617],[-90.071684129756,30.032458129981],[-90.071517349521,30.032457569002],[-90.071190347419,30.032464565037],[-90.070847348512,30.032504567686],[-90.070582349155,30.032549568098],[-90.070470467474,30.032580728854],[-90.07012634778,30.032676567889],[-90.069941551575,30.032764103408],[-90.069571001763,30.032974351358],[-90.069442380879,30.03303232613],[-90.069348346991,30.033056568045],[-90.069232348415,30.033082569523],[-90.068934348245,30.03313656858],[-90.067865345574,30.033343566723],[-90.067617346023,30.033361567399],[-90.067496347039,30.033360568407],[-90.067375346543,30.033343567573],[-90.06724434659,30.033303567552],[-90.066683345157,30.033106568226],[-90.066470764661,30.033048967189],[-90.06606334638,30.03293856849],[-90.065956346411,30.032922566983],[-90.065793345596,30.032884568023],[-90.065714346274,30.032864568938],[-90.065637522105,30.032848236012],[-90.065620205054,30.032887073236],[-90.065645100773,30.032923003838],[-90.065638436494,30.032974599261],[-90.065605488759,30.033007327432],[-90.065569881997,30.033052173141],[-90.065537756078,30.033113164596],[-90.065498546384,30.033200003871],[-90.065442336576,30.033335097153],[-90.065393500049,30.033450450388],[-90.065253092953,30.033668823218],[-90.065047818044,30.033866146288],[-90.064914680407,30.033994125208],[-90.064826344159,30.034017568367],[-90.064767343181,30.034015568812],[-90.064707232869,30.033995516661],[-90.064685437742,30.033960024071],[-90.064706344539,30.033903568271],[-90.064740840694,30.033871727485],[-90.064850344044,30.033787568403],[-90.06492734617,30.033676568397],[-90.064950202548,30.033593792916],[-90.06494757448,30.033535740429],[-90.064922757942,30.033465420492],[-90.064878230049,30.033415039907],[-90.064701631529,30.03332774681],[-90.06462034509,30.033287568363],[-90.064440345892,30.033248569031],[-90.064168345635,30.033223568711],[-90.064043345204,30.03323056756],[-90.063870344614,30.033262569061],[-90.063760023956,30.033295442847],[-90.063664836406,30.033335619223],[-90.063560724106,30.033385614632],[-90.063537446092,30.033408849984],[-90.063510484115,30.033445884645],[-90.063505345165,30.033505569454],[-90.063544127433,30.033698477268],[-90.063538637099,30.033807986481],[-90.063537300002,30.033834451402],[-90.063532934328,30.033918229315],[-90.063542904247,30.033998439645],[-90.063592530811,30.03415000803],[-90.063595413567,30.034177328858],[-90.063588237083,30.034218609993],[-90.063559348909,30.034260437164],[-90.063513922226,30.034281539869],[-90.063443819713,30.034250433872],[-90.063411052848,30.034187438748],[-90.06341178569,30.034130920955],[-90.063412023619,30.034088929472],[-90.063411537907,30.034062779259],[-90.063413812583,30.033926375445],[-90.063408245487,30.033878651699],[-90.063405216425,30.033852658589],[-90.063398096315,30.033824274697],[-90.063392249048,30.033800961255],[-90.063379502091,30.033749301245],[-90.063347015638,30.03356801645],[-90.063337418746,30.033534948245],[-90.063306352597,30.03349725474],[-90.063262342674,30.03347156757],[-90.063184346239,30.033453568937],[-90.063089344499,30.033443568304],[-90.062858343244,30.033432568189],[-90.06253334377,30.033428569259],[-90.062120343203,30.033457569384],[-90.061904840533,30.033458776576],[-90.061763344648,30.033459568127],[-90.061506344333,30.033474568545],[-90.0611793439,30.03350556841],[-90.061007344452,30.03354256854],[-90.060825751363,30.033607980357],[-90.060736164286,30.03366198656],[-90.060691181336,30.033704902942],[-90.060670226381,30.033855911452],[-90.060690818011,30.034050606374],[-90.060693271072,30.034090800531],[-90.060702343204,30.034256569754],[-90.060725305161,30.034343797942],[-90.06074460427,30.034370436914],[-90.060758299674,30.03440809974],[-90.060746337469,30.034454479252],[-90.060689343625,30.03447656814],[-90.060630942034,30.034471141273],[-90.060586913474,30.03441866616],[-90.060600524314,30.034390569059],[-90.060612057831,30.03436319811],[-90.060620312979,30.034322510457],[-90.060584984388,30.034092785404],[-90.060575002855,30.034058859333],[-90.060567268513,30.034032575687],[-90.060550359347,30.033973885233],[-90.060540229211,30.033900836216],[-90.060530779021,30.033818004065],[-90.060534265478,30.033741627942],[-90.060529343776,30.033705567691],[-90.060513371367,30.033678330764],[-90.060498245906,30.033656431236],[-90.06044334559,30.033618568628],[-90.060276343272,30.033581569584],[-90.060117341851,30.033570569352],[-90.059795342737,30.033584568395],[-90.059371342575,30.033651568342],[-90.059205344715,30.033707568597],[-90.059100345588,30.033780403488],[-90.05901551721,30.033852266264],[-90.058962778724,30.033934710761],[-90.05895215164,30.034006402384],[-90.058957341263,30.034094568404],[-90.058979356765,30.034136654157],[-90.058991343467,30.034159568914],[-90.059035571476,30.034204404675],[-90.059064341474,30.034233566425],[-90.059133476705,30.034295683271],[-90.059191910458,30.034353279697],[-90.059206590574,30.034408556932],[-90.059188816344,30.034452687143],[-90.059164418822,30.034469089926],[-90.059136371647,30.034483515783],[-90.059072342138,30.034496567752],[-90.058915342686,30.034495568757],[-90.058827967782,30.034466636024],[-90.058766342788,30.034427417926],[-90.058669019453,30.034262986598],[-90.058650068851,30.034230966562],[-90.058602732926,30.034149202281],[-90.058374637048,30.033810248264],[-90.05832827031,30.033741684652],[-90.058231431638,30.03366421963],[-90.058128391221,30.033588291135],[-90.058065580975,30.033542490161],[-90.057999341175,30.033513568637],[-90.057923341819,30.033496567585],[-90.057863341625,30.033502568088],[-90.057778036253,30.033528437908],[-90.057733970477,30.033547317342],[-90.057563269447,30.033620450895],[-90.057173861268,30.033825223408],[-90.056983109297,30.03392553099],[-90.056856613097,30.033985100229],[-90.056695341149,30.034029569522],[-90.056523338493,30.034056568513],[-90.056336718355,30.034051629751],[-90.055331341335,30.034056569105],[-90.055015349889,30.034081159877],[-90.054939116397,30.03408709229],[-90.054560340432,30.034116567831],[-90.054306547894,30.034142774618],[-90.053853339222,30.034189569908],[-90.052823339271,30.034372569929],[-90.052360561881,30.034471897489],[-90.052257661313,30.034493982528],[-90.052208339529,30.034504569474],[-90.051701609554,30.034655789929],[-90.05132033767,30.034769568715],[-90.051075338428,30.03483356986],[-90.05046433549,30.034906568378],[-90.049811159164,30.034944226583],[-90.049111337091,30.034984569304],[-90.048594337244,30.035047568174],[-90.04830658168,30.035108564823],[-90.048127456463,30.035146533243],[-90.04779233711,30.035217569391],[-90.047249337944,30.03535256836],[-90.046485337056,30.035513570352],[-90.04606033587,30.035548569233],[-90.045287336754,30.035558569273],[-90.04469730067,30.035543631688],[-90.044418335741,30.035536568587],[-90.043654335595,30.035494568577],[-90.043410335192,30.03544956968],[-90.042776335446,30.035245569333],[-90.042265067544,30.035085305826],[-90.041462811659,30.034724666179],[-90.040410754218,30.034171225833]]]]},"properties":{":id":"row-zhkb~2ku3-7uhp",":version":"rv-t23p-9jnr-vxkd",":created_at":"2026-07-09T14:31:01.348Z",":updated_at":"2026-07-09T14:31:01.348Z","objectid":"24","district_n":"Planning District 6","label":"6"}},
{"type":"Feature","geometry":{"type":"MultiPolygon","coordinates":[[[[-89.742413194789,30.173869607077],[-89.742349193585,30.17383760844],[-89.742245194441,30.173777607222],[-89.742174195389,30.17373560826],[-89.74210919691,30.173670608839],[-89.742042195366,30.173582608133],[-89.741955195257,30.173505608203],[-89.741929194111,30.173464609698],[-89.74190419438,30.173415607552],[-89.741807175157,30.173241889656],[-89.741759194723,30.173199608578],[-89.74169119431,30.17317660842],[-89.741638600309,30.173167780506],[-89.741611851829,30.173160209997],[-89.741561253109,30.173131844849],[-89.741543138042,30.173114431748],[-89.741471194015,30.173024608262],[-89.741381193524,30.17291660707],[-89.741350193639,30.172830607683],[-89.741325059842,30.172739145678],[-89.741309465861,30.172582984554],[-89.741311194398,30.172521607643],[-89.741330534122,30.172500327641],[-89.741455874755,30.172362408275],[-89.741307451911,30.172115449921],[-89.741261193492,30.172172608042],[-89.741154888067,30.17229090853],[-89.7411051256,30.172343024495],[-89.741027693235,30.172342607704],[-89.741013680084,30.172291492272],[-89.741010556078,30.172248262157],[-89.741010466036,30.172206627326],[-89.741011045058,30.172168550837],[-89.741021946459,30.172087268606],[-89.741034195027,30.172025606875],[-89.741036195208,30.171943608205],[-89.741061510453,30.171854845435],[-89.74105819452,30.171807606546],[-89.74103719364,30.171725606819],[-89.741004194182,30.171671608758],[-89.740960193971,30.171612607594],[-89.740932193957,30.171555608194],[-89.740886192762,30.171497607158],[-89.740782193977,30.171423607829],[-89.740739193469,30.171374607689],[-89.740711193339,30.171335608063],[-89.740611193728,30.171243606376],[-89.740518192538,30.171121608701],[-89.740492115959,30.171009943729],[-89.740500072437,30.170921421229],[-89.74049319418,30.170840608548],[-89.74047019298,30.170783608166],[-89.740458193746,30.170733607473],[-89.740420192394,30.170686608525],[-89.740377193837,30.170652607666],[-89.74034119422,30.170591607819],[-89.740307840104,30.170518451594],[-89.740307634183,30.1704489356],[-89.740274194598,30.170411607626],[-89.740232193383,30.170352607109],[-89.740141193319,30.170295607434],[-89.740103193898,30.170268607598],[-89.740042192181,30.17023760709],[-89.739990193558,30.170197606298],[-89.739957193395,30.170122608367],[-89.73993419363,30.170013607046],[-89.739869193605,30.169872607653],[-89.739841193161,30.169799606799],[-89.739765190838,30.169741607473],[-89.739753194514,30.169691606735],[-89.739727020596,30.169642690596],[-89.739706930517,30.169620964592],[-89.739637194312,30.169560607893],[-89.739585192923,30.169495606498],[-89.739528192307,30.169429607637],[-89.739482193168,30.169389607334],[-89.73946419408,30.16931460753],[-89.739428193862,30.169232606412],[-89.73935219179,30.169176606897],[-89.739229192489,30.169062607003],[-89.739148193228,30.169006608204],[-89.73910219189,30.168961605824],[-89.739066226726,30.168886347216],[-89.739050192619,30.168802606315],[-89.739021193143,30.168720607342],[-89.738961192423,30.168646607605],[-89.73890019212,30.16859460698],[-89.738871406325,30.168539294218],[-89.738859930853,30.168464092999],[-89.73886141583,30.168377187516],[-89.738902680383,30.168329297801],[-89.738650569135,30.168127131624],[-89.738468800962,30.167981371799],[-89.73819532194,30.168147976896],[-89.738153007321,30.168173753759],[-89.738075607646,30.168150260617],[-89.738046962661,30.168141564657],[-89.738006191924,30.168099607996],[-89.738015790773,30.168066824139],[-89.738032316016,30.168003453657],[-89.738003341289,30.167956989082],[-89.737919191653,30.16792360607],[-89.737834191403,30.167893607395],[-89.737739193055,30.167830608118],[-89.737676190938,30.167782608148],[-89.737585660295,30.167722286623],[-89.737528192382,30.167673607311],[-89.737435191531,30.167642606914],[-89.737370193205,30.167649605793],[-89.737334192328,30.16769060746],[-89.73729761804,30.167713247515],[-89.737272368351,30.167722269894],[-89.737209192532,30.16771660821],[-89.737130022356,30.167643991954],[-89.737083191877,30.167594606263],[-89.736983192291,30.167499607561],[-89.73688919184,30.167429607905],[-89.73678919082,30.167381607311],[-89.736699190712,30.16733160658],[-89.73664719087,30.167296607719],[-89.736585191638,30.167237606696],[-89.736546191414,30.167196606618],[-89.736516190945,30.16715560639],[-89.736492582501,30.167099078008],[-89.736488912858,30.167035746856],[-89.736489190415,30.166985606465],[-89.73651370654,30.166934366375],[-89.736588191288,30.166922606893],[-89.736635192277,30.16693060954],[-89.736693920108,30.166932499126],[-89.736730191784,30.166922607111],[-89.736777191168,30.166896606526],[-89.736784778977,30.166847781712],[-89.736588669613,30.166734305559],[-89.736536821722,30.166704301953],[-89.736411192508,30.166631606994],[-89.736283190964,30.166482609078],[-89.736213191913,30.166354607039],[-89.736179200824,30.166212039569],[-89.736179304845,30.166092220839],[-89.736186792207,30.166066591613],[-89.736205191748,30.166003606585],[-89.736265191224,30.165878607432],[-89.736325191708,30.165750606409],[-89.736381257812,30.165690439447],[-89.7364121035,30.165683157008],[-89.736446442964,30.165676162567],[-89.736433875983,30.165598379659],[-89.736377191131,30.165576606992],[-89.736335192366,30.165550605831],[-89.736291977702,30.165542221597],[-89.736243891992,30.165550870755],[-89.736217191009,30.165558522266],[-89.736184794697,30.165514689597],[-89.736170439624,30.165492224287],[-89.736146488063,30.165452475009],[-89.736135062046,30.165425552248],[-89.736134585921,30.165396091846],[-89.736134192017,30.165371606901],[-89.736142191,30.165311607575],[-89.736191630202,30.165245244074],[-89.736211310771,30.165221687261],[-89.736258192136,30.165168606793],[-89.736295192497,30.165143605338],[-89.736340190827,30.165142606447],[-89.736401190206,30.16516060726],[-89.736574191831,30.165220606235],[-89.736673191211,30.165251606702],[-89.7367591921,30.165268606971],[-89.736852191868,30.16528360808],[-89.736945190676,30.16531160635],[-89.737031192696,30.165315605696],[-89.737151190725,30.16531360659],[-89.737215190414,30.165293606253],[-89.737336192079,30.165276605636],[-89.737401192861,30.165250605171],[-89.737473190742,30.165217606418],[-89.737524191874,30.165175605629],[-89.737603192043,30.165128607335],[-89.737691192324,30.16503460415],[-89.737739190917,30.164966606264],[-89.737759192203,30.164863607475],[-89.737790192381,30.164532605113],[-89.737829191332,30.164356606854],[-89.73790062778,30.16435940438],[-89.737314632152,30.163835824418],[-89.737293191806,30.163951605867],[-89.737241192507,30.163971606468],[-89.737190190691,30.163978607804],[-89.737164640168,30.163945405548],[-89.737113320074,30.163897367127],[-89.737045191973,30.16389360602],[-89.736973192401,30.163902607283],[-89.736882190577,30.16389960687],[-89.736811190362,30.163872607042],[-89.736760191113,30.163841607044],[-89.736713493158,30.163803076327],[-89.736679380519,30.163790713588],[-89.73658119114,30.163812605955],[-89.736528192251,30.163809606471],[-89.736473192176,30.16378660674],[-89.736472158997,30.163731406989],[-89.736503192299,30.16369460669],[-89.736485190449,30.163651605219],[-89.736437366952,30.163613807009],[-89.736392191017,30.163609606849],[-89.736346858152,30.163624939357],[-89.736294190413,30.163492605661],[-89.736224191496,30.16344760721],[-89.736116191452,30.163376605905],[-89.7360011911,30.163352606031],[-89.735907191326,30.163288607167],[-89.735830191127,30.163237606566],[-89.735700190712,30.163213606331],[-89.735532192214,30.163197606208],[-89.73539418944,30.163186606619],[-89.735286190776,30.163129605786],[-89.735200191484,30.163045605577],[-89.735129189645,30.162947606415],[-89.735033190304,30.162817605913],[-89.734878188919,30.162701606521],[-89.734716188616,30.162638605801],[-89.734553190062,30.1625236073],[-89.734419191475,30.162367605872],[-89.734234189181,30.162271606516],[-89.734078189221,30.162162605177],[-89.733886189141,30.162087605956],[-89.733746190021,30.162010606436],[-89.73363018901,30.161940606326],[-89.733538949531,30.161819044951],[-89.733536532216,30.161713448677],[-89.733548189647,30.161571605935],[-89.733607893618,30.161249779888],[-89.73360418937,30.161126607406],[-89.733579191088,30.161041605842],[-89.733470189426,30.160977604788],[-89.733393190044,30.160952604967],[-89.733362493498,30.160872587528],[-89.733374189435,30.160800605313],[-89.733431302014,30.160723955414],[-89.733424190491,30.160687605362],[-89.733362189526,30.160649605095],[-89.733305030643,30.160622457992],[-89.733318189484,30.160570606118],[-89.733330402935,30.16048350966],[-89.733275190938,30.160406604184],[-89.733170190602,30.160176605164],[-89.733090189507,30.160046605771],[-89.732955189163,30.159850605432],[-89.732930189215,30.159758604519],[-89.732889189883,30.159673606399],[-89.732819189252,30.159588605425],[-89.732793189775,30.159496605018],[-89.732652188825,30.159367605154],[-89.732617814541,30.15926460722],[-89.732659189244,30.159201605118],[-89.732766189488,30.159186604288],[-89.732888188684,30.159216605627],[-89.73296418752,30.159171605403],[-89.732967189812,30.159077606364],[-89.733009189627,30.158952606179],[-89.733018190446,30.158848605689],[-89.733039188584,30.158788605826],[-89.733047708812,30.158706843105],[-89.733036189489,30.158664604759],[-89.732989190208,30.158625605043],[-89.732926189842,30.15862260518],[-89.732830164256,30.158674500859],[-89.73276218882,30.158684605343],[-89.732613124705,30.158663918711],[-89.732504188315,30.158621605029],[-89.732355188172,30.158584604367],[-89.732251189521,30.158542605978],[-89.732187189991,30.158503605812],[-89.732151892704,30.158464048818],[-89.732150531492,30.158415294311],[-89.732195188061,30.158374605377],[-89.732262188952,30.158333604838],[-89.732312189806,30.15829760534],[-89.73234518815,30.158252604296],[-89.732353742942,30.158166759524],[-89.732335188811,30.15808960525],[-89.732288188467,30.158050604555],[-89.732238460763,30.158012542247],[-89.73220718912,30.157988605236],[-89.732109190045,30.157965605232],[-89.73206918953,30.157941605129],[-89.732005189146,30.157898606129],[-89.731958189635,30.157864604433],[-89.731950004891,30.157840377509],[-89.731933334029,30.157780037167],[-89.731934189896,30.157717603384],[-89.731686141154,30.157663994684],[-89.731388637978,30.157599699865],[-89.730743800509,30.157460333248],[-89.729055747736,30.157095482484],[-89.724304775066,30.156068493029],[-89.723528185055,30.15590060486],[-89.722785185064,30.155795605378],[-89.722288517525,30.155680441308],[-89.721116184002,30.155408604605],[-89.720644517064,30.154995715407],[-89.720466182593,30.154839603925],[-89.719866183483,30.15444560516],[-89.719222183396,30.15430460509],[-89.718453182351,30.154610604309],[-89.717085181776,30.154521603624],[-89.716639659657,30.154571436005],[-89.71603018084,30.154639605045],[-89.715939181739,30.154628603889],[-89.715206180743,30.155022605263],[-89.714823180656,30.15502560472],[-89.714707180475,30.155214605729],[-89.714291180562,30.155304605407],[-89.713992179849,30.155580604966],[-89.713808181086,30.155452605905],[-89.713324178905,30.155383604567],[-89.713192178259,30.155630606184],[-89.713075178014,30.155515605061],[-89.71289217972,30.155733605551],[-89.712260179519,30.155868605044],[-89.712009179183,30.15579760577],[-89.711759179022,30.155900605603],[-89.71129317861,30.155947605589],[-89.710844178286,30.156254605717],[-89.710278178621,30.156388606375],[-89.709846177451,30.156680605929],[-89.709413178624,30.156640606503],[-89.709263176636,30.156786604523],[-89.708930178116,30.156875606842],[-89.708316178029,30.157327606465],[-89.708139678911,30.157463039042],[-89.707508176457,30.157947607443],[-89.706870498389,30.157989799021],[-89.70684317721,30.157991605691],[-89.706643176246,30.158106605552],[-89.706360176875,30.158179605209],[-89.706011176871,30.15823760616],[-89.705895176208,30.158410606],[-89.705679176913,30.158555605162],[-89.704715176055,30.158988607046],[-89.703550175565,30.159351606588],[-89.703035174425,30.159625606431],[-89.702586175199,30.159683607316],[-89.702520174771,30.159842606092],[-89.702304175718,30.159958608231],[-89.702022174902,30.160232606029],[-89.701639174203,30.160247606592],[-89.701306173241,30.160435606438],[-89.700941174828,30.1606956062],[-89.700442172742,30.160768606859],[-89.700193172438,30.160998606568],[-89.699943173695,30.160999605831],[-89.699562172859,30.161374607379],[-89.698980174292,30.161505606955],[-89.698366171818,30.162240607319],[-89.696787173096,30.163050607669],[-89.696489171523,30.16338260779],[-89.695990171609,30.163483607607],[-89.695326171936,30.164089607286],[-89.694827170525,30.164321607169],[-89.694196171508,30.164840607161],[-89.693698169867,30.165216607835],[-89.69325017103,30.165433607821],[-89.693083171193,30.165534607952],[-89.692985171413,30.165837606981],[-89.692486169746,30.166097608272],[-89.692220169998,30.166328608617],[-89.691856375703,30.166558845187],[-89.691850541146,30.166613705221],[-89.691840072214,30.166736086233],[-89.691482791146,30.167016488461],[-89.691324169049,30.167136608638],[-89.691258239623,30.167338392015],[-89.691253673839,30.168009733725],[-89.691243206837,30.168970580074],[-89.691114168765,30.169124608488],[-89.690815168438,30.169154609117],[-89.690753989598,30.169212443349],[-89.690632168271,30.169327608712],[-89.690488231032,30.169605821473],[-89.690616914228,30.169845169836],[-89.690623387286,30.169962521849],[-89.690647705977,30.170419863373],[-89.690653168302,30.170522608804],[-89.690772169472,30.17143060996],[-89.690773169377,30.171689608759],[-89.69090089798,30.171800050403],[-89.690477914972,30.172348692863],[-89.690364708365,30.172492515392],[-89.690344169755,30.172518609614],[-89.688718168196,30.173506609644],[-89.687978904591,30.173472935345],[-89.687789158976,30.173463730541],[-89.686893167863,30.173351610136],[-89.685720168308,30.172979610418],[-89.685616178982,30.172939005968],[-89.684524166113,30.172512607236],[-89.682771165602,30.171595609581],[-89.682652312823,30.171426026353],[-89.682361165595,30.171010609389],[-89.682181165719,30.17103960997],[-89.681995164362,30.171070609148],[-89.681851165747,30.171067609765],[-89.681751164952,30.171053608574],[-89.681644164546,30.171001610459],[-89.68156916479,30.170892610055],[-89.681411164077,30.170803609034],[-89.681309164543,30.170729610519],[-89.681202164862,30.170683608747],[-89.681114165418,30.170647608768],[-89.681032165074,30.170648610994],[-89.680958164554,30.170673609402],[-89.680905164831,30.170693609202],[-89.68084916433,30.170710609635],[-89.680790155002,30.170700347817],[-89.680736558488,30.17064012661],[-89.68073177946,30.170611148365],[-89.680722905668,30.170579963849],[-89.680691165387,30.170545609165],[-89.680131162978,30.170281610209],[-89.679655163371,30.170049610271],[-89.679619164448,30.170012609068],[-89.679590163501,30.169977608393],[-89.67953616292,30.16993460858],[-89.67942316263,30.169900609378],[-89.679278164848,30.169862609865],[-89.678894163705,30.169725609673],[-89.67820116283,30.169471609588],[-89.677681163197,30.169245609319],[-89.677534164026,30.169175608984],[-89.677491162835,30.169128608287],[-89.677404162783,30.169067609999],[-89.677245164568,30.168969608252],[-89.677028162897,30.168854608947],[-89.676886162901,30.168816609219],[-89.676755161991,30.168798608878],[-89.676711163385,30.168810608537],[-89.676651629541,30.16880741913],[-89.676613668693,30.16878046673],[-89.676590697044,30.168757014274],[-89.67654516286,30.168693609111],[-89.676448161654,30.168619608282],[-89.676323298954,30.168565848],[-89.676092888852,30.168466644748],[-89.675512162828,30.168216608033],[-89.675459162489,30.16817860906],[-89.675379162816,30.16812560901],[-89.675188161285,30.168036609249],[-89.674925160618,30.167959609545],[-89.674749160446,30.167896608715],[-89.674440605008,30.167758510372],[-89.674386161813,30.167707608113],[-89.67435116139,30.167670608829],[-89.673930160629,30.167486608519],[-89.673744161313,30.167378608645],[-89.673621160786,30.167300609891],[-89.673484160179,30.167227608526],[-89.6733411609,30.167142609885],[-89.673279161158,30.167070608044],[-89.67311716104,30.166989609466],[-89.672423161308,30.166723609057],[-89.672023158918,30.166616607773],[-89.671708161229,30.166486608614],[-89.671411161096,30.166340608203],[-89.671320160158,30.166247609025],[-89.671282160257,30.166207608636],[-89.671113159641,30.166123608247],[-89.670868161587,30.166064609011],[-89.670833353969,30.166026364395],[-89.67082178797,30.166004845684],[-89.670805158735,30.165961608641],[-89.670767869378,30.165927012551],[-89.670730338713,30.165903666226],[-89.670673503022,30.165892961178],[-89.670642369386,30.165887633537],[-89.670606759662,30.165837852068],[-89.670629226895,30.165791057132],[-89.670641813381,30.165765291551],[-89.670656506058,30.165716597031],[-89.670633982249,30.165679115504],[-89.670589159919,30.165636607805],[-89.670474160271,30.165601608291],[-89.670400158368,30.165551610838],[-89.670336156875,30.165509610945],[-89.670255159679,30.165445608411],[-89.669868160064,30.165433608757],[-89.669708159386,30.165403608142],[-89.669493159389,30.165351608758],[-89.668764158738,30.165018608725],[-89.668070158686,30.164521609206],[-89.667821157134,30.164285608889],[-89.66761915813,30.164161607915],[-89.667513157768,30.164107608517],[-89.667383157622,30.164091608656],[-89.667248156888,30.164086609637],[-89.667152156646,30.16403160848],[-89.667079157704,30.163959608934],[-89.666697156681,30.163517608441],[-89.66653215783,30.163362608561],[-89.666484156338,30.163338609076],[-89.666427851062,30.163340759092],[-89.666373892836,30.163344120782],[-89.666301157948,30.163301608591],[-89.666264391024,30.163235091114],[-89.666261156232,30.163190608436],[-89.666227158002,30.163127607963],[-89.66616315818,30.163076608104],[-89.666096157282,30.163024607186],[-89.666021157007,30.162976608736],[-89.665935157657,30.162927607341],[-89.665834157325,30.162909607172],[-89.665725156536,30.1628426076],[-89.665605156886,30.162790607771],[-89.665448157712,30.162720607968],[-89.664886156921,30.162170607939],[-89.664759156356,30.162036609018],[-89.664680157583,30.16198160571],[-89.664594973591,30.161973134217],[-89.664562878928,30.16197506182],[-89.664485156217,30.161985608372],[-89.664393157149,30.161957607954],[-89.664342182943,30.161891352897],[-89.664334157209,30.161849607932],[-89.664306156424,30.161785607821],[-89.664180155639,30.16168560758],[-89.663973155053,30.161579607953],[-89.663134562805,30.161156997561],[-89.663112858883,30.161139401267],[-89.663083319759,30.161081873736],[-89.663089155062,30.161000608853],[-89.663101908209,30.160924468763],[-89.663072156814,30.160849608009],[-89.662996700375,30.160781318867],[-89.662975399253,30.160762512535],[-89.662898154868,30.160697607372],[-89.66277215609,30.160649608608],[-89.662484136853,30.160155129315],[-89.662482063934,30.160086462396],[-89.66245757718,30.160046773488],[-89.662435272813,30.160031909459],[-89.662381156063,30.160008608161],[-89.662321155605,30.159977607883],[-89.662247154362,30.159894607498],[-89.662182154988,30.159787606816],[-89.662154155493,30.159745608537],[-89.662113381483,30.159720510647],[-89.662070155907,30.159709607536],[-89.662013155107,30.159711607436],[-89.661944982181,30.159701358889],[-89.661907907853,30.159662574771],[-89.661903778571,30.159634387499],[-89.661901350207,30.159605017233],[-89.661957243914,30.159538512101],[-89.661939627975,30.159489531403],[-89.661763528142,30.159479868256],[-89.661720247866,30.159477539842],[-89.661655154722,30.159423607841],[-89.661634154451,30.15938160666],[-89.66158359398,30.159351211483],[-89.66150045324,30.159301968069],[-89.661497201271,30.159272393747],[-89.661494064211,30.15924388886],[-89.661463155805,30.159190607734],[-89.661391316216,30.159164796794],[-89.661397067356,30.159136046268],[-89.661409154453,30.159075607769],[-89.661422500862,30.159023060259],[-89.661380300939,30.158966875522],[-89.661350864875,30.158930132557],[-89.661346596967,30.15889347078],[-89.661380252008,30.158860463545],[-89.661404027138,30.158843631601],[-89.661415208928,30.15875011582],[-89.661405155241,30.158638607393],[-89.661351155873,30.158534607522],[-89.661280155686,30.158407606146],[-89.661213861338,30.158328726965],[-89.661182174756,30.158314138677],[-89.661145931113,30.158299456685],[-89.661137442431,30.158269069686],[-89.661130496976,30.158201929856],[-89.661081989719,30.158138082859],[-89.661008155626,30.158097607979],[-89.660935153335,30.158029607777],[-89.660911154881,30.157940607637],[-89.660877154957,30.15787960642],[-89.660808155512,30.157825608928],[-89.660763155923,30.15781460754],[-89.660698154974,30.157807608133],[-89.660506153427,30.157689606738],[-89.660437155358,30.15759060681],[-89.660404153081,30.157529607559],[-89.660377826231,30.157408052627],[-89.660375485732,30.157332642761],[-89.660442154775,30.157139607156],[-89.660470357718,30.157003002474],[-89.660386154057,30.156365607208],[-89.657145561115,30.156385342642],[-89.657102152739,30.156385607444],[-89.657076252279,30.156364147376],[-89.656583152127,30.15595560679],[-89.656434153362,30.155912607679],[-89.656334152402,30.155898606643],[-89.656105152025,30.155873607663],[-89.656057151576,30.155848607406],[-89.655995151419,30.155803606285],[-89.655908151654,30.155742606717],[-89.655710152716,30.155674607104],[-89.655650979663,30.155645308075],[-89.655612151559,30.15561160596],[-89.65558021948,30.155557019889],[-89.655539151133,30.155521606665],[-89.655498152485,30.155504606939],[-89.655453152531,30.155501606871],[-89.655402151893,30.15550260663],[-89.65534115233,30.1554956069],[-89.655197203604,30.155455768275],[-89.655128151943,30.155418606932],[-89.655037150681,30.155267606848],[-89.654976183919,30.155230218152],[-89.654905151592,30.155215607605],[-89.654766151724,30.155200606951],[-89.654695151164,30.155201606666],[-89.654633150947,30.155202606885],[-89.654564151127,30.155212605993],[-89.654501151215,30.15522960679],[-89.654457151116,30.155237607974],[-89.654377151047,30.15521760782],[-89.654336151159,30.155195607846],[-89.654249151751,30.155126606813],[-89.654117150157,30.155053606177],[-89.654028150318,30.155019606738],[-89.653906149937,30.154991606045],[-89.65378315186,30.154982607085],[-89.653621151494,30.154982607507],[-89.653490153393,30.1549776065],[-89.653436151195,30.15494760638],[-89.653390149828,30.15487260589],[-89.653346709213,30.154842792397],[-89.653318900249,30.154836665191],[-89.653253149866,30.154833606239],[-89.653050151408,30.154843608457],[-89.652879150723,30.154865606165],[-89.652731149204,30.15489560711],[-89.652583150147,30.154944606289],[-89.652508150401,30.154922606693],[-89.652459149386,30.154874607182],[-89.652380149549,30.154723606827],[-89.652305149414,30.154609605885],[-89.652238149977,30.154576607327],[-89.652106150429,30.154540606646],[-89.651959149875,30.154463606686],[-89.651857150016,30.154443606743],[-89.651764149737,30.154391606745],[-89.651635150763,30.154325606629],[-89.651489150389,30.154240606569],[-89.651369177197,30.154205298521],[-89.65117815078,30.154109606405],[-89.651076149177,30.154070607451],[-89.650820149185,30.153994606933],[-89.650728149116,30.153988606202],[-89.65065214937,30.153989606812],[-89.650584149023,30.154001606823],[-89.650524150299,30.154008606975],[-89.650458150539,30.15401760733],[-89.650404002301,30.153994701894],[-89.650378150483,30.153959604447],[-89.650361562606,30.153898409371],[-89.650077916883,30.153975013771],[-89.650059150073,30.154046606296],[-89.65002049646,30.15407786923],[-89.649999148768,30.154128606332],[-89.650036048812,30.154186028922],[-89.650103149652,30.154215607019],[-89.650258149022,30.154351607134],[-89.650300664923,30.154409558938],[-89.650283451444,30.154450413181],[-89.650226149429,30.154481607087],[-89.650088824304,30.15448700813],[-89.650060017842,30.15449131217],[-89.649977148147,30.154525607368],[-89.64991114907,30.154544606496],[-89.649845148663,30.154543606098],[-89.649773148848,30.154529606279],[-89.649701148928,30.154506606372],[-89.649637149718,30.154460606551],[-89.649579887973,30.15437663051],[-89.649479149595,30.154372606114],[-89.649377147745,30.154359606992],[-89.64927214878,30.154332606202],[-89.649137148395,30.154264607133],[-89.649055149276,30.154237607796],[-89.648785149622,30.154199608505],[-89.648718147247,30.154188606262],[-89.64857466588,30.154174696362],[-89.648535149303,30.154135606802],[-89.648478148312,30.154104606033],[-89.648347149183,30.154100605913],[-89.648201147791,30.15411560661],[-89.648010148538,30.154133606933],[-89.64778814744,30.154124607568],[-89.647659147592,30.154139608179],[-89.647507145055,30.154177607387],[-89.647426148798,30.154213606824],[-89.647376148913,30.154221607075],[-89.647320148159,30.154234607179],[-89.647264148188,30.154257607012],[-89.647199147618,30.154297607582],[-89.647116149209,30.154362606808],[-89.647055147548,30.154417607374],[-89.647014147461,30.154452607988],[-89.646666148285,30.154600606984],[-89.646504149117,30.154655606405],[-89.646302147671,30.154703606356],[-89.646086146911,30.15470960661],[-89.645895148494,30.154727608121],[-89.64578814819,30.154749606825],[-89.645456147738,30.154823606287],[-89.645329147177,30.154845606955],[-89.644929147575,30.154830607372],[-89.644740146503,30.154819607204],[-89.644300145869,30.154780606259],[-89.643837145014,30.154780606909],[-89.643750146501,30.154782608035],[-89.643696145465,30.154766607345],[-89.643588145184,30.154718606611],[-89.643503475794,30.154692347518],[-89.643475351946,30.154690919789],[-89.643421145692,30.154694606084],[-89.643364343718,30.154729755049],[-89.643320270094,30.15477431078],[-89.64328114591,30.154822606978],[-89.643208145665,30.154855606587],[-89.643060146766,30.154864607418],[-89.642703144528,30.154793606973],[-89.642600144384,30.154761606899],[-89.642456144728,30.154706606164],[-89.642418144491,30.154641607644],[-89.642378145297,30.154612605518],[-89.642321145661,30.15460160651],[-89.642279579859,30.154564823262],[-89.642256968998,30.154545356046],[-89.642196076776,30.154504262756],[-89.642104144584,30.154500606158],[-89.64193914604,30.154512607103],[-89.641877144795,30.154528606563],[-89.641815145398,30.154522607133],[-89.641727144305,30.154497607973],[-89.641597145072,30.154482606792],[-89.641537145286,30.154486607293],[-89.641470145396,30.154492607442],[-89.641418143258,30.154509607965],[-89.64134214548,30.154515607339],[-89.641291145895,30.154514606486],[-89.64122014514,30.154493607092],[-89.641151143607,30.154463607214],[-89.641049145041,30.154448607925],[-89.640976144621,30.154449606259],[-89.640769144485,30.154474608239],[-89.640708144532,30.154502607174],[-89.640661144187,30.154543607228],[-89.64058514554,30.15455160695],[-89.640537144137,30.154550606986],[-89.640438144541,30.154532608631],[-89.640314143346,30.154502606834],[-89.640215145554,30.154491606189],[-89.64010814389,30.154481607272],[-89.639997144224,30.154447607222],[-89.639753144159,30.154367607411],[-89.639606143608,30.154341606085],[-89.639521143836,30.154325608152],[-89.639171142951,30.154165607573],[-89.6390111448,30.154104606984],[-89.638885143698,30.154050605191],[-89.638834143591,30.154029608094],[-89.638775144496,30.154025607159],[-89.638696143052,30.154027607051],[-89.638636143529,30.154014607215],[-89.638541145199,30.153985607308],[-89.638484144598,30.153986607872],[-89.638397143283,30.15400060738],[-89.638307143045,30.154002607856],[-89.63821914493,30.153974607291],[-89.63802214221,30.153962608943],[-89.637796141938,30.153947607922],[-89.637676143346,30.15391560713],[-89.637619142781,30.153870606614],[-89.637514143203,30.153804606931],[-89.637457141529,30.15378160734],[-89.637313143448,30.153772607988],[-89.637199143195,30.153742605862],[-89.637131142078,30.153717607449],[-89.637076142676,30.15367860737],[-89.636961142538,30.153562607217],[-89.636895142583,30.153504607209],[-89.636838142346,30.15346960681],[-89.636741141514,30.153446606149],[-89.636647142667,30.153433606492],[-89.63654214065,30.153406606728],[-89.636447141464,30.153363606749],[-89.636326143371,30.153282606829],[-89.636267141345,30.153205608743],[-89.636207142235,30.153154606741],[-89.636152143216,30.153124606332],[-89.636059141239,30.153108608032],[-89.635889141848,30.153049607998],[-89.635438141779,30.152953607307],[-89.635238141161,30.152912607406],[-89.635117142279,30.152866607614],[-89.634902565936,30.152894092838],[-89.634825140272,30.152878605486],[-89.63468912786,30.152862823014],[-89.634657410272,30.152864241986],[-89.634606141691,30.152870607464],[-89.634559931115,30.152886245843],[-89.634524142022,30.152906607927],[-89.634483971347,30.152923774363],[-89.634455449696,30.15293140582],[-89.634399084302,30.15292967842],[-89.634356761118,30.152874584926],[-89.634373136663,30.152827849722],[-89.634440140802,30.152773607418],[-89.634471129772,30.152739491915],[-89.634490141438,30.152692605508],[-89.6345085525,30.152642603154],[-89.634540142281,30.152604606423],[-89.634605142067,30.152564606387],[-89.634699142738,30.152515606763],[-89.6347981407,30.152432607915],[-89.634877141791,30.152395606274],[-89.634892218208,30.152374816057],[-89.634908140864,30.152352856113],[-89.634908504639,30.152322599622],[-89.634909142001,30.152269606418],[-89.634893142058,30.152229606829],[-89.634830141534,30.152117606665],[-89.634788141688,30.152080607009],[-89.634730141165,30.152039607991],[-89.634685973265,30.152018868353],[-89.634645141785,30.152004607749],[-89.634608930824,30.151972411456],[-89.634586141865,30.151927606076],[-89.634569014429,30.151866192816],[-89.634547141671,30.151795606405],[-89.634526487132,30.151748819972],[-89.634522767471,30.151716895862],[-89.634522719214,30.151687055759],[-89.634352142,30.151463606297],[-89.634212141634,30.151493606514],[-89.634108142026,30.151495606724],[-89.634036141468,30.151484606473],[-89.633942141134,30.151479605915],[-89.633879142135,30.151485605886],[-89.63382833365,30.151509288604],[-89.633808133147,30.151526008946],[-89.633782561361,30.151553479983],[-89.633742090083,30.151591604933],[-89.6337007849,30.151600463966],[-89.633674413344,30.151583712109],[-89.633645914551,30.151563540901],[-89.633603140973,30.151534606586],[-89.633552140029,30.151513607394],[-89.633460139868,30.151493606582],[-89.633384139729,30.151486607397],[-89.633302140453,30.151487607222],[-89.633239139667,30.151495606959],[-89.633166057233,30.15142143831],[-89.633116140634,30.151414607063],[-89.633058140852,30.151404606997],[-89.633000141188,30.151405607073],[-89.632906140539,30.151419607015],[-89.632862140599,30.151410606186],[-89.632806140284,30.151385607508],[-89.632609140504,30.151258606526],[-89.632464138583,30.151110606608],[-89.632368142238,30.151064607158],[-89.632315139818,30.151047606487],[-89.632262141267,30.151044606504],[-89.632199141034,30.151047605866],[-89.632122335198,30.151030416964],[-89.632069658397,30.150995830687],[-89.632004140369,30.150974606953],[-89.631942140537,30.150967607364],[-89.631897139563,30.150948606194],[-89.631730139105,30.150862606789],[-89.631463139018,30.150803605647],[-89.6314091403,30.150788606625],[-89.631347140388,30.150784606543],[-89.631257139514,30.150787606787],[-89.631196140107,30.150773604292],[-89.631147138592,30.150741605863],[-89.631103142447,30.150701606891],[-89.631075725202,30.150663372895],[-89.631057310276,30.150643910006],[-89.630980137513,30.150597606252],[-89.630866139843,30.150562607156],[-89.630686139008,30.150534606023],[-89.630608139073,30.150534606835],[-89.630458139809,30.150512607338],[-89.630201139297,30.15048060557],[-89.630125138765,30.15047960618],[-89.630057138923,30.150474607132],[-89.630013139391,30.150459606469],[-89.629906140217,30.150418607257],[-89.629820139485,30.150365606251],[-89.629749138372,30.150310606713],[-89.629616139162,30.150229606615],[-89.629503138367,30.150149606853],[-89.629423138935,30.150122606232],[-89.629319139385,30.150096605535],[-89.629269139057,30.150097607379],[-89.629221139144,30.150103606786],[-89.629105034166,30.150095862158],[-89.629086823573,30.150071162375],[-89.629065989039,30.150047842326],[-89.629001139828,30.150004605665],[-89.628898139539,30.149968606511],[-89.628866175991,30.149968966995],[-89.628822333345,30.149972414458],[-89.628756138384,30.149993606161],[-89.628669138212,30.150000605602],[-89.628612139595,30.150002607224],[-89.628532137676,30.15000160727],[-89.628426138105,30.149985607233],[-89.62829813788,30.149961606629],[-89.627943138029,30.149904606437],[-89.627832137484,30.149823606753],[-89.62779513804,30.149776607059],[-89.627786948928,30.149728843782],[-89.62779513727,30.149650607332],[-89.627826137396,30.149535607526],[-89.627884138228,30.149424605875],[-89.62790013901,30.149358605517],[-89.627908139024,30.149240606171],[-89.627931136647,30.149178606394],[-89.6279961384,30.149068606944],[-89.628123137888,30.148883606331],[-89.628299137458,30.148597606104],[-89.628598343917,30.147082251602],[-89.628971216877,30.145175183775],[-89.62895513687,30.145137606241],[-89.628966139558,30.145075605361],[-89.628984680163,30.145028148251],[-89.629152214711,30.144612062683],[-89.629207139635,30.14456860437],[-89.629268137535,30.144525605402],[-89.629306138578,30.144475606266],[-89.629353137679,30.144398605587],[-89.629387139805,30.144313605479],[-89.629428875221,30.144047095582],[-89.629469112448,30.143788079513],[-89.631024806411,30.143715040118],[-89.63167852205,30.14328003035],[-89.632332236076,30.14284501454],[-89.633803625695,30.142331852771],[-89.634828372389,30.142078988811],[-89.635611035449,30.142059508098],[-89.637968082483,30.141469010627],[-89.639711472603,30.140959279726],[-89.640704696811,30.140558149789],[-89.640948266472,30.140236080653],[-89.641566544286,30.13787895038],[-89.642118502279,30.136566467649],[-89.643825542221,30.13504027719],[-89.644207612028,30.134572160578],[-89.645620826566,30.133466855116],[-89.645865364587,30.133085661428],[-89.646452442666,30.132561035442],[-89.64741655615,30.131863850259],[-89.648040419129,30.131112915626],[-89.648158250767,30.130988125832],[-89.648586674842,30.131051035506],[-89.649100220345,30.130850655926],[-89.649479253518,30.130559864714],[-89.650112287525,30.129326289462],[-89.650222785759,30.128825123111],[-89.650022268478,30.128615618917],[-89.64999426111,30.128260501062],[-89.650763781149,30.126999101786],[-89.651083275667,30.126204969857],[-89.651745275152,30.125267389868],[-89.652268265073,30.124505412472],[-89.652343749154,30.124062925419],[-89.653282711997,30.122833234308],[-89.653840672893,30.122012572698],[-89.654292140956,30.121456618279],[-89.654644095181,30.120751581096],[-89.655093562671,30.120313855003],[-89.655854992695,30.119525336279],[-89.65695689895,30.118711580563],[-89.657473350071,30.11833382491],[-89.657820299927,30.117924348947],[-89.658640245413,30.117698263285],[-89.659708111628,30.116884051596],[-89.660904508847,30.116514915856],[-89.662246310486,30.115585908021],[-89.663032726528,30.115329805858],[-89.663446646601,30.114980290517],[-89.66379058958,30.114748141186],[-89.664577486126,30.114462473085],[-89.665264367718,30.114057281498],[-89.66530155872,30.114000001338],[-89.665359429316,30.113910876388],[-89.665892649517,30.113089639958],[-89.666545520609,30.112684011471],[-89.666702070478,30.112421421863],[-89.666860394991,30.112155851188],[-89.6673452568,30.111889587445],[-89.667649736576,30.111722379957],[-89.668044909627,30.111489248604],[-89.66833658678,30.111317172153],[-89.669092905378,30.110824147245],[-89.669776782035,30.110596274716],[-89.670902301243,30.110404442214],[-89.671618009621,30.110294305157],[-89.672091983529,30.110418535706],[-89.672248483743,30.110404523738],[-89.672670906398,30.110366705434],[-89.673076891283,30.110490072158],[-89.673518351979,30.110525197156],[-89.67365058387,30.110555713612],[-89.674060323473,30.110650275543],[-89.674418610508,30.110399899737],[-89.674494541388,30.110346838043],[-89.67464515321,30.110402968016],[-89.674777692851,30.110452362488],[-89.675378395141,30.11013530364],[-89.675618900348,30.110110496647],[-89.675874426507,30.109934018451],[-89.67589964113,30.109429460852],[-89.675903675596,30.109348697306],[-89.675985736472,30.109430342961],[-89.676319327203,30.109762232941],[-89.676698249228,30.109692673416],[-89.677535239686,30.1094109538],[-89.677817918203,30.108774367879],[-89.678172794205,30.108721244208],[-89.678381187766,30.108457791865],[-89.678254045576,30.107924053372],[-89.679044284067,30.107431399391],[-89.678949660051,30.106986760475],[-89.679499963117,30.106609343066],[-89.679673862104,30.106375020076],[-89.679764420025,30.105016240742],[-89.679741869544,30.104721123627],[-89.679615932888,30.104594298759],[-89.679731411587,30.104387007379],[-89.67967871908,30.103704460553],[-89.679747807711,30.103399174156],[-89.679789046607,30.102843049775],[-89.679938140138,30.102538767109],[-89.679993302771,30.102108061905],[-89.680162782628,30.10153962787],[-89.68012516736,30.100912935645],[-89.680386957251,30.100568318933],[-89.680647360549,30.100307180975],[-89.680666360559,30.10012650971],[-89.68062505155,30.099722425919],[-89.680861296511,30.098987837642],[-89.680863834913,30.098834792342],[-89.681058614834,30.098670242823],[-89.681193312253,30.098268366611],[-89.681225922816,30.097266817242],[-89.681329540541,30.096808888319],[-89.68151246544,30.096393698665],[-89.681699540293,30.095728073419],[-89.681690460556,30.095310477397],[-89.681538991639,30.094793684919],[-89.68169014352,30.094364181087],[-89.681568370055,30.093986920359],[-89.681689826514,30.093417883207],[-89.681840283799,30.093030119861],[-89.682230507964,30.092659276519],[-89.682362193924,30.092438269468],[-89.682449109894,30.092021876749],[-89.682423795301,30.091617993371],[-89.682590016371,30.091244341461],[-89.682609240003,30.091049756943],[-89.682579779155,30.090896311944],[-89.682694541912,30.090730757504],[-89.682622608955,30.090242791862],[-89.682727136514,30.089729207828],[-89.682848811633,30.089146255807],[-89.682904413544,30.088687722995],[-89.683125309116,30.087911188702],[-89.683099991209,30.087507305136],[-89.68299652514,30.086991114766],[-89.683178045026,30.086659401623],[-89.683119577014,30.086324684781],[-89.683128793747,30.085768154777],[-89.682975258754,30.085376582043],[-89.682986319653,30.084708747761],[-89.683054692881,30.084445199408],[-89.683106607031,30.084209275981],[-89.683080599685,30.083847132291],[-89.683134124714,30.08351381656],[-89.683216882511,30.0833478607],[-89.683237949815,30.083041968811],[-89.683451916905,30.082682832517],[-89.683441216858,30.08236262719],[-89.683430977605,30.082014595781],[-89.683723781744,30.081726024792],[-89.683872369428,30.081449563974],[-89.683811372015,30.081267889496],[-89.683352265637,30.080969903178],[-89.683260426662,30.080718262914],[-89.683376789162,30.080455314573],[-89.683235572436,30.080286552103],[-89.683160190783,30.080007286708],[-89.683214865436,30.079604404476],[-89.683298311017,30.079396706873],[-89.683109562131,30.079199519167],[-89.683067328638,30.078851087466],[-89.683231914084,30.078574828353],[-89.683187377348,30.078365527772],[-89.683390868024,30.077672270194],[-89.683571215496,30.077410123611],[-89.683534509304,30.076727773951],[-89.683605178894,30.076325092372],[-89.68396586692,30.075800796125],[-89.684232831921,30.075664199501],[-89.684282216907,30.075638931711],[-89.684788858878,30.075379697984],[-89.684995160919,30.075178586444],[-89.68521168533,30.074967504769],[-89.685472511934,30.074820453786],[-89.685726121602,30.074820861801],[-89.686000600894,30.074671217971],[-89.686594328972,30.07456731195],[-89.686850740274,30.074542685641],[-89.687253071314,30.074291185435],[-89.687287253684,30.074269816908],[-89.687383941768,30.074244583524],[-89.687592576932,30.074190135169],[-89.687904651624,30.073926395383],[-89.68793333401,30.073902153901],[-89.68799320402,30.073889066329],[-89.688174205577,30.07384949839],[-89.688463068888,30.073797440253],[-89.688593339978,30.073659905327],[-89.688963331464,30.073539278953],[-89.689316639726,30.073460191488],[-89.689669028721,30.073436756023],[-89.689943496662,30.073287103922],[-89.690429824239,30.072903519585],[-89.691346908144,30.072594880992],[-89.69138008777,30.072585204586],[-89.691941764046,30.072421385139],[-89.691996232333,30.072407494172],[-89.693034344716,30.072142756043],[-89.693692724248,30.071997875825],[-89.694400004992,30.071797933511],[-89.695559759027,30.071325294284],[-89.695912208219,30.071243438556],[-89.697018179236,30.071176425088],[-89.697419461043,30.071097911218],[-89.69833605095,30.070817052167],[-89.698789656508,30.070474780044],[-89.698998514502,30.07046045385],[-89.699347474427,30.070606943732],[-89.69990848877,30.070544321147],[-89.70047309726,30.070583846155],[-89.700944605005,30.07077982157],[-89.701534876333,30.070884546949],[-89.70206708762,30.070626732105],[-89.702560924327,30.070758091243],[-89.703282810421,30.070641780605],[-89.704096804244,30.070763178812],[-89.705574383132,30.070419627289],[-89.706102945101,30.070384408498],[-89.706616870334,30.070265510719],[-89.707129207541,30.070244005139],[-89.707597187243,30.069999290777],[-89.707981551041,30.069976201117],[-89.708315203661,30.070119478448],[-89.709177642419,30.070213610327],[-89.710173268648,30.069989308102],[-89.710686282465,30.069926048299],[-89.711167982906,30.069820652171],[-89.712198760441,30.069401943602],[-89.712759983763,30.069325351375],[-89.71316237744,30.069177223618],[-89.713579407057,30.069112772089],[-89.714128928688,30.068771627112],[-89.714597108657,30.068512974334],[-89.714538321425,30.068192182464],[-89.714716536121,30.068055212664],[-89.714782518453,30.068089092335],[-89.714938674469,30.068169269088],[-89.715051223101,30.068262779743],[-89.715159681362,30.068352892465],[-89.715386335882,30.06818868429],[-89.715411255273,30.06813949886],[-89.715474692865,30.068014291834],[-89.715538527378,30.067888307491],[-89.715652681173,30.067829934331],[-89.715741521141,30.067790450815],[-89.715986542548,30.067681160601],[-89.716172450415,30.067704735868],[-89.71643104182,30.067895358085],[-89.716799174428,30.067885959837],[-89.717025376322,30.06774957581],[-89.717360840899,30.067781522496],[-89.717696979087,30.067771729262],[-89.717989191962,30.067510907684],[-89.718108434969,30.0674779527],[-89.718278471427,30.067430958561],[-89.718446341922,30.067314123404],[-89.718553556158,30.067239506267],[-89.718766839766,30.067251892261],[-89.718857254356,30.067257144925],[-89.719302433101,30.067429590877],[-89.719849445708,30.067241468803],[-89.721026599229,30.066671405883],[-89.721621592286,30.066483862353],[-89.721880898647,30.066278293901],[-89.722110237359,30.065947112945],[-89.72208634316,30.065445844443],[-89.722059036574,30.06538395569],[-89.721993744268,30.065235969557],[-89.722150087827,30.065176448236],[-89.722347894831,30.065101140121],[-89.722465934988,30.064726850024],[-89.722818286106,30.064703325871],[-89.723032521247,30.064545450197],[-89.723366401691,30.064445621644],[-89.723531298698,30.064141483087],[-89.723853301239,30.063954660302],[-89.72404809389,30.063841643162],[-89.724094260581,30.063731876923],[-89.724164553707,30.06356474525],[-89.72430738835,30.063636071249],[-89.724400439887,30.063818114753],[-89.724575715301,30.0638620042],[-89.724785673312,30.063739324854],[-89.725171583694,30.063618791967],[-89.725538353017,30.063692848886],[-89.725863643929,30.063362832585],[-89.726096500925,30.063365673954],[-89.726215539908,30.063367126334],[-89.726633659862,30.063233065923],[-89.726543520752,30.06287014983],[-89.726544025829,30.062838820337],[-89.726547782485,30.062605797461],[-89.726722830837,30.062663596138],[-89.726925126095,30.062720452597],[-89.726964126271,30.062714285833],[-89.727170696461,30.062669057839],[-89.727397318279,30.062504828136],[-89.727545085311,30.062270056299],[-89.727517128118,30.062019225969],[-89.727326981982,30.061905579293],[-89.727313006121,30.061780164129],[-89.727776860586,30.061785818757],[-89.728065665785,30.061733675064],[-89.728290271549,30.061694663326],[-89.728408507781,30.061306454157],[-89.728833557878,30.060741074152],[-89.728774729435,30.060420286802],[-89.729109950785,30.060466117144],[-89.729273928784,30.060217627375],[-89.72958306036,30.060072751636],[-89.729508521401,30.059891450383],[-89.729548122803,30.059788488276],[-89.729593522749,30.059670449896],[-89.729527887134,30.059466385737],[-89.729510840179,30.059413379242],[-89.729579743042,30.059108065035],[-89.729629093355,30.059004638667],[-89.729934307589,30.058945388709],[-89.730222210746,30.058948892963],[-89.730434392231,30.058687069345],[-89.730536177643,30.058326491214],[-89.73063572352,30.058105044672],[-89.730543784633,30.057853436372],[-89.730320980973,30.057781143824],[-89.730482267461,30.057699611912],[-89.730868368835,30.05756514866],[-89.730875079437,30.05714774784],[-89.730839006866,30.057066003801],[-89.730782468131,30.056937878816],[-89.730249525532,30.056920446952],[-89.730374226983,30.056459767293],[-89.73030074601,30.056055305305],[-89.730640200736,30.055836778953],[-89.730643332741,30.055641992372],[-89.730726657804,30.055434264575],[-89.73064780702,30.055363725314],[-89.730440780892,30.055305541099],[-89.730766028169,30.054975514334],[-89.730722967274,30.054668835671],[-89.730917578583,30.054504210496],[-89.731173566981,30.054516214145],[-89.731194168827,30.05421533666],[-89.7311346673,30.053936292038],[-89.73123756187,30.05350614468],[-89.731165867007,30.052990378188],[-89.731024386244,30.052835580414],[-89.730783811786,30.052874401621],[-89.730609224094,30.052788780451],[-89.730693007113,30.052609201866],[-89.730791640852,30.052387434201],[-89.730619962221,30.052120940578],[-89.73062443643,30.051842671948],[-89.730863666403,30.051887331548],[-89.731040936567,30.051805990642],[-89.730998321849,30.051471487622],[-89.730648932459,30.051314159174],[-89.730571649371,30.051146226434],[-89.730735609262,30.050897730945],[-89.730594801647,30.050701192718],[-89.730970026473,30.050246527176],[-89.731009615716,30.049773862197],[-89.730869034439,30.049563410703],[-89.730699150039,30.049185608002],[-89.730833356789,30.048797591167],[-89.730759208535,30.048434870256],[-89.730337716794,30.04784315056],[-89.730082255163,30.047758659727],[-89.730180002991,30.047648522231],[-89.73002141791,30.047563094172],[-89.730168036182,30.047397885811],[-89.730125204124,30.04707729583],[-89.729792494191,30.0468784176],[-89.729700120129,30.046654635333],[-89.729721932326,30.046293081323],[-89.729567378938,30.045957214442],[-89.729127874342,30.045436965911],[-89.729073981605,30.044810084698],[-89.728237814244,30.044090174796],[-89.728289377251,30.043868144811],[-89.727880526139,30.043431763726],[-89.727414437215,30.042577198299],[-89.72692743105,30.042028529998],[-89.726580768938,30.041704230636],[-89.726312496293,30.04147829951],[-89.725835521119,30.040953443008],[-89.725464877113,30.040479908915],[-89.725038265672,30.040154629864],[-89.724835315208,30.039845996921],[-89.724762093452,30.039427617169],[-89.724300810937,30.03926890558],[-89.724037491998,30.038736875719],[-89.723787922608,30.038344172805],[-89.72345750037,30.038006148332],[-89.723083598595,30.037389265944],[-89.72283268609,30.037080044577],[-89.722532003207,30.036881540169],[-89.722156313318,30.03637596352],[-89.721859908557,30.035913103467],[-89.721646833607,30.03524252278],[-89.721477908331,30.034809054459],[-89.721021379259,30.034358149304],[-89.720788947017,30.033896069785],[-89.720381297551,30.033390096926],[-89.720230622655,30.032817688507],[-89.71998243233,30.032341499413],[-89.720008764724,30.032129298721],[-89.720037606666,30.031896858677],[-89.720089403494,30.031660919967],[-89.71996396055,30.031506304257],[-89.719771179086,30.031559606778],[-89.71962124003,30.031651709385],[-89.719593485337,30.03166875851],[-89.719275484208,30.031553531936],[-89.718659755766,30.031058918348],[-89.718506164677,30.030667383391],[-89.718141775298,30.030454171532],[-89.717694733703,30.030406938443],[-89.717397464545,30.029999722855],[-89.717404680697,30.029554493692],[-89.717345230861,30.02927544169],[-89.717273401366,30.028773579878],[-89.717005410993,30.028533714354],[-89.716527075742,30.028444344039],[-89.716175303432,30.028440024385],[-89.715889522681,30.028311270166],[-89.716070372489,30.028007336234],[-89.716013409956,30.02757523502],[-89.716113634418,30.02731205833],[-89.716357087909,30.027092389485],[-89.716230300897,30.027021251504],[-89.715958255134,30.027031826629],[-89.715897232518,30.026850167459],[-89.716059381923,30.026712997086],[-89.716082367602,30.026281878421],[-89.716487739733,30.025938952946],[-89.716748306392,30.025649911797],[-89.717215600515,30.025432989284],[-89.717491022404,30.02521371002],[-89.717941875167,30.025024415884],[-89.718438888762,30.024947017091],[-89.718769745464,30.024821629255],[-89.719114711053,30.024690896164],[-89.719450083052,30.02442339805],[-89.719681757927,30.024238612153],[-89.720100171209,30.02407674443],[-89.720159456362,30.024061126966],[-89.720453502921,30.023983661324],[-89.72202251875,30.023174440158],[-89.722548247812,30.023007339013],[-89.723142753585,30.022833700857],[-89.72359691551,30.022751684564],[-89.72386449331,30.022703362223],[-89.724071318792,30.022618675621],[-89.724524521257,30.022433104398],[-89.725131194073,30.022496180888],[-89.725276507643,30.022544182898],[-89.725306169574,30.02255398181],[-89.725358495419,30.022537556118],[-89.725747519403,30.022415438645],[-89.725799214934,30.022397503412],[-89.726297012121,30.022224788078],[-89.726431659508,30.022178070226],[-89.726793522976,30.02220043905],[-89.727520904334,30.022066114581],[-89.728177111251,30.022032366816],[-89.729134862067,30.022141451849],[-89.730000486788,30.022012833358],[-89.730544769904,30.021977712293],[-89.731568771881,30.022062520176],[-89.731726586875,30.022075589419],[-89.731818139232,30.022063650507],[-89.732800283332,30.021935566301],[-89.733534198518,30.022041898957],[-89.733995639188,30.022186666445],[-89.734357798613,30.022538968679],[-89.734431940712,30.022901688388],[-89.734891600657,30.023157760162],[-89.735154490335,30.023717596874],[-89.735324794212,30.02406756818],[-89.735723179405,30.024155898903],[-89.736196609017,30.024551291928],[-89.736650710096,30.025155194165],[-89.737060413196,30.025535897672],[-89.737518311348,30.025903266928],[-89.737753523709,30.02616043927],[-89.738374164892,30.026386783764],[-89.73897909062,30.026561104577],[-89.739553150501,30.02666546678],[-89.73971126576,30.026778709466],[-89.739673059606,30.027167899276],[-89.739987290422,30.027519604508],[-89.740414118038,30.027830922886],[-89.741526279367,30.028289688529],[-89.742561186423,30.028703219584],[-89.743305362967,30.029048736522],[-89.744318953076,30.029673281938],[-89.74471359987,30.029998112543],[-89.745341009862,30.030771066629],[-89.745669045905,30.031262085607],[-89.746015954501,30.031572421655],[-89.745994870794,30.031892238424],[-89.746246285002,30.032173591515],[-89.746676250437,30.032290100233],[-89.746871727994,30.033071757684],[-89.746912392292,30.033531479004],[-89.747351715031,30.034065584204],[-89.74787144028,30.034572820513],[-89.748484679555,30.035234258363],[-89.748989313233,30.035685646151],[-89.749609197524,30.035929674732],[-89.750015237932,30.036546865034],[-89.750036201402,30.036604214795],[-89.750168519911,30.036966190064],[-89.750163217132,30.037300113047],[-89.750701832241,30.037626658202],[-89.75087552968,30.037767905289],[-89.750951951604,30.037991480881],[-89.751207369692,30.038022382178],[-89.751544068108,30.037970761742],[-89.751893007931,30.038155863091],[-89.752577321909,30.038372819924],[-89.753182565758,30.038533159434],[-89.753673666874,30.038831288148],[-89.754360634593,30.038881273837],[-89.754599623755,30.03893980403],[-89.754707377207,30.039205502332],[-89.754816893683,30.039359892384],[-89.755039454488,30.039446055929],[-89.755401971213,30.039784384285],[-89.755752243187,30.039885993685],[-89.756199567834,30.039919183929],[-89.756483893366,30.040145245677],[-89.757059372163,30.040166051124],[-89.757234618747,30.040209897272],[-89.757442948817,30.040184557863],[-89.757617977303,30.040242317129],[-89.757793093088,30.040327076836],[-89.757843178693,30.040161513986],[-89.758827845799,30.040604687758],[-89.759302104143,30.040958259343],[-89.760208803244,30.041275245974],[-89.760492483196,30.041543038442],[-89.76072665367,30.041907653414],[-89.761504770755,30.042264842741],[-89.761692945834,30.042503661568],[-89.761801380063,30.042727613078],[-89.762006646324,30.042897055633],[-89.76244565275,30.043458933359],[-89.762762864054,30.043629712001],[-89.763208454711,30.043774184486],[-89.763411314479,30.044096670303],[-89.76396644108,30.044395524268],[-89.764649948384,30.044668071886],[-89.764822579192,30.044878868419],[-89.764869026111,30.044976833692],[-89.765331929898,30.04503801055],[-89.765776434191,30.045252042341],[-89.765969655867,30.045170844679],[-89.766195519391,30.045048289318],[-89.766642212262,30.045123183467],[-89.76688056771,30.045223430747],[-89.767376114848,30.045243240003],[-89.76782455752,30.045206821225],[-89.769927421242,30.04473082546],[-89.770492017287,30.044647251672],[-89.772364359996,30.044370082455],[-89.772796586594,30.044347372227],[-89.773241541745,30.04453355233],[-89.773652987197,30.044816746794],[-89.774256345617,30.045102210505],[-89.774606873057,30.04518985534],[-89.774926068337,30.045235381298],[-89.775244179011,30.045350473238],[-89.775515833575,30.045367602925],[-89.775948498522,30.045317055102],[-89.776268130285,30.045334750558],[-89.776952112096,30.045579408441],[-89.777271963683,30.045583187851],[-89.777591163058,30.045628707365],[-89.778052774441,30.045773318465],[-89.778324212789,30.04580435598],[-89.778660923416,30.045752667694],[-89.779139615911,30.045827897033],[-89.779999309586,30.046088526428],[-89.78028414264,30.046286709323],[-89.780749228168,30.046208697048],[-89.781037528816,30.04618426297],[-89.78316454651,30.046209315358],[-89.783866489696,30.046328903488],[-89.784219410693,30.046263475536],[-89.78474630285,30.046325336559],[-89.7851286118,30.046427243081],[-89.78546359348,30.046486844436],[-89.786200335181,30.046425920817],[-89.786456218415,30.046428926433],[-89.787463540457,30.046454669831],[-89.787814515687,30.046514452911],[-89.787957371418,30.046585710091],[-89.788101951158,30.046545657933],[-89.78842288442,30.046479842738],[-89.789347657112,30.046671595348],[-89.789601170129,30.046827643556],[-89.789935724185,30.046915060114],[-89.790271141949,30.046946821247],[-89.790559656901,30.046908454079],[-89.790992536157,30.046843944609],[-89.791521588405,30.046766642035],[-89.792209489334,30.04676077703],[-89.79240226384,30.046707369344],[-89.792834496,30.046684593368],[-89.793333494679,30.046481688617],[-89.793573599499,30.046470579739],[-89.794083647927,30.046587870366],[-89.794675590913,30.046580870988],[-89.795267319949,30.046587782617],[-89.795700197203,30.046523256997],[-89.796035828416,30.046541091182],[-89.796593641912,30.046672845731],[-89.797537642059,30.046656024683],[-89.798066685796,30.046578696493],[-89.798436230714,30.046471675853],[-89.7989648477,30.046422170713],[-89.799620974937,30.046401980704],[-89.801174188473,30.046294816305],[-89.801910278739,30.046275543711],[-89.802261048286,30.046349202668],[-89.802982427433,30.046246258963],[-89.803364754716,30.046348112554],[-89.803797198704,30.046311388365],[-89.804086774649,30.046203423213],[-89.80445417862,30.046235519602],[-89.804838429822,30.046212148703],[-89.805237606502,30.046258527786],[-89.8056994749,30.046389129716],[-89.806018901384,30.046420666636],[-89.806371594245,30.046369091589],[-89.806677585773,30.046233480206],[-89.807078041523,30.046196374468],[-89.80792650246,30.046150539552],[-89.808438904111,30.046114724795],[-89.808855141215,30.046091712529],[-89.80961083674,30.045836053666],[-89.810060329643,30.045729924792],[-89.810508333761,30.045721189466],[-89.811309876135,30.045605211017],[-89.812398432189,30.045548207067],[-89.813195725938,30.045710488051],[-89.813835218203,30.045731782316],[-89.81441073874,30.04575233571],[-89.814747856784,30.045672729227],[-89.815242565665,30.045748011715],[-89.815866912965,30.045713459822],[-89.816507675279,30.045651258947],[-89.817021766779,30.045504104089],[-89.817970615348,30.045167127212],[-89.818823503203,30.04482903798],[-89.819501523806,30.044419357678],[-89.820018984015,30.044049572564],[-89.820101692352,30.043869614614],[-89.820378205733,30.043566640788],[-89.820467231708,30.043413040034],[-89.820706707532,30.042999859125],[-89.821698306326,30.040896018952],[-89.821765648273,30.040674136553],[-89.822350633372,30.040068547306],[-89.822702237899,30.040086497018],[-89.822927177754,30.040019497751],[-89.823090675082,30.039784800604],[-89.823096155258,30.039423049562],[-89.823919313596,30.038931511466],[-89.824404743184,30.038561342178],[-89.825556130364,30.037516918069],[-89.825734349671,30.037365882329],[-89.826007885225,30.037257685765],[-89.826347486687,30.037011085416],[-89.826688137817,30.036694916233],[-89.826913275154,30.036613996363],[-89.826914536593,30.036530513976],[-89.826868035886,30.036432570499],[-89.827014688315,30.036253338959],[-89.827334511041,30.036256996791],[-89.82788345965,30.035915375579],[-89.828624088009,30.035589857128],[-89.829815394709,30.035074656998],[-89.830088290168,30.035008193137],[-89.830523820253,30.034762677836],[-89.831444311775,30.034174791673],[-89.831783889279,30.033928177886],[-89.831978502701,30.033749488451],[-89.83215900922,30.03344539482],[-89.832484478348,30.033073374609],[-89.832857914059,30.032701898042],[-89.833181285443,30.032469010758],[-89.833408501171,30.032248945037],[-89.833602480513,30.032111994409],[-89.833827809537,30.032017148887],[-89.834330418435,30.031563643619],[-89.835108408143,30.030876699776],[-89.835577561597,30.030520221401],[-89.836046289738,30.030191569513],[-89.836384382433,30.030042337241],[-89.836658929859,30.029864549612],[-89.836917484383,30.029686582492],[-89.837095881287,30.029521617425],[-89.837130993715,30.029313276457],[-89.837342412965,30.029079106988],[-89.837891913839,30.028695702367],[-89.838571834792,30.028146783064],[-89.838977417799,30.027761740208],[-89.839841131471,30.02668609317],[-89.840068529323,30.026452101998],[-89.840294257748,30.026329416387],[-89.84051831987,30.026318040603],[-89.840976646737,30.025613521934],[-89.841774074531,30.024690187859],[-89.841728395701,30.024536595706],[-89.841746050283,30.024425467985],[-89.841890577889,30.024385356662],[-89.842701480585,30.023629161898],[-89.843445143619,30.022956631746],[-89.843674130417,30.02274954692],[-89.843741826911,30.022499826468],[-89.843728332144,30.022332680814],[-89.843682445154,30.022193001682],[-89.84402693761,30.021612429078],[-89.844237078436,30.021461728903],[-89.844271341952,30.02130904164],[-89.844567032881,30.020783578874],[-89.844966750543,30.01971656737],[-89.845145116294,30.019551591137],[-89.845402386468,30.019457087078],[-89.846134938412,30.018588656733],[-89.846417943464,30.017840391671],[-89.846484386599,30.017674149644],[-89.846694514572,30.017523447556],[-89.846873288349,30.017330642722],[-89.847705057533,30.016240668217],[-89.848551345459,30.015248264549],[-89.848762293781,30.015041903851],[-89.848908876176,30.014862649443],[-89.848912190129,30.014640031226],[-89.849058773314,30.014460774546],[-89.849301485045,30.014268687218],[-89.849465916511,30.013964389431],[-89.849630138333,30.013674005224],[-89.849921433492,30.013440715091],[-89.85011742306,30.013164604351],[-89.850347038858,30.012777542869],[-89.85057644921,30.012404395525],[-89.851031539578,30.011908545568],[-89.851272175079,30.011855589272],[-89.851498683668,30.01167723169],[-89.851503025493,30.011385045577],[-89.851617829676,30.01119151434],[-89.851909319632,30.010944305892],[-89.852027016039,30.010555982099],[-89.852142644888,30.010306796472],[-89.852402155861,30.010059227161],[-89.853459065268,30.008874337077],[-89.853702167794,30.008654415209],[-89.85394403324,30.008517974519],[-89.854104313412,30.008491941762],[-89.854484280093,30.008746698374],[-89.854883330651,30.008792928687],[-89.8552827916,30.008811330089],[-89.855781265888,30.008622100664],[-89.856471786183,30.008421109792],[-89.856891973166,30.008119670163],[-89.857195712802,30.007878682125],[-89.857393530595,30.007721731217],[-89.857587221752,30.007598659965],[-89.857830932926,30.007336986822],[-89.858044111089,30.006977560132],[-89.85837042299,30.006535904428],[-89.858598964338,30.006218397416],[-89.858764177067,30.005858433652],[-89.858930417962,30.005428899714],[-89.859048697572,30.00499882917],[-89.859020014318,30.004775852994],[-89.858831883983,30.004523256626],[-89.858738435124,30.004355218879],[-89.858613634636,30.00414508139],[-89.858584336981,30.003963845259],[-89.858428386498,30.003697693985],[-89.858273467399,30.003361976082],[-89.858260156654,30.00318091827],[-89.858344819903,30.002861798711],[-89.85852724684,30.002418532423],[-89.858691630652,30.002114220448],[-89.859034117665,30.001658830118],[-89.859327822609,30.00125855524],[-89.859751257635,30.000734488581],[-89.860172222792,30.000377383365],[-89.86046365912,30.000130156263],[-89.860721479381,29.999993881788],[-89.86154248097,29.999613414989],[-89.861894495754,29.999477931541],[-89.862360458512,29.999298589218],[-89.863149419672,29.99906081629],[-89.863951373832,29.998731701152],[-89.864062883554,29.998684326164],[-89.864171843169,29.998638034957],[-89.864237673357,29.998610068561],[-89.864285897777,29.998589579368],[-89.864369718641,29.998553969596],[-89.864484594298,29.998505164657],[-89.864759003178,29.998327318965],[-89.864991013322,29.998105384275],[-89.865135466546,29.997733131089],[-89.86523567868,29.997442013577],[-89.86517808905,29.997009975215],[-89.865039345071,29.996660527899],[-89.864756944709,29.996295561663],[-89.864241387469,29.99573863253],[-89.864213243191,29.995719122894],[-89.86325541589,29.995123773905],[-89.862468239066,29.994697705246],[-89.862413376081,29.994668008135],[-89.861732804675,29.99429963496],[-89.860591170172,29.993660646366],[-89.859958167963,29.993222166146],[-89.859595669959,29.992870207953],[-89.859345268921,29.992505588517],[-89.859175202434,29.992114035194],[-89.859088140745,29.991514672051],[-89.859201460518,29.991071872207],[-89.859240839786,29.990917994718],[-89.859471192981,29.990475261206],[-89.859975117739,29.989910346167],[-89.860222529522,29.989694178422],[-89.861060198221,29.988962281806],[-89.861641045828,29.988452050206],[-89.862272510667,29.988057379865],[-89.863076398249,29.987746293639],[-89.863653236806,29.987655323739],[-89.864169556647,29.987597426834],[-89.864804448529,29.987640341663],[-89.865393990599,29.987772160565],[-89.865933537239,29.988042581255],[-89.866042584453,29.988119559703],[-89.866362557759,29.988345428091],[-89.866801373951,29.988817632398],[-89.86711470562,29.989252519532],[-89.867377839702,29.989839921211],[-89.867656345073,29.990469244063],[-89.867871736769,29.991042198911],[-89.868026466247,29.991391820055],[-89.868167467567,29.991651509993],[-89.868182148182,29.991678547578],[-89.868353342425,29.991993847306],[-89.868698250927,29.992456911922],[-89.86909315688,29.992781373602],[-89.869221685063,29.992837157737],[-89.869369667446,29.992901385166],[-89.869553838595,29.992981320733],[-89.869646284603,29.993005911218],[-89.869936031222,29.993082983347],[-89.870122470356,29.993063449834],[-89.870416373908,29.993032657888],[-89.870914743033,29.99284337215],[-89.871478472918,29.992557396587],[-89.871710851342,29.992416775848],[-89.871930107807,29.992284092461],[-89.87231943438,29.99189876595],[-89.872562164725,29.991556580228],[-89.872585493969,29.99152368941],[-89.872711202162,29.991346474962],[-89.873041066303,29.990654335851],[-89.873306787995,29.9899753992],[-89.873473956376,29.989476278435],[-89.873637866004,29.989199775725],[-89.874013021428,29.988689045112],[-89.874434903854,29.988262324116],[-89.874954307776,29.987725357921],[-89.875423725163,29.987326992784],[-89.875852154564,29.987167481342],[-89.876048901903,29.987094227906],[-89.877994863923,29.986409158862],[-89.87857350747,29.986192899689],[-89.879215470875,29.986019087433],[-89.879839420478,29.985984230546],[-89.880478137814,29.986033030681],[-89.880970374363,29.986261118766],[-89.881444603688,29.986628165825],[-89.881695881521,29.986937088551],[-89.881976696143,29.987413327514],[-89.882288672688,29.987945574667],[-89.882506167607,29.988379367974],[-89.882741063855,29.988715940283],[-89.882927403237,29.989093724148],[-89.883178084178,29.98944438639],[-89.883539238065,29.989893675866],[-89.883995892648,29.990371848846],[-89.884437173876,29.990808100393],[-89.884624536434,29.991116315685],[-89.884700412422,29.991395469397],[-89.884680996038,29.99163182593],[-89.884383782094,29.992282605633],[-89.88421929073,29.992600863344],[-89.884070580626,29.992933208626],[-89.8840183815,29.993224868655],[-89.883981157292,29.993586274237],[-89.884057034965,29.993865428938],[-89.884306923323,29.994271742321],[-89.88450966714,29.994621873867],[-89.884616711457,29.994957035044],[-89.884660824409,29.995221922881],[-89.884589206719,29.995749944327],[-89.884568573382,29.996069779889],[-89.884675414088,29.996418856931],[-89.884927331953,29.99668603271],[-89.885212229871,29.996883990133],[-89.885594454237,29.996985605826],[-89.885992460166,29.997101310045],[-89.886471202587,29.997162234533],[-89.886885600552,29.997250286754],[-89.887283407308,29.997379900272],[-89.8877291731,29.99751003995],[-89.888141757517,29.997723309173],[-89.888426263241,29.99794908745],[-89.888617797989,29.998242524281],[-89.888766246475,29.998759944705],[-89.888902657564,29.999276331695],[-89.888963575333,29.999485739086],[-89.889118190357,29.999849248898],[-89.889273812178,30.00014319106],[-89.889589695229,30.000411059177],[-89.889939159938,30.000567965781],[-89.890415503331,30.000795842062],[-89.892098106591,30.001635313224],[-89.892621212487,30.001947192791],[-89.893143643576,30.002192211038],[-89.89355774083,30.002416663203],[-89.894146001886,30.002645751102],[-89.894512070651,30.002761079961],[-89.894990842976,30.002821976203],[-89.89531096057,30.002797641136],[-89.895600111239,30.002703387992],[-89.895826519784,30.002524951802],[-89.89626455136,30.002084425875],[-89.89662185203,30.001698678366],[-89.896944169941,30.001521289057],[-89.897185557403,30.00141259521],[-89.897538443645,30.001332949248],[-89.897858357187,30.001322521917],[-89.898242010504,30.001326704769],[-89.898641251787,30.001358888587],[-89.898943778669,30.001445680434],[-89.899341017652,30.001616998489],[-89.899818188297,30.001789187152],[-89.900518359994,30.002019465049],[-89.901155792288,30.002165560782],[-89.901777839631,30.002269737822],[-89.90231935854,30.00241478345],[-89.90292462599,30.002574437006],[-89.903577650051,30.002748521814],[-89.904055631051,30.00286503939],[-89.904534609041,30.002911986999],[-89.904965631632,30.002958411147],[-89.905350287651,30.002893005059],[-89.905735144763,30.002813683944],[-89.90605645608,30.002705839903],[-89.906635728024,30.002447716093],[-89.90724736602,30.002162109608],[-89.908052422444,30.001767266534],[-89.909339423929,30.001210641711],[-89.909853745017,30.001021381005],[-89.91012649309,30.000954750944],[-89.910543309684,30.000875759975],[-89.910975118365,30.000866511504],[-89.911455278619,30.000829950292],[-89.911792563909,30.000722265591],[-89.912050513829,30.000571976678],[-89.912260902393,30.000393340283],[-89.912455107899,30.000228446377],[-89.912570375602,29.999993119154],[-89.912800119061,29.999578121594],[-89.912846788948,29.999457338358],[-89.912966114313,29.999148520445],[-89.913279939238,29.998442194242],[-89.913460133127,29.998137987562],[-89.913576386376,29.997833090338],[-89.913675465327,29.997611505719],[-89.913775137987,29.997348177052],[-89.913944295951,29.996695954828],[-89.914129039934,29.996071731857],[-89.914228907842,29.995794488126],[-89.914376332429,29.995545589834],[-89.914587103647,29.995339124506],[-89.914796091358,29.995257883026],[-89.915132759084,29.995191928717],[-89.915372924549,29.995166683762],[-89.915646246248,29.99505830033],[-89.9158724046,29.994893746246],[-89.916114348538,29.994743274297],[-89.916374055511,29.994467752537],[-89.916648955251,29.994248056726],[-89.916858927013,29.994097242146],[-89.917163817631,29.994017025357],[-89.917419964416,29.993991950038],[-89.917723472703,29.994009129006],[-89.918026389553,29.994068051289],[-89.918344894258,29.994154971899],[-89.918711945749,29.994200663782],[-89.918804293773,29.994198446605],[-89.919228988782,29.994188250825],[-89.919663403534,29.994144507282],[-89.920366102459,29.9940068204],[-89.920701110997,29.993913596126],[-89.920913922858,29.993809376314],[-89.921150347698,29.993608591078],[-89.921364803744,29.993388205391],[-89.921591062885,29.993119534276],[-89.921783273466,29.992898909334],[-89.922008573125,29.992698001864],[-89.922311716731,29.99249792847],[-89.922580405647,29.992374941264],[-89.922969918609,29.992359750833],[-89.923335409078,29.992470168318],[-89.923667398054,29.992589909614],[-89.924011469869,29.99264200409],[-89.924212333674,29.992595744216],[-89.924448029114,29.992472941406],[-89.924684343072,29.992252243648],[-89.924854165202,29.992041055479],[-89.925101699141,29.991840380683],[-89.925416093392,29.991630737676],[-89.925741472446,29.991430895694],[-89.926033896581,29.991201652611],[-89.926225136859,29.991048784821],[-89.926406350299,29.990818352056],[-89.926520699153,29.99059688804],[-89.92668007777,29.990337175664],[-89.926839729364,29.990058103036],[-89.926965333861,29.989827076705],[-89.927146542563,29.98959664287],[-89.927372231705,29.989366684605],[-89.927732872024,29.989031667212],[-89.927984325932,29.988814890277],[-89.928313259373,29.98862476074],[-89.928730431909,29.988487210847],[-89.929072373964,29.988426311792],[-89.929473080561,29.988404766673],[-89.929829122879,29.988395654161],[-89.930140501074,29.988398973915],[-89.93049654412,29.988389859606],[-89.930941372204,29.988394599652],[-89.931223818768,29.988345971189],[-89.931536286043,29.988271843839],[-89.931849476686,29.988146084641],[-89.932103539713,29.988006785927],[-89.932327039907,29.987931708184],[-89.932550719413,29.987843722621],[-89.932937864796,29.987731659325],[-89.933176009941,29.987669646013],[-89.933443628424,29.987620853675],[-89.933712513615,29.987481710929],[-89.933907442454,29.987328869908],[-89.934132569315,29.987137622267],[-89.934371075156,29.987049792649],[-89.934623502095,29.987026655874],[-89.935115699521,29.986825334242],[-89.935383856645,29.986737817774],[-89.935608617615,29.986572381745],[-89.935789437911,29.986367752863],[-89.936032098368,29.985983047227],[-89.936243475698,29.985714194657],[-89.936528263443,29.985497756797],[-89.936811605059,29.98538457919],[-89.93713888678,29.985310594423],[-89.93765927826,29.985212838636],[-89.938239520021,29.985076985019],[-89.938657024963,29.984913589429],[-89.93904541185,29.984711153924],[-89.939331365552,29.984446400888],[-89.939530785637,29.984214976567],[-89.939604650802,29.983955422441],[-89.939653462755,29.983646114222],[-89.939598665832,29.983322799552],[-89.939528677805,29.983025142675],[-89.939356889294,29.982584404057],[-89.939272979453,29.982222052793],[-89.93918816824,29.981924238666],[-89.939177312085,29.981640116496],[-89.939210030971,29.981421004051],[-89.939256495461,29.981279492604],[-89.939348882105,29.98103519268],[-89.93957434501,29.980818121371],[-89.939798002174,29.980730123401],[-89.940034503757,29.980784266032],[-89.940315665037,29.980825969446],[-89.940788848893,29.98092134215],[-89.941113770302,29.98101514565],[-89.941439592033,29.981044411105],[-89.941750767622,29.981060609437],[-89.942076049624,29.981128595658],[-89.942226732564,29.981144785202],[-89.942342567073,29.981157231283],[-89.942771813259,29.981213404413],[-89.943156223231,29.98129492057],[-89.943629412018,29.981390283759],[-89.94392486443,29.981470859769],[-89.944412164026,29.981618006469],[-89.944929117334,29.981765462748],[-89.94525422338,29.981846348549],[-89.945474888249,29.981905386677],[-89.945505376765,29.981913543033],[-89.945831205942,29.981942798351],[-89.946083255855,29.981945455164],[-89.946396229649,29.981832567995],[-89.946784231596,29.981655926599],[-89.947216354592,29.981505564598],[-89.947634009204,29.981329231588],[-89.947976990727,29.981190838632],[-89.948453408388,29.981053848161],[-89.948854799325,29.98098061773],[-89.949122391384,29.98093179346],[-89.949553612442,29.980845961763],[-89.949805482278,29.980861518923],[-89.950099684433,29.981032432576],[-89.950320113209,29.98117675241],[-89.950556084817,29.981269596396],[-89.950837251832,29.981311279443],[-89.951089480765,29.981301018523],[-89.951342065654,29.981264943591],[-89.95166986022,29.981152200982],[-89.951997830366,29.981026549365],[-89.952355096762,29.980927022295],[-89.952667701335,29.980839935809],[-89.952920107486,29.980816765325],[-89.953231463595,29.98082003047],[-89.953585691348,29.980939928324],[-89.953866501719,29.981007419126],[-89.954189829617,29.981217357518],[-89.954423130974,29.981503807253],[-89.954641779837,29.981777195143],[-89.954816131747,29.982037208674],[-89.95503425105,29.982349318312],[-89.955237188413,29.982687085854],[-89.955366170958,29.983011170199],[-89.955436025509,29.983321726089],[-89.955519993358,29.983684067675],[-89.955588959066,29.984059162179],[-89.955642205399,29.984498636605],[-89.955682764393,29.984783066285],[-89.955678307653,29.985105755572],[-89.955733337551,29.985416156018],[-89.955773539845,29.985726401242],[-89.955814457036,29.98598501522],[-89.955900925497,29.98616665275],[-89.956076178649,29.986362127154],[-89.95635451142,29.986610315576],[-89.956589967027,29.986741871744],[-89.956767005487,29.986808269256],[-89.957048367995,29.986837031537],[-89.95736009754,29.986814470573],[-89.957657177622,29.986778849264],[-89.957896018674,29.986665161406],[-89.958091086799,29.986499378507],[-89.958302049124,29.986256303338],[-89.95846728508,29.986103118262],[-89.958676822586,29.985963302869],[-89.95896085177,29.98579844775],[-89.959228807407,29.985723789453],[-89.959467109986,29.98564882181],[-89.959764008941,29.985626101098],[-89.96003071957,29.985641793409],[-89.960371389114,29.98567116527],[-89.96071046189,29.985816704851],[-89.960930383817,29.985999729206],[-89.96131127621,29.986339343666],[-89.961720403432,29.98678252571],[-89.962437364335,29.987487101206],[-89.962789321259,29.987774769782],[-89.963390512828,29.988271583327],[-89.96400582759,29.988820177471],[-89.964328492708,29.98908172126],[-89.964592733574,29.989278109498],[-89.964842682316,29.989435617873],[-89.96509315974,29.989554406868],[-89.965329694351,29.98960850396],[-89.965596771319,29.989598368658],[-89.965863847394,29.989588234918],[-89.966027305478,29.989564113634],[-89.966369585437,29.98947730422],[-89.966576819687,29.989505274067],[-89.966783701154,29.989559060637],[-89.966974516608,29.98970304451],[-89.967253592914,29.989899581312],[-89.967738669173,29.990214437082],[-89.968018103386,29.990385158039],[-89.968312716513,29.99053021509],[-89.968607332902,29.990675272911],[-89.968975912351,29.990834006707],[-89.969300889332,29.990927739045],[-89.969669473243,29.991086470918],[-89.96999357118,29.991244738889],[-89.970316966192,29.99145463805],[-89.970566748193,29.991625045033],[-89.97093410256,29.991874124905],[-89.971123694467,29.99210845427],[-89.971268628981,29.992355231258],[-89.971279931866,29.992613534703],[-89.971217444595,29.992845257427],[-89.971169611466,29.993090038935],[-89.971151256769,29.993348036166],[-89.971207397021,29.993580984279],[-89.971264067963,29.993775209283],[-89.971380579768,29.993931329066],[-89.971541578011,29.994087905444],[-89.971791370315,29.994258310053],[-89.972012388207,29.994363871591],[-89.972263238852,29.994456829818],[-89.97246978065,29.994536420218],[-89.972691680305,29.994577442593],[-89.973017908493,29.994580814198],[-89.97328517398,29.994557757249],[-89.97358156677,29.994573728481],[-89.973893495886,29.99453822307],[-89.974131630196,29.99447613501],[-89.97438512105,29.994375478619],[-89.974608779519,29.994287420992],[-89.974848321634,29.994122072628],[-89.975102691366,29.993956875418],[-89.97532792829,29.993752651447],[-89.975553341649,29.99353551752],[-89.975809464682,29.99324124493],[-89.976020224832,29.993011051219],[-89.976292400236,29.992626577534],[-89.976638893858,29.992229959289],[-89.97680533796,29.991986398288],[-89.976986436227,29.991755896653],[-89.977226667863,29.991538913975],[-89.977615882678,29.991271828233],[-89.978020273353,29.990979077633],[-89.978349295497,29.990775914979],[-89.978589346485,29.990571837965],[-89.978918542206,29.990355766405],[-89.979143589581,29.990164441885],[-89.979443300719,29.989935157815],[-89.979608334329,29.989794852353],[-89.979714580322,29.989615214305],[-89.979836705369,29.989358283746],[-89.979931233525,29.98923228966],[-89.980004714649,29.988998550558],[-89.980097010256,29.988754222343],[-89.980279670081,29.988407547286],[-89.980401964015,29.988137710046],[-89.980509258804,29.987880625707],[-89.980690164395,29.98766302701],[-89.980989164471,29.987485369287],[-89.981377128795,29.987308622571],[-89.981720084029,29.987170143224],[-89.982049912274,29.98706358285],[-89.982107346395,29.987045026419],[-89.982072699089,29.986635820137],[-89.982132840411,29.986257818163],[-89.98222565034,29.985974766558],[-89.982322849137,29.985683195743],[-89.982366263593,29.985446928362],[-89.982355456474,29.985149901697],[-89.9828356606,29.985043059393],[-89.983432528092,29.984765203788],[-89.984092185208,29.984229832266],[-89.984998114414,29.983025760165],[-89.987214861701,29.97917604533],[-89.987250781348,29.978711721065],[-89.987226007902,29.978350044055],[-89.98770457582,29.9780451457],[-89.988330687778,29.977793386453],[-89.988753776927,29.977203940325],[-89.989073455843,29.976573076906],[-89.993865147468,29.971963769529],[-89.997408384162,29.973263050424],[-89.998675628562,29.973727709707],[-89.998687897625,29.973702380224],[-89.998711031382,29.973654607503],[-89.998723742056,29.97362836166],[-89.998953405447,29.973703825683],[-90.007788697513,29.976984320765],[-90.009427871683,29.977373538105],[-90.010405029404,29.977605029695],[-90.010530084383,29.977634852881],[-90.011461997271,29.977854137676],[-90.011660430806,29.977898888691],[-90.020607473409,29.980011832604],[-90.021876432251,29.980311454304],[-90.021747714222,29.980712437913],[-90.021729790366,29.98076827164],[-90.021660751101,29.980982573921],[-90.021033516627,29.98293722921],[-90.02085107297,29.983505542791],[-90.02072308079,29.983915942893],[-90.020079844642,29.985939160829],[-90.020278248504,29.986585670643],[-90.020057349201,29.988727605708],[-90.018792601183,29.990782945476],[-90.016646604158,29.994270180089],[-90.015959452797,29.994717895453],[-90.013373815993,29.996402510682],[-90.012236953486,29.996543731197],[-90.009456687247,29.996839690841],[-89.992194879997,29.998684617789],[-89.992167071636,29.998689358226],[-89.986872559915,29.999213206392],[-89.964055746428,30.001517536649],[-89.95410648323,30.002656165837],[-89.944798200317,30.004590403826],[-89.94127563913,30.00532219322],[-89.940104373437,30.005565492216],[-89.93991521853,30.005604783608],[-89.939747287294,30.005638412518],[-89.93937470014,30.00571290028],[-89.904505488584,30.012678825832],[-89.863435333413,30.029039355156],[-89.853344731482,30.033293938037],[-89.830168478048,30.04306161907],[-89.83005531236,30.043109298867],[-89.830340741547,30.044258670054],[-89.831447178207,30.048713834629],[-89.835297364743,30.064213748854],[-89.846581134613,30.074848865487],[-89.847253332276,30.074860381535],[-89.847808042208,30.07486988161],[-89.851443857145,30.07493209367],[-89.856073055005,30.075011158178],[-89.85894627211,30.088190392439],[-89.866709336282,30.123781129604],[-89.86794779487,30.12389757872],[-89.86865219962,30.124187764663],[-89.880838965114,30.147931677584],[-89.880862635927,30.147942836129],[-89.880835759553,30.147969348683],[-89.880761260422,30.147981598188],[-89.8806621093,30.147984814171],[-89.88058926097,30.148036598846],[-89.880519260536,30.148114597663],[-89.880456259474,30.148191598582],[-89.880395841763,30.148271136257],[-89.880298816843,30.148395363139],[-89.880205185276,30.148512293885],[-89.880180993421,30.148537059023],[-89.880153078781,30.148548935305],[-89.880061108569,30.148500828154],[-89.879989259184,30.148444211851],[-89.880033261843,30.148333599516],[-89.880054903935,30.148287281801],[-89.880071410596,30.148268591887],[-89.880102259398,30.148241598097],[-89.880155196012,30.148201017165],[-89.880196260049,30.148155597773],[-89.880224259316,30.148114599047],[-89.880280260052,30.14805059911],[-89.880420261718,30.147919598274],[-89.880443732433,30.147860854803],[-89.880444966734,30.147824113079],[-89.880442183159,30.147788989903],[-89.88041626123,30.147722598157],[-89.880379260183,30.147689598464],[-89.880338261019,30.147640598761],[-89.880292003409,30.147612790331],[-89.880210260797,30.147585598192],[-89.880176418683,30.147549121754],[-89.880156686308,30.147508938033],[-89.880150455904,30.1474731672],[-89.880148708547,30.14744247931],[-89.880145260154,30.147310597304],[-89.880116227764,30.147259544944],[-89.880076261508,30.14722759803],[-89.880018148749,30.147182685615],[-89.879991200767,30.147164594499],[-89.879911553578,30.147114741291],[-89.879927564049,30.147063936221],[-89.879926876573,30.147019242154],[-89.879921661759,30.146983380422],[-89.879911807978,30.146960447724],[-89.879899706546,30.146932287053],[-89.879892415627,30.146897537265],[-89.879819736819,30.146868308183],[-89.879771034039,30.146889127487],[-89.879727915781,30.146909375458],[-89.879696177217,30.146944294733],[-89.879661008815,30.146969348479],[-89.879622668322,30.146909172439],[-89.879623482017,30.146855096648],[-89.879626837312,30.14683061366],[-89.879654297282,30.146783877914],[-89.879683227036,30.146756090781],[-89.879706201152,30.146710624842],[-89.879669246351,30.146675608514],[-89.879636190841,30.146673953627],[-89.879565510085,30.146683766507],[-89.879551393416,30.146622260899],[-89.879463430562,30.146569788386],[-89.879403066169,30.146579664959],[-89.879376570768,30.146588126886],[-89.87934626074,30.14660159787],[-89.879313260713,30.146629597702],[-89.879295933749,30.14667002615],[-89.879298531159,30.146710713058],[-89.87930346273,30.146788702704],[-89.879301341126,30.146816118739],[-89.879259951616,30.146863478693],[-89.879211683246,30.146862805533],[-89.879184116519,30.146862307184],[-89.879141051562,30.1468599821],[-89.87909523143,30.146848635247],[-89.879085350087,30.146813292941],[-89.879091618994,30.146772014621],[-89.87908752967,30.146729215472],[-89.879059260682,30.146698598977],[-89.879010449056,30.146683880068],[-89.878967162936,30.146678456337],[-89.878925992311,30.146672220292],[-89.878865493953,30.146656210118],[-89.878828170896,30.146687522988],[-89.87882665629,30.146720067948],[-89.878822998285,30.146767869373],[-89.878820509419,30.146797849507],[-89.878747758175,30.146808597943],[-89.878738881869,30.14677721538],[-89.878727250177,30.146726014653],[-89.878724833946,30.146667505396],[-89.878713072467,30.14663883304],[-89.878665259097,30.146624597394],[-89.878589842104,30.14663307764],[-89.878562530044,30.146638051272],[-89.878509259583,30.14664959814],[-89.878448260105,30.146649597323],[-89.878314260189,30.146637598806],[-89.878246259837,30.146633597293],[-89.878164260539,30.146632600038],[-89.878058259101,30.146645597827],[-89.878028737507,30.146652384375],[-89.87797126047,30.146665598105],[-89.877839258931,30.146699597379],[-89.87774236248,30.146746146949],[-89.877549259949,30.146882597494],[-89.877503259694,30.146961597535],[-89.87747025911,30.147007598645],[-89.877425257943,30.147054599243],[-89.877358258292,30.147096597913],[-89.877260259313,30.147127599294],[-89.87719925962,30.147164597528],[-89.87714225865,30.147208598143],[-89.877066258079,30.147261597772],[-89.876984257684,30.147311597553],[-89.876907259353,30.147337600002],[-89.876824258939,30.147341597642],[-89.876734258832,30.147332597558],[-89.876634259655,30.147308598239],[-89.876533258233,30.1473075977],[-89.876435257678,30.147328597565],[-89.876303257888,30.147363597813],[-89.876084258136,30.147406598846],[-89.875980257986,30.147448598978],[-89.875872259307,30.147507599846],[-89.875744257126,30.14756159938],[-89.875664258487,30.147592598653],[-89.87556625698,30.147621599422],[-89.87547125868,30.14765659824],[-89.875290258429,30.147746599088],[-89.875239526654,30.147761394179],[-89.875182086787,30.147762318254],[-89.866138781525,30.152108940825],[-89.866169253544,30.152164599501],[-89.86619079454,30.152204867407],[-89.866198022312,30.152247234441],[-89.866193240548,30.152282802455],[-89.866184839197,30.152306617899],[-89.866150143135,30.152350272058],[-89.86611774365,30.152381936755],[-89.866054168807,30.152424803478],[-89.866006449211,30.152448167972],[-89.865901111713,30.152488024915],[-89.865847253845,30.152493600182],[-89.86577872751,30.152484369857],[-89.865710936944,30.1524520406],[-89.865659815862,30.152454568407],[-89.865634887235,30.15247107968],[-89.865613476745,30.152491272559],[-89.865590304116,30.152519944394],[-89.865558353677,30.152552564342],[-89.865514203895,30.152581478535],[-89.86546523122,30.15258784159],[-89.865374468212,30.152596208247],[-89.865343772147,30.152600222073],[-89.865282253184,30.152609599248],[-89.865227252406,30.152615600124],[-89.863881252863,30.152598600106],[-89.863820118125,30.152663830584],[-89.863784947614,30.152721165831],[-89.863774066228,30.152746997873],[-89.863772695396,30.152776486848],[-89.863771957965,30.152806529882],[-89.863774270349,30.152857658346],[-89.86376880116,30.152899071594],[-89.863758477344,30.152931747008],[-89.863707273277,30.152976432326],[-89.863663169189,30.153004835317],[-89.863585567381,30.153037593597],[-89.863511674276,30.153050304798],[-89.863479498863,30.153053490703],[-89.863435649394,30.153056296537],[-89.863406948015,30.15306269052],[-89.863343772388,30.153101396997],[-89.863319801322,30.153125330126],[-89.863289418789,30.153158352095],[-89.86325440929,30.153189549115],[-89.863205995641,30.153219250638],[-89.863155380727,30.153239806694],[-89.863095252164,30.153259600525],[-89.863020252623,30.153260601605],[-89.862852722,30.153230886926],[-89.862672604227,30.153161096349],[-89.862565592105,30.153095629018],[-89.862466252834,30.153053600684],[-89.86238625138,30.153032600799],[-89.862265820908,30.153020582568],[-89.862211258895,30.152988630713],[-89.862170493306,30.152955800726],[-89.862126251544,30.152926601138],[-89.862028251516,30.152912599209],[-89.861931250964,30.152907600437],[-89.861729250913,30.152911600962],[-89.861619252243,30.152925599804],[-89.861443251187,30.152979600302],[-89.861178251882,30.152993598748],[-89.860921252129,30.15301060052],[-89.860679251183,30.153080600321],[-89.860287251976,30.15318960055],[-89.860158250611,30.153219601603],[-89.860059250728,30.15322160002],[-89.859978252689,30.153210601103],[-89.859903250703,30.15321160179],[-89.85972925133,30.153251600289],[-89.859652251799,30.153270599975],[-89.859606250097,30.153273600127],[-89.859558249635,30.15327059963],[-89.859477250601,30.153271599921],[-89.859375251714,30.153284600065],[-89.859245250325,30.153314599609],[-89.85913163811,30.153361523181],[-89.858855115628,30.153466009382],[-89.858635061476,30.153542005308],[-89.85857619488,30.153562334974],[-89.858245699552,30.153698652589],[-89.857991272066,30.153810391005],[-89.85784627261,30.15390565944],[-89.857647263139,30.154042462033],[-89.857393540082,30.154230632461],[-89.857270862029,30.154352086572],[-89.857231123397,30.154383225548],[-89.857201555187,30.154410989396],[-89.857177834873,30.154451929838],[-89.857178986549,30.154477303306],[-89.857192549537,30.154522570418],[-89.85719556562,30.154547917591],[-89.857180002442,30.154584569124],[-89.857164249412,30.15465960012],[-89.857172174488,30.15470714277],[-89.857171236532,30.154742052336],[-89.857169529359,30.154767538113],[-89.857161001143,30.154816198939],[-89.857059397216,30.154947720025],[-89.856956248977,30.154978600194],[-89.856907290632,30.154972950161],[-89.856866601936,30.154942098316],[-89.856815073513,30.15490965725],[-89.856787319656,30.154892185259],[-89.856644691106,30.154792216459],[-89.85657290003,30.1547922234],[-89.856516460646,30.154814154871],[-89.856458789417,30.154844639388],[-89.856418938091,30.15488312723],[-89.856337879935,30.155081464197],[-89.856258756481,30.155275069437],[-89.856152064084,30.155536133344],[-89.856019965483,30.155525014993],[-89.855836613762,30.155442267672],[-89.855890117303,30.155266573068],[-89.855941834016,30.155096746599],[-89.855980248858,30.154970600844],[-89.855987777055,30.154912777],[-89.855979138075,30.154869544557],[-89.855955247883,30.154828199695],[-89.855905890457,30.154785684546],[-89.855739542459,30.154694904272],[-89.855660248695,30.154648599761],[-89.855602248074,30.154635600313],[-89.855515249933,30.154608600801],[-89.85543924944,30.154591600092],[-89.855351249977,30.154580600823],[-89.855235247978,30.154570599819],[-89.855112245726,30.15456160156],[-89.855047249387,30.154560601108],[-89.854978913828,30.154544870887],[-89.854847553519,30.154476977799],[-89.854738643526,30.154408689373],[-89.854554319803,30.154330180015],[-89.854498736744,30.154287074956],[-89.854453203471,30.154234709655],[-89.854432551771,30.154175924242],[-89.854416105453,30.154094489316],[-89.85441488606,30.154070941208],[-89.854414503469,30.154045430607],[-89.854426247188,30.153991600692],[-89.854450248077,30.153941601396],[-89.854546248282,30.153852600335],[-89.854585748667,30.153816600538],[-89.854637778111,30.153806051844],[-89.854696247606,30.153805601597],[-89.85479024931,30.153818600374],[-89.854837248385,30.153819600489],[-89.854882248958,30.153811600176],[-89.854934247445,30.153777598955],[-89.855013249085,30.153688600553],[-89.855165247426,30.153551600102],[-89.855258248104,30.153448600527],[-89.85528424854,30.153398600264],[-89.855302248665,30.153323600986],[-89.855317784108,30.153211625792],[-89.855311637588,30.153031555442],[-89.855308451748,30.152938217635],[-89.85530928149,30.152907967273],[-89.855310800074,30.15274622396],[-89.855291420842,30.152696440791],[-89.855263036082,30.152663737574],[-89.855200045421,30.152628553426],[-89.855120349313,30.152577283715],[-89.855083504554,30.152546906635],[-89.855047899033,30.152493133609],[-89.855014319818,30.152388486818],[-89.854945977593,30.152113914981],[-89.854936824597,30.152087181757],[-89.85490298836,30.151985022766],[-89.854880257555,30.151840459457],[-89.854856876129,30.151571241492],[-89.854867247925,30.151482599233],[-89.854914348691,30.151123443962],[-89.854912861884,30.150943359584],[-89.854912429364,30.150890758808],[-89.854936248137,30.150515599757],[-89.854991249398,30.150331599562],[-89.855043248259,30.150172600328],[-89.855158248338,30.150039599739],[-89.855253247368,30.149936600713],[-89.855378248202,30.149851599686],[-89.855436950089,30.149809899227],[-89.855461164532,30.149769969905],[-89.855460909907,30.149736966024],[-89.855452567438,30.149711024746],[-89.855442141258,30.149684064666],[-89.855441404307,30.14965266752],[-89.85546308494,30.149608258453],[-89.855486641977,30.149566554735],[-89.855449764549,30.149530914319],[-89.855428414162,30.149510281052],[-89.855415248785,30.149472599442],[-89.8554557989,30.14939913343],[-89.855497121767,30.149364528676],[-89.855541073893,30.149356350965],[-89.855583995348,30.149346991651],[-89.855635291406,30.149298741228],[-89.855664117387,30.149256617817],[-89.85571066045,30.149203097514],[-89.855730330076,30.149182617076],[-89.855753923433,30.149159196387],[-89.855765366212,30.149132111819],[-89.8557771673,30.149096874111],[-89.855804511426,30.149067209504],[-89.855823762832,30.149048816629],[-89.855846491865,30.149030797823],[-89.855884187258,30.149004369996],[-89.855938726502,30.148980518846],[-89.855975986877,30.148976257639],[-89.85601899406,30.148975247787],[-89.856038359875,30.148947500814],[-89.856090006109,30.14889805876],[-89.85614394295,30.148869322113],[-89.856177316747,30.148856811574],[-89.856208452334,30.148842393476],[-89.856234448997,30.148806132063],[-89.856288121306,30.148771685835],[-89.856333079088,30.148754011013],[-89.856370554659,30.148738237615],[-89.85642469472,30.148710970953],[-89.856478247751,30.148714600123],[-89.856531250012,30.148725599529],[-89.856587122771,30.148698928779],[-89.85658437816,30.148660541742],[-89.856609248765,30.148634598724],[-89.856654249613,30.148605599159],[-89.856688851173,30.148571900118],[-89.856836243619,30.148520864085],[-89.856886938933,30.14853163758],[-89.856959603314,30.148536456307],[-89.85699714476,30.148509725131],[-89.85700292829,30.148481650633],[-89.856985710113,30.148457118012],[-89.856959360543,30.148442409421],[-89.85692277602,30.148420497716],[-89.856895987353,30.14838426809],[-89.856894991079,30.148348641277],[-89.856954090522,30.148321765038],[-89.85698005484,30.148329237208],[-89.857014331151,30.148339100277],[-89.857023714926,30.14827209169],[-89.856951352349,30.148263374852],[-89.856889539396,30.148262382045],[-89.856832633176,30.148252188074],[-89.856795047735,30.148253700311],[-89.856739569449,30.148259196672],[-89.856699705774,30.148227140261],[-89.856738248262,30.148176598689],[-89.856753458253,30.148127654332],[-89.856741820797,30.148070927265],[-89.856737377895,30.148042619972],[-89.856734987296,30.147997946025],[-89.856753248669,30.147959599242],[-89.856794248671,30.147929598799],[-89.856861126112,30.14788620465],[-89.856886248448,30.147852443752],[-89.856889034205,30.14782752688],[-89.856879035153,30.147790648921],[-89.85687190006,30.147765921552],[-89.856862988864,30.147735219225],[-89.856908760364,30.147690540444],[-89.856928696296,30.147670200088],[-89.856947030794,30.147645925488],[-89.856962821075,30.147623009964],[-89.856984841832,30.147605522289],[-89.85701321816,30.14759382149],[-89.857061916188,30.147554933378],[-89.857000264984,30.147523389879],[-89.856914292933,30.147508873896],[-89.856904643883,30.147459317439],[-89.856940249292,30.147420598845],[-89.856986250613,30.147398598195],[-89.857050247027,30.147378598433],[-89.85709573212,30.147369178639],[-89.857171015413,30.147344863713],[-89.857203848934,30.147299357096],[-89.857210251173,30.147225599722],[-89.857210767565,30.147181582064],[-89.857197791657,30.147131148516],[-89.857134035724,30.147094065026],[-89.857103960801,30.147076158044],[-89.857082300852,30.14706199407],[-89.857037304751,30.147037673473],[-89.85698975461,30.147036632031],[-89.856958101818,30.147044567088],[-89.856933127617,30.147069280548],[-89.856923843495,30.147126730047],[-89.856912009456,30.147222310881],[-89.856857169739,30.147200839572],[-89.856792140921,30.1471799546],[-89.85675975972,30.147177409569],[-89.856680040674,30.147178457623],[-89.85666076796,30.147148339697],[-89.856632733121,30.147107629215],[-89.856653105876,30.147043132366],[-89.856711935699,30.146996916664],[-89.856705014222,30.146967349616],[-89.856739402159,30.146920211771],[-89.856768550204,30.146904473121],[-89.856761295534,30.146861594077],[-89.85673073952,30.146831400476],[-89.856700641875,30.146809136136],[-89.85667457059,30.146745757281],[-89.856687433349,30.146693617257],[-89.856631102943,30.146653066451],[-89.856557012251,30.146660348663],[-89.856518246692,30.14668024784],[-89.856493463619,30.146639363959],[-89.856522960111,30.146584559107],[-89.856511516018,30.146506457441],[-89.85649866721,30.146461520599],[-89.856507123548,30.146423142149],[-89.856542603392,30.146392439314],[-89.856580194517,30.146334125606],[-89.856601201752,30.146297517476],[-89.856640880054,30.146229219175],[-89.856621029282,30.146198493551],[-89.856597353912,30.146161848157],[-89.856591509887,30.146134627604],[-89.856586774129,30.146107833412],[-89.856599249261,30.146033597771],[-89.856630250067,30.145949599693],[-89.85666989481,30.145904475727],[-89.856686851144,30.145877473944],[-89.856698922596,30.145856294373],[-89.856719020869,30.145826950394],[-89.856766840226,30.145745933389],[-89.856759795894,30.145702695541],[-89.856798322166,30.14563427728],[-89.856851845568,30.145608379845],[-89.856869585869,30.145564498042],[-89.85686889723,30.145525716544],[-89.856869183461,30.145500619607],[-89.856874248763,30.145454598628],[-89.856903030613,30.145432878953],[-89.856935946376,30.145422658817],[-89.856966248115,30.145416598154],[-89.856990927285,30.145385530666],[-89.857036160334,30.145334914669],[-89.857116362504,30.145301393843],[-89.857098738984,30.145280033794],[-89.857081681277,30.145259355911],[-89.857033755147,30.145167405844],[-89.857033249234,30.145124599554],[-89.857031866711,30.145075849497],[-89.857018053306,30.144990686327],[-89.857013922726,30.144957652398],[-89.857014248891,30.144905599332],[-89.857026271308,30.144864383557],[-89.857032535364,30.144836008184],[-89.857038791542,30.144746420582],[-89.857028847086,30.144569495893],[-89.85702587049,30.144528886549],[-89.857029611178,30.14446457015],[-89.857052955865,30.144418650359],[-89.857068263713,30.144397206387],[-89.857101249102,30.144355599488],[-89.857175249056,30.14429759824],[-89.857201249618,30.144256598092],[-89.860594251733,30.141533597801],[-89.86070724975,30.141467598518],[-89.860783250517,30.141411597941],[-89.86081825035,30.141365598583],[-89.860857249666,30.141289096944],[-89.860897227307,30.141265027621],[-89.860924330862,30.141259821595],[-89.860969250152,30.141258598499],[-89.861028250688,30.141254597702],[-89.861075250963,30.141244597902],[-89.861116249883,30.141219599385],[-89.861151985287,30.141185138847],[-89.861170729443,30.141166972549],[-89.861211249901,30.141127598058],[-89.86128047367,30.141043388569],[-89.861296764508,30.141023567931],[-89.861296878158,30.140982945307],[-89.861281493391,30.140925247468],[-89.861256636554,30.140875346176],[-89.861227554943,30.140843634632],[-89.861204970753,30.140828924547],[-89.861157250795,30.140801598409],[-89.86109525123,30.140797597276],[-89.861026690751,30.140776455244],[-89.861000093781,30.140741159211],[-89.860980764649,30.140720003779],[-89.860962227013,30.140699715351],[-89.860943613423,30.140652296306],[-89.860981091087,30.140562546087],[-89.860989274681,30.140538356073],[-89.860997574258,30.140484241328],[-89.860993747274,30.140422048703],[-89.860967722696,30.140378449826],[-89.860924351918,30.14035615292],[-89.860894656176,30.140347972434],[-89.860844150407,30.140351530902],[-89.860810693681,30.140353887991],[-89.860797236589,30.140303943569],[-89.860866250632,30.14025959694],[-89.860910249385,30.140222597236],[-89.860934251,30.140168596619],[-89.860935741157,30.140116344617],[-89.860914658156,30.140045911914],[-89.860908685263,30.140003849922],[-89.860907197212,30.139972084636],[-89.860905094859,30.139946095085],[-89.860902250153,30.139910930553],[-89.860840337779,30.139908246734],[-89.860781328464,30.139892352504],[-89.860766663194,30.139868303625],[-89.860753455371,30.139846644183],[-89.860785675585,30.139786407906],[-89.860811281759,30.139724953754],[-89.860820542181,30.139694381408],[-89.86082689854,30.139648383117],[-89.86082381276,30.139602518716],[-89.860821238358,30.139569398778],[-89.860820787524,30.139545712127],[-89.860825186922,30.139460276824],[-89.860795128466,30.139416333647],[-89.860778048573,30.139371700499],[-89.860821319104,30.139350676846],[-89.860862665743,30.139331639477],[-89.860870467613,30.139268071584],[-89.860863082217,30.139230720415],[-89.860856043281,30.139208174565],[-89.860846031354,30.139173660716],[-89.860836352434,30.139131305992],[-89.860811117961,30.139072643406],[-89.860800375995,30.139048338447],[-89.860767566012,30.139009997875],[-89.860758575797,30.138982968315],[-89.86074813611,30.138951587374],[-89.860765173787,30.138932678362],[-89.860816369414,30.138873758593],[-89.860830251043,30.138823597866],[-89.860839429428,30.138787995272],[-89.860854028967,30.13875501506],[-89.860898116884,30.1387196644],[-89.860921622176,30.13869603271],[-89.860965249661,30.138640597598],[-89.861005249942,30.138594597002],[-89.861040250692,30.138562597186],[-89.861097251873,30.138536597497],[-89.861156251197,30.138502597393],[-89.86121574891,30.138446220077],[-89.861236252333,30.138395082892],[-89.861242452685,30.138352661227],[-89.861252246191,30.138315596238],[-89.861289531577,30.138196691407],[-89.861270729026,30.138139939549],[-89.861252896447,30.138118995155],[-89.861234785034,30.138099873802],[-89.861207479005,30.138086288755],[-89.86117804989,30.138073210804],[-89.861138336292,30.138054140356],[-89.861112622331,30.138024194671],[-89.861069305504,30.137952182406],[-89.86103093313,30.137886659843],[-89.860975444908,30.137747176081],[-89.860955891925,30.137654750091],[-89.860942367531,30.137581766024],[-89.860929465674,30.137505188686],[-89.860915607662,30.137454115489],[-89.860904244771,30.137426129454],[-89.860894744945,30.137402733142],[-89.860880114355,30.137353024098],[-89.86087182136,30.137291389796],[-89.860866379459,30.137183459662],[-89.860868234271,30.13712763401],[-89.860864124541,30.137096741237],[-89.860843540877,30.137042597413],[-89.860807478871,30.136981901808],[-89.860798501267,30.136945759187],[-89.860789916719,30.136897604495],[-89.860784200681,30.136842240571],[-89.860750663133,30.136775261847],[-89.860728671659,30.136749017013],[-89.860709013073,30.136725549442],[-89.860676629918,30.136659328417],[-89.860643457362,30.136533770236],[-89.86064114166,30.136502225884],[-89.860639396105,30.136474081148],[-89.860651101161,30.136438053408],[-89.860662956456,30.136401559893],[-89.860667064092,30.136364667253],[-89.860657572217,30.136322777807],[-89.860650360599,30.136281362981],[-89.860664250483,30.136236595633],[-89.860684631525,30.136190601226],[-89.860687749513,30.136151674252],[-89.860680529414,30.136121842838],[-89.860670496783,30.136093245783],[-89.860642752953,30.136009895609],[-89.860665647677,30.135967373924],[-89.860691783169,30.135953867621],[-89.86071758255,30.135937347282],[-89.860740516587,30.135898462853],[-89.860726467061,30.135860144541],[-89.860694835668,30.135840108236],[-89.860668552105,30.135834435403],[-89.86062919548,30.135828153291],[-89.860636416313,30.135805568893],[-89.860645644603,30.135776710404],[-89.860650031943,30.135721557889],[-89.860636248736,30.13567985774],[-89.860595859949,30.135641175462],[-89.860579846132,30.135602164985],[-89.86057425579,30.135543571814],[-89.86056054117,30.135497511182],[-89.860550205476,30.135472600358],[-89.860523351393,30.135428837188],[-89.860505068174,30.135400235231],[-89.860489933261,30.135376556273],[-89.860481962106,30.135345927978],[-89.860476210758,30.135317669486],[-89.860481250627,30.135262595365],[-89.86050184428,30.135099141341],[-89.860510483085,30.134951696314],[-89.860536249994,30.134920596646],[-89.860575898948,30.134895364269],[-89.860599596958,30.134881648417],[-89.860646250085,30.134859596065],[-89.860702417961,30.134814883542],[-89.860721084261,30.134757921457],[-89.860717594818,30.134734550724],[-89.860705972297,30.134709139776],[-89.860682525748,30.134683559426],[-89.860652374544,30.13465157738],[-89.860585074915,30.134600945466],[-89.860539919051,30.134588190781],[-89.860500303677,30.134566852238],[-89.860480671988,30.134547404017],[-89.860455769292,30.134504188509],[-89.860434199804,30.134474148166],[-89.860409474044,30.134439124886],[-89.860366832449,30.134367597169],[-89.860267792622,30.134199974172],[-89.860206126927,30.134102550012],[-89.860173540202,30.134031226107],[-89.860132658607,30.133977459318],[-89.860104680185,30.133945847785],[-89.860080219205,30.133913199855],[-89.860046858225,30.133847961735],[-89.860039292114,30.133805135606],[-89.860009665325,30.133755638268],[-89.859980904062,30.133711800851],[-89.859948474364,30.133602398209],[-89.859904513103,30.133400586461],[-89.85987814535,30.133223658292],[-89.859869311723,30.133161296231],[-89.859880249738,30.133106596385],[-89.859893615944,30.133045211801],[-89.859885580879,30.132973544123],[-89.85984280244,30.132861680758],[-89.859792671972,30.13280005456],[-89.859748006361,30.132735614321],[-89.85972688554,30.132677588769],[-89.859722131844,30.132632670099],[-89.859715391251,30.132571233233],[-89.859705887074,30.132539258591],[-89.85969667026,30.132512604427],[-89.859683622876,30.132484343164],[-89.859668048596,30.132450607555],[-89.859615606877,30.132307923632],[-89.859581015475,30.132253263198],[-89.85953957376,30.132187776881],[-89.859484292441,30.132073962916],[-89.85945263225,30.132002773054],[-89.859420193529,30.131917535431],[-89.859402913438,30.13186302556],[-89.859384458959,30.131819464446],[-89.859356109188,30.131768947748],[-89.859336525738,30.131725496497],[-89.859333569562,30.131699449454],[-89.859330789258,30.131667100815],[-89.85933136489,30.131636468728],[-89.859331323476,30.131589521718],[-89.859325951555,30.131541736486],[-89.859305934653,30.131478598819],[-89.859280581626,30.131435744794],[-89.85921424557,30.13136250145],[-89.859164297156,30.131305286837],[-89.85908439436,30.131136913041],[-89.859053820836,30.131064682747],[-89.859026276413,30.130985500588],[-89.859007015803,30.130903626776],[-89.859001267471,30.130854911559],[-89.85899736342,30.130826484961],[-89.858966387973,30.130753349737],[-89.858918266639,30.130701857808],[-89.858875849763,30.130654282628],[-89.858849383999,30.130554883919],[-89.858839363726,30.130480939033],[-89.858808662839,30.130400980203],[-89.858771675834,30.130361434235],[-89.858741239544,30.130343148243],[-89.85870169655,30.130323405883],[-89.858642266556,30.130292733982],[-89.858615302162,30.13026362769],[-89.858597054901,30.130229689549],[-89.858563791567,30.130120647438],[-89.858538803614,30.130039071314],[-89.858513134449,30.129983812725],[-89.858462215022,30.129926559499],[-89.858395056353,30.129854447674],[-89.858332829512,30.129763117746],[-89.85829317529,30.12965449402],[-89.858241621204,30.129558250615],[-89.858201036514,30.129487364623],[-89.857852653506,30.128878834195],[-89.857675997113,30.128489839889],[-89.857471657441,30.128172989776],[-89.857328043275,30.127950296424],[-89.857062044904,30.127492083645],[-89.856684377624,30.126979024905],[-89.856599827785,30.126870874066],[-89.8565463387,30.126818223534],[-89.856476260708,30.126766648675],[-89.85631034069,30.126651438645],[-89.856264987937,30.12661663251],[-89.856232740346,30.126577787262],[-89.856184200783,30.126489851493],[-89.856139075698,30.126423265305],[-89.856088281464,30.126360241844],[-89.855957033752,30.126197395494],[-89.855906921488,30.126117129611],[-89.855884642243,30.126038405562],[-89.855887379627,30.125924455219],[-89.855876141245,30.125882744262],[-89.855868859695,30.125858294558],[-89.855835043869,30.125805196139],[-89.855767226882,30.125718160647],[-89.855750370219,30.125697713525],[-89.855628929197,30.12555039846],[-89.855467038775,30.125312321965],[-89.855394595897,30.125191602437],[-89.855368615967,30.125143898463],[-89.855346134935,30.125065990785],[-89.855329194139,30.125030323692],[-89.855299020672,30.124983289347],[-89.855246732396,30.124915103275],[-89.855227621989,30.124871310964],[-89.855169761778,30.124765381733],[-89.855142329626,30.124731128149],[-89.855122284883,30.124688908627],[-89.855108920939,30.124647209655],[-89.855104816748,30.124615880188],[-89.855101543053,30.124590035006],[-89.855097362795,30.124553899917],[-89.855070435358,30.124479368659],[-89.854993974716,30.124333031188],[-89.854870974747,30.12416047794],[-89.85461950003,30.123872317792],[-89.854573690385,30.123820844449],[-89.854549191949,30.123788225937],[-89.854525942604,30.123750732185],[-89.854504945834,30.123718229685],[-89.854466829059,30.123672204242],[-89.854434756007,30.123643259352],[-89.854402650053,30.123609659268],[-89.854391452582,30.123584505884],[-89.854377908528,30.123544168443],[-89.854381246333,30.12350159375],[-89.854399245813,30.123375594657],[-89.854427247782,30.123290593739],[-89.854480246535,30.123179593822],[-89.854542245905,30.123073594674],[-89.854596246832,30.123032592968],[-89.854642546277,30.123001406539],[-89.85468290318,30.122954779574],[-89.854710247067,30.122907594076],[-89.854806640721,30.122732442063],[-89.854788792229,30.122683167021],[-89.854591996141,30.12250159532],[-89.854564520737,30.122505112584],[-89.854515555136,30.12251227127],[-89.854488636027,30.12252031934],[-89.854458759439,30.122532511731],[-89.85440341983,30.122557112863],[-89.854349900682,30.122508192901],[-89.854333652538,30.122471089531],[-89.854289308162,30.122428048777],[-89.854222088771,30.122426066],[-89.854173660296,30.122447226725],[-89.854147415456,30.122465711284],[-89.854126022734,30.122489782288],[-89.85411134108,30.122515923025],[-89.854094567924,30.122559876018],[-89.854083015237,30.122605333604],[-89.854063562418,30.122657569299],[-89.854026683296,30.122690963385],[-89.853977435329,30.122707855667],[-89.853940940337,30.12271271124],[-89.85387137903,30.122686500039],[-89.853851854316,30.122643954553],[-89.853847389556,30.122607163607],[-89.853850277204,30.122578661667],[-89.853869812012,30.122541958474],[-89.853896989513,30.122517825721],[-89.853921012974,30.1225036543],[-89.853944088583,30.122488033973],[-89.853968690117,30.122468691144],[-89.853992813274,30.122431392459],[-89.8539786202,30.122344369949],[-89.853930319301,30.122320189764],[-89.853890268605,30.122314624293],[-89.853857053219,30.122310723746],[-89.853775234827,30.122310618461],[-89.853736127037,30.122343144063],[-89.853684660364,30.122356758869],[-89.853662624119,30.122319746722],[-89.853693247498,30.122287594759],[-89.853713910778,30.12223412874],[-89.853714763475,30.12216467646],[-89.853693636219,30.122056333703],[-89.853639462072,30.122011642735],[-89.853579249013,30.121983094858],[-89.853544089104,30.121939800028],[-89.853536203696,30.121903233956],[-89.85357077092,30.121864043396],[-89.853627246383,30.121846593881],[-89.853663803953,30.121815917238],[-89.853673242067,30.121792935648],[-89.853681818076,30.121733949075],[-89.853597093326,30.121723566499],[-89.853514781062,30.121755864654],[-89.853456084102,30.121766513218],[-89.853396207801,30.121760116744],[-89.853388901277,30.121722855981],[-89.853395057789,30.121657105017],[-89.853363370498,30.121623517804],[-89.853331609392,30.12159697112],[-89.853309474846,30.121578967098],[-89.85321642424,30.121579611105],[-89.853158444969,30.121572703603],[-89.8531125122,30.121539173886],[-89.853084863903,30.121479518643],[-89.85311924586,30.121437593205],[-89.853218246965,30.121420593977],[-89.853270004444,30.121378659459],[-89.853280166283,30.121348340528],[-89.853287973807,30.121314817323],[-89.853287147371,30.12125636512],[-89.853246246336,30.121231594041],[-89.853188358684,30.121219896885],[-89.853171550232,30.121182013372],[-89.853193774739,30.12114196411],[-89.853234246063,30.121112593095],[-89.853304722718,30.121072100055],[-89.853325165821,30.121028435461],[-89.853327720255,30.121005198486],[-89.853331813964,30.12098082917],[-89.853355424416,30.12094930605],[-89.853386247009,30.120907594013],[-89.853421615693,30.12084207459],[-89.853450829019,30.12079873443],[-89.853441860424,30.120764279434],[-89.853398245653,30.12074159414],[-89.853296526884,30.120722664818],[-89.853286526256,30.120696084384],[-89.853278432588,30.120602749935],[-89.853272854837,30.120570796283],[-89.853226385773,30.120474088899],[-89.853221110374,30.120413123443],[-89.853213902594,30.120362960929],[-89.853188245996,30.120319593183],[-89.853170289963,30.12027066234],[-89.85315166768,30.120223570594],[-89.85311206778,30.120206202514],[-89.85305155044,30.120219520416],[-89.853001180755,30.120258452408],[-89.852976179569,30.120276321333],[-89.852925961179,30.120302508443],[-89.852842548941,30.120319413619],[-89.852811369857,30.120323430988],[-89.852631246177,30.120343594023],[-89.852573253832,30.120322581544],[-89.852579246287,30.120263593451],[-89.852631245805,30.120173593747],[-89.852660246857,30.120105591795],[-89.852709246639,30.120032593659],[-89.852749246718,30.119991593112],[-89.852795245985,30.119955593546],[-89.852845246745,30.119918594885],[-89.852895246365,30.119868593383],[-89.852929245579,30.119813593296],[-89.852953245804,30.119759593208],[-89.852978247121,30.119710592877],[-89.853002246013,30.119669593461],[-89.853047246475,30.119619594186],[-89.853117245351,30.11956459356],[-89.853152245831,30.119527593169],[-89.853166247108,30.119482593277],[-89.853167836368,30.119424470194],[-89.85315993733,30.119386936635],[-89.853139246704,30.119336593827],[-89.853100895868,30.11930086124],[-89.853011995513,30.119262576348],[-89.852921246274,30.119260592608],[-89.852818246748,30.119249593106],[-89.85273024504,30.119237594071],[-89.85267324613,30.119207592897],[-89.85261524584,30.119159593344],[-89.85257824617,30.119125592828],[-89.852520244651,30.119090592508],[-89.852463246845,30.119051593478],[-89.852415246963,30.119003593553],[-89.852385050078,30.118958675809],[-89.852373198554,30.118935970411],[-89.852366420978,30.11890908819],[-89.852360411252,30.118875332328],[-89.852361121258,30.118835474404],[-89.852361615927,30.11880285607],[-89.85236087916,30.118755458984],[-89.852347207577,30.118714103277],[-89.852337237848,30.118692283526],[-89.852297245463,30.11863159318],[-89.852265244907,30.118600592151],[-89.852220028785,30.118570879462],[-89.852187788012,30.118554348472],[-89.852149484737,30.118534575727],[-89.852129529569,30.118470653176],[-89.852188250585,30.118430545351],[-89.852177078482,30.118364550381],[-89.852052245953,30.118286592101],[-89.851989245568,30.118267592808],[-89.851927245882,30.118246594119],[-89.851836244406,30.118222593522],[-89.851698833384,30.118220504007],[-89.851636491912,30.118287110878],[-89.851577581643,30.118336284511],[-89.851540114269,30.118324405743],[-89.851525908359,30.118282958753],[-89.851525513533,30.118258111687],[-89.851530245004,30.118213592051],[-89.851558246312,30.118147593208],[-89.851606243752,30.118073592961],[-89.851643245377,30.118003593799],[-89.851711244413,30.117845592933],[-89.851748245169,30.117772592593],[-89.851787989846,30.117679854864],[-89.851793138434,30.117652416747],[-89.85179352633,30.117599548154],[-89.851779244746,30.117551591887],[-89.851759296155,30.117503317771],[-89.851746093836,30.117438769873],[-89.851691925238,30.117366220946],[-89.85166124976,30.117294029031],[-89.851627149455,30.117235249163],[-89.851570147935,30.117223704837],[-89.851539325121,30.117221906667],[-89.851480245373,30.117224592756],[-89.85142424603,30.117225592182],[-89.851279244138,30.117172592534],[-89.85120424268,30.117132592148],[-89.851156244534,30.117110592458],[-89.85110224519,30.117053593651],[-89.851081245199,30.11701859272],[-89.851039242686,30.11697559261],[-89.850985245229,30.11693159096],[-89.850935245356,30.116896591903],[-89.850889244638,30.116857592642],[-89.850807245935,30.116781593297],[-89.850733243936,30.116684592815],[-89.850682244282,30.116633592534],[-89.850643244575,30.116588592224],[-89.8506293047,30.116552000054],[-89.850622543481,30.116527760712],[-89.850619543932,30.116492025885],[-89.8506266347,30.116441134882],[-89.850612156055,30.116382148143],[-89.850563744681,30.116356334957],[-89.850537945444,30.116345000405],[-89.850492309374,30.116322494817],[-89.850463336337,30.116309113224],[-89.850412245241,30.116288592751],[-89.850319244309,30.116214593252],[-89.850286243824,30.11616159253],[-89.850272295427,30.116100239245],[-89.850279243614,30.116051592401],[-89.850291370469,30.115968286928],[-89.850278244373,30.115903591869],[-89.85025007581,30.115872083616],[-89.850221124785,30.115848368949],[-89.850158592551,30.115832425845],[-89.850099700245,30.115806966918],[-89.850074278932,30.11579729303],[-89.850047207519,30.115788257396],[-89.850007749854,30.115774651399],[-89.849940019068,30.115753426027],[-89.849895710353,30.115762205298],[-89.84982478931,30.115723021605],[-89.849808682531,30.115700374358],[-89.849792102526,30.115651975911],[-89.84979972011,30.115606406751],[-89.849780485597,30.115549750106],[-89.849756171708,30.11551911796],[-89.849735899179,30.115466425797],[-89.849721259476,30.115401334179],[-89.849708742387,30.115336664915],[-89.849701117611,30.115310403068],[-89.849667942728,30.115251048751],[-89.849611244386,30.115200592129],[-89.849589832701,30.115144797976],[-89.849602061666,30.115095171506],[-89.849625302335,30.115065844849],[-89.849627414967,30.115028225912],[-89.849597137617,30.114974902949],[-89.849575007627,30.114934174689],[-89.84957167657,30.114905393693],[-89.849569937827,30.114851148746],[-89.849560520678,30.114804909802],[-89.849518392957,30.114750089763],[-89.849462244336,30.114715592535],[-89.849404244206,30.114687592745],[-89.849366244325,30.114662592577],[-89.84932855713,30.114628943089],[-89.849288245076,30.114575592243],[-89.849255244417,30.114546591901],[-89.849138752558,30.114384746939],[-89.849127991597,30.114359205123],[-89.849117243344,30.114322593095],[-89.849094129272,30.114292391796],[-89.849068780258,30.114266267515],[-89.849013243823,30.114218592523],[-89.848904243709,30.114061591434],[-89.848785244941,30.113877591966],[-89.848751708489,30.113804532828],[-89.848747450842,30.113766548568],[-89.84877068867,30.113723335678],[-89.848789775877,30.113705158045],[-89.848870241043,30.113639592255],[-89.848907170996,30.113616427818],[-89.848964242756,30.113598591388],[-89.849011496834,30.113583321665],[-89.849052543097,30.113545458324],[-89.849079244078,30.113506592141],[-89.849090938932,30.113466675554],[-89.849062093489,30.11341757073],[-89.848923244937,30.113324592901],[-89.84881624335,30.113257592107],[-89.848751243899,30.113197591116],[-89.848688244757,30.113129593391],[-89.848653242848,30.113076591486],[-89.848638967566,30.113023032473],[-89.84863753228,30.112968022142],[-89.848649243765,30.112863592161],[-89.848705536409,30.112749894303],[-89.848729591758,30.112713317351],[-89.848732594402,30.112686306411],[-89.848729088093,30.112648441837],[-89.848721172894,30.112611162605],[-89.848717054764,30.112579251885],[-89.848719891286,30.112519485593],[-89.848715579008,30.112493539063],[-89.848700203512,30.112452627643],[-89.848676242513,30.112411592753],[-89.848644239625,30.112349987978],[-89.848629707327,30.112328839511],[-89.848586244215,30.112290593789],[-89.848548243729,30.112258592099],[-89.848508244752,30.1122045926],[-89.84848724351,30.112159591608],[-89.84840524469,30.112054592275],[-89.848369242511,30.111991592099],[-89.848304243794,30.111832591216],[-89.848270243494,30.111742591323],[-89.848233243627,30.111636591659],[-89.848225907347,30.11156962218],[-89.848230085805,30.111545763619],[-89.848241418865,30.11150405134],[-89.848247130584,30.111479729225],[-89.848246154582,30.111442974481],[-89.848234722868,30.111408200533],[-89.848209244277,30.111374591811],[-89.848131244508,30.111360591023],[-89.848066249047,30.111332095705],[-89.848010271757,30.11128469476],[-89.847992294113,30.111263994552],[-89.847958242297,30.111218591531],[-89.847944182253,30.111169375692],[-89.847953672921,30.111145497458],[-89.847970991492,30.111120791547],[-89.847990417966,30.1110631095],[-89.847946243799,30.111005591342],[-89.847930188269,30.110960308068],[-89.847936073617,30.110928743081],[-89.847946169844,30.110903351036],[-89.847944045877,30.110870118118],[-89.847927168658,30.110847468964],[-89.847900604695,30.110826008799],[-89.847863327343,30.110798237623],[-89.847845737998,30.110777353097],[-89.847801243105,30.110709590919],[-89.847751243813,30.110632591475],[-89.847732243672,30.110593591247],[-89.847726980119,30.110562770029],[-89.847723805355,30.110531535877],[-89.847717668847,30.110477425723],[-89.847682637779,30.110423598103],[-89.847614233871,30.110398646772],[-89.847578418068,30.110388646107],[-89.847541092447,30.110376452353],[-89.847508601277,30.110334266467],[-89.847439265509,30.110273537224],[-89.847396242891,30.110252590456],[-89.847354045401,30.11023115525],[-89.847287628321,30.110225884584],[-89.847224131869,30.110228706184],[-89.847195497892,30.110226450822],[-89.847126245054,30.110201593148],[-89.847067128188,30.110152328093],[-89.847051075659,30.110131736754],[-89.847031533448,30.110089040651],[-89.847034561416,30.110045704307],[-89.847049243087,30.109999591877],[-89.84704145934,30.1099497589],[-89.847006248402,30.109910357498],[-89.846987487088,30.109891957417],[-89.846943244561,30.109848591301],[-89.846906241678,30.109813592175],[-89.846886242687,30.109758592052],[-89.846864242557,30.109683589892],[-89.84683524305,30.109613590941],[-89.846663243485,30.109482591773],[-89.845944834155,30.108934414996],[-89.845239185345,30.108395962477],[-89.844506040201,30.107836521796],[-89.844232241008,30.107627591187],[-89.844122838574,30.107438198718],[-89.844081644427,30.107366887032],[-89.843788508989,30.106859419682],[-89.842543241044,30.104703590085],[-89.839421309624,30.102867308366],[-89.839591238058,30.102521590555],[-89.839647239871,30.102373589924],[-89.839679239638,30.102270589314],[-89.839707238756,30.102200589086],[-89.839706906334,30.102129223003],[-89.839692683155,30.102093891386],[-89.839676891656,30.102066337378],[-89.839640195052,30.102036976495],[-89.83961364423,30.102014265833],[-89.83958006943,30.101965969643],[-89.839596189301,30.101893153246],[-89.839630238128,30.101850588882],[-89.839631076336,30.101812340233],[-89.839622238508,30.10171758943],[-89.839636082806,30.101668990865],[-89.839392958396,30.10154641202],[-89.839282237513,30.101490590457],[-89.839177130027,30.101839248534],[-89.839120239579,30.101870588997],[-89.839042796637,30.101860147738],[-89.839003029947,30.101794141067],[-89.838990240518,30.101683590598],[-89.838900237854,30.101668590639],[-89.838820237615,30.101678589739],[-89.838701240535,30.101668590794],[-89.838574236696,30.101628590794],[-89.838544238045,30.101579588654],[-89.838523237926,30.101530589317],[-89.838508636439,30.101468052836],[-89.838501238687,30.101338589267],[-89.838457237536,30.101209590475],[-89.838384238903,30.10108959],[-89.838351780086,30.100954301627],[-89.838380238508,30.10085658899],[-89.838612239055,30.100631590134],[-89.838741237805,30.100460589519],[-89.838883239356,30.100237589566],[-89.839214237697,30.099828589944],[-89.83928344181,30.099717330896],[-89.839206239529,30.099544589497],[-89.839160239598,30.099506589788],[-89.83908523792,30.099469589654],[-89.838926778929,30.09906690844],[-89.838981238,30.098966588623],[-89.839019826224,30.098806148846],[-89.838972239561,30.09865658931],[-89.838857238213,30.098544587451],[-89.838664235609,30.098439589797],[-89.838526241685,30.09839258835],[-89.838399236283,30.098388588543],[-89.838291236902,30.098403589081],[-89.838179237115,30.098446588688],[-89.838071238156,30.098484590142],[-89.837958237229,30.098509588888],[-89.837799239758,30.098557588984],[-89.837482237735,30.098620588605],[-89.837349239653,30.09864658972],[-89.837211237246,30.098712590084],[-89.837118237627,30.098723588765],[-89.836911237125,30.098687587049],[-89.836826236905,30.098634589117],[-89.836744238228,30.098465589794],[-89.836640237802,30.098450589078],[-89.836543236335,30.098488588179],[-89.83645023681,30.098499589205],[-89.836222237195,30.098394588153],[-89.836077236827,30.098392589408],[-89.835962236949,30.098368588548],[-89.835888324845,30.098278135755],[-89.835915415123,30.098236118396],[-89.835901237395,30.098198588951],[-89.835648237367,30.098060589301],[-89.835555236652,30.098039590048],[-89.835484236145,30.098090588293],[-89.835438237025,30.09813258986],[-89.835293236468,30.098112590364],[-89.835116237337,30.098058589763],[-89.835055602649,30.09798912656],[-89.835098236051,30.097894588843],[-89.835137236007,30.097803588236],[-89.835195236232,30.097663589778],[-89.835211513394,30.097530889119],[-89.835195237736,30.097492588794],[-89.835108236699,30.097346588927],[-89.835045237567,30.097140588902],[-89.834981235477,30.097056588468],[-89.834835236571,30.096927588657],[-89.834611236604,30.096864587942],[-89.834486237357,30.096849589547],[-89.834243236438,30.09684558838],[-89.834185236394,30.096810588093],[-89.834117235032,30.096794589017],[-89.834050236289,30.096786587496],[-89.833957235324,30.096784588771],[-89.833796237085,30.096778589067],[-89.833583235473,30.096743589472],[-89.83338023459,30.096706589255],[-89.833277235455,30.096713588121],[-89.833158234427,30.09671158994],[-89.833054234379,30.096700590019],[-89.832940235718,30.09670258959],[-89.832857234835,30.096686588032],[-89.83260023546,30.096645588999],[-89.832430234676,30.096675589069],[-89.832348236375,30.096708588615],[-89.832250236071,30.096711589279],[-89.832148234902,30.096661588648],[-89.831925236183,30.096634588194],[-89.831741235842,30.096549588434],[-89.831549234661,30.096512588232],[-89.831102234487,30.096538588809],[-89.830988234311,30.096540589489],[-89.830812235885,30.096539588817],[-89.830543233682,30.096523588769],[-89.829907234264,30.096624588939],[-89.829718233043,30.096742589213],[-89.829690839146,30.096843364128],[-89.829697451872,30.09693039708],[-89.829633099835,30.09702379613],[-89.829556234029,30.097031589444],[-89.829489233302,30.097010589018],[-89.829390232861,30.096977589024],[-89.829303233878,30.096965589006],[-89.829210233814,30.096958588535],[-89.829133232681,30.0969515897],[-89.829041233856,30.096980589774],[-89.828985234757,30.097003590137],[-89.828946233853,30.097058589191],[-89.828851234164,30.097069590177],[-89.828717233611,30.097058588562],[-89.828609234193,30.097056588696],[-89.828532232949,30.097040588856],[-89.828418232479,30.097020588691],[-89.828233232336,30.097024590011],[-89.827939233903,30.096994589434],[-89.827501234624,30.096919588207],[-89.827101233809,30.09686558937],[-89.826890233162,30.096870589073],[-89.826577231433,30.096881588173],[-89.826377232181,30.096903588464],[-89.826070231775,30.096945589512],[-89.825728230867,30.097015590232],[-89.825514232283,30.097087589143],[-89.825424230998,30.097151588569],[-89.825304231249,30.097185588577],[-89.825258231694,30.097182588987],[-89.825205232353,30.097147589146],[-89.825106231315,30.097100590367],[-89.825024231506,30.097102589597],[-89.82494223365,30.097122588704],[-89.824893231752,30.097181587695],[-89.824849230726,30.097253589092],[-89.824837019895,30.097324233118],[-89.824776231743,30.097424590272],[-89.824599231278,30.097522589742],[-89.824518546512,30.097514072563],[-89.824490533395,30.097508994871],[-89.824388231432,30.097486590061],[-89.824290229386,30.097493589156],[-89.824189230433,30.097553589092],[-89.824068229573,30.097641590315],[-89.823967231929,30.097687589624],[-89.823886232038,30.097747589602],[-89.823837230813,30.097820590094],[-89.8238215108,30.097949125394],[-89.823778148752,30.098186267817],[-89.823747629923,30.098410145422],[-89.823666230878,30.09856959002],[-89.823522229893,30.098774590618],[-89.823313230553,30.098858589469],[-89.823304462431,30.098959429394],[-89.823336230436,30.099202589357],[-89.823377229905,30.099412589617],[-89.823413231667,30.099601590668],[-89.823408147607,30.099913391528],[-89.82339102011,30.100142057577],[-89.823353230703,30.100267590069],[-89.823105229279,30.100353590206],[-89.822999231885,30.100344590541],[-89.822826229983,30.10027959106],[-89.822681228866,30.1002935901],[-89.822536230941,30.100296590409],[-89.822271229586,30.100245589064],[-89.822151230171,30.100213591061],[-89.821935230319,30.100046590894],[-89.821775229103,30.0999805909],[-89.821360229771,30.099984589841],[-89.820828228836,30.099823590354],[-89.820612229369,30.099667589405],[-89.820328230517,30.099410589948],[-89.820217229507,30.099217589087],[-89.820063961113,30.098958153291],[-89.820047230467,30.098820590053],[-89.819963228902,30.098661588992],[-89.819850228283,30.09837759021],[-89.819605228866,30.098130589588],[-89.819323228794,30.097930589853],[-89.818675661341,30.097954307182],[-89.81861323563,30.097956590783],[-89.817812331355,30.097985917733],[-89.816269162561,30.098042409108],[-89.81480053597,30.098096156682],[-89.813626991102,30.098139092999],[-89.812793226045,30.098169588875],[-89.812784858718,30.098309043154],[-89.812716226032,30.098432589225],[-89.812631225346,30.098504589416],[-89.812572225879,30.098534588952],[-89.812348225201,30.098602590431],[-89.812190226366,30.098646590166],[-89.81209122666,30.098677588544],[-89.811919224436,30.098710590295],[-89.811666225558,30.098703589346],[-89.811386226463,30.098760590196],[-89.811120224952,30.098771589314],[-89.810836223866,30.098818591699],[-89.810676224539,30.098833589781],[-89.810484222807,30.098843591842],[-89.810331224217,30.098857591175],[-89.810206225462,30.098889589356],[-89.810067224108,30.098915590081],[-89.809855224375,30.098937589282],[-89.809545224053,30.098941590569],[-89.809306224117,30.098952589207],[-89.809224029836,30.098960343565],[-89.809147224171,30.098967590661],[-89.808900224203,30.098931591168],[-89.808726222933,30.098912589847],[-89.808492222894,30.098877590426],[-89.808325223317,30.098834589895],[-89.808229224749,30.098839590331],[-89.808117223792,30.098911590548],[-89.807939222788,30.098966589576],[-89.807821224463,30.099004589312],[-89.807528222745,30.099016590031],[-89.807414222746,30.09897858935],[-89.807288225049,30.098969590406],[-89.806822221034,30.099074589694],[-89.805956222366,30.0992955903],[-89.805066221193,30.099574591261],[-89.804420222066,30.09977359086],[-89.804156221131,30.099865590454],[-89.803467221635,30.099972590001],[-89.803322221627,30.100004589546],[-89.803237223435,30.10005258996],[-89.80313322126,30.100141589708],[-89.80306822163,30.100206590877],[-89.803049220104,30.100247590282],[-89.802951221143,30.100301589705],[-89.80276622194,30.100328589629],[-89.802652219288,30.100308590378],[-89.802579220294,30.100309589726],[-89.802485220345,30.100300590407],[-89.802257221305,30.100437591059],[-89.802028220522,30.100604589908],[-89.801896221186,30.100624590697],[-89.801803220233,30.100626591283],[-89.801716219405,30.100605590667],[-89.801661220758,30.100560590797],[-89.801611718976,30.100524591407],[-89.801501220675,30.100523590689],[-89.801275220525,30.100545591507],[-89.801180852249,30.100516099791],[-89.801035221284,30.100539590072],[-89.800950925156,30.100616012854],[-89.800937060692,30.100639539212],[-89.800920219986,30.100680590902],[-89.800869220837,30.100785589808],[-89.800681220321,30.100945591553],[-89.800546219505,30.101098590091],[-89.800448219865,30.101175590954],[-89.80040696798,30.101194255744],[-89.799939305314,30.101405851093],[-89.799407219645,30.101646591102],[-89.798584442429,30.102095450892],[-89.798364217819,30.102215591477],[-89.798305419518,30.102237467056],[-89.79739921878,30.102574591189],[-89.79716621843,30.10261359169],[-89.79707021856,30.102647590355],[-89.796602218323,30.102815592252],[-89.794539217046,30.103787592236],[-89.792520217023,30.104465593054],[-89.792336217176,30.104477592042],[-89.792091215764,30.104448591482],[-89.791934216796,30.104401592728],[-89.791749216119,30.104396591596],[-89.791621745567,30.104424586855],[-89.791535215796,30.104443592146],[-89.791252961617,30.104505519],[-89.791138215224,30.10447659197],[-89.791081149005,30.104414003538],[-89.790941672146,30.104444983406],[-89.790695824365,30.104499588317],[-89.790708012683,30.104691490893],[-89.790697215621,30.10477959229],[-89.790653214296,30.10482359203],[-89.790587278504,30.104986958485],[-89.790616214847,30.105070592767],[-89.790662215899,30.105118592342],[-89.790691570248,30.105189042704],[-89.79067721506,30.105267592063],[-89.790629216263,30.105341591851],[-89.790538001555,30.105428245627],[-89.79036921497,30.105588592222],[-89.790310215176,30.105647593138],[-89.790146214024,30.105643592461],[-89.790073215201,30.105611592531],[-89.790023213929,30.105612592395],[-89.789997528185,30.105667770552],[-89.790031206797,30.105740574493],[-89.790011214601,30.105805593002],[-89.789980215485,30.105864591507],[-89.789897138596,30.105939448127],[-89.789798870171,30.105946146118],[-89.789835735062,30.105977339309],[-89.789859580236,30.105991741593],[-89.789924215177,30.106006592026],[-89.789975215154,30.105981592462],[-89.790026215801,30.105942592377],[-89.790078216113,30.105936592154],[-89.790183215417,30.106013591435],[-89.790235215328,30.106119592392],[-89.790268850288,30.106199940552],[-89.790235215961,30.106275593127],[-89.790164215493,30.106361592771],[-89.790052216162,30.106434592978],[-89.789969214843,30.106497593004],[-89.789876215532,30.106557592286],[-89.789722215203,30.10666359183],[-89.789569213975,30.10675259278],[-89.78947121386,30.106837592185],[-89.789389215272,30.106941592057],[-89.789162656857,30.107096686365],[-89.789106010815,30.107145923754],[-89.789053607394,30.107130193345],[-89.789094215203,30.107055592196],[-89.789163781304,30.106920186282],[-89.788805551084,30.106915988313],[-89.788788214524,30.106959592419],[-89.788738214568,30.107085592481],[-89.788462214604,30.107451592831],[-89.788187214911,30.107747592644],[-89.787946214872,30.107887592808],[-89.787789772063,30.107927743533],[-89.787720213471,30.107945592992],[-89.787604213691,30.107957593051],[-89.787406854839,30.107932104417],[-89.787333213905,30.107922592579],[-89.787158051706,30.107848753958],[-89.786760907908,30.108068378727],[-89.786903213925,30.108290593095],[-89.787202213935,30.108797592939],[-89.787371213109,30.109006593196],[-89.787587396837,30.109244065999],[-89.787635214781,30.109296593516],[-89.787750215188,30.109422593696],[-89.788068213738,30.109876593694],[-89.788197213662,30.110121593955],[-89.788319213958,30.110517593083],[-89.78836721422,30.110570594129],[-89.788369884108,30.110641799384],[-89.788338214465,30.11076559235],[-89.788290215249,30.110833592451],[-89.788208214732,30.110942592775],[-89.788114215068,30.111027594421],[-89.788024215346,30.11110659411],[-89.787995449232,30.111167097415],[-89.787997213447,30.111248594426],[-89.788009942846,30.111324059282],[-89.787958213241,30.111443592856],[-89.787899214106,30.111528593617],[-89.787871213305,30.111615592552],[-89.787856665913,30.111720159226],[-89.787822212721,30.111794594888],[-89.787702213616,30.11192159274],[-89.787538213673,30.112112594118],[-89.787432214665,30.112328594702],[-89.787386214565,30.112460592027],[-89.787326214205,30.112612593365],[-89.787236214986,30.112708592773],[-89.78714521395,30.112887594216],[-89.787078212878,30.11297259436],[-89.786922213214,30.113049594687],[-89.786848215157,30.113131593821],[-89.786796214034,30.113213594782],[-89.786767213973,30.113284593853],[-89.786728508821,30.113317680438],[-89.786643213612,30.113390594087],[-89.78652221442,30.113470594014],[-89.786335213498,30.113558593808],[-89.786202213392,30.113631593483],[-89.786133888909,30.113685243878],[-89.786053212999,30.113748594001],[-89.785766213657,30.113948595093],[-89.785429213068,30.114150594124],[-89.785278212086,30.114280594321],[-89.785185213559,30.114379594177],[-89.785018212665,30.11447759438],[-89.784897213971,30.114573593401],[-89.784790213323,30.114589594149],[-89.784737212687,30.114647595792],[-89.784690871275,30.114747180824],[-89.784696212204,30.114825594112],[-89.784722171179,30.114908459597],[-89.784720444165,30.114989026449],[-89.784706112104,30.115076267675],[-89.784518212892,30.115310595319],[-89.784112211658,30.115651593579],[-89.783523211768,30.116010593727],[-89.78316121241,30.116256595213],[-89.782847211622,30.116550594645],[-89.782757211125,30.11660959498],[-89.782595212745,30.116724594923],[-89.782420211807,30.116796595385],[-89.782374212117,30.116790594549],[-89.782324211668,30.116773594452],[-89.782268387268,30.116713271195],[-89.782252728859,30.1166246762],[-89.782152211873,30.116582594208],[-89.782017211826,30.116624595695],[-89.781893211222,30.116738594598],[-89.781790211583,30.116838595125],[-89.781612211125,30.116940595469],[-89.781552211646,30.116981595563],[-89.781502211927,30.117074594819],[-89.781423211624,30.117206594342],[-89.781405386021,30.117330435985],[-89.781461211172,30.117474595016],[-89.781506641807,30.117530655994],[-89.781480211856,30.117631595107],[-89.781347212253,30.117738596062],[-89.781259210575,30.117819594349],[-89.780933210709,30.118016594151],[-89.780874148702,30.118065813647],[-89.78067521126,30.118231594421],[-89.78053521089,30.11835859446],[-89.780354210743,30.118457595341],[-89.77995121092,30.118860595211],[-89.779759210668,30.119043595308],[-89.779578209328,30.119226595252],[-89.779414209595,30.119324595646],[-89.779346210656,30.119351595686],[-89.779250211287,30.119316596359],[-89.779082209606,30.119303595594],[-89.778943210278,30.119376596122],[-89.778849211202,30.119489596427],[-89.778816212826,30.119659295574],[-89.778701209052,30.119825595848],[-89.778464210736,30.120145595762],[-89.778331210294,30.120302595442],[-89.778129210668,30.120426596697],[-89.778022208949,30.120471595487],[-89.777937208505,30.120444595751],[-89.777862209731,30.120380596184],[-89.777663209692,30.120273596218],[-89.777513208647,30.120191595476],[-89.777443208345,30.120159595245],[-89.777416981428,30.120191442353],[-89.777437210031,30.120270596274],[-89.777498209916,30.12036259586],[-89.777539729927,30.120454531622],[-89.777533496779,30.120505134235],[-89.777428210843,30.120671596693],[-89.777263209746,30.120848596297],[-89.777207469359,30.120941203015],[-89.777211208456,30.121093596037],[-89.777227276729,30.121246689367],[-89.777177208317,30.121332595461],[-89.777138211175,30.121404595154],[-89.776995208914,30.121489596088],[-89.77686820862,30.121557596214],[-89.776706208945,30.121622595673],[-89.776497209455,30.121692595783],[-89.776348210106,30.12177159608],[-89.776170206283,30.121887595936],[-89.775970208551,30.122049597775],[-89.775689207818,30.122268595522],[-89.775421208283,30.12250759639],[-89.775217209589,30.122740596991],[-89.774939209497,30.123035596078],[-89.774657209789,30.123295595695],[-89.774533207754,30.123455597764],[-89.774469208129,30.123462595452],[-89.774375207406,30.123443595703],[-89.774270207612,30.123466597494],[-89.774201207264,30.123503597493],[-89.774181662791,30.123553350449],[-89.774258933077,30.123710076998],[-89.77425584579,30.123761050354],[-89.774233208013,30.123827597302],[-89.774187208793,30.123833597593],[-89.774133207578,30.123778595772],[-89.774085206577,30.123744597001],[-89.774038207773,30.123745596153],[-89.773986209526,30.123756596331],[-89.773912208893,30.123814597246],[-89.773890208414,30.123890597976],[-89.773887279986,30.124019606899],[-89.773867763028,30.124150192937],[-89.773723208905,30.12429559719],[-89.773490207682,30.124539596247],[-89.773085207857,30.124882597398],[-89.772593206535,30.125253596696],[-89.772320207232,30.125442597246],[-89.772234207668,30.125484595369],[-89.772058207024,30.125488597587],[-89.771931207502,30.125521596373],[-89.771869207066,30.125619596078],[-89.771861959548,30.125721061095],[-89.771794206688,30.125859598042],[-89.771617207993,30.126020597184],[-89.771200207691,30.126364596526],[-89.771037397213,30.126486897913],[-89.770991205554,30.12652159698],[-89.770882205069,30.126579597422],[-89.770771206624,30.126607596985],[-89.770707110181,30.12662469626],[-89.770656880486,30.126629187898],[-89.770617675832,30.126582351204],[-89.770636052666,30.126505637852],[-89.770645206349,30.126473598125],[-89.77065853389,30.126349428679],[-89.770608487801,30.12626479864],[-89.770485206963,30.126207597638],[-89.770350206582,30.126164597369],[-89.770223651786,30.12615884378],[-89.770139327112,30.126123437787],[-89.769922094669,30.126142836098],[-89.769938206301,30.1261855982],[-89.770004204906,30.126250596528],[-89.770062984684,30.126347623667],[-89.769840205527,30.126540596755],[-89.769667205696,30.126724598247],[-89.769522206762,30.126840598468],[-89.769374205108,30.126864595602],[-89.769237205471,30.126857597785],[-89.769153205409,30.126822597709],[-89.769057206856,30.126788597783],[-89.768983206794,30.126795596649],[-89.768859205619,30.126839597139],[-89.768796205022,30.126897596936],[-89.768784126814,30.126936561592],[-89.768806205408,30.127046596577],[-89.768860204599,30.127081597726],[-89.768963203734,30.127141597301],[-89.769054206373,30.127211598391],[-89.769128205392,30.127308598161],[-89.769162206178,30.127457597442],[-89.769170616403,30.127567877769],[-89.769149207194,30.127658597659],[-89.769075205537,30.127742596773],[-89.768987206683,30.127785597619],[-89.76892120579,30.127782597411],[-89.768854205443,30.127726597195],[-89.768812205814,30.127686597855],[-89.768758204471,30.127687597919],[-89.768750412909,30.127755120598],[-89.76870220592,30.127900597813],[-89.768643205744,30.128123596889],[-89.768598205986,30.128222598022],[-89.768459204854,30.128348597522],[-89.768378206303,30.128417598197],[-89.768255204314,30.1284825977],[-89.767966204791,30.128545597726],[-89.767813205758,30.128620598566],[-89.767685206011,30.128705597311],[-89.767646205184,30.128778599481],[-89.767642865267,30.128847891323],[-89.767643901807,30.128914154436],[-89.767616205449,30.12899059827],[-89.767519205008,30.129039597736],[-89.767420204815,30.129093596429],[-89.767361205638,30.12909459851],[-89.767307204827,30.129079598145],[-89.767205206236,30.129056596753],[-89.767111205509,30.129078598594],[-89.767035205696,30.129147598007],[-89.766942204785,30.12920159723],[-89.766770204208,30.129199598959],[-89.766573203826,30.129188598335],[-89.766389204907,30.129181596524],[-89.766337203533,30.129115599099],[-89.766304204779,30.129023597853],[-89.76624920559,30.128947598195],[-89.766035204711,30.128931596874],[-89.765965204051,30.128974597112],[-89.765885203463,30.129094596893],[-89.765735203046,30.129267598508],[-89.765505206882,30.129515598346],[-89.765164203532,30.129775597641],[-89.765046204778,30.129803597148],[-89.764981203122,30.129815598593],[-89.764947204039,30.129857598218],[-89.764815204587,30.130024598747],[-89.764616201023,30.130343598345],[-89.764507200923,30.130485598602],[-89.764367203714,30.130581598534],[-89.764216202672,30.13067159807],[-89.763829203313,30.130762597757],[-89.763748202462,30.130821597354],[-89.763691203871,30.130930597923],[-89.76365420232,30.131081597282],[-89.763585204391,30.131180597481],[-89.763493204258,30.13127059831],[-89.763278204248,30.131450598744],[-89.763245874266,30.131475724583],[-89.763094203783,30.131593598979],[-89.762963203745,30.131750598661],[-89.762863203894,30.131891599504],[-89.762769240615,30.131967181716],[-89.762739202008,30.131913597051],[-89.76273428105,30.131840969905],[-89.76266887346,30.131843634546],[-89.762563422394,30.131847929781],[-89.762540097497,30.13196379807],[-89.762521408592,30.132054651386],[-89.762505203875,30.132111598596],[-89.762453202863,30.132127598287],[-89.762358202003,30.132111599024],[-89.762301201135,30.132115598493],[-89.762266203159,30.132180597939],[-89.762241910219,30.132255274046],[-89.762290203403,30.132308599071],[-89.762484203923,30.132372598508],[-89.762515533521,30.132414065139],[-89.762418203823,30.132665598993],[-89.762175202621,30.13259559885],[-89.762076202814,30.1327905981],[-89.762007202681,30.132827600231],[-89.761918203185,30.13288959816],[-89.761836747901,30.133029778072],[-89.762008572728,30.13314831754],[-89.761975796949,30.133248306936],[-89.761943377313,30.133346560979],[-89.762148248437,30.133461566553],[-89.762007203292,30.133645599597],[-89.761907201469,30.133712599244],[-89.761810201736,30.133767598992],[-89.761662202217,30.133752599287],[-89.761578201612,30.13370459859],[-89.761455202081,30.133675599161],[-89.761344201943,30.133670598515],[-89.761262202518,30.133672598562],[-89.761229034969,30.133709453855],[-89.76124020115,30.133751598328],[-89.761771534238,30.133984866725],[-89.761712229699,30.134173277772],[-89.761828946048,30.134234744522],[-89.761767202644,30.134366599405],[-89.76163720251,30.134408599745],[-89.761508202919,30.134482598906],[-89.761355202667,30.134670599363],[-89.761142201818,30.134817598972],[-89.761025202032,30.134877600205],[-89.760928202649,30.134925600131],[-89.76090920314,30.134996599457],[-89.760891202222,30.135057597676],[-89.760826201999,30.135094598334],[-89.760764202356,30.135085599385],[-89.760696202924,30.135140600017],[-89.7606467523,30.135203624358],[-89.760670694856,30.135311547617],[-89.760656856065,30.135415217825],[-89.760562201634,30.135474599599],[-89.760463201668,30.135508600183],[-89.760406202909,30.135698599615],[-89.76038420203,30.135791599705],[-89.760333200209,30.135856600557],[-89.760179037795,30.135990529729],[-89.760240457677,30.136060828592],[-89.760339689028,30.136179190236],[-89.760206201811,30.13630459921],[-89.760161202712,30.136294599019],[-89.759955701161,30.136143599308],[-89.759773200529,30.136295598715],[-89.75963020033,30.136312599819],[-89.759463202558,30.136326599632],[-89.759349201021,30.136368600077],[-89.759176201366,30.136485600734],[-89.758974201114,30.136596599578],[-89.758891201257,30.136687599484],[-89.758868201128,30.136762600853],[-89.758834198561,30.136881149878],[-89.75885220087,30.136927600193],[-89.75890410849,30.136985385776],[-89.75888947108,30.137051370203],[-89.758844201511,30.137130600639],[-89.758775201078,30.137152599527],[-89.758689200921,30.137169599662],[-89.758638200064,30.137237600329],[-89.758559201321,30.137353599745],[-89.758473200045,30.137504599371],[-89.758421201209,30.137562598954],[-89.758412594248,30.137627155847],[-89.758372201754,30.137713599153],[-89.758289201223,30.137764600123],[-89.758241200273,30.137776600074],[-89.758207407715,30.137751057122],[-89.75822212492,30.137720571593],[-89.758232885675,30.13769145524],[-89.758203200773,30.13761759928],[-89.758162198795,30.137589600504],[-89.758038200707,30.137581600467],[-89.757957200131,30.13759059976],[-89.757822201336,30.137593598321],[-89.75775020063,30.137537600394],[-89.757585871872,30.137652337877],[-89.75765827215,30.137780605016],[-89.757566200349,30.137837600804],[-89.757478188129,30.137761036127],[-89.757475693733,30.137829252217],[-89.757467093332,30.137874977794],[-89.75746078387,30.137902252125],[-89.757284199342,30.137956600615],[-89.757171199373,30.137998599203],[-89.757120199319,30.138070601548],[-89.757107455362,30.138128379345],[-89.757053199349,30.138175599895],[-89.756975200992,30.138176599719],[-89.756929540126,30.138190924335],[-89.75695619756,30.138237599491],[-89.756985684369,30.138289689861],[-89.756981037662,30.138348073462],[-89.756844476237,30.138489477346],[-89.756893279907,30.138576878426],[-89.756805199021,30.138636600841],[-89.756746200268,30.138566600399],[-89.756650200777,30.138646600404],[-89.756545201147,30.138716600062],[-89.756431199837,30.138743600671],[-89.756301199406,30.138486599325],[-89.756242199571,30.138423599932],[-89.756012483785,30.13859464422],[-89.756062199893,30.138819600827],[-89.756128784429,30.138943256286],[-89.7561042008,30.138982599559],[-89.756034950139,30.139003349358],[-89.756121197479,30.139166600796],[-89.756135854103,30.139267344866],[-89.756069199322,30.139335599375],[-89.75599553068,30.139319025052],[-89.755867198911,30.139179600955],[-89.755449199869,30.139373600722],[-89.755448199108,30.139497600715],[-89.755467198694,30.139604601207],[-89.755506199754,30.139681600001],[-89.755519704912,30.139751818933],[-89.755478199615,30.139831600153],[-89.755397199217,30.139883602526],[-89.755329211432,30.139870659489],[-89.755263199401,30.139786600722],[-89.755234738753,30.139696104901],[-89.755224199485,30.139627601188],[-89.755131199829,30.139593600442],[-89.755058198285,30.139609600692],[-89.755021106234,30.13961619452],[-89.755389813141,30.140063386477],[-89.755366200164,30.14010160145],[-89.755225200243,30.140114599821],[-89.755023198758,30.139905600781],[-89.754898199644,30.139979601306],[-89.754672199873,30.139806601424],[-89.754552199398,30.139797600571],[-89.754164031528,30.140040944314],[-89.754370698683,30.140303887652],[-89.754235197886,30.140406601896],[-89.754164198283,30.140357601247],[-89.754069176134,30.140434569812],[-89.754125965469,30.140534748039],[-89.754121197883,30.140565601518],[-89.754081199259,30.140591600563],[-89.75402719964,30.140585599738],[-89.753977199183,30.14056860102],[-89.753868198499,30.140474600663],[-89.753805199824,30.140422600184],[-89.753766128513,30.140465304231],[-89.753783197716,30.14050459984],[-89.753833199326,30.140539600668],[-89.753851199184,30.140595599995],[-89.753887197699,30.140701600533],[-89.754073071763,30.141014431337],[-89.754036199187,30.141047600758],[-89.753935198794,30.141031601106],[-89.753859197818,30.140948600476],[-89.75380619806,30.140977600412],[-89.753748198571,30.140921601948],[-89.753543199573,30.141079600815],[-89.753477197765,30.141084600283],[-89.753383198696,30.141089600697],[-89.753342817826,30.141141250158],[-89.753358199713,30.141197601853],[-89.753496782397,30.141368903063],[-89.753401199296,30.14144560113],[-89.753342199277,30.141357600679],[-89.753224197902,30.14142460195],[-89.753111199691,30.141330600944],[-89.75306292622,30.141342423283],[-89.753068199154,30.141399600715],[-89.753143303137,30.141623954522],[-89.752993197626,30.141728600926],[-89.752853198123,30.141538600123],[-89.752835198523,30.141489601259],[-89.752789198804,30.141461601461],[-89.752732198626,30.141470601608],[-89.752439199388,30.141693598711],[-89.752222197092,30.141562601224],[-89.752169199305,30.141567601122],[-89.75203719731,30.14163060154],[-89.751974198626,30.1416966014],[-89.751958480839,30.141783921649],[-89.751977375456,30.141981338391],[-89.751944197821,30.142102601011],[-89.751856199017,30.142168601533],[-89.751768198428,30.142277600972],[-89.751717196853,30.142338602608],[-89.751648197415,30.142372601745],[-89.75158619741,30.142366601098],[-89.751506198666,30.142289600641],[-89.751143197747,30.14255060174],[-89.751046197985,30.142470601377],[-89.750978197186,30.142510601092],[-89.750952465921,30.142603634385],[-89.750951123139,30.142637623648],[-89.750914195826,30.142711601102],[-89.750815197933,30.142841601327],[-89.750673196314,30.142983602371],[-89.750445197343,30.143031601734],[-89.750266196337,30.143077601174],[-89.750015197166,30.143196600936],[-89.749968197239,30.14327960143],[-89.749959327219,30.143362110167],[-89.74989619653,30.143484600752],[-89.74978700368,30.143623750867],[-89.749838612832,30.143715685374],[-89.749829687481,30.143778180786],[-89.749768198178,30.1438396006],[-89.749691196431,30.143851601823],[-89.749622196387,30.143818600798],[-89.749569632566,30.143802493286],[-89.749510218473,30.143852037471],[-89.749528149796,30.143888548385],[-89.749755197231,30.144085600613],[-89.749791943322,30.144175110831],[-89.749763196081,30.144245601437],[-89.749670195973,30.144286601896],[-89.749539195716,30.144292602553],[-89.749462196864,30.144315602294],[-89.749411442746,30.144395215586],[-89.749412976833,30.144464940705],[-89.749389476446,30.144575261187],[-89.749382547459,30.144604957897],[-89.749371059604,30.144629923857],[-89.749238196553,30.144747602201],[-89.749053197726,30.144868601946],[-89.74894119723,30.144924601819],[-89.748896773159,30.144941412409],[-89.748886040903,30.144972792411],[-89.748888985385,30.145005066128],[-89.748941479036,30.145046084143],[-89.748963916988,30.145062098081],[-89.749050197447,30.14512160154],[-89.749171197327,30.145228602923],[-89.74921491015,30.145297144543],[-89.749202087895,30.145348447329],[-89.749162196929,30.14539660181],[-89.749144616533,30.145447447543],[-89.749179195646,30.145519601472],[-89.749390296009,30.145662154554],[-89.749721197423,30.145885602044],[-89.749747372441,30.145928709155],[-89.749752940232,30.145982063281],[-89.749640944106,30.146151472736],[-89.749602695184,30.146152601495],[-89.749561198192,30.146122601131],[-89.749491197872,30.146070601849],[-89.749372196549,30.145963602982],[-89.749263346865,30.145876150777],[-89.749138196551,30.145775602489],[-89.749103429567,30.14581036858],[-89.749191195719,30.145913601212],[-89.749229852209,30.145943266958],[-89.749257134063,30.145983692552],[-89.749271059984,30.146014200915],[-89.749215196549,30.14612260058],[-89.749071196547,30.146424603065],[-89.748721197601,30.146940601448],[-89.748639195092,30.147106602738],[-89.74854619675,30.147215601895],[-89.748430305809,30.147280364446],[-89.748308196629,30.147348601712],[-89.748220196195,30.147439602399],[-89.748182195829,30.147543602363],[-89.748136197529,30.147643601762],[-89.74810619706,30.147733603087],[-89.747996197979,30.147842601603],[-89.747684196041,30.148140602626],[-89.747439195533,30.148462602191],[-89.747391196032,30.148503601691],[-89.747293196847,30.148508602526],[-89.74723119507,30.148488603618],[-89.747168196124,30.148447602896],[-89.747124195599,30.148428602652],[-89.747160194899,30.148511602398],[-89.747184799747,30.148558160427],[-89.747193137155,30.148580971098],[-89.747195608091,30.148625096625],[-89.747137196196,30.148732603042],[-89.74710019496,30.148882603566],[-89.747059195464,30.149015602222],[-89.74705063945,30.149083198817],[-89.747069194989,30.149168602652],[-89.747124195907,30.149224603076],[-89.747150018084,30.149308764464],[-89.74713504819,30.149392271754],[-89.747060195611,30.149581602755],[-89.747029671983,30.149641241012],[-89.746887196052,30.149919602842],[-89.746692553656,30.150209457519],[-89.74656419673,30.150400602702],[-89.746413196757,30.150645603018],[-89.746278196092,30.15078760333],[-89.746173195767,30.150842604507],[-89.745969195011,30.15089360404],[-89.745769195544,30.150918603413],[-89.745708194216,30.150934602264],[-89.745672490259,30.150967332871],[-89.745674194816,30.151041602943],[-89.74571219508,30.151094603623],[-89.745772198063,30.151164604031],[-89.745827195327,30.151220603517],[-89.74585265397,30.151272501334],[-89.745838687253,30.151370180808],[-89.745737196032,30.151595602605],[-89.745727722956,30.151660185489],[-89.745489196146,30.151967603454],[-89.745381194268,30.152155603552],[-89.745267194624,30.152460604496],[-89.745229712321,30.152579095321],[-89.745232477025,30.152662403435],[-89.74527814111,30.152869360764],[-89.745276452806,30.152941037949],[-89.745250195513,30.153047603739],[-89.745108194365,30.153332604501],[-89.744904195862,30.153671605506],[-89.744860736245,30.153757771827],[-89.744846195284,30.153786603569],[-89.744780873289,30.153806115712],[-89.744694091976,30.153797697118],[-89.744633194323,30.153769604486],[-89.744582194036,30.153706603547],[-89.744563195447,30.153639604399],[-89.744541194925,30.153586603323],[-89.74448319454,30.153555603513],[-89.744426194192,30.153499604],[-89.744319193698,30.153480603245],[-89.744266194549,30.153474602828],[-89.744166194179,30.153412603597],[-89.744085220328,30.153394518972],[-89.744054451933,30.153390128254],[-89.743984195137,30.153387603031],[-89.743919194973,30.153396600859],[-89.743832194757,30.153373604131],[-89.743746194244,30.153360603533],[-89.743681194347,30.153401603703],[-89.743614194301,30.153466603745],[-89.7435671932,30.15355360414],[-89.743557690006,30.153611499901],[-89.743594193388,30.153662604141],[-89.743660196041,30.153657602497],[-89.743721195607,30.153649604114],[-89.743755194561,30.153684604374],[-89.743767637638,30.153741486972],[-89.743746195543,30.153794603668],[-89.74367319481,30.153821603366],[-89.743624195091,30.153843603252],[-89.743611193583,30.153893604414],[-89.743606700378,30.153987046428],[-89.743590128528,30.154083286935],[-89.743579913012,30.154204926271],[-89.743660195647,30.154345604536],[-89.743766196223,30.154501992809],[-89.74374819576,30.154546603723],[-89.743679915201,30.154618798725],[-89.743740195399,30.154642604024],[-89.74390419503,30.154628603831],[-89.744032195104,30.154643605167],[-89.744050906686,30.154685433613],[-89.743855195145,30.154793604575],[-89.743844446502,30.154894508195],[-89.743894523008,30.154968852384],[-89.743920251311,30.155024560316],[-89.743890307042,30.155068995586],[-89.743799195091,30.155111604362],[-89.743698193345,30.155177604634],[-89.743680465143,30.155297049118],[-89.743731194154,30.155400604568],[-89.743864193735,30.155480604717],[-89.743869509142,30.155536410828],[-89.74382929543,30.155705202192],[-89.743829196751,30.155841300431],[-89.743820588197,30.155915160319],[-89.743715195353,30.156081604395],[-89.743675247643,30.156248216506],[-89.743710195479,30.156504605249],[-89.74385719653,30.156633603617],[-89.743870314845,30.156703885091],[-89.743858843288,30.156776222904],[-89.743813194923,30.156812603746],[-89.743744193711,30.156831602172],[-89.743722835474,30.156888253227],[-89.74373619479,30.156985604307],[-89.743757790896,30.157054316699],[-89.743742433328,30.157184133602],[-89.743727255581,30.15731912566],[-89.743789194919,30.157405604791],[-89.743832194434,30.157479604563],[-89.743874193688,30.157520605641],[-89.744018192602,30.157525604471],[-89.744118195932,30.157519605103],[-89.744174194645,30.157585605597],[-89.744184196077,30.157667604846],[-89.744216543698,30.158095965376],[-89.744174195931,30.158205604916],[-89.744149193755,30.158312604413],[-89.744129194695,30.158348605282],[-89.744080195011,30.158342604456],[-89.744001195312,30.158312604507],[-89.743898195906,30.158307604994],[-89.74380419473,30.158316604497],[-89.743731194553,30.158349604439],[-89.743650933676,30.158405861439],[-89.743627694159,30.158517603819],[-89.743547195208,30.158485605875],[-89.743433287084,30.158466155821],[-89.743371194499,30.158458605049],[-89.743322011424,30.158471748414],[-89.743261434884,30.15858136708],[-89.743273812134,30.158614287533],[-89.743297052798,30.158633235053],[-89.74332504381,30.158648090477],[-89.743355694665,30.158664355697],[-89.743379193511,30.158806604843],[-89.743400194823,30.15887660475],[-89.743409195258,30.158934604589],[-89.743434195534,30.158994603815],[-89.74345719213,30.159029605188],[-89.74350319558,30.159046606719],[-89.743597194931,30.1590746047],[-89.74367116997,30.159105459503],[-89.743700602118,30.15911495366],[-89.743786194908,30.159126604659],[-89.74383619409,30.159133606053],[-89.74389519487,30.159171605333],[-89.743938195068,30.159187605324],[-89.743980195362,30.159219605721],[-89.744015194925,30.159283604395],[-89.744130194831,30.159528605347],[-89.744147194898,30.159592605278],[-89.744149193948,30.159654605274],[-89.74414819602,30.159735606002],[-89.744158196104,30.159834604678],[-89.744164193986,30.159936605546],[-89.744188193979,30.160091605741],[-89.744216194649,30.160153605116],[-89.744292195865,30.160226604262],[-89.74434219498,30.160290604776],[-89.744363196994,30.160339605608],[-89.744370193966,30.160434604546],[-89.744420195217,30.160645605068],[-89.744431194261,30.160766605865],[-89.744461195167,30.160919605715],[-89.744490195518,30.161055604582],[-89.744502211234,30.16110244283],[-89.74454687238,30.161135907019],[-89.744585070591,30.161183560572],[-89.74457673913,30.161252703452],[-89.74459419609,30.161317604993],[-89.74463119557,30.161362605498],[-89.744682195892,30.161383606379],[-89.744745194635,30.161417605413],[-89.744784193749,30.161446606235],[-89.744807194217,30.161489605525],[-89.744847340014,30.16154022236],[-89.744873191773,30.161552784082],[-89.744926012745,30.161566466902],[-89.744999003168,30.161600019454],[-89.745057523467,30.161599796488],[-89.745074445821,30.161576495898],[-89.745093156445,30.161553585036],[-89.745191196595,30.161487605771],[-89.74523819627,30.161478605193],[-89.745288587995,30.161486523129],[-89.745315986428,30.161494611875],[-89.745364195397,30.16152560523],[-89.745407196147,30.161586605765],[-89.745425195962,30.161636606538],[-89.745497452756,30.161697175802],[-89.745563195776,30.161697605601],[-89.745675195422,30.161689605782],[-89.7458267214,30.16169428135],[-89.745852175418,30.161726718321],[-89.745849149343,30.161760111291],[-89.745815599552,30.161798294975],[-89.74579638883,30.161816654897],[-89.745746196925,30.16187860585],[-89.745739620538,30.16193202779],[-89.745736631272,30.162001521572],[-89.745731884722,30.162033927232],[-89.745704918403,30.162073924103],[-89.745716261074,30.16213893208],[-89.745745242188,30.162176374729],[-89.745735195533,30.162219604625],[-89.745684197616,30.162364605071],[-89.745682559662,30.162408795789],[-89.745691195585,30.162467606253],[-89.745714197076,30.162521606071],[-89.745751196122,30.162570605652],[-89.745815580677,30.162647227565],[-89.745865908536,30.162652127866],[-89.745925566439,30.162622919074],[-89.745979228953,30.162642300608],[-89.746004960586,30.162651853874],[-89.746074196973,30.162669605824],[-89.746163195971,30.162703605962],[-89.746203195977,30.162739605584],[-89.74625481219,30.162832071261],[-89.746241195788,30.162880606503],[-89.746199194092,30.162916606122],[-89.746164196012,30.16294860613],[-89.746117196232,30.162965605174],[-89.746048195655,30.162967605372],[-89.745990196206,30.16295360583],[-89.745947196569,30.162928606627],[-89.745857769564,30.162972053053],[-89.745835242576,30.162986451779],[-89.745803197086,30.163020606277],[-89.745800461628,30.163049996277],[-89.745806196103,30.163138605158],[-89.745823195801,30.163241605641],[-89.745894194847,30.163412604271],[-89.745945465729,30.163446241157],[-89.746043195935,30.163447605594],[-89.746102001164,30.163475925697],[-89.746111015173,30.163519934163],[-89.746260195859,30.163606605988],[-89.746308196137,30.163603605983],[-89.746455196129,30.16349660589],[-89.74650419594,30.163468605467],[-89.746556196289,30.163448605473],[-89.746601547335,30.163441887344],[-89.746665197395,30.163475605325],[-89.746672520035,30.163519561718],[-89.746666357933,30.163575125304],[-89.746640197271,30.163621605318],[-89.746612196526,30.163659605343],[-89.746602161375,30.16371229506],[-89.746563195458,30.163795605548],[-89.746493195966,30.16384860572],[-89.746451195885,30.163876605193],[-89.746418196472,30.163912606911],[-89.7463773085,30.163980419614],[-89.746377195683,30.164039090221],[-89.746358859751,30.164163218263],[-89.746351364229,30.164237770229],[-89.746352196229,30.164331604271],[-89.746370599835,30.164384695362],[-89.746434195894,30.164444607177],[-89.746476197367,30.164466606421],[-89.746528877524,30.164559285389],[-89.746514608058,30.164604106935],[-89.746507524466,30.164627146642],[-89.746501196004,30.164654605987],[-89.746529195654,30.16469960672],[-89.746566195934,30.16474260587],[-89.746617195871,30.164793606158],[-89.746657501759,30.164823540122],[-89.746679622093,30.16483996517],[-89.746654606211,30.164892576702],[-89.746760515423,30.165029715031],[-89.746874196753,30.164982604738],[-89.74704519713,30.164931607903],[-89.747102139026,30.164947739322],[-89.747152197022,30.164981606116],[-89.747198196524,30.165081606275],[-89.747208316418,30.165107245135],[-89.74724319694,30.165195606081],[-89.747245931195,30.165266407721],[-89.747225197497,30.165339606499],[-89.747151196499,30.165356606379],[-89.747051197411,30.165361604984],[-89.746761196068,30.165379606305],[-89.746554197124,30.165408606119],[-89.746336606132,30.165468480824],[-89.746246095456,30.165461353294],[-89.746213396011,30.165531103333],[-89.746202654701,30.16555401522],[-89.746309700598,30.165562158425],[-89.746252195884,30.165666606405],[-89.746202853068,30.165775160461],[-89.746210194993,30.165879606056],[-89.746221197236,30.165937606455],[-89.746271193437,30.166002605757],[-89.746286195389,30.166056607],[-89.74628386078,30.166164744051],[-89.746261227697,30.166279328303],[-89.746209195003,30.166436606799],[-89.746162196247,30.166491607013],[-89.746113833092,30.166488720001],[-89.746056196519,30.166456606785],[-89.746025195802,30.166390606883],[-89.745994196136,30.16630360671],[-89.745960196801,30.166258605466],[-89.745921196968,30.166238606363],[-89.745854195389,30.166231606697],[-89.745758195404,30.166246606311],[-89.745649195027,30.166261605616],[-89.74556919538,30.166304605682],[-89.745436196416,30.166336606053],[-89.745322194754,30.166371606712],[-89.745237195769,30.166410606797],[-89.7451951958,30.166457606795],[-89.745174435854,30.16652837896],[-89.745185195983,30.166603606893],[-89.745200195675,30.166714606064],[-89.745250196908,30.166784606308],[-89.745265918564,30.16685339678],[-89.745260008306,30.166924449163],[-89.745289196034,30.166999606844],[-89.745334196719,30.167065606549],[-89.745393196576,30.167117607552],[-89.745461195692,30.167170606043],[-89.745529196392,30.167210605889],[-89.745577237084,30.167230533734],[-89.745606836077,30.167241615537],[-89.745674195845,30.167261607699],[-89.745817196283,30.16725460679],[-89.745869196014,30.167211607421],[-89.745978196922,30.167163606598],[-89.746041395986,30.167156736709],[-89.746065196116,30.167215607121],[-89.746067195861,30.167290607019],[-89.746138195317,30.167413607439],[-89.746285197072,30.167647606054],[-89.74630568943,30.167712014382],[-89.746299711633,30.167753191106],[-89.746262196563,30.167830606742],[-89.746242833731,30.16790453992],[-89.746218315651,30.168120113927],[-89.746180195388,30.168181606964],[-89.746119195874,30.168207607097],[-89.746067195327,30.168233607105],[-89.746029196808,30.168259606677],[-89.746003705627,30.16832538767],[-89.746007196344,30.168408607078],[-89.746008195851,30.168587607132],[-89.746032196491,30.168620606601],[-89.746058196221,30.168682606693],[-89.746058196319,30.168834958232],[-89.746031092467,30.168992277586],[-89.745987196005,30.169069607871],[-89.745956196676,30.169145606548],[-89.74595092382,30.169247541841],[-89.745955090282,30.169350679139],[-89.745949672561,30.16947104969],[-89.74590919576,30.169590607489],[-89.745872195337,30.169649606971],[-89.745835197297,30.169683606797],[-89.745833461836,30.169727862454],[-89.745836862857,30.16976751455],[-89.745871491847,30.169822489156],[-89.745854364117,30.16997612484],[-89.745734195589,30.17027560634],[-89.745646604202,30.170645443257],[-89.745556806133,30.171220207721],[-89.745525611919,30.171508322697],[-89.745545834454,30.171774338726],[-89.745529046776,30.171981534335],[-89.745480773185,30.172061208835],[-89.745441195275,30.172092607891],[-89.745425196992,30.172133607569],[-89.74542184437,30.172159759435],[-89.745424196064,30.172224606934],[-89.745439416956,30.172286501242],[-89.745443042765,30.172324298185],[-89.745441509082,30.172357870264],[-89.745422303431,30.172397979483],[-89.745411445511,30.172426925253],[-89.745404196065,30.172453606769],[-89.745407852887,30.172594104673],[-89.745369180632,30.172673556116],[-89.745342021894,30.172716841735],[-89.745335355976,30.172746101976],[-89.745340196175,30.172796607324],[-89.745356195984,30.172856607403],[-89.745345637428,30.172933172354],[-89.745319427362,30.173057379132],[-89.745250196315,30.173250607309],[-89.745196195694,30.17336660729],[-89.745156195619,30.17344860804],[-89.745105195702,30.173518609015],[-89.745055196036,30.17356460866],[-89.745005196114,30.173593608151],[-89.744912156506,30.17362670815],[-89.744835196131,30.173678609126],[-89.744774193697,30.173743607266],[-89.744704194716,30.173791608101],[-89.744515193537,30.173836608131],[-89.744453196027,30.173869608007],[-89.744416196772,30.173923607985],[-89.744382195807,30.1739626081],[-89.744322196673,30.173990607562],[-89.744215721954,30.173986375527],[-89.744155196635,30.17394860816],[-89.744095195823,30.173919607631],[-89.743986128714,30.17391063372],[-89.743903195417,30.173917608374],[-89.743849195238,30.173938608972],[-89.743789195642,30.173934607273],[-89.743737194452,30.173901607143],[-89.743686195024,30.173876608737],[-89.743611309356,30.17386769102],[-89.743544356116,30.173892615719],[-89.743491195274,30.173933608559],[-89.743461298747,30.173980114665],[-89.743448937423,30.174005891759],[-89.74344015326,30.174052275045],[-89.743434044569,30.174114081381],[-89.74340237985,30.174185100472],[-89.743347194907,30.174234607638],[-89.743314749687,30.17426033054],[-89.743286193918,30.174318608826],[-89.743206195367,30.174478607667],[-89.743171754974,30.174531887693],[-89.74316670704,30.174567955277],[-89.743165853865,30.174597933174],[-89.743178195097,30.174638608307],[-89.743196084652,30.174676363982],[-89.743207694206,30.174700858762],[-89.743108195085,30.17481060901],[-89.743027196065,30.17480960833],[-89.74296119566,30.174765607379],[-89.742907194428,30.174675608287],[-89.742847194699,30.174446607826],[-89.742794195989,30.174338607582],[-89.742762584863,30.174248770748],[-89.742749726188,30.174223709629],[-89.742696196421,30.174166609004],[-89.742530196331,30.174069609222],[-89.742495193948,30.174004608574],[-89.742476194943,30.173946607925],[-89.742455194591,30.173906609694],[-89.742413194789,30.173869607077]],[[-89.736890710051,30.16681554822],[-89.736890065856,30.166758355972],[-89.736858443158,30.166792906272],[-89.736857859804,30.166843939153],[-89.736890710051,30.16681554822]]]]},"properties":{":id":"row-arny_v3dt_h9xv",":version":"rv-m9aj.8yyj_e4e2",":created_at":"2026-07-09T14:31:01.348Z",":updated_at":"2026-07-09T14:31:01.348Z","objectid":"17","district_n":"Planning District 11","label":"11"}},
{"type":"Feature","geometry":{"type":"MultiPolygon","coordinates":[[[[-90.056337294342,29.960372263633],[-90.059190640727,29.958378277448],[-90.05930860333,29.958295839369],[-90.059366465821,29.958209109971],[-90.059500662758,29.958007960688],[-90.0608932569,29.95592053281],[-90.061916913711,29.954386055915],[-90.062104528936,29.954104812142],[-90.062065941299,29.953701295296],[-90.061917787217,29.952152007541],[-90.06170109689,29.949887940297],[-90.061698617614,29.949860019626],[-90.063736651736,29.949806514048],[-90.063779716065,29.949805337123],[-90.063561147874,29.950979639459],[-90.063539719096,29.951094818954],[-90.06619104826,29.952872925942],[-90.068099966273,29.954153065468],[-90.06892209832,29.954704375923],[-90.069937665271,29.955385386136],[-90.071804034776,29.956636873924],[-90.072620661219,29.957184677321],[-90.071986744406,29.957881636599],[-90.070632114408,29.959411685286],[-90.070556026838,29.959497619493],[-90.070534889999,29.959521492705],[-90.069852936909,29.959027047374],[-90.069746624043,29.958954449593],[-90.069111037114,29.959661475859],[-90.068623401331,29.960202456706],[-90.068397661526,29.960453072464],[-90.068316869112,29.960541613535],[-90.06802102083,29.960865333023],[-90.066891037944,29.962113261134],[-90.066158042182,29.96292919401],[-90.063543536296,29.965785884984],[-90.063495592749,29.965838586223],[-90.063436468428,29.965903567111],[-90.062577325719,29.965320633564],[-90.061660398738,29.964684649967],[-90.059866346701,29.963440799206],[-90.058969598319,29.962822526837],[-90.057951932357,29.962118480983],[-90.057592610181,29.961877315897],[-90.056919819199,29.961403546703],[-90.056857909756,29.961359812848],[-90.056833091385,29.9613350863],[-90.056723632239,29.961273357312],[-90.056650663009,29.961103163658],[-90.056629556433,29.96105393307],[-90.056550413563,29.960853054776],[-90.056513517258,29.960783281028],[-90.056475254754,29.960694040395],[-90.056441428724,29.960615145831],[-90.056337294342,29.960372263633]]]]},"properties":{":id":"row-ieup~jc8p.ksnf",":version":"rv-95t2_h7ui.mx5x",":created_at":"2026-07-09T14:31:01.348Z",":updated_at":"2026-07-09T14:31:01.348Z","objectid":"29","district_n":"Planning District 1b","label":"1"}},
{"type":"Feature","geometry":{"type":"MultiPolygon","coordinates":[[[[-90.073363005491,29.992994955145],[-90.0764852334,29.99280929687],[-90.076806455502,29.992790191181],[-90.077241136619,29.992856139908],[-90.077294678325,29.992864261691],[-90.078390141322,29.993030453881],[-90.078397113181,29.992476336417],[-90.07840314281,29.991997101594],[-90.07741601974,29.991987687175],[-90.076711388679,29.991739480194],[-90.076677092815,29.991735125937],[-90.076565076708,29.991686584728],[-90.073893410042,29.990746789008],[-90.073776809233,29.988922188164],[-90.073011654732,29.988970258819],[-90.072871308361,29.987943884801],[-90.070400776729,29.98809711254],[-90.068413344094,29.988196324742],[-90.068382509789,29.988185441739],[-90.068183498331,29.98806036642],[-90.067993812393,29.98793799156],[-90.06790867167,29.987430935928],[-90.067873403181,29.987220937708],[-90.06774651644,29.987230304456],[-90.065438893676,29.987381457806],[-90.065333106448,29.986367681097],[-90.06415894134,29.986444191802],[-90.06361709656,29.986477942846],[-90.063027928261,29.986513034375],[-90.062936081766,29.985464645565],[-90.061787914328,29.985568370151],[-90.061437212417,29.985595532419],[-90.059877155085,29.985731743555],[-90.059703804829,29.985709434977],[-90.059666774336,29.98570019926],[-90.059613346496,29.985686036689],[-90.059499342171,29.985656301889],[-90.059467227808,29.98468415662],[-90.058138071739,29.984767719748],[-90.058068012924,29.983962882155],[-90.058053839677,29.983761814933],[-90.057960740343,29.982767628602],[-90.057953702019,29.982671206426],[-90.057921839883,29.982210158289],[-90.057832279979,29.9812597692],[-90.057813402985,29.980976092883],[-90.057865849508,29.980910825253],[-90.057884975243,29.980886910651],[-90.057750092591,29.978803158635],[-90.057730610451,29.978672595102],[-90.057719222287,29.978565284906],[-90.05771227764,29.97838480836],[-90.057704506394,29.978336512021],[-90.057664182586,29.977666109739],[-90.057658057007,29.977598399006],[-90.057648871666,29.977239361259],[-90.057602702117,29.97664972113],[-90.057613199325,29.97660238962],[-90.057540646807,29.975599596106],[-90.057478552234,29.974638440361],[-90.057407729972,29.973535984848],[-90.057382132741,29.973120509432],[-90.057349827559,29.972587767326],[-90.057285015984,29.971575771504],[-90.057276945244,29.971448348401],[-90.057238164559,29.970893661664],[-90.057096503359,29.96870472173],[-90.057091093744,29.968621125752],[-90.057251752292,29.968608683253],[-90.05874581883,29.968492977848],[-90.060685002518,29.968342773238],[-90.062516395511,29.96782387909],[-90.062499273851,29.967729214647],[-90.062424240048,29.967321157291],[-90.062395167408,29.967153627622],[-90.063436468428,29.965903567111],[-90.063495592749,29.965838586223],[-90.063543536296,29.965785884984],[-90.066158042182,29.96292919401],[-90.066891037944,29.962113261134],[-90.06802102083,29.960865333023],[-90.068316869112,29.960541613535],[-90.068397661526,29.960453072464],[-90.068623401331,29.960202456706],[-90.069111037114,29.959661475859],[-90.069746624043,29.958954449593],[-90.069852936909,29.959027047374],[-90.070534889999,29.959521492705],[-90.070556026838,29.959497619493],[-90.070632114408,29.959411685286],[-90.071986744406,29.957881636599],[-90.072620661219,29.957184677321],[-90.073111985025,29.957525240319],[-90.075962265856,29.95950084605],[-90.076669210599,29.959990825599],[-90.07670090698,29.960010505133],[-90.076825431923,29.960087823883],[-90.076935909431,29.960156418206],[-90.077836506212,29.960715592327],[-90.077901227845,29.960646587221],[-90.078389705236,29.960125788075],[-90.078683411283,29.959798082068],[-90.078753396218,29.959724156503],[-90.07881757505,29.95965513803],[-90.079682722746,29.958747182403],[-90.078737188459,29.958132997197],[-90.078528539983,29.957997464899],[-90.078810311769,29.957679160013],[-90.080570701086,29.955751933138],[-90.082519655031,29.95361815741],[-90.083306715586,29.952756424072],[-90.083920664757,29.951986088468],[-90.084021661462,29.95186416169],[-90.084058775238,29.951818972408],[-90.084473967886,29.951313313209],[-90.084849139487,29.950866215951],[-90.084888776266,29.950784335445],[-90.085007790628,29.950648602384],[-90.085035468669,29.950611736794],[-90.085101551031,29.950528350636],[-90.08515828849,29.950448547855],[-90.085320099628,29.950256170556],[-90.085486957028,29.950073102721],[-90.085629148516,29.949893460164],[-90.085705909459,29.94979089526],[-90.085775119497,29.949703479871],[-90.085795032235,29.949678255029],[-90.08591724626,29.949519683503],[-90.086328063953,29.949029633222],[-90.087852452864,29.947018522748],[-90.087920909283,29.946934380436],[-90.088353047741,29.946365919989],[-90.088452424466,29.946235193518],[-90.088540819085,29.946286439663],[-90.088696939466,29.946381389322],[-90.090120020729,29.947301566841],[-90.09126385828,29.947932200857],[-90.092256683584,29.948480257582],[-90.092295524088,29.948501679819],[-90.0924302839,29.94857303384],[-90.093255486074,29.94903446315],[-90.093291151707,29.94905366573],[-90.094133691834,29.949521578953],[-90.094948609132,29.949969763973],[-90.095296494547,29.950167423521],[-90.095812954583,29.950451427644],[-90.09593455656,29.950518183871],[-90.097341502146,29.951300187141],[-90.098204261958,29.951785553909],[-90.098451116278,29.951908986598],[-90.098688960642,29.952040510501],[-90.101946422427,29.953841740408],[-90.101897708641,29.953743983679],[-90.101876872255,29.953702169074],[-90.101450281703,29.952846069116],[-90.101527788848,29.952888526269],[-90.101556561169,29.952904285668],[-90.10178760155,29.953030843898],[-90.10189884234,29.953091779681],[-90.102291745566,29.953306998832],[-90.105806503269,29.9552321753],[-90.105423647855,29.955791354182],[-90.105459279862,29.955806643091],[-90.105480296301,29.955838319115],[-90.106344960744,29.956436160558],[-90.106671089359,29.956661554935],[-90.107167727583,29.957005020696],[-90.107813328197,29.957242055617],[-90.109366706847,29.958107699199],[-90.110155560734,29.958547287211],[-90.110213612541,29.958485026139],[-90.110312056243,29.958373711487],[-90.110962387931,29.957656376426],[-90.111572137296,29.958155572803],[-90.111622918554,29.958197144976],[-90.11479179612,29.960791339407],[-90.114991955906,29.960941348585],[-90.11577806806,29.960237739592],[-90.115816722794,29.960202617977],[-90.115867688474,29.960253687784],[-90.11850631663,29.962401814542],[-90.117951095623,29.962925987269],[-90.117899479593,29.962976885295],[-90.117857604213,29.963017184512],[-90.117744959604,29.963130296134],[-90.116966670976,29.963851861312],[-90.116216254122,29.964566705222],[-90.114738541611,29.965957900708],[-90.113989457772,29.96666049272],[-90.113504831343,29.967122334163],[-90.112723151805,29.967833853291],[-90.112703930855,29.967852761023],[-90.111898115821,29.967178171722],[-90.110423502994,29.965929422266],[-90.110092717389,29.965652788043],[-90.109982852063,29.965757057028],[-90.109905930791,29.965834842355],[-90.109216126238,29.966469639368],[-90.109169549306,29.966513936567],[-90.108578144833,29.967057196181],[-90.108405907593,29.967235551231],[-90.108322748074,29.967309348575],[-90.108289693686,29.967336032769],[-90.108187277673,29.96741410636],[-90.108189262482,29.967445725075],[-90.108658654722,29.968419353994],[-90.108881327752,29.968894211514],[-90.109490393283,29.970074346902],[-90.109857771229,29.970786169623],[-90.110207842025,29.971753476194],[-90.110249096424,29.97189569553],[-90.110263735983,29.971947325276],[-90.110317866819,29.972139180421],[-90.110521103593,29.97273681948],[-90.110538516327,29.97278262335],[-90.110776078399,29.973385061777],[-90.110802783289,29.973453073543],[-90.110983290992,29.973940637325],[-90.111879285236,29.976237510525],[-90.111967550654,29.976449730658],[-90.112006708092,29.976546558127],[-90.112268621478,29.977250506482],[-90.112306450886,29.977334522208],[-90.112318405579,29.977361151162],[-90.112378004616,29.977534255815],[-90.112495932523,29.977839071065],[-90.112712181667,29.978407744027],[-90.11281167216,29.97866689586],[-90.1129860782,29.979120901629],[-90.113073917059,29.979294155802],[-90.113083817793,29.97931718512],[-90.113245207678,29.979641151277],[-90.113254031482,29.979668072131],[-90.113306890834,29.979803305114],[-90.113683374716,29.980837237637],[-90.113762077212,29.981043202865],[-90.11377097468,29.981066831781],[-90.113724492979,29.981082114923],[-90.113678362958,29.981089401124],[-90.113617010714,29.981117456968],[-90.112917866744,29.981347339908],[-90.112892004016,29.981355284729],[-90.112805332117,29.981384340928],[-90.111458711765,29.981817439469],[-90.111425503322,29.981838024305],[-90.107317643701,29.983188561641],[-90.106229994876,29.98346680731],[-90.105985345965,29.983526586123],[-90.105881025672,29.983552478432],[-90.105301939164,29.983683979043],[-90.105147752992,29.983731866444],[-90.105064157336,29.983754194275],[-90.104695868853,29.983503732577],[-90.104370505278,29.983272949494],[-90.104254849057,29.983194465421],[-90.102922276061,29.98229752265],[-90.100690576734,29.980784012918],[-90.09976523518,29.980157288508],[-90.096765784036,29.97811011333],[-90.096730161442,29.978145974543],[-90.095639655968,29.979243717223],[-90.095452075868,29.979432540057],[-90.095337467767,29.979353594625],[-90.090855988359,29.976266434507],[-90.090540826091,29.976049316788],[-90.090414532616,29.976214956343],[-90.089423684553,29.977479163499],[-90.088886893105,29.978166194177],[-90.088591306221,29.978544503477],[-90.087755443825,29.979614275593],[-90.087727742415,29.979656529128],[-90.087556694946,29.979868637638],[-90.087640526124,29.979951327573],[-90.088478191258,29.98077758345],[-90.089456017721,29.981742069294],[-90.090359645507,29.982633344553],[-90.090131266342,29.982855743737],[-90.089371262789,29.983566036066],[-90.089293079056,29.983639158872],[-90.089237994053,29.983690586008],[-90.089204537909,29.98372185451],[-90.088454877995,29.986029561357],[-90.088316770173,29.986442905181],[-90.0881682592,29.986918151244],[-90.087964098192,29.98755108777],[-90.087801202995,29.988056084665],[-90.087512794063,29.988950185202],[-90.087305620393,29.9895924362],[-90.086742201829,29.991341587293],[-90.086499439785,29.992091556636],[-90.086347571456,29.992562412291],[-90.086315947747,29.99269022276],[-90.086259810935,29.992834370903],[-90.086211825477,29.992970687577],[-90.08616878571,29.99313854638],[-90.086068441871,29.993510139486],[-90.086047055359,29.993589336116],[-90.085713206129,29.994825613775],[-90.085414069526,29.995933326677],[-90.085094190584,29.99711780833],[-90.085080667771,29.997167879086],[-90.084893735524,29.99786006616],[-90.085023529964,29.999290597714],[-90.076681448663,29.999939905173],[-90.073939227747,30.00015322976],[-90.07367800679,30.000173548366],[-90.073116102917,29.993009631138],[-90.073363005491,29.992994955145]]]]},"properties":{":id":"row-r3zy-jmiq~dkjq",":version":"rv-6tzy~ang6~9zvd",":created_at":"2026-07-09T14:31:01.348Z",":updated_at":"2026-07-09T14:31:01.348Z","objectid":"22","district_n":"Planning District 4","label":"4"}},
{"type":"Feature","geometry":{"type":"MultiPolygon","coordinates":[[[[-90.010482118921,29.949328116105],[-90.010734180868,29.9488070557],[-90.010828555568,29.9488383497],[-90.013750462221,29.949896483137],[-90.013805436114,29.949923733789],[-90.015076761054,29.950681667551],[-90.016990294355,29.951831091409],[-90.02668550905,29.956443690547],[-90.027302355032,29.956737122472],[-90.027694540449,29.956923680382],[-90.027737057626,29.956948224161],[-90.027973139159,29.957084508311],[-90.02816433362,29.957194878848],[-90.028154674137,29.957506182724],[-90.028129091761,29.95833057685],[-90.028119460039,29.958640977718],[-90.028062408563,29.96047950179],[-90.027261842174,29.963811015551],[-90.026875864719,29.965439035578],[-90.02652917291,29.966470801438],[-90.026423165321,29.966777065555],[-90.025657990038,29.969002336273],[-90.025632344759,29.96908906426],[-90.025274701659,29.970191828121],[-90.023992272029,29.974010999805],[-90.022408422749,29.978727393942],[-90.021980898502,29.980000402166],[-90.021876432251,29.980311454304],[-90.020607473409,29.980011832604],[-90.011660430806,29.977898888691],[-90.011461997271,29.977854137676],[-90.010530084383,29.977634852881],[-90.010405029404,29.977605029695],[-90.009427871683,29.977373538105],[-90.007788697513,29.976984320765],[-89.998953405447,29.973703825683],[-89.998723742056,29.97362836166],[-90.001209569284,29.968492149968],[-90.003920318162,29.96289054767],[-90.006243710444,29.958088847599],[-90.010482118921,29.949328116105]]]]},"properties":{":id":"row-rcuh~ivju_rtqg",":version":"rv-b7kh_fc8b-mjyk",":created_at":"2026-07-09T14:31:01.348Z",":updated_at":"2026-07-09T14:31:01.348Z","objectid":"26","district_n":"Planning District 8","label":"8"}},
{"type":"Feature","geometry":{"type":"MultiPolygon","coordinates":[[[[-89.940527631328,29.922597839829],[-89.936709953133,29.922176713259],[-89.933084456674,29.921686150143],[-89.929952858655,29.921034224333],[-89.927077129848,29.92037773816],[-89.92691595473,29.920340940334],[-89.925940780993,29.919932728738],[-89.924116467088,29.919169033853],[-89.921756933494,29.917790316909],[-89.919070245414,29.915519859466],[-89.916391482225,29.912699604756],[-89.913910036918,29.909669950638],[-89.911966874944,29.906350004653],[-89.910262305679,29.903328669442],[-89.908419481035,29.899798280686],[-89.906775745968,29.895931666525],[-89.906250554077,29.894499621953],[-89.906118755301,29.894140239368],[-89.905327476314,29.891982561722],[-89.903788318297,29.887609505172],[-89.903241705715,29.885108185518],[-89.903130043486,29.8827384759],[-89.903213698629,29.880286303723],[-89.903439287346,29.878089440595],[-89.903909906055,29.875726061762],[-89.90456793348,29.873829960311],[-89.905316652815,29.872342138348],[-89.905458807894,29.872059644736],[-89.906368388574,29.871019210875],[-89.906791906311,29.87053475787],[-89.908226000253,29.869430778315],[-89.909848687923,29.8682355304],[-89.912031884715,29.867139618063],[-89.914266889598,29.866160847582],[-89.916792193001,29.865465052263],[-89.919919925493,29.870003425768],[-89.935387252434,29.892439485345],[-89.959129863418,29.902135721134],[-89.972511093277,29.903806404764],[-89.976498083916,29.901857365457],[-89.97738943928,29.901984754288],[-89.977655671248,29.902022800863],[-89.978842011283,29.9021923365],[-89.979312331258,29.90225954437],[-89.981532199309,29.903108197231],[-89.982164989934,29.903350102631],[-89.983324849154,29.903793487362],[-89.984440969542,29.904133217977],[-89.984487643783,29.904182022025],[-89.985649913256,29.905325224415],[-89.982254437033,29.908037001447],[-89.97371947769,29.913827318258],[-89.965172513697,29.92072205356],[-89.965124132875,29.920761076249],[-89.962748522256,29.922983566958],[-89.958962305048,29.922625207515],[-89.95497643535,29.92251213112],[-89.950960961207,29.922565155742],[-89.947186293629,29.922977453799],[-89.943582061563,29.92291563101],[-89.940527631328,29.922597839829]]]]},"properties":{":id":"row-pgmg-amnd_a48a",":version":"rv-q6uf-8x5i_gvh4",":created_at":"2026-07-09T14:31:01.348Z",":updated_at":"2026-07-09T14:31:01.348Z","objectid":"19","district_n":"Planning District 13","label":"13"}},
{"type":"Feature","geometry":{"type":"MultiPolygon","coordinates":[[[[-90.042998049524,29.960253908187],[-90.042874910731,29.960232797175],[-90.042810734469,29.960230015681],[-90.040503140909,29.959892273771],[-90.030606344935,29.957552775153],[-90.028231672217,29.957204749452],[-90.02816433362,29.957194878848],[-90.027973139159,29.957084508311],[-90.027737057626,29.956948224161],[-90.027694540449,29.956923680382],[-90.027302355032,29.956737122472],[-90.02668550905,29.956443690547],[-90.016990294355,29.951831091409],[-90.015076761054,29.950681667551],[-90.013805436114,29.949923733789],[-90.013750462221,29.949896483137],[-90.010828555568,29.9488383497],[-90.010734180868,29.9488070557],[-90.010760432799,29.948752786743],[-90.012100871971,29.945981732702],[-90.012015669755,29.94593506191],[-90.011813305982,29.945824221462],[-90.010400597253,29.94505041245],[-90.008128023732,29.943791560447],[-90.005947953751,29.942508936195],[-90.00492290275,29.941905833841],[-90.004672198637,29.941758326544],[-90.001885592064,29.939973415583],[-90.001245911506,29.939574899493],[-89.998617590008,29.937937412652],[-89.994430574508,29.935340899057],[-89.990921299526,29.933292411269],[-89.990692687319,29.933158957016],[-89.989473080185,29.932464878354],[-89.988131586933,29.93170141157],[-89.987751289769,29.931511665804],[-89.986577904944,29.93092620393],[-89.985725858415,29.930509746208],[-89.98551621651,29.930407276722],[-89.983921380412,29.929692148184],[-89.983815610505,29.929644721176],[-89.983345256332,29.929430707755],[-89.983164553819,29.929352776756],[-89.981857036406,29.928811453065],[-89.980557142904,29.928273266183],[-89.977622813451,29.927136806547],[-89.973287362425,29.925605157029],[-89.968934653957,29.924346771747],[-89.962917283689,29.922999537802],[-89.962748522256,29.922983566958],[-89.965124132875,29.920761076249],[-89.965172513697,29.92072205356],[-89.97371947769,29.913827318258],[-89.982254437033,29.908037001447],[-89.985649913256,29.905325224415],[-89.984487643783,29.904182022025],[-89.984440969542,29.904133217977],[-89.984731223271,29.904221565681],[-89.984787557238,29.904238713611],[-89.985323961868,29.904401983413],[-89.985380535882,29.904419201836],[-89.985712015753,29.904520095047],[-89.987281925595,29.90499791586],[-89.987370105996,29.905024754049],[-89.987448329275,29.905048561602],[-89.98772984541,29.902632573147],[-89.989242273911,29.889650764722],[-89.989266298474,29.889444540863],[-89.989304755478,29.889114392488],[-90.002183681778,29.897546784681],[-90.002483044394,29.892398204459],[-90.006986459349,29.895005899258],[-90.007902283566,29.895536169998],[-90.00805487057,29.895624517746],[-90.008092558115,29.895646339544],[-90.008020542364,29.896726195389],[-90.014306758284,29.902666234273],[-90.014379092013,29.902734576854],[-90.018289853136,29.90642945665],[-90.036748472396,29.923863841253],[-90.041820643992,29.928653041077],[-90.047517418893,29.934031213681],[-90.054599537717,29.94071609715],[-90.055238122417,29.941318797745],[-90.058327380437,29.944234325206],[-90.058358683552,29.944263868526],[-90.05848045695,29.944378787601],[-90.058603593272,29.944494992597],[-90.058567369894,29.94425760665],[-90.058554211848,29.944171381259],[-90.058608660599,29.944255178732],[-90.058802030766,29.944552785238],[-90.060418621675,29.945953403204],[-90.061406944431,29.946809658349],[-90.061480807685,29.947582142692],[-90.061636217238,29.949207433515],[-90.061698617614,29.949860019626],[-90.06170109689,29.949887940297],[-90.061917787217,29.952152007541],[-90.062065941299,29.953701295296],[-90.062104528936,29.954104812142],[-90.061916913711,29.954386055915],[-90.0608932569,29.95592053281],[-90.059500662758,29.958007960688],[-90.059366465821,29.958209109971],[-90.05930860333,29.958295839369],[-90.059190640727,29.958378277448],[-90.056337294342,29.960372263633],[-90.056260818799,29.960387427638],[-90.05622626699,29.960381236446],[-90.054864300816,29.960643567396],[-90.054660998231,29.960681010415],[-90.052585593679,29.961063236488],[-90.052466831223,29.961085107682],[-90.050879401403,29.961377437538],[-90.050778419353,29.961392471473],[-90.049158368342,29.961158843015],[-90.044267726579,29.960443240579],[-90.043365066124,29.960316902315],[-90.043293870105,29.960308394193],[-90.042998049524,29.960253908187]]]]},"properties":{":id":"row-55av.fnz7~5xwr",":version":"rv-4jua.9xrc-dhbk",":created_at":"2026-07-09T14:31:01.348Z",":updated_at":"2026-07-09T14:31:01.348Z","objectid":"18","district_n":"Planning District 12","label":"12"}},
{"type":"Feature","geometry":{"type":"MultiPolygon","coordinates":[[[[-89.940038051158,30.072009761023],[-89.939306392188,30.061669071028],[-89.939183407418,30.059930688706],[-89.938921557109,30.056855637906],[-89.938807178939,30.055512371229],[-89.938429129956,30.051072239599],[-89.938045824877,30.046570012586],[-89.938578047178,30.045088758032],[-89.939305122706,30.043065119088],[-89.939399603732,30.042802147641],[-89.939605091374,30.042230204108],[-89.940037248765,30.041027337984],[-89.939886975137,30.040545755073],[-89.93949259051,30.039281832508],[-89.939327835398,30.038753832872],[-89.939183324173,30.027155303134],[-89.93918263678,30.027100198638],[-89.939464732715,30.012177353597],[-89.93961135116,30.00878438373],[-89.939747287294,30.005638412518],[-89.93991521853,30.005604783608],[-89.940104373437,30.005565492216],[-89.94127563913,30.00532219322],[-89.944798200317,30.004590403826],[-89.95410648323,30.002656165837],[-89.964055746428,30.001517536649],[-89.986872559915,29.999213206392],[-89.992167071636,29.998689358226],[-89.992194879997,29.998684617789],[-90.009456687247,29.996839690841],[-90.012236953486,29.996543731197],[-90.013373815993,29.996402510682],[-90.015959452797,29.994717895453],[-90.016646604158,29.994270180089],[-90.018792601183,29.990782945476],[-90.020057349201,29.988727605708],[-90.020278248504,29.986585670643],[-90.020641998009,29.98777961369],[-90.021214014981,29.989657092142],[-90.021283738439,29.98990578274],[-90.02237844549,29.993495077077],[-90.023841587885,29.998295264012],[-90.025349346362,30.00323325463],[-90.025785746425,30.004659824436],[-90.025901862494,30.005040815719],[-90.026008491065,30.005033354837],[-90.026966010642,30.008186817043],[-90.02700503106,30.008323792231],[-90.027082285008,30.008543102509],[-90.029624722074,30.016517156502],[-90.029648981867,30.016586384748],[-90.034778482321,30.031209188077],[-90.034900098461,30.031564741677],[-90.034906740102,30.031587358889],[-90.034877671941,30.031578891871],[-90.034600427251,30.031500155465],[-90.034530403745,30.031480270471],[-90.034482945425,30.031468201281],[-90.034254329684,30.031518569714],[-90.034249164734,30.031588599201],[-90.034234728588,30.031651053776],[-90.034164891633,30.031755125376],[-90.034141065116,30.031793067173],[-90.034112643058,30.031857083896],[-90.034099486585,30.031951153346],[-90.034134330338,30.032161568752],[-90.034152329571,30.032515569186],[-90.034178728351,30.032835581296],[-90.03418151147,30.032869306801],[-90.034193151252,30.033010418823],[-90.034201329632,30.033109568964],[-90.034202418812,30.033243739008],[-90.034194573527,30.0333277163],[-90.03417916144,30.033363836101],[-90.034134964064,30.033401410078],[-90.031721676165,30.033978536261],[-90.031629344341,30.034019352837],[-90.031570481556,30.034036487686],[-90.03150091358,30.03408392638],[-90.03147890437,30.0341262645],[-90.031483559804,30.034373874719],[-90.031507347143,30.035638997125],[-90.031554329812,30.038137570376],[-90.031563557497,30.03862713658],[-90.031612306135,30.041213331556],[-90.031596593305,30.041924593073],[-90.031553621191,30.042222972296],[-90.031462870324,30.042538195309],[-90.031302324927,30.042850027045],[-90.031169467604,30.043068614698],[-90.031073285417,30.043226858894],[-90.031054126034,30.043258379374],[-90.031035434228,30.043287988208],[-90.030891635585,30.043471657077],[-90.030820747423,30.043562199066],[-90.030786976333,30.043619385471],[-90.030751802991,30.043691304526],[-90.030735645654,30.04377173143],[-90.030728328479,30.044165571616],[-90.030737329303,30.045986571587],[-90.030766404698,30.047883040348],[-90.030777330518,30.048600307662],[-90.030777329343,30.048726608698],[-90.030773184157,30.049007919405],[-90.030770625613,30.049180809247],[-90.030765435744,30.049531537257],[-90.030762729571,30.049727612997],[-90.030794345853,30.051124127448],[-90.030797328409,30.051254572767],[-90.030819111933,30.052391084472],[-90.030826330248,30.05276757436],[-90.030824708843,30.052896985711],[-90.03081985376,30.052939501714],[-90.030801728975,30.052986574372],[-90.030739328671,30.053020574643],[-90.030406390426,30.053012085485],[-90.030229328516,30.053007574227],[-90.028388327587,30.05304157404],[-90.028317720078,30.053037787489],[-90.028246518424,30.053006817424],[-90.028216137281,30.052963641203],[-90.028208115758,30.052928740193],[-90.02820917591,30.052904879756],[-90.028210992841,30.052864074001],[-90.028218359973,30.052698387286],[-90.028220397043,30.052652572699],[-90.028225749402,30.052532231929],[-90.028227775378,30.052486646028],[-90.028230434954,30.052412507582],[-90.028188069961,30.051235620051],[-90.028174857895,30.051158155651],[-90.028143128323,30.051113684063],[-90.02809283079,30.051087579349],[-90.028006606585,30.05108767877],[-90.027221327858,30.05108857211],[-90.026438326133,30.051066574061],[-90.026356313899,30.05104970716],[-90.02629633337,30.051023619013],[-90.026248543531,30.050980961579],[-90.026197480532,30.050904351911],[-90.026162734497,30.050812348051],[-90.026141055992,30.05072281042],[-90.026110300002,30.050595785236],[-90.026075527355,30.050497000937],[-90.025914583553,30.050263821097],[-90.025839316513,30.050213056026],[-90.025794124981,30.050169464668],[-90.025764604381,30.050127272822],[-90.025747433417,30.050084707961],[-90.025722021434,30.050021715916],[-90.025700217282,30.049986092171],[-90.025652337689,30.049924857379],[-90.025525793928,30.0498006234],[-90.025477069473,30.049721272773],[-90.025436124633,30.04964558481],[-90.02542587888,30.049620560344],[-90.025392150149,30.049539860496],[-90.025362623853,30.049478086252],[-90.025361675342,30.049449724962],[-90.025370328005,30.049397573975],[-90.025403327163,30.049355572038],[-90.025447586182,30.049278937081],[-90.025457593276,30.049252762764],[-90.025459173897,30.049197483403],[-90.025424561289,30.04915948809],[-90.025380584212,30.049141986614],[-90.025349939575,30.049132088289],[-90.025266327569,30.049117572325],[-90.025221327587,30.049123573268],[-90.025132432057,30.049191882212],[-90.025076641681,30.049220962614],[-90.024995327336,30.049245572541],[-90.024950329875,30.049265370958],[-90.024844326534,30.049281572747],[-90.024741326552,30.049278574042],[-90.024648087124,30.049259505764],[-90.024599322754,30.049236953891],[-90.024556182208,30.049194390588],[-90.024500245779,30.049116063329],[-90.024478075124,30.049079126302],[-90.024442220422,30.04903505701],[-90.024376326059,30.04900257256],[-90.024299327329,30.048990573708],[-90.024206325655,30.048982573529],[-90.024148306028,30.048982425563],[-90.024053402763,30.048982184783],[-90.02399017301,30.048909246371],[-90.023966430374,30.048801516363],[-90.023964837565,30.048765066115],[-90.023963659853,30.048728556635],[-90.023976997347,30.048648094789],[-90.023988595453,30.048626434905],[-90.024010326429,30.048597573239],[-90.02408032538,30.048560571704],[-90.024146214316,30.048567499928],[-90.024207326874,30.048566572668],[-90.024346887692,30.048544200726],[-90.02444232555,30.048472572526],[-90.024522326128,30.048417571919],[-90.024550326307,30.048342573677],[-90.024588326884,30.048257573215],[-90.02465232725,30.048190573799],[-90.024712325944,30.048083572473],[-90.024760326562,30.048011571975],[-90.024794326117,30.047953572043],[-90.024795293399,30.047855965383],[-90.024779871066,30.047720690699],[-90.024770101289,30.047666646705],[-90.024759597718,30.047610434162],[-90.024715722706,30.047529802252],[-90.024574325782,30.047398571956],[-90.024446326303,30.047357572288],[-90.024327327018,30.047346572469],[-90.024236326883,30.047353571736],[-90.02416201093,30.047396303883],[-90.024114930676,30.047453730118],[-90.024060593012,30.047516363431],[-90.02402925872,30.04753967511],[-90.02396258065,30.047536815793],[-90.023892017528,30.047481906861],[-90.023878079718,30.04740534147],[-90.023855447783,30.046855373712],[-90.023847619752,30.046721933664],[-90.023815313431,30.046171288147],[-90.023811386993,30.046102622507],[-90.023783349742,30.044725682651],[-90.023782011539,30.044659512335],[-90.023741606726,30.044492031987],[-90.023636869261,30.044241211753],[-90.023529024911,30.044021198223],[-90.023499434845,30.043964673926],[-90.023481349403,30.043937298112],[-90.023467342758,30.043916839464],[-90.023327264313,30.043782833689],[-90.022927736121,30.043413884554],[-90.021907284303,30.042565070325],[-90.020901319337,30.041728284823],[-90.020341940386,30.041237880322],[-90.020276326127,30.041212572311],[-90.02017932435,30.041218571172],[-90.020140261168,30.041242444101],[-90.020113130345,30.04125902295],[-90.019882836537,30.041475073475],[-90.019742202175,30.041606855123],[-90.019707270048,30.041639588757],[-90.019615465672,30.041720204615],[-90.019556043209,30.041756276536],[-90.019352323037,30.041820570899],[-90.017994322917,30.042245572687],[-90.016985322564,30.042582571644],[-90.01681732204,30.042639571641],[-90.016702155944,30.042710955625],[-90.015938416274,30.043417754019],[-90.015845978489,30.043506020385],[-90.015809693685,30.043554994671],[-90.01577438469,30.043624296661],[-90.015752429741,30.0436992079],[-90.015719412013,30.043897642365],[-90.015721321172,30.043998572577],[-90.015774320832,30.04406957253],[-90.015987239759,30.044234939439],[-90.016000069552,30.044270250536],[-90.016002710975,30.044299745411],[-90.015973538712,30.044346387445],[-90.015751619826,30.044554913551],[-90.015562292198,30.044732529904],[-90.015490177954,30.044788289723],[-90.01542744964,30.044798794289],[-90.015348323733,30.044776516613],[-90.015324026825,30.044755982973],[-90.015281361199,30.044719926896],[-90.014541327203,30.044076885282],[-90.014511754161,30.044050528021],[-90.014464529188,30.044008434325],[-90.014442499254,30.04398318323],[-90.014427157708,30.043959297978],[-90.014413100034,30.04390497716],[-90.014430322014,30.043859572386],[-90.014480321236,30.043815572245],[-90.014580320612,30.043729571258],[-90.015693321918,30.042755571583],[-90.016645321987,30.041892571586],[-90.0170623217,30.041496571699],[-90.017137324005,30.041442572412],[-90.017250322821,30.041390571975],[-90.017388562939,30.041349309639],[-90.018436321951,30.041036571283],[-90.018757323408,30.040926570829],[-90.018897324053,30.040876571741],[-90.018972323902,30.040833571292],[-90.019105324462,30.040721571112],[-90.01931732394,30.040531570894],[-90.019348140456,30.040494480818],[-90.019356887475,30.040469115907],[-90.019359128171,30.040432329963],[-90.019347679317,30.040388822279],[-90.019299302895,30.040335966714],[-90.019078323796,30.040166483667],[-90.018328354317,30.039530859731],[-90.018159298148,30.039404651292],[-90.018134254308,30.039389823595],[-90.018097322875,30.039376570983],[-90.018049864231,30.039401429523],[-90.017972568134,30.039462381587],[-90.017938184396,30.039490114843],[-90.017872333261,30.039503862927],[-90.01780438237,30.039470029596],[-90.017183747182,30.038928822152],[-90.017138253042,30.038889149396],[-90.016686203487,30.038514198326],[-90.016336346291,30.038224007728],[-90.016261064216,30.03816330555],[-90.016194770969,30.038133704868],[-90.016141321671,30.038115570439],[-90.01610552342,30.03811716245],[-90.016051323718,30.038119570064],[-90.015778113948,30.038207393864],[-90.015618698385,30.03827541967],[-90.015555224045,30.03831476155],[-90.015505456187,30.038366416836],[-90.015476168535,30.038400784204],[-90.0154794171,30.03846995878],[-90.015525321687,30.038508571789],[-90.015528326168,30.038550856277],[-90.015389442913,30.038690149824],[-90.014923319407,30.039145659112],[-90.013418458533,30.040493076393],[-90.013385653592,30.040527213744],[-90.013333574576,30.040581406179],[-90.013285902632,30.040610505961],[-90.013137320746,30.040652571301],[-90.013073250629,30.04069467483],[-90.013032871573,30.040758221542],[-90.013050320503,30.040918570571],[-90.013157319718,30.04117157233],[-90.013306320337,30.041564572308],[-90.013351917601,30.041747930427],[-90.013343411916,30.041779633313],[-90.013328322287,30.041808572504],[-90.013280229926,30.041839740628],[-90.013233195863,30.041857041512],[-90.013104320159,30.041894571399],[-90.012999320441,30.041913572756],[-90.012939587434,30.04190997348],[-90.012890684214,30.041891101902],[-90.012857265078,30.041864166428],[-90.012810079248,30.041750586855],[-90.012145906321,30.03967334562],[-90.012036583771,30.039331241134],[-90.012014515518,30.039235135016],[-90.012025340664,30.039176855052],[-90.012075320975,30.039120570915],[-90.012619319763,30.038650570265],[-90.012688321109,30.038550571346],[-90.012714147613,30.03843807158],[-90.01271025177,30.038360549503],[-90.012687121273,30.038269347418],[-90.012662503368,30.038218478433],[-90.01262032483,30.038159435258],[-90.012597807812,30.038129368535],[-90.012561472757,30.038108261649],[-90.012498320101,30.038071571802],[-90.012459808333,30.038077289878],[-90.012387547732,30.038088022607],[-90.01229632023,30.038101572505],[-90.012071405432,30.038191730927],[-90.011763319881,30.038289572],[-90.011497904124,30.038390823465],[-90.011318455859,30.038473202332],[-90.011162319743,30.038523570655],[-90.011047437481,30.038576226336],[-90.010821521002,30.038654503942],[-90.010685214874,30.038703813503],[-90.009291166692,30.039208114269],[-90.008352895458,30.039532076889],[-90.008076318476,30.039627572333],[-90.007963244484,30.039701686505],[-90.007922246315,30.039747558719],[-90.007889248847,30.039813214837],[-90.007871801033,30.03987196427],[-90.007846571207,30.039930443891],[-90.007828989212,30.039950717971],[-90.007804293828,30.039972528376],[-90.007449318884,30.040088572194],[-90.00698295088,30.04018730983],[-90.006908411306,30.040204540535],[-90.006857236004,30.040182349114],[-90.006821678837,30.040158091067],[-90.006800857858,30.040141980226],[-90.006660317156,30.040159571696],[-90.006513579917,30.040212854354],[-90.006243118036,30.040323604005],[-90.00610559333,30.040390010685],[-90.005948141807,30.040476088033],[-90.005758994366,30.040584318602],[-90.005652302526,30.040656489461],[-90.005584049084,30.040697199057],[-90.005472317094,30.04072257091],[-90.005344316026,30.040709571433],[-90.005202317301,30.040703571991],[-90.004492315496,30.040957572234],[-90.004322768555,30.041045736858],[-90.004226589949,30.041133882107],[-90.004185911147,30.041171162733],[-90.004033273277,30.041272677823],[-90.003874549766,30.041338611966],[-90.003118316055,30.041526572328],[-90.002523284167,30.04173428173],[-90.001345061752,30.042208660599],[-90.000875415638,30.042422250283],[-90.000839853411,30.042491222687],[-90.000831114331,30.042532940283],[-90.000818559107,30.042592887927],[-90.000717469533,30.042696435743],[-90.000647403977,30.042736735156],[-90.000467903356,30.042835497669],[-90.000285589199,30.042920138194],[-90.000050896698,30.042940927433],[-89.9999533151,30.042949572288],[-89.999200338409,30.043181444381],[-89.998868467123,30.043283638379],[-89.998693314393,30.043337572744],[-89.998137292375,30.043535277381],[-89.997739256888,30.043699782759],[-89.996909745985,30.044042609355],[-89.993879817289,30.045348559665],[-89.992576947083,30.045944700497],[-89.992511310105,30.045974725064],[-89.992415861021,30.046018385881],[-89.992033912393,30.046189971572],[-89.991442873588,30.046455486807],[-89.989086371592,30.047573833237],[-89.989057920624,30.047587339042],[-89.989001947266,30.047614017971],[-89.984638964605,30.049693390022],[-89.980766703521,30.051661831253],[-89.979892079483,30.052186111045],[-89.979471609275,30.052390009674],[-89.979402349204,30.052438258485],[-89.979349023398,30.052509128499],[-89.979323789276,30.052628708046],[-89.979307685622,30.052706721843],[-89.979270346002,30.052775412562],[-89.979183640029,30.052823938097],[-89.978958304071,30.052893574453],[-89.97877830337,30.052952574661],[-89.978553881736,30.053037837157],[-89.97836323705,30.053161682823],[-89.978221437427,30.053274652785],[-89.978151757176,30.053305443178],[-89.978063303221,30.0533165742],[-89.97799330333,30.053310576076],[-89.97790130355,30.053312575593],[-89.977762497274,30.053369620237],[-89.977728007012,30.053413700025],[-89.977731302863,30.053493574719],[-89.977845303296,30.053690575405],[-89.977867304276,30.053744575059],[-89.977866841044,30.053779592631],[-89.977866027132,30.053806238911],[-89.977857896294,30.053837200709],[-89.977837341871,30.05387493451],[-89.977803850557,30.053899580257],[-89.977699625653,30.053904428908],[-89.977621413202,30.053864857731],[-89.977565257676,30.053797224915],[-89.977521375293,30.053728888397],[-89.9774444708,30.053624529952],[-89.977388302516,30.053585576271],[-89.977296304346,30.053578574105],[-89.977206302649,30.05359857515],[-89.977111893913,30.053650500576],[-89.977003396437,30.053730993295],[-89.976963283809,30.05375853869],[-89.976904162421,30.053795901241],[-89.976841407827,30.053842926695],[-89.976825915964,30.053884449989],[-89.976832301828,30.053939575202],[-89.976856304401,30.053982575305],[-89.976911303067,30.054056575409],[-89.97696930257,30.054141576744],[-89.977004475898,30.054273935878],[-89.977015344627,30.05437008115],[-89.976967624621,30.054467509817],[-89.976923839289,30.054515926029],[-89.976885273359,30.054556515458],[-89.976800550643,30.054610924139],[-89.976689300608,30.054635506544],[-89.976657303146,30.054642575963],[-89.976482302977,30.054627575567],[-89.976415691679,30.054618766677],[-89.976361303362,30.054611575442],[-89.976205303037,30.054629576579],[-89.976023302662,30.054682575534],[-89.975883160959,30.054735962688],[-89.975741597764,30.054747835948],[-89.975670293758,30.05472011477],[-89.975620514415,30.054670071395],[-89.975588904522,30.054615588637],[-89.975547302909,30.05459257564],[-89.975473302611,30.054584576434],[-89.975185302293,30.054683575898],[-89.973723183212,30.055517016988],[-89.973435162275,30.055689803792],[-89.973325157129,30.05575579606],[-89.973026912222,30.055928153282],[-89.971559829827,30.056775971615],[-89.970215205318,30.057552997024],[-89.966800268386,30.059647860282],[-89.962264296954,30.062598577213],[-89.961928016306,30.062830875561],[-89.961559295934,30.063085577805],[-89.961174822867,30.063361287586],[-89.960951295935,30.063521577639],[-89.960346066157,30.063964073981],[-89.960314012807,30.063975247394],[-89.960285902174,30.063985391823],[-89.959693296485,30.064365578051],[-89.958978294216,30.064877578491],[-89.958590296235,30.065148578641],[-89.958248294134,30.065399577878],[-89.957795293612,30.065724579263],[-89.957488295327,30.06592657792],[-89.957198293271,30.066142578473],[-89.95671329323,30.066501577827],[-89.956360294089,30.066760577864],[-89.956087293802,30.066958579371],[-89.955750293898,30.067261580002],[-89.955595293665,30.067391579324],[-89.955341292378,30.067616579786],[-89.955319982811,30.067713898892],[-89.955248294428,30.067846579238],[-89.95516929449,30.067895579438],[-89.955166190346,30.06793205825],[-89.955149510959,30.067986768603],[-89.955140293806,30.068012579186],[-89.954984293261,30.068170579988],[-89.954874293829,30.068275578769],[-89.954658294078,30.068607579384],[-89.954632953716,30.068708935837],[-89.954686293442,30.068821579187],[-89.954847889698,30.068990709053],[-89.954922292607,30.069068578529],[-89.955094292587,30.069241579083],[-89.95514529337,30.069338581044],[-89.955153294094,30.069445579716],[-89.955152293583,30.069576579141],[-89.955147600109,30.069651485761],[-89.955096097059,30.069648793426],[-89.955049294079,30.069633580418],[-89.955017504891,30.069635835709],[-89.954986562097,30.069641384686],[-89.95475512713,30.069727975397],[-89.954225248934,30.070078616898],[-89.953961561514,30.070188575607],[-89.953495150508,30.07047891489],[-89.95281038924,30.070992998962],[-89.952402473455,30.071275307255],[-89.952272688317,30.071415536267],[-89.952215804151,30.071494040059],[-89.952175881197,30.071579945339],[-89.95220194271,30.071849758401],[-89.952271799924,30.07190047859],[-89.952319291658,30.071905579165],[-89.952381893039,30.071915380281],[-89.952360447752,30.071954109615],[-89.952307618554,30.07198196693],[-89.952255608248,30.0719948863],[-89.952036291934,30.071994580663],[-89.951767292935,30.071996579481],[-89.951646134043,30.07196138614],[-89.951405721765,30.071708535239],[-89.95118230878,30.071470874209],[-89.950942172431,30.071241830894],[-89.950814856683,30.071124260388],[-89.950750290519,30.071108580661],[-89.950688429784,30.071164983168],[-89.950688971383,30.071215615935],[-89.950689291425,30.071245579905],[-89.950740291718,30.071318579456],[-89.950811973856,30.071345084568],[-89.950859292512,30.071362579796],[-89.95092529182,30.071408579369],[-89.950936558676,30.071468393537],[-89.950885292789,30.071516579051],[-89.950768291986,30.071528579279],[-89.950703291182,30.071506579435],[-89.950674962623,30.071453737356],[-89.950651292331,30.071409579362],[-89.950594391218,30.071284796752],[-89.950547291127,30.071255580095],[-89.950488839656,30.071248088524],[-89.950375291497,30.071317580476],[-89.950285194063,30.071375230232],[-89.95006429091,30.071516580783],[-89.94947329151,30.071982581303],[-89.949032291019,30.072323579982],[-89.948811055335,30.07249965513],[-89.948694290191,30.072592580207],[-89.948573290276,30.072693580545],[-89.948500291026,30.072751581291],[-89.948186290317,30.073016580376],[-89.947621289291,30.073467579168],[-89.946912288904,30.074014581103],[-89.946519288754,30.07433658084],[-89.946174136498,30.074620887285],[-89.945861288934,30.074878581321],[-89.945499288122,30.075166581244],[-89.945172289564,30.075486581587],[-89.945080289122,30.07558058176],[-89.944962288847,30.075691581794],[-89.944785266639,30.075836024562],[-89.944763582866,30.075853719726],[-89.944672697609,30.075926365131],[-89.944655637223,30.075908343264],[-89.94242739917,30.074027101008],[-89.942049916498,30.073714915895],[-89.941833968652,30.073537307991],[-89.941752853592,30.073467027423],[-89.941592882875,30.073327801543],[-89.940174985107,30.072125820347],[-89.940038051158,30.072009761023]]]]},"properties":{":id":"row-essd_47ij_y8g3",":version":"rv-6au8-g925-46bs",":created_at":"2026-07-09T14:31:01.348Z",":updated_at":"2026-07-09T14:31:01.348Z","objectid":"27","district_n":"Planning District 9","label":"9"}},
{"type":"Feature","geometry":{"type":"MultiPolygon","coordinates":[[[[-89.93937470014,30.00571290028],[-89.939747287294,30.005638412518],[-89.93961135116,30.00878438373],[-89.939464732715,30.012177353597],[-89.93918263678,30.027100198638],[-89.939183324173,30.027155303134],[-89.939327835398,30.038753832872],[-89.93949259051,30.039281832508],[-89.939886975137,30.040545755073],[-89.940037248765,30.041027337984],[-89.939605091374,30.042230204108],[-89.939399603732,30.042802147641],[-89.939305122706,30.043065119088],[-89.938578047178,30.045088758032],[-89.938045824877,30.046570012586],[-89.938429129956,30.051072239599],[-89.938807178939,30.055512371229],[-89.938921557109,30.056855637906],[-89.939183407418,30.059930688706],[-89.939306392188,30.061669071028],[-89.940038051158,30.072009761023],[-89.940174985107,30.072125820347],[-89.941592882875,30.073327801543],[-89.941752853592,30.073467027423],[-89.941833968652,30.073537307991],[-89.942049916498,30.073714915895],[-89.94242739917,30.074027101008],[-89.944655637223,30.075908343264],[-89.944672697609,30.075926365131],[-89.944406289731,30.07609158132],[-89.944235289149,30.076192581375],[-89.944210065243,30.076200655642],[-89.943993556295,30.076269970271],[-89.943957288377,30.076281580348],[-89.943717287109,30.076415580431],[-89.943463287527,30.07661858158],[-89.943189288352,30.076840580414],[-89.942921220809,30.07722366035],[-89.942891718184,30.077265817464],[-89.942871016543,30.077301837105],[-89.942743990898,30.077536880215],[-89.942576287509,30.07773558163],[-89.942113287968,30.07808658089],[-89.941600287699,30.078521581807],[-89.941178286363,30.07889058259],[-89.940973288312,30.079113581906],[-89.940604287299,30.079398581367],[-89.940339286414,30.079677581057],[-89.940241483487,30.079830455648],[-89.939954033577,30.079991072833],[-89.939831286941,30.079997581924],[-89.939759287253,30.080034581942],[-89.939741881195,30.08008099875],[-89.939702110534,30.080214613702],[-89.939692194087,30.080248615935],[-89.939470904636,30.080548133758],[-89.93919428805,30.080700582119],[-89.939021287979,30.080870582375],[-89.938842679302,30.081004538364],[-89.938553285241,30.081221583852],[-89.938422286098,30.081335582383],[-89.93810228553,30.081583582727],[-89.937719285094,30.081893583159],[-89.937538285523,30.082071583529],[-89.937158284313,30.082376581964],[-89.936917664467,30.082551047823],[-89.936747285265,30.082674582505],[-89.93640528664,30.082939582179],[-89.936255286036,30.08303858196],[-89.935881285483,30.083339583249],[-89.935451283312,30.083720582619],[-89.935262284336,30.08389158249],[-89.935128161833,30.084010733066],[-89.934832283564,30.084273583764],[-89.934522283048,30.084568581022],[-89.934191283186,30.084861582609],[-89.933770283475,30.085242584126],[-89.933707416708,30.085301805124],[-89.933632283592,30.085372584203],[-89.933584063663,30.08542330724],[-89.93355528414,30.085453583712],[-89.933332282848,30.085604583784],[-89.933274858037,30.08566247694],[-89.932772293804,30.086169126198],[-89.932717283391,30.086224583612],[-89.932472786563,30.086448799351],[-89.932271283443,30.086633583502],[-89.9321888223,30.086707798883],[-89.931761284029,30.087092584489],[-89.931470281758,30.087336583642],[-89.931173283829,30.08763158328],[-89.930840282527,30.087920583972],[-89.930400281526,30.088341583979],[-89.930084061118,30.088631302112],[-89.930048986067,30.08866394378],[-89.929963874196,30.088750068584],[-89.929802281386,30.088913583989],[-89.929411239539,30.089300638177],[-89.928825280889,30.089849584477],[-89.928511598665,30.090155959887],[-89.928353283809,30.090310584643],[-89.927969281595,30.09070358517],[-89.927701281132,30.090970584324],[-89.927103280703,30.091557585523],[-89.926747278915,30.091914584802],[-89.926147280885,30.092556585234],[-89.925791280843,30.092920585291],[-89.925247279705,30.09347158524],[-89.925003994381,30.093721494515],[-89.924696280125,30.094037586281],[-89.924299279945,30.094454584901],[-89.923652279314,30.095153584884],[-89.923264278394,30.095577585664],[-89.922590279875,30.096296586278],[-89.92224627857,30.096672585848],[-89.921574278691,30.09743958619],[-89.92127427868,30.097774587286],[-89.920513277917,30.09863058621],[-89.919546278585,30.09974058718],[-89.91865927684,30.100773587347],[-89.917745276247,30.101854587588],[-89.91688375013,30.102866400896],[-89.916845276196,30.102911588526],[-89.916033274877,30.103887587752],[-89.91532327688,30.104758589203],[-89.914507274069,30.105749589448],[-89.91379827515,30.106652588507],[-89.91297427471,30.107691589201],[-89.912344274479,30.108489589269],[-89.911476274557,30.109561590168],[-89.910814273799,30.110387588857],[-89.910011273558,30.11136659077],[-89.909165272602,30.11241858899],[-89.908355273692,30.113434590094],[-89.907548272184,30.114441589928],[-89.906755272726,30.115444590554],[-89.905975272552,30.116407591156],[-89.905609271738,30.116835592484],[-89.905450649405,30.117067722792],[-89.905295271736,30.117259591539],[-89.905069271829,30.117545591585],[-89.904815270938,30.117863591151],[-89.904559271689,30.118175591669],[-89.904307270755,30.118485590646],[-89.904044270787,30.118818592491],[-89.903783273887,30.119139590644],[-89.903558936931,30.119431220466],[-89.903307269744,30.119743592192],[-89.903051270334,30.120050592836],[-89.90216426887,30.121164591645],[-89.901780270993,30.121617591938],[-89.901727029356,30.121684212528],[-89.900188269702,30.123609593334],[-89.898984268252,30.125146592046],[-89.897292269005,30.127254593974],[-89.895700266773,30.129251594229],[-89.894510267147,30.130733594771],[-89.894028265999,30.131342595544],[-89.892913266178,30.132724593869],[-89.892183265369,30.133627595971],[-89.890971264723,30.13514759571],[-89.889904265651,30.136474595966],[-89.889255263716,30.137257596235],[-89.888388929415,30.138385221118],[-89.887521263505,30.139431596403],[-89.886154261893,30.14114759705],[-89.885103043774,30.142458650988],[-89.884305262669,30.143453597169],[-89.884235625887,30.143540204722],[-89.883472262872,30.14448959863],[-89.882517260368,30.145670597089],[-89.882461996228,30.145747222292],[-89.882293923295,30.14598025329],[-89.882152765946,30.146175966141],[-89.882098577895,30.146326841622],[-89.882039714416,30.146450470469],[-89.881899750114,30.146649890012],[-89.881430260724,30.14724959738],[-89.880891257947,30.147914599016],[-89.880862635927,30.147942836129],[-89.880838965114,30.147931677584],[-89.86865219962,30.124187764663],[-89.86794779487,30.12389757872],[-89.866709336282,30.123781129604],[-89.85894627211,30.088190392439],[-89.856073055005,30.075011158178],[-89.851443857145,30.07493209367],[-89.847808042208,30.07486988161],[-89.847253332276,30.074860381535],[-89.846581134613,30.074848865487],[-89.835297364743,30.064213748854],[-89.831447178207,30.048713834629],[-89.830340741547,30.044258670054],[-89.83005531236,30.043109298867],[-89.830168478048,30.04306161907],[-89.853344731482,30.033293938037],[-89.863435333413,30.029039355156],[-89.904505488584,30.012678825832],[-89.93937470014,30.00571290028]]]]},"properties":{":id":"row-gct2-dr2i-6423",":version":"rv-cmqy~6iig-ry78",":created_at":"2026-07-09T14:31:01.348Z",":updated_at":"2026-07-09T14:31:01.348Z","objectid":"16","district_n":"Planning District 10","label":"10"}},
{"type":"Feature","geometry":{"type":"MultiPolygon","coordinates":[[[[-90.089735532234,30.029488010078],[-90.089412294052,30.029018116694],[-90.089397338618,30.028998611471],[-90.089083940601,30.02859985192],[-90.088547294306,30.028063751238],[-90.088380120423,30.027905860385],[-90.088238356717,30.027832566611],[-90.088034707227,30.027757217519],[-90.087838355837,30.02768456654],[-90.087120354743,30.027520565391],[-90.086767354476,30.027482567443],[-90.086002196521,30.027464443078],[-90.085598548118,30.027454878632],[-90.084481354024,30.027454568414],[-90.084044353376,30.027435565508],[-90.083782354051,30.027401566878],[-90.083702354437,30.027384568068],[-90.083563187258,30.027344429285],[-90.083391082659,30.027268803523],[-90.083142319277,30.027136383233],[-90.082963304978,30.026978987553],[-90.082870226861,30.026862464079],[-90.082831480899,30.026771688946],[-90.082810849968,30.026622538444],[-90.082821773886,30.026445565284],[-90.08282321176,30.02642225995],[-90.082825047705,30.026386631518],[-90.082811059235,30.02634408816],[-90.082757726699,30.026285635484],[-90.082674767692,30.026258915386],[-90.082546223925,30.026234211431],[-90.082517164981,30.026228627315],[-90.082445992372,30.026249918562],[-90.082437592886,30.026227748948],[-90.082411583965,30.026159099312],[-90.082373719955,30.026059148845],[-90.082353635247,30.026006132679],[-90.082395812007,30.025869177005],[-90.082403464514,30.025837325126],[-90.082505130843,30.025514195335],[-90.082556069895,30.025348780934],[-90.082653130457,30.025035313891],[-90.082828397018,30.024464462759],[-90.08282162559,30.023741409548],[-90.082812939649,30.022813784293],[-90.082814932689,30.022090116471],[-90.082816072013,30.022025524832],[-90.082799020078,30.02132731893],[-90.082795825459,30.020986145653],[-90.082851046594,30.020861975624],[-90.082905505711,30.020767014681],[-90.082916790646,30.020716982878],[-90.082928824945,30.020688219434],[-90.08385740983,30.018598953982],[-90.084092489077,30.018070312257],[-90.084191148733,30.017864012159],[-90.084196455676,30.017804457649],[-90.084293908481,30.017328348966],[-90.084947509179,30.014135083706],[-90.085481178982,30.011827246469],[-90.08560302877,30.008275956516],[-90.085514830465,30.008062463462],[-90.085301118779,30.007562274963],[-90.085294456782,30.007533391758],[-90.085291957411,30.007509731511],[-90.085197159611,30.007293494137],[-90.085063011276,30.006968770721],[-90.084941508316,30.006674458455],[-90.084893841558,30.006559267595],[-90.08508197958,30.006507787434],[-90.085308215944,30.006444854466],[-90.08534275399,30.006436428423],[-90.085542205856,30.006381852393],[-90.085404467736,30.004501511709],[-90.085360541346,30.003856439756],[-90.085328312053,30.003457639656],[-90.085058652516,29.999779717698],[-90.085056209621,29.999737154318],[-90.085041007371,29.999529577064],[-90.085042916142,29.999472388648],[-90.085023529964,29.999290597714],[-90.084893735524,29.99786006616],[-90.085080667771,29.997167879086],[-90.085094190584,29.99711780833],[-90.085414069526,29.995933326677],[-90.085713206129,29.994825613775],[-90.086047055359,29.993589336116],[-90.086068441871,29.993510139486],[-90.08616878571,29.99313854638],[-90.086211825477,29.992970687577],[-90.086259810935,29.992834370903],[-90.086315947747,29.99269022276],[-90.086347571456,29.992562412291],[-90.086499439785,29.992091556636],[-90.086742201829,29.991341587293],[-90.087305620393,29.9895924362],[-90.087512794063,29.988950185202],[-90.087801202995,29.988056084665],[-90.087964098192,29.98755108777],[-90.0881682592,29.986918151244],[-90.088316770173,29.986442905181],[-90.088454877995,29.986029561357],[-90.089204537909,29.98372185451],[-90.089237994053,29.983690586008],[-90.089293079056,29.983639158872],[-90.089371262789,29.983566036066],[-90.090131266342,29.982855743737],[-90.090359645507,29.982633344553],[-90.089456017721,29.981742069294],[-90.088478191258,29.98077758345],[-90.087640526124,29.979951327573],[-90.087556694946,29.979868637638],[-90.087727742415,29.979656529128],[-90.087755443825,29.979614275593],[-90.088591306221,29.978544503477],[-90.088886893105,29.978166194177],[-90.089423684553,29.977479163499],[-90.090414532616,29.976214956343],[-90.090540826091,29.976049316788],[-90.090855988359,29.976266434507],[-90.095337467767,29.979353594625],[-90.095452075868,29.979432540057],[-90.095639655968,29.979243717223],[-90.096730161442,29.978145974543],[-90.096765784036,29.97811011333],[-90.09976523518,29.980157288508],[-90.100690576734,29.980784012918],[-90.102922276061,29.98229752265],[-90.104254849057,29.983194465421],[-90.104370505278,29.983272949494],[-90.104695868853,29.983503732577],[-90.105064157336,29.983754194275],[-90.105147752992,29.983731866444],[-90.105301939164,29.983683979043],[-90.105881025672,29.983552478432],[-90.105985345965,29.983526586123],[-90.106229994876,29.98346680731],[-90.107317643701,29.983188561641],[-90.111425503322,29.981838024305],[-90.111458711765,29.981817439469],[-90.112805332117,29.981384340928],[-90.112892004016,29.981355284729],[-90.112917866744,29.981347339908],[-90.113617010714,29.981117456968],[-90.113678362958,29.981089401124],[-90.113724492979,29.981082114923],[-90.11377097468,29.981066831781],[-90.113762077212,29.981043202865],[-90.113683374716,29.980837237637],[-90.113306890834,29.979803305114],[-90.113254031482,29.979668072131],[-90.113245207678,29.979641151277],[-90.113083817793,29.97931718512],[-90.113073917059,29.979294155802],[-90.1129860782,29.979120901629],[-90.11281167216,29.97866689586],[-90.112712181667,29.978407744027],[-90.112495932523,29.977839071065],[-90.112378004616,29.977534255815],[-90.112318405579,29.977361151162],[-90.112306450886,29.977334522208],[-90.112268621478,29.977250506482],[-90.112310899667,29.977257117798],[-90.112610119325,29.977347104178],[-90.112813656866,29.977412841268],[-90.114344518113,29.977554750081],[-90.113556319925,29.976957689317],[-90.113618878183,29.976882175776],[-90.114387183055,29.976166147531],[-90.114406934401,29.976147746424],[-90.11456612652,29.975998400513],[-90.115118232526,29.97547048502],[-90.115900715461,29.974728692662],[-90.116599005903,29.974059617854],[-90.116622899392,29.974078036994],[-90.117119979189,29.974461226784],[-90.117143118991,29.974479932428],[-90.117315584953,29.974620664823],[-90.117357562825,29.974649527115],[-90.1174752595,29.974735103615],[-90.117664044388,29.97451709017],[-90.118067191031,29.974051518994],[-90.118112887913,29.974089518735],[-90.11885662037,29.974707961692],[-90.118975567151,29.974806867232],[-90.119743361841,29.973998589957],[-90.119890650308,29.973843534669],[-90.122356122579,29.975832520691],[-90.123085060092,29.975905461606],[-90.124712603518,29.976068306945],[-90.124858011659,29.976083366519],[-90.124892205309,29.976091936915],[-90.124889988647,29.976127335876],[-90.124884885482,29.976208838906],[-90.12487901297,29.976302652643],[-90.124870648212,29.976396405478],[-90.124839110025,29.976743672466],[-90.124614102956,29.979262263687],[-90.123954177202,29.986492561089],[-90.123909777013,29.987031089534],[-90.123860372795,29.987630315917],[-90.123854630008,29.987699956973],[-90.123822843727,29.988085504024],[-90.123708592606,29.989471201781],[-90.123684773138,29.989760092006],[-90.123681690627,29.989797473111],[-90.12360137433,29.990829558819],[-90.123210031551,29.99583258092],[-90.123178975665,29.996202304862],[-90.122950511847,29.998758328444],[-90.122833450545,30.000067945463],[-90.122763551069,30.000849940014],[-90.122306301517,30.005964968825],[-90.121687157315,30.012890226001],[-90.120185801278,30.029679124421],[-90.120181395347,30.029717144938],[-90.120098616432,30.029723458794],[-90.119891876846,30.029739224707],[-90.119622300439,30.029759783994],[-90.119604273977,30.029613633275],[-90.119504767032,30.029556958131],[-90.119462757166,30.029535420275],[-90.119406264658,30.029513471529],[-90.119364828397,30.029545960151],[-90.119318559455,30.029560856604],[-90.119268283824,30.02955477809],[-90.119208872203,30.029554230332],[-90.119151616738,30.029567896937],[-90.119059290767,30.02959137545],[-90.119018597327,30.029610556993],[-90.118995005288,30.029625180211],[-90.118955861704,30.029665440052],[-90.118881890866,30.029712405902],[-90.118825578739,30.029744327732],[-90.118736636092,30.029776962316],[-90.118612705261,30.029791454051],[-90.118532463388,30.029800421835],[-90.118434522482,30.029806615896],[-90.118317953027,30.029811622855],[-90.118190999062,30.029808423241],[-90.118096762877,30.029797416906],[-90.117976946634,30.029782118041],[-90.117844894758,30.029727893156],[-90.117690837713,30.029645658878],[-90.117607492951,30.029601296404],[-90.117541706602,30.029582385352],[-90.117508644412,30.029572526275],[-90.11742556723,30.029545176619],[-90.117376885518,30.02952914926],[-90.117287369813,30.029511564922],[-90.117154369191,30.029498566678],[-90.117105370455,30.029489564907],[-90.117078300473,30.029480807896],[-90.116997399407,30.029431541092],[-90.116882794767,30.029317376916],[-90.116682648288,30.029203531813],[-90.116608368909,30.029171566614],[-90.11653236949,30.029158565705],[-90.116297370129,30.02912656605],[-90.116091369521,30.029106566699],[-90.115920370076,30.029074566596],[-90.115777370079,30.02904456612],[-90.115657369068,30.029033566903],[-90.115541369061,30.029019566868],[-90.115240369317,30.029015565027],[-90.114843369337,30.029025565694],[-90.114424366795,30.029067566859],[-90.114199369195,30.029076566907],[-90.114127251009,30.029072972031],[-90.114082824803,30.029062834397],[-90.113957368612,30.029025565889],[-90.113856501814,30.02901098995],[-90.113784368529,30.029000564651],[-90.11372136978,30.02899956584],[-90.113664098205,30.029001548636],[-90.113228369329,30.028974564944],[-90.113064179484,30.028936518523],[-90.11301641261,30.028914968189],[-90.112965368372,30.028875565996],[-90.112861368545,30.028839566047],[-90.112659374829,30.02876986448],[-90.112622745082,30.028731822118],[-90.112601863502,30.028693903911],[-90.112596177656,30.02867070054],[-90.1125912096,30.028645170804],[-90.112588131516,30.028610848877],[-90.112591368349,30.028561565895],[-90.112613887569,30.028464137075],[-90.112629825734,30.02844232742],[-90.112664369218,30.0284095651],[-90.112781367878,30.028387565812],[-90.112868367224,30.028373564473],[-90.1129343686,30.028375565844],[-90.113014368489,30.028396565912],[-90.113067368874,30.028411566264],[-90.113130367218,30.028436565061],[-90.113184368289,30.028492565776],[-90.113212367913,30.028545565214],[-90.113232368541,30.028598565857],[-90.113288910147,30.028646104189],[-90.113342368345,30.028672566082],[-90.113413368764,30.028693564894],[-90.113510368621,30.02870656503],[-90.11362429337,30.028703786378],[-90.113734346938,30.028698552166],[-90.113774367943,30.028696565865],[-90.113885482621,30.028688448665],[-90.114171368502,30.028667565677],[-90.114875440248,30.028618390469],[-90.115073369272,30.028604566452],[-90.115715485941,30.028584347291],[-90.115994367508,30.028575566135],[-90.117674371315,30.028466565383],[-90.118734369847,30.02836056599],[-90.119193371678,30.028327565635],[-90.119302370565,30.028305565654],[-90.119417372082,30.028252565891],[-90.119476966512,30.02820460765],[-90.119498252985,30.028187475904],[-90.119627371986,30.028083566248],[-90.1198363726,30.027875564569],[-90.119917371178,30.02779756638],[-90.119942370905,30.0277355656],[-90.119944371595,30.027452565308],[-90.120002371264,30.027064565132],[-90.120059372366,30.025932566095],[-90.120034373034,30.02570656528],[-90.119996372573,30.025321565033],[-90.119989370985,30.025260563985],[-90.119979371739,30.025206565342],[-90.119917372488,30.025193565824],[-90.119396372137,30.025220565768],[-90.118483369228,30.025284565704],[-90.117404371188,30.025373564878],[-90.11587337116,30.025486566064],[-90.115160369054,30.025527565825],[-90.114927367986,30.025544562829],[-90.114773369604,30.025564564419],[-90.114688368205,30.025604565488],[-90.11464637025,30.025643565678],[-90.114596367856,30.025691564779],[-90.114549368669,30.025746565369],[-90.114524369192,30.025782565463],[-90.114484369941,30.025851566277],[-90.114476368547,30.025935565362],[-90.114472370299,30.026136563588],[-90.114448367896,30.026665566291],[-90.11446311887,30.026721226413],[-90.114504902175,30.026750657621],[-90.114554305396,30.026741067558],[-90.11457660146,30.026703071273],[-90.114934349559,30.026721338825],[-90.114973370295,30.026836566161],[-90.115002369094,30.027378565611],[-90.115007370406,30.027815565565],[-90.114980369528,30.027922566279],[-90.114919392333,30.028007841514],[-90.114863368685,30.028039566509],[-90.114816369639,30.02805356549],[-90.11476036918,30.028058564439],[-90.11463036886,30.028057565526],[-90.114554369258,30.028049566707],[-90.114404369253,30.028024566535],[-90.114080369522,30.027920565076],[-90.113958122777,30.027879974576],[-90.113821367532,30.027834566667],[-90.113785886607,30.027818344828],[-90.113751368696,30.027802565555],[-90.113694346033,30.027760511956],[-90.113671368769,30.027743566035],[-90.113635367727,30.02770756641],[-90.113630366934,30.027667565924],[-90.113633771735,30.027608012572],[-90.113648367509,30.027547566028],[-90.113680367793,30.027483566441],[-90.113724459605,30.02740146454],[-90.113797729059,30.027265922038],[-90.113833065571,30.027223224326],[-90.113988369504,30.027035565532],[-90.114014368452,30.027001565677],[-90.114025367572,30.026928565346],[-90.114060764891,30.026441514726],[-90.114075368862,30.026240566844],[-90.114076368658,30.025476564581],[-90.114102368348,30.025106567048],[-90.114150369248,30.024663563987],[-90.114156369037,30.024231563956],[-90.114165348736,30.024154703924],[-90.114500369012,30.024010564678],[-90.114694369701,30.023979564925],[-90.115319369488,30.023898564836],[-90.115632369118,30.023850565543],[-90.115830369133,30.023826564963],[-90.116977370091,30.023745564382],[-90.118916370271,30.023546563981],[-90.119058371385,30.023540564027],[-90.119128371152,30.023519563982],[-90.119167127056,30.023486222819],[-90.119180370897,30.023394564526],[-90.119178371823,30.023317565634],[-90.119171371519,30.023124566647],[-90.119085369768,30.022224563831],[-90.119077369931,30.022104564156],[-90.119044371081,30.022051564172],[-90.118999371205,30.022010563519],[-90.11894037031,30.021984565261],[-90.118730371329,30.021966563313],[-90.115590173342,30.022025635155],[-90.115567369082,30.021990564829],[-90.115568427756,30.021948128303],[-90.115554227615,30.02184439231],[-90.115514313463,30.021834877639],[-90.115481375558,30.021833416347],[-90.115323369132,30.021827564075],[-90.114578369739,30.021778564298],[-90.114548474126,30.021786661537],[-90.114518706632,30.02179910216],[-90.114490785749,30.02181984019],[-90.114468885643,30.021852863647],[-90.114425370762,30.022103566023],[-90.114432812261,30.02223079576],[-90.114485368922,30.022265564419],[-90.114727367975,30.022278564734],[-90.114805369472,30.022305564388],[-90.114855542375,30.022334890122],[-90.114886368904,30.022392563863],[-90.114827369331,30.023317564943],[-90.114811369615,30.023375565669],[-90.114768368456,30.023398564102],[-90.114706368585,30.023422564469],[-90.114626370836,30.023446564373],[-90.114572368132,30.023467565782],[-90.114510369314,30.023469565707],[-90.114271897466,30.023454084437],[-90.11424609758,30.023436286686],[-90.11421493832,30.023402389768],[-90.114193842639,30.023322805613],[-90.114210486426,30.022877349433],[-90.114216368295,30.022737565614],[-90.114225368672,30.022026565024],[-90.114235367771,30.021911565228],[-90.114238368203,30.021859565392],[-90.114230654975,30.021754054],[-90.11410230619,30.021713667504],[-90.113866368582,30.021655563367],[-90.11381936854,30.021650563413],[-90.113765370363,30.021654062654],[-90.113717984572,30.021681130025],[-90.113685869529,30.021713064706],[-90.113588368585,30.022479566092],[-90.113540367615,30.022563564231],[-90.113514367459,30.022726564373],[-90.113455367955,30.023675564599],[-90.11343436715,30.024667565054],[-90.113417998251,30.024895774031],[-90.113437370347,30.024975564787],[-90.113474416463,30.025018633773],[-90.113508367897,30.025064565362],[-90.113523313243,30.025101431613],[-90.113538369402,30.025138564995],[-90.113541302265,30.025524820852],[-90.113490368592,30.026009565552],[-90.113487606855,30.026052857804],[-90.11349336808,30.026111565405],[-90.113520425321,30.026144674022],[-90.113536183567,30.026164968859],[-90.113569369133,30.026212565299],[-90.113571294575,30.026261704652],[-90.113562410704,30.026486485506],[-90.113554368595,30.026686565555],[-90.113531369589,30.026809565312],[-90.113521367552,30.026924566357],[-90.113512368366,30.027067566574],[-90.113454367967,30.027175564615],[-90.113423367548,30.027215565289],[-90.11338336771,30.027236565703],[-90.113324368546,30.027249565248],[-90.113223177418,30.027238771848],[-90.113185273977,30.027205342329],[-90.113139374511,30.027092481586],[-90.113107696746,30.026981367559],[-90.113094727252,30.026928013865],[-90.11304473159,30.026840959252],[-90.112991369544,30.026833564941],[-90.11283448123,30.026862497164],[-90.112417515759,30.026939394812],[-90.112362368288,30.026949565107],[-90.111162187266,30.027184236072],[-90.110130567423,30.027443711963],[-90.109944366096,30.027490567981],[-90.108733366384,30.027835566613],[-90.108532365972,30.027889565783],[-90.108432365681,30.027905566557],[-90.108345367024,30.027913564877],[-90.107452366215,30.02781156496],[-90.106557557057,30.027707023952],[-90.10615136407,30.027659565785],[-90.10550736428,30.027585564992],[-90.105027363956,30.02753856686],[-90.10413436375,30.027496565091],[-90.103693363796,30.02749556646],[-90.103539364034,30.027507565368],[-90.103148053185,30.027662706324],[-90.102726971381,30.027951140016],[-90.102605488865,30.02803435385],[-90.101913457256,30.028476673821],[-90.10172347588,30.028553717842],[-90.101625363138,30.028569567087],[-90.101415361916,30.028577565515],[-90.101195362069,30.028565564756],[-90.100712201114,30.028448154806],[-90.100623362468,30.028426565371],[-90.10043336321,30.028389566028],[-90.100113362095,30.028353566563],[-90.099934362654,30.028355565627],[-90.099684359937,30.028388566137],[-90.099171913757,30.028531070644],[-90.098598360476,30.028690566152],[-90.098306361214,30.028746566652],[-90.098202361179,30.028751567387],[-90.098073360897,30.028743565973],[-90.097892541444,30.028717855882],[-90.097793332261,30.028676984934],[-90.097639354169,30.028559205854],[-90.097577903715,30.028502832397],[-90.097533329702,30.028447394495],[-90.097514314048,30.028406786623],[-90.097489803532,30.028350306422],[-90.097413361088,30.028061566439],[-90.097128717717,30.028108581463],[-90.096892282433,30.028147633748],[-90.096856625374,30.028153521504],[-90.096858183607,30.028201731264],[-90.096871998992,30.028566990817],[-90.096817861546,30.028684697808],[-90.096670106542,30.028887680575],[-90.096551261133,30.028967029021],[-90.096411595377,30.029040060605],[-90.096183360288,30.029089564762],[-90.09561334116,30.029140393694],[-90.094539358835,30.029123567445],[-90.094341853292,30.029128557004],[-90.09406435782,30.029135567231],[-90.093894359451,30.02915256739],[-90.093682360151,30.029204566436],[-90.093354436194,30.029449036286],[-90.093261966482,30.029508163053],[-90.092901413912,30.029738703723],[-90.092427824096,30.029987700617],[-90.092099360417,30.030077566843],[-90.091683356331,30.030161567713],[-90.091506358317,30.030160567485],[-90.091034358035,30.030088567028],[-90.090333927055,30.029885340078],[-90.090005327148,30.029736086835],[-90.089795631143,30.029543271306],[-90.089735532234,30.029488010078]]]]},"properties":{":id":"row-vjzn-tiub_t7st",":version":"rv-nwqu_wsnm_gwkb",":created_at":"2026-07-09T14:31:01.348Z",":updated_at":"2026-07-09T14:31:01.348Z","objectid":"23","district_n":"Planning District 5","label":"5"}}
] }
